大概	大	概	450675
大陸	大	陸	500260
大便	大	便	76920
大小	大	小	500742
大家	大	家	501724
大學	大	學	500829
大多數	大	多數	500303
大約	大	約	425015
大於	大	於	360165
大號	大	號	30175
大雨傾盆	大	雨傾盆	2905
大鵬	大	鵬	888
大阪	大	阪	888
大丸	大	丸	2
大白鯊	大	白鯊	1
大量	大	量	500930
大型	大	型	500698
大學生	大	學生	500399
大部分	大	部分	500353
大會	大	會	500350
大專	大	專	500298
大師	大	師	500270
大眾	大	眾	446855
大多	大	多	353740
大哥	大	哥	352950
大幅	大	幅	348545
大人	大	人	340950
大道	大	道	334190
大地	大	地	284095
大門	大	門	276005
大街	大	街	274580
大致	大	致	258255
大腦	大	腦	256290
大事	大	事	250530
大樓	大	樓	236820
大規模	大	規模	228095
大豆	大	豆	225865
大批	大	批	212410
大全	大	全	209950
大自然	大	自然	202455
大膽	大	膽	201355
大幅度	大	幅度	195770
大獎	大	獎	195085
大夫	大	夫	189835
大聲	大	聲	188420
大隊	大	隊	180720
大國	大	國	177140
大盤	大	盤	175595
大綱	大	綱	174145
大氣	大	氣	173810
大方	大	方	158740
大都	大	都	136290
大戰	大	戰	132315
大局	大	局	127215
大臣	大	臣	126515
大王	大	王	122645
大型企業	大	型企業	118725
大腿	大	腿	107360
大有	大	有	106900
大戶	大	戶	103770
大俠	大	俠	97120
大笑	大	笑	93110
大理石	大	理石	90215
大姐	大	姐	88435
大體	大	體	87615
大蒜	大	蒜	84985
大爺	大	爺	79585
大象	大	象	77950
大使	大	使	75370
大洋	大	洋	74540
大叔	大	叔	71295
大股東	大	股東	70465
大大小小	大	大小小	66295
大學城	大	學城	65705
大火	大	火	64975
大餐	大	餐	63950
大喊	大	喊	63560
大將	大	將	62220
大喜	大	喜	61570
大頭	大	頭	59135
大雨	大	雨	58585
大吃一驚	大	吃一驚	57030
大專院校	大	專院校	56040
大使館	大	使館	55965
大意	大	意	55850
大關	大	關	54600
大衣	大	衣	54205
大環境	大	環境	53705
大眾化	大	眾化	53690
大本營	大	本營	53565
大好	大	好	53110
大家庭	大	家庭	53055
大半	大	半	52840
大宗	大	宗	52655
大展	大	展	51435
大雪	大	雪	51075
大肆	大	肆	49920
大路	大	路	49355
大殿	大	殿	48510
大媽	大	媽	48300
大業	大	業	47525
大不了	大	不了	46580
大力	大	力	43139
大成	大	成	42925
大額	大	額	41790
大漠	大	漠	41545
大牌	大	牌	40980
大勢	大	勢	40975
大塊	大	塊	39675
大打折扣	大	打折扣	39250
大紅	大	紅	38920
大豐收	大	豐收	38682
大西洋	大	西洋	38030
大拇指	大	拇指	37490
大寫	大	寫	37130
大舉	大	舉	35935
大亨	大	亨	34650
大德	大	德	33600
大禮	大	禮	32925
大選	大	選	32520
大刀	大	刀	32320
大典	大	典	32055
大街小巷	大	街小巷	31805
大哭	大	哭	30645
大手筆	大	手筆	30425
大吼	大	吼	29800
大口	大	口	29665
大漢	大	漢	28546
大體上	大	體上	28475
大名鼎鼎	大	名鼎鼎	28440
大同小異	大	同小異	28415
大嫂	大	嫂	28345
大度	大	度	27825
大筆	大	筆	27755
大班	大	班	27515
大聖	大	聖	27140
大暑	大	暑	27000
大把	大	把	26605
大跌	大	跌	26570
大敗	大	敗	25865
大盜	大	盜	25675
大水	大	水	25105
大權	大	權	24815
大廳	大	廳	24739
大腸	大	腸	24600
大行其道	大	行其道	24085
大眾傳播	大	眾傳播	23630
大戲	大	戲	23555
大腸桿菌	大	腸桿菌	23405
大可	大	可	23325
大可不必	大	可不必	23310
大吉	大	吉	23270
大觀園	大	觀園	23130
大麻	大	麻	22745
大抵	大	抵	22680
大不相同	大	不相同	22585
大陸地區	大	陸地區	22450
大張旗鼓	大	張旗鼓	22235
大起大落	大	起大落	21780
大小便	大	小便	21645
大兵	大	兵	21625
大驚小怪	大	驚小怪	21110
大老闆	大	老闆	21065
大伙兒	大	伙兒	20890
大夥兒	大	夥兒	20890
大伯	大	伯	20075
大功告成	大	功告成	20040
大丈夫	大	丈夫	19820
大人物	大	人物	19765
大功	大	功	18515
大勢所趨	大	勢所趨	18305
大有人在	大	有人在	18120
大躍進	大	躍進	17900
大礙	大	礙	17320
大開眼界	大	開眼界	16790
大富翁	大	富翁	16625
大貨車	大	貨車	16195
大小不一	大	小不一	16145
大團圓	大	團圓	16042
大屠殺	大	屠殺	15785
大眾文化	大	眾文化	15770
大千世界	大	千世界	15675
大仙	大	仙	15525
大專生	大	專生	15525
大湖	大	湖	15520
大廚	大	廚	15285
大堆	大	堆	15230
大提琴	大	提琴	15145
大驚失色	大	驚失色	15005
大雄寶殿	大	雄寶殿	14875
大氣層	大	氣層	14820
大明星	大	明星	14540
大勇	大	勇	14480
大話	大	話	14429
大鬍子	大	鬍子	14175
大個子	大	個子	13980
大志	大	志	13790
大餅	大	餅	13280
大有可為	大	有可為	12960
大年	大	年	12955
大師級	大	師級	12750
大副	大	副	12700
大打出手	大	打出手	12580
大浪	大	浪	12575
大方向	大	方向	12340
大贏家	大	贏家	12320
大姑娘	大	姑娘	12165
大禮堂	大	禮堂	12155
大刀闊斧	大	刀闊斧	12115
大帥	大	帥	12035
大錯特錯	大	錯特錯	12035
大內	大	內	11965
大限	大	限	11855
大愛	大	愛	11650
大禍	大	禍	11635
大陸市場	大	陸市場	11635
大顯身手	大	顯身手	11580
大略	大	略	11525
大雜燴	大	雜燴	11515
大搖大擺	大	搖大擺	11470
大客車	大	客車	11325
大法師	大	法師	10965
大吃	大	吃	10935
大肚	大	肚	10855
大呼小叫	大	呼小叫	10605
大發雷霆	大	發雷霆	10450
大喊大叫	大	喊大叫	10170
大鍋飯	大	鍋飯	10145
大放異彩	大	放異彩	10145
大失所望	大	失所望	10140
大哥大	大	哥大	9999
大庭廣眾	大	庭廣眾	9760
大動脈	大	動脈	9725
大掃除	大	掃除	9675
大法官	大	法官	9640
大為	大	為	9350
大家閨秀	大	家閨秀	9350
大捷	大	捷	9330
大獲全勝	大	獲全勝	9165
大字報	大	字報	9070
大紅大紫	大	紅大紫	9065
大無畏	大	無畏	8990
大我	大	我	8845
大字	大	字	8835
大公無私	大	公無私	8830
大年初一	大	年初一	8830
大難	大	難	8800
大力士	大	力士	8595
大半天	大	半天	8350
大銀幕	大	銀幕	8290
大炮	大	炮	8150
大致上	大	致上	7875
大考	大	考	7700
大夢	大	夢	7635
大房	大	房	7620
大肚子	大	肚子	7600
大聲疾呼	大	聲疾呼	7565
大名	大	名	7529
大飽眼福	大	飽眼福	7510
大壽	大	壽	7235
大菜	大	菜	7180
大寒	大	寒	7145
大惑不解	大	惑不解	7120
大興土木	大	興土木	7055
大赦	大	赦	7005
大廈	大	廈	7004
大家族	大	家族	7000
大喜過望	大	喜過望	6935
大同	大	同	6906
大豆油	大	豆油	6825
大言不慚	大	言不慚	6825
大作	大	作	6666
大戶人家	大	戶人家	6605
大義	大	義	6545
大儒	大	儒	6540
大牙	大	牙	6475
大不如前	大	不如前	6410
大師傅	大	師傅	6350
大節	大	節	6345
大魚大肉	大	魚大肉	5940
大江東去	大	江東去	5935
大姊	大	姊	5930
大義凜然	大	義凜然	5905
大氣壓	大	氣壓	5765
大吵大鬧	大	吵大鬧	5705
大吉大利	大	吉大利	5595
大勢已去	大	勢已去	5565
大快朵頤	大	快朵頤	5370
大發脾氣	大	發脾氣	5240
大家風範	大	家風範	5090
大清早	大	清早	5055
大嘴巴	大	嘴巴	5025
大智若愚	大	智若愚	5025
大風大浪	大	風大浪	5015
大是大非	大	是大非	4995
大難不死	大	難不死	4960
大鼓	大	鼓	4920
大呼過癮	大	呼過癮	4915
大作家	大	作家	4870
大海撈針	大	海撈針	4790
大前提	大	前提	4775
大原則	大	原則	4690
大災難	大	災難	4655
大力水手	大	力水手	4625
大半輩子	大	半輩子	4600
大快人心	大	快人心	4480
大變	大	變	4444
大駕	大	駕	4405
大腹便便	大	腹便便	4350
大逆不道	大	逆不道	4325
大乘佛教	大	乘佛教	4285
大月	大	月	4280
大眾媒介	大	眾媒介	4240
大嗓門	大	嗓門	4220
大智	大	智	4118
大學問	大	學問	3965
大富大貴	大	富大貴	3920
大喇叭	大	喇叭	3885
大轉彎	大	轉彎	3815
大材小用	大	材小用	3815
大而化之	大	而化之	3720
大宛	大	宛	3625
大老遠	大	老遠	3540
大展身手	大	展身手	3495
大器晚成	大	器晚成	3485
大逃亡	大	逃亡	3475
大難臨頭	大	難臨頭	3425
大頭針	大	頭針	3400
大禍臨頭	大	禍臨頭	3250
大褂	大	褂	3180
大義滅親	大	義滅親	3155
大頭菜	大	頭菜	3120
大減價	大	減價	3105
大聲嚷嚷	大	聲嚷嚷	3060
大權在握	大	權在握	3055
大飽口福	大	飽口福	3015
大眼瞪小眼	大	眼瞪小眼	3015
大模大樣	大	模大樣	3005
大書特書	大	書特書	2970
大悲	大	悲	2861
大鈔	大	鈔	2710
大老婆	大	老婆	2600
大費周章	大	費周章	2575
大舌頭	大	舌頭	2525
大雜院	大	雜院	2400
大放厥詞	大	放厥詞	2375
大出風頭	大	出風頭	2325
大同世界	大	同世界	2260
大而無當	大	而無當	2255
大調	大	調	2222
大半生	大	半生	2145
大汗	大	汗	2115
大開方便之門	大	開方便之門	2070
大個兒	大	個兒	2040
大卸八塊	大	卸八塊	1935
大年夜	大	年夜	1920
大陸同胞	大	陸同胞	1825
大頭照	大	頭照	1810
大學部	大	學部	1760
大舅子	大	舅子	1660
大拍賣	大	拍賣	1545
大致說來	大	致說來	1530
大公國	大	公國	1520
大動肝火	大	動肝火	1455
大對決	大	對決	1415
大特寫	大	特寫	1385
大夢初醒	大	夢初醒	1350
大前天	大	前天	1330
大將之風	大	將之風	1230
大楷	大	楷	1160
大刑	大	刑	1135
大過	大	過	1134
大器	大	器	1111
大禮服	大	禮服	1070
大雷雨	大	雷雨	1020
大惑	大	惑	1015
大吹大擂	大	吹大擂	970
大卡	大	卡	820
大人大量	大	人大量	785
大權旁落	大	權旁落	770
大麻煙	大	麻煙	625
大陸妹	大	陸妹	585
大熊星座	大	熊星座	545
大夜班	大	夜班	485
大前年	大	前年	480
大殮	大	殮	460
大樣	大	樣	321
大甲溪	大	甲溪	310
大陸熱	大	陸熱	280
大發利市	大	發利市	230
大凡	大	凡	200
大陸貨	大	陸貨	150
大林	大	林	129
大放厥辭	大	放厥辭	111
大雅	大	雅	108
大要	大	要	99
大有可觀	大	有可觀	46
大家樂	大	家樂	36
大嚷大叫	大	嚷大叫	35
大有助益	大	有助益	31
大汗涔涔	大	汗涔涔	10
大安	大	安	2
大滷麵	大	滷麵	1
大甲	大	甲	1
大老	大	老	1
大里	大	里	1
大寮	大	寮	1
大仁	大	仁	1
大溪	大	溪	1
大園	大	園	1
大拜拜	大	拜拜	1
大搬風	大	搬風	1
大爆滿	大	爆滿	1
大脖子	大	脖子	1
大不易	大	不易	1
大車拼	大	車拼	1
大出血	大	出血	1
大動亂	大	動亂	1
大耳朵	大	耳朵	1
大喉嚨	大	喉嚨	1
大換血	大	換血	1
大會操	大	會操	1
大會串	大	會串	1
大會師	大	會師	1
大會舞	大	會舞	1
大家長	大	家長	1
大腳丫	大	腳丫	1
大姐頭	大	姐頭	1
大進擊	大	進擊	1
大剌剌	大	剌剌	1
大陸客	大	陸客	1
大陸片	大	陸片	1
大搶購	大	搶購	1
大圈仔	大	圈仔	1
大俗賣	大	俗賣	1
大台北	大	台北	1
大頭兵	大	頭兵	1
大突破	大	突破	1
大腿舞	大	腿舞	1
大玩偶	大	玩偶	1
大碗公	大	碗公	1
大選區	大	選區	1
大學法	大	學法	1
大學服	大	學服	1
大有為	大	有為	1
大製作	大	製作	1
大包小包	大	包小包	1
大爆冷門	大	爆冷門	1
大吵一頓	大	吵一頓	1
大澈大悟	大	澈大悟	1
大乘經典	大	乘經典	1
大出鋒頭	大	出鋒頭	1
大啖一番	大	啖一番	1
大地重生	大	地重生	1
大隊接力	大	隊接力	1
大發神威	大	發神威	1
大費脣舌	大	費脣舌	1
大近視眼	大	近視眼	1
大舉入侵	大	舉入侵	1
大軍壓境	大	軍壓境	1
大考中心	大	考中心	1
大力幫忙	大	力幫忙	1
大力鼓吹	大	力鼓吹	1
大力推荐	大	力推荐	1
大陸勞工	大	陸勞工	1
大陸政策	大	陸政策	1
大排長龍	大	排長龍	1
大肆抨擊	大	肆抨擊	1
大體而言	大	體而言	1
大顯威風	大	顯威風	1
大相逕庭	大	相逕庭	1
大型電腦	大	型電腦	1
大型家電	大	型家電	1
大學聯考	大	學聯考	1
大學聯招	大	學聯招	1
大學院校	大	學院校	1
大學自治	大	學自治	1
大宴小酌	大	宴小酌	1
大異其趣	大	異其趣	1
大有來頭	大	有來頭	1
大有斬獲	大	有斬獲	1
大展鴻圖	大	展鴻圖	1
大展魅力	大	展魅力	1
大眾運輸	大	眾運輸	1
大專教育	大	專教育	1
大專聯考	大	專聯考	1
大專暑訓	大	專暑訓	1
大陸冷氣團	大	陸冷氣團	1
大中華經濟圈	大	中華經濟圈	1
大眾捷運系統	大	眾捷運系統	1
大人不計小人過	大	人不計小人過	1
大處著眼，小處著手	大	處著眼，小處著手	1
大事化小，小事化無	大	事化小，小事化無	1
不一定	不	一定	211505
不知道	不	知道	500580
不錯	不	錯	500601
不過	不	過	501600
不能	不	能	501818
不用	不	用	500382
不同	不	同	501387
不然	不	然	275995
不敢	不	敢	500319
不會	不	會	500926
不可	不	可	500464
不但	不	但	500317
不管	不	管	500290
不行	不	行	314220
不是	不	是	501670
不得	不	得	501255
不斷	不	斷	501067
不要	不	要	501028
不僅	不	僅	500829
不少	不	少	500719
不足	不	足	500505
不限	不	限	500491
不知	不	知	500478
不再	不	再	500465
不到	不	到	500390
不好	不	好	500381
不夠	不	夠	500358
不對	不	對	500278
不必	不	必	500254
不想	不	想	488400
不可能	不	可能	484620
不如	不	如	479325
不在	不	在	452010
不得不	不	得不	407470
不需要	不	需要	389270
不久	不	久	389045
不宜	不	宜	378940
不一樣	不	一樣	340695
不論	不	論	329715
不良	不	良	316815
不多	不	多	316460
不禁	不	禁	308460
不易	不	易	304650
不詳	不	詳	304285
不變	不	變	296690
不滿	不	滿	296580
不鏽鋼	不	鏽鋼	291240
不懂	不	懂	280700
不合格	不	合格	279850
不准	不	准	274410
不準	不	準	274410
不妨	不	妨	273075
不受	不	受	269750
不見	不	見	256900
不去	不	去	246890
不出	不	出	241730
不利	不	利	233940
不肯	不	肯	230810
不服	不	服	206215
不容易	不	容易	206160
不像	不	像	205150
不怕	不	怕	203590
不讓	不	讓	201780
不成	不	成	196715
不當	不	當	190910
不等	不	等	188890
不適	不	適	179935
不可以	不	可以	175950
不已	不	已	175640
不算	不	算	172950
不幸	不	幸	171790
不好意思	不	好意思	167940
不安	不	安	163325
不停	不	停	161640
不便	不	便	160360
不及	不	及	158750
不止	不	止	157960
不明	不	明	152880
不該	不	該	152230
不顧	不	顧	151635
不許	不	許	146245
不符	不	符	134970
不時	不	時	132260
不應該	不	應該	132225
不可思議	不	可思議	131425
不知不覺	不	知不覺	127455
不住	不	住	124030
不一	不	一	120990
不曾	不	曾	120875
不覺	不	覺	115625
不解	不	解	113630
不小心	不	小心	107125
不動產	不	動產	106590
不乏	不	乏	103325
不了解	不	了解	98630
不下	不	下	96420
不惜	不	惜	94045
不舒服	不	舒服	92260
不全	不	全	90435
不料	不	料	88420
不免	不	免	85550
不負	不	負	80365
不公	不	公	79210
不合	不	合	79070
不盡	不	盡	77650
不由得	不	由得	76915
不快	不	快	76440
不容	不	容	75905
不難	不	難	74875
不通	不	通	74570
不可或缺	不	可或缺	73900
不慎	不	慎	72420
不屑	不	屑	71835
不由自主	不	由自主	70190
不平	不	平	68790
不忍	不	忍	66985
不只	不	只	66045
不知所措	不	知所措	65805
不妥	不	妥	64910
不規則	不	規則	62675
不能不	不	能不	61275
不暢	不	暢	59775
不和	不	和	59625
不力	不	力	58885
不至於	不	至於	58705
不計	不	計	57875
不經	不	經	56205
不善	不	善	55460
不正	不	正	54830
不在乎	不	在乎	54240
不比	不	比	54170
不幹	不	幹	50685
不經意	不	經意	50395
不理	不	理	50045
不約而同	不	約而同	50045
不以為然	不	以為然	48765
不朽	不	朽	48710
不耐煩	不	耐煩	48145
不失為	不	失為	47845
不實	不	實	46660
不勝	不	勝	46060
不得已	不	得已	45200
不甚	不	甚	44945
不致	不	致	44010
不光	不	光	43945
不甘	不	甘	42755
不得了	不	得了	42450
不值得	不	值得	42205
不捨	不	捨	40755
不顧一切	不	顧一切	40660
不絕	不	絕	40200
不可多得	不	可多得	39220
不要緊	不	要緊	38400
不折不扣	不	折不扣	36865
不妙	不	妙	36780
不切實際	不	切實際	36595
不孕	不	孕	36515
不對勁	不	對勁	33860
不祥	不	祥	33720
不予	不	予	33551
不遺餘力	不	遺餘力	33400
不平等	不	平等	32635
不耐	不	耐	32595
不無	不	無	31685
不悅	不	悅	31530
不景氣	不	景氣	30550
不凡	不	凡	29999
不復	不	復	29615
不懈	不	懈	29295
不動聲色	不	動聲色	28410
不愁	不	愁	27600
不得而知	不	得而知	27165
不敵	不	敵	26545
不單	不	單	26315
不見得	不	見得	26000
不外乎	不	外乎	25840
不值	不	值	25675
不擇手段	不	擇手段	25375
不配	不	配	24840
不厭其煩	不	厭其煩	24620
不如意	不	如意	24305
不熟	不	熟	23790
不深	不	深	23635
不尋常	不	尋常	23610
不計其數	不	計其數	23565
不需	不	需	22781
不堪設想	不	堪設想	22645
不亦樂乎	不	亦樂乎	22315
不治	不	治	21285
不足為奇	不	足為奇	21200
不須	不	須	21065
不道德	不	道德	20435
不為過	不	為過	19645
不相上下	不	相上下	19575
不絕於耳	不	絕於耳	19085
不合時宜	不	合時宜	18770
不在話下	不	在話下	18640
不測	不	測	18455
不在意	不	在意	18020
不濟	不	濟	17970
不了了之	不	了了之	17620
不謀而合	不	謀而合	17565
不孝	不	孝	17485
不勝枚舉	不	勝枚舉	16710
不關心	不	關心	16650
不拘	不	拘	16590
不屈不撓	不	屈不撓	16565
不容置疑	不	容置疑	16520
不可一世	不	可一世	16405
不若	不	若	16275
不守	不	守	16235
不假思索	不	假思索	16105
不悔	不	悔	16085
不同凡響	不	同凡響	16025
不介意	不	介意	15810
不雅	不	雅	15660
不慌不忙	不	慌不忙	15590
不堪一擊	不	堪一擊	15060
不懷好意	不	懷好意	14790
不義	不	義	14615
不理會	不	理會	14540
不夜城	不	夜城	14340
不知所云	不	知所云	14165
不寒而慄	不	寒而慄	14160
不自覺	不	自覺	14150
不防	不	防	14015
不肖	不	肖	13930
不可磨滅	不	可磨滅	13870
不消	不	消	13670
不要臉	不	要臉	13540
不倫不類	不	倫不類	13525
不一而足	不	一而足	13445
不識	不	識	13255
不為所動	不	為所動	13075
不輸	不	輸	12975
不巧	不	巧	12905
不甘示弱	不	甘示弱	12885
不解之緣	不	解之緣	12810
不早	不	早	12750
不言而喻	不	言而喻	12652
不愧	不	愧	12505
不速之客	不	速之客	12195
不聞不問	不	聞不問	12135
不賴	不	賴	12040
不置可否	不	置可否	12035
不仁	不	仁	12005
不啻	不	啻	11955
不勞而獲	不	勞而獲	11820
不可同日而語	不	可同日而語	11510
不是滋味	不	是滋味	11485
不振	不	振	11145
不翼而飛	不	翼而飛	11020
不周	不	周	10990
不由分說	不	由分說	10930
不知去向	不	知去向	10730
不務正業	不	務正業	10695
不備	不	備	10670
不法行為	不	法行為	10595
不划算	不	划算	10555
不外	不	外	10490
不意	不	意	10280
不佳	不	佳	10171
不惑	不	惑	10055
不移	不	移	10010
不可抗力	不	可抗力	9999
不知情	不	知情	9815
不卑不亢	不	卑不亢	9705
不期而遇	不	期而遇	9585
不安分	不	安分	9530
不可理喻	不	可理喻	9430
不拘小節	不	拘小節	9390
不堪回首	不	堪回首	9345
不負眾望	不	負眾望	9190
不偏不倚	不	偏不倚	9190
不乖	不	乖	9095
不聲不響	不	聲不響	9030
不獨	不	獨	9005
不才	不	才	8930
不可開交	不	可開交	8815
不學無術	不	學無術	8750
不可收拾	不	可收拾	8725
不見不散	不	見不散	8295
不歡而散	不	歡而散	8280
不費吹灰之力	不	費吹灰之力	8160
不失	不	失	8105
不支	不	支	8070
不堪	不	堪	8007
不治之症	不	治之症	7785
不二法門	不	二法門	7650
不辱使命	不	辱使命	7495
不相干	不	相干	7425
不起眼	不	起眼	7420
不省人事	不	省人事	7420
不堪入目	不	堪入目	7275
不理不睬	不	理不睬	7200
不察	不	察	7090
不倒翁	不	倒翁	7065
不齒	不	齒	7040
不敢當	不	敢當	7035
不專	不	專	7015
不脛而走	不	脛而走	6965
不得要領	不	得要領	6915
不吝賜教	不	吝賜教	6900
不可限量	不	可限量	6890
不修邊幅	不	修邊幅	6785
不虛此行	不	虛此行	6655
不輟	不	輟	6580
不可救藥	不	可救藥	6545
不甘寂寞	不	甘寂寞	6520
不苟言笑	不	苟言笑	6280
不義之財	不	義之財	6060
不自量力	不	自量力	5815
不軌	不	軌	5770
不遂	不	遂	5720
不法之徒	不	法之徒	5705
不痛不癢	不	痛不癢	5675
不樂觀	不	樂觀	5615
不管三七二十一	不	管三七二十一	5435
不共戴天	不	共戴天	5405
不攻自破	不	攻自破	5340
不近人情	不	近人情	5270
不知死活	不	知死活	5175
不辭辛勞	不	辭辛勞	4995
不求甚解	不	求甚解	4960
不知好歹	不	知好歹	4875
不入流	不	入流	4865
不人道	不	人道	4810
不期	不	期	4790
不恥下問	不	恥下問	4760
不明就裡	不	明就裡	4700
不落俗套	不	落俗套	4630
不出所料	不	出所料	4615
不分晝夜	不	分晝夜	4595
不諳	不	諳	4520
不果	不	果	4340
不可捉摸	不	可捉摸	4310
不作聲	不	作聲	4230
不三不四	不	三不四	4150
不遜	不	遜	4120
不服輸	不	服輸	4025
不吐不快	不	吐不快	3925
不勝其煩	不	勝其煩	3855
不毛之地	不	毛之地	3780
不打緊	不	打緊	3430
不良少年	不	良少年	3395
不知所終	不	知所終	3295
不見天日	不	見天日	3110
不眠不休	不	眠不休	2965
不時之需	不	時之需	2850
不礙事	不	礙事	2785
不成器	不	成器	2740
不盡然	不	盡然	2655
不足掛齒	不	足掛齒	2525
不好惹	不	好惹	2500
不白之冤	不	白之冤	2445
不分彼此	不	分彼此	2425
不衰	不	衰	2355
不勝酒力	不	勝酒力	2350
不堪入耳	不	堪入耳	2315
不上不下	不	上不下	2240
不可名狀	不	可名狀	2200
不中用	不	中用	2120
不貞	不	貞	2085
不識抬舉	不	識抬舉	2065
不諱	不	諱	2035
不識時務	不	識時務	2035
不過問	不	過問	2000
不按牌理出牌	不	按牌理出牌	1805
不留餘地	不	留餘地	1590
不成體統	不	成體統	1530
不二價	不	二價	1515
不中聽	不	中聽	1515
不知輕重	不	知輕重	1345
不藥而癒	不	藥而癒	1290
不落人後	不	落人後	1210
不良分子	不	良分子	1130
不樂	不	樂	1123
不情之請	不	情之請	1040
不見經傳	不	見經傳	1035
不分青紅皂白	不	分青紅皂白	964
不虞	不	虞	792
不到黃河心不死	不	到黃河心不死	745
不勝其擾	不	勝其擾	635
不顧死活	不	顧死活	615
不關痛癢	不	關痛癢	575
不足為訓	不	足為訓	540
不受用	不	受用	500
不厭其詳	不	厭其詳	480
不分軒輊	不	分軒輊	450
不可諱言	不	可諱言	435
不法	不	法	433
不無小補	不	無小補	385
不渝	不	渝	348
不屬	不	屬	276
不容分說	不	容分說	205
不枉此生	不	枉此生	198
不平則鳴	不	平則鳴	139
不可言喻	不	可言喻	108
不克	不	克	72
不容置喙	不	容置喙	66
不亢不卑	不	亢不卑	23
不安於室	不	安於室	21
不敷	不	敷	1
不擅	不	擅	1
不彰	不	彰	1
不稱心	不	稱心	1
不成材	不	成材	1
不搭調	不	搭調	1
不服老	不	服老	1
不靈光	不	靈光	1
不名譽	不	名譽	1
不稀奇	不	稀奇	1
不踰矩	不	踰矩	1
不自在	不	自在	1
不苟言談	不	苟言談	1
不加思索	不	加思索	1
不假辭色	不	假辭色	1
不假外出	不	假外出	1
不堪負荷	不	堪負荷	1
不堪其擾	不	堪其擾	1
不勝唏噓	不	勝唏噓	1
不溯既往	不	溯既往	1
不形於色	不	形於色	1
不以為忤	不	以為忤	1
不予置評	不	予置評	1
不支倒地	不	支倒地	1
不忮不求	不	忮不求	1
不著邊際	不	著邊際	1
不著痕跡	不	著痕跡	1
不經一事不長一智	不	經一事不長一智	1
不入虎穴，焉得虎子	不	入虎穴，焉得虎子	1
一定	一	定	501468
一起	一	起	500907
一樣	一	樣	501677
一直	一	直	501050
一半	一	半	82965
一邊	一	邊	500405
一下	一	下	501464
一些	一	些	503265
一般	一	般	501962
一切	一	切	501103
一番	一	番	15146
一點	一	點	500854
一天	一	天	500546
一旦	一	旦	500497
一部分	一	部分	500354
一塊	一	塊	500326
一方面	一	方面	500285
一陣	一	陣	500263
一道	一	道	473270
一面	一	面	472825
一生	一	生	467705
一致	一	致	458840
一路	一	路	455090
一流	一	流	450655
一律	一	律	372055
一體	一	體	366110
一時	一	時	343745
一會兒	一	會兒	312610
一下子	一	下子	308765
一口	一	口	295170
一行	一	行	265035
一一	一	一	253530
一身	一	身	252010
一會	一	會	233220
一月	一	月	226460
一代	一	代	224125
一處	一	處	215795
一口氣	一	口氣	211095
一向	一	向	210700
一帶	一	帶	209305
一輩子	一	輩子	206150
一同	一	同	192120
一手	一	手	189915
一頭	一	頭	188440
一度	一	度	173835
一點點	一	點點	155545
一經	一	經	149765
一味	一	味	147370
一共	一	共	142485
一併	一	併	133280
一旁	一	旁	120960
一舉	一	舉	119045
一再	一	再	109505
一心	一	心	107935
一刻	一	刻	104215
一幕	一	幕	97390
一派	一	派	94655
一團	一	團	91885
一側	一	側	89545
一如既往	一	如既往	82265
一角	一	角	81805
一趟	一	趟	81585
一瞬間	一	瞬間	80700
一則	一	則	78935
一步步	一	步步	78075
一來	一	來	76435
一地	一	地	70820
一目了然	一	目了然	68425
一點兒	一	點兒	66005
一字	一	字	63800
一世	一	世	63450
一早	一	早	63420
一模一樣	一	模一樣	62815
一覽表	一	覽表	62155
一連串	一	連串	57895
一如	一	如	56570
一般而言	一	般而言	55755
一連	一	連	51690
一不小心	一	不小心	48220
一波	一	波	48110
一愣	一	愣	47245
一應俱全	一	應俱全	45265
一陣子	一	陣子	44780
一般性	一	般性	43150
一剎那	一	剎那	42095
一見鍾情	一	見鍾情	40815
一無所知	一	無所知	39865
一概	一	概	39605
一大早	一	大早	39300
一舉一動	一	舉一動	38755
一絲	一	絲	38360
一心一意	一	心一意	36615
一帆風順	一	帆風順	36520
一塌糊塗	一	塌糊塗	36445
一整天	一	整天	35480
一絲不苟	一	絲不苟	35385
一試	一	試	35075
一無所有	一	無所有	34500
一塊兒	一	塊兒	33345
一成不變	一	成不變	32010
一視同仁	一	視同仁	30635
一回事	一	回事	30355
一天到晚	一	天到晚	28305
一網打盡	一	網打盡	27800
一席之地	一	席之地	26855
一言不發	一	言不發	26775
一本正經	一	本正經	25345
一朝	一	朝	25340
一行人	一	行人	24770
一氧化碳	一	氧化碳	24305
一干	一	干	24210
一統	一	統	23820
一時之間	一	時之間	22050
一刀切	一	刀切	21460
一清二楚	一	清二楚	21190
一頭霧水	一	頭霧水	20725
一舉兩得	一	舉兩得	20520
一脈相承	一	脈相承	20520
一望無際	一	望無際	20140
一技之長	一	技之長	19855
一氣呵成	一	氣呵成	19510
一瞥	一	瞥	18685
一齊	一	齊	17883
一貫	一	貫	17445
一勞永逸	一	勞永逸	17135
一朝一夕	一	朝一夕	16145
一臂之力	一	臂之力	16035
一大半	一	大半	15865
一觸即發	一	觸即發	15750
一枝獨秀	一	枝獨秀	15052
一發不可收拾	一	發不可收拾	15045
一絲不掛	一	絲不掛	15040
一絲絲	一	絲絲	14950
一氣之下	一	氣之下	14900
一乾二淨	一	乾二淨	14765
一事無成	一	事無成	14605
一席話	一	席話	14500
一肚子	一	肚子	14335
一籌莫展	一	籌莫展	14265
一飲而盡	一	飲而盡	13890
一無是處	一	無是處	13800
一知半解	一	知半解	13575
一聲令下	一	聲令下	13350
一塵不染	一	塵不染	13245
一溜	一	溜	12835
一分子	一	分子	12785
一鳴驚人	一	鳴驚人	12450
一蹶不振	一	蹶不振	12100
一貧如洗	一	貧如洗	11805
一竅不通	一	竅不通	11760
一意孤行	一	意孤行	11525
一絲一毫	一	絲一毫	11280
一落千丈	一	落千丈	11120
一窩蜂	一	窩蜂	10935
一轉眼	一	轉眼	10770
一拍即合	一	拍即合	10745
一波三折	一	波三折	10565
一貫道	一	貫道	9999
一鼓作氣	一	鼓作氣	9955
一個勁兒	一	個勁兒	9925
一睹	一	睹	9540
一敗塗地	一	敗塗地	9475
一團糟	一	團糟	9400
一舉成名	一	舉成名	9280
一往情深	一	往情深	8772
一躍而起	一	躍而起	8675
一年到頭	一	年到頭	8540
一毛錢	一	毛錢	8285
一聲不響	一	聲不響	8230
一見如故	一	見如故	8110
一線希望	一	線希望	8045
一走了之	一	走了之	7955
一五一十	一	五一十	7940
一覽無遺	一	覽無遺	7865
一馬當先	一	馬當先	7865
一文不值	一	文不值	7770
一盤散沙	一	盤散沙	7710
一眨眼	一	眨眼	7685
一溜煙	一	溜煙	7640
一掃而光	一	掃而光	7495
一口咬定	一	口咬定	7370
一路順風	一	路順風	7325
一擲千金	一	擲千金	7230
一念之間	一	念之間	7070
一把抓	一	把抓	6720
一日千里	一	日千里	6455
一言以蔽之	一	言以蔽之	6355
一箭雙鵰	一	箭雙鵰	6015
一年半載	一	年半載	5965
一念之差	一	念之差	5765
一見傾心	一	見傾心	5735
一飛衝天	一	飛衝天	5610
一言難盡	一	言難盡	5570
一去不返	一	去不返	5555
一瀉千里	一	瀉千里	5245
一笑置之	一	笑置之	5070
一面之緣	一	面之緣	5010
一命嗚呼	一	命嗚呼	4955
一隅	一	隅	4915
一炮而紅	一	炮而紅	4775
一廂情願	一	廂情願	4697
一語道破	一	語道破	4685
一步登天	一	步登天	4665
一諾千金	一	諾千金	4575
一線生機	一	線生機	4530
一刀兩斷	一	刀兩斷	4450
一股腦兒	一	股腦兒	4365
一較高下	一	較高下	4070
一言為定	一	言為定	4060
一飽眼福	一	飽眼福	3980
一表人才	一	表人才	3905
一本萬利	一	本萬利	3875
一語中的	一	語中的	3825
一了百了	一	了百了	3810
一葉知秋	一	葉知秋	3795
一團和氣	一	團和氣	3700
一板一眼	一	板一眼	3570
一毛不拔	一	毛不拔	3570
一問三不知	一	問三不知	3570
一望無垠	一	望無垠	3480
一言九鼎	一	言九鼎	3445
一肩挑	一	肩挑	3380
一病不起	一	病不起	3300
一手包辦	一	手包辦	3195
一筆勾銷	一	筆勾銷	3070
一手遮天	一	手遮天	2950
一失足成千古恨	一	失足成千古恨	2920
一面之詞	一	面之詞	2685
一骨碌	一	骨碌	2610
一官半職	一	官半職	2600
一派胡言	一	派胡言	2530
一哄而散	一	哄而散	2520
一己之私	一	己之私	2450
一炷香	一	炷香	2115
一決雌雄	一	決雌雄	2085
一目十行	一	目十行	2080
一言不合	一	言不合	1680
一親芳澤	一	親芳澤	1590
一元復始	一	元復始	1590
一分一毫	一	分一毫	1490
一丘之貉	一	丘之貉	1470
一晃眼	一	晃眼	1340
一切從簡	一	切從簡	1340
一脈相傳	一	脈相傳	1330
一字千金	一	字千金	1265
一面倒	一	面倒	1040
一頭熱	一	頭熱	1035
一語成讖	一	語成讖	1000
一曝十寒	一	曝十寒	765
一股勁兒	一	股勁兒	710
一夕	一	夕	649
一身是膽	一	身是膽	580
一男半女	一	男半女	480
一不做二不休	一	不做二不休	463
一刻千金	一	刻千金	380
一鼻孔出氣	一	鼻孔出氣	365
一飯千金	一	飯千金	265
一心一德	一	心一德	225
一蹴可幾	一	蹴可幾	35
一把罩	一	把罩	1
一甲子	一	甲子	1
一閃神	一	閃神	1
一胎化	一	胎化	1
一條鞭	一	條鞭	1
一本初衷	一	本初衷	1
一償宿願	一	償宿願	1
一次全倒	一	次全倒	1
一貫作業	一	貫作業	1
一技在身	一	技在身	1
一箭之仇	一	箭之仇	1
一介不取	一	介不取	1
一舉數得	一	舉數得	1
一窺堂奧	一	窺堂奧	1
一了心願	一	了心願	1
一鱗半爪	一	鱗半爪	1
一清專案	一	清專案	1
一日三秋	一	日三秋	1
一石兩鳥	一	石兩鳥	1
一探究竟	一	探究竟	1
一體兩面	一	體兩面	1
一線曙光	一	線曙光	1
一相情願	一	相情願	1
一新耳目	一	新耳目	1
一展長才	一	展長才	1
一針見血	一	針見血	1
一價吃到飽	一	價吃到飽	1
一盞茶工夫	一	盞茶工夫	1
一制性資源定位法	一	制性資源定位法	1
一夫當關，萬夫莫敵	一	夫當關，萬夫莫敵	1
一日不見，如隔三秋	一	日不見，如隔三秋	1
一言既出，駟馬難追	一	言既出，駟馬難追	1
無聊	無	聊	230320
無法	無	法	501139
無恥	無	恥	61065
無線	無	線	431905
無論	無	論	500498
無限	無	限	412545
無奈	無	奈	416575
無關	無	關	500466
無數	無	數	384755
無效	無	效	365585
無須	無	須	330350
無比	無	比	297960
無疑	無	疑	293320
無力	無	力	177880
無不	無	不	164890
無線電	無	線電	139075
無畏	無	畏	134195
無形	無	形	131290
無所謂	無	所謂	130030
無窮	無	窮	129785
無論如何	無	論如何	129235
無敵	無	敵	116935
無情	無	情	104405
無知	無	知	104275
無名	無	名	102550
無意	無	意	101575
無需	無	需	99999
無償	無	償	97895
無意中	無	意中	83625
無邊	無	邊	82730
無誤	無	誤	79600
無心	無	心	79005
無條件	無	條件	75730
無產階級	無	產階級	68630
無私	無	私	64705
無緣	無	緣	64545
無可奈何	無	可奈何	64510
無非	無	非	63400
無從	無	從	62805
無言	無	言	59565
無為	無	為	59535
無視	無	視	59075
無常	無	常	57595
無能為力	無	能為力	54315
無能	無	能	49450
無辜	無	辜	49415
無罪	無	罪	48890
無雙	無	雙	44795
無上	無	上	42835
無暇	無	暇	41150
無與倫比	無	與倫比	39515
無異	無	異	38735
無形中	無	形中	38115
無望	無	望	36635
無賴	無	賴	36615
無我	無	我	36160
無害	無	害	35475
無意識	無	意識	34590
無悔	無	悔	34240
無盡	無	盡	34175
無謂	無	謂	33920
無期徒刑	無	期徒刑	33442
無端	無	端	33385
無所適從	無	所適從	33095
無故	無	故	31665
無影無蹤	無	影無蹤	30560
無可厚非	無	可厚非	30180
無動於衷	無	動於衷	29830
無憂無慮	無	憂無慮	29535
無味	無	味	29220
無意義	無	意義	29060
無益	無	益	28735
無禮	無	禮	27915
無水	無	水	27795
無所事事	無	所事事	27385
無理	無	理	25960
無濟於事	無	濟於事	25600
無礙	無	礙	25580
無損	無	損	24935
無微不至	無	微不至	24570
無時無刻	無	時無刻	23635
無愧	無	愧	23495
無拘無束	無	拘無束	23280
無價	無	價	22970
無趣	無	趣	22420
無名指	無	名指	21980
無花果	無	花果	21847
無家可歸	無	家可歸	21810
無異議	無	異議	19885
無所不在	無	所不在	18645
無所不能	無	所不能	18300
無瑕	無	瑕	17005
無題	無	題	16645
無記名	無	記名	16210
無涯	無	涯	16150
無懈可擊	無	懈可擊	15785
無妨	無	妨	15310
無獨有偶	無	獨有偶	15290
無止境	無	止境	15170
無精打采	無	精打采	15120
無邊無際	無	邊無際	15035
無關緊要	無	關緊要	14710
無遺	無	遺	14360
無中生有	無	中生有	14265
無理取鬧	無	理取鬧	14090
無業遊民	無	業遊民	13220
無際	無	際	13185
無從下手	無	從下手	12610
無地自容	無	地自容	12185
無垠	無	垠	12135
無計可施	無	計可施	11985
無可救藥	無	可救藥	11825
無邪	無	邪	10885
無恙	無	恙	10590
無法無天	無	法無天	10570
無孔不入	無	孔不入	10335
無言以對	無	言以對	9985
無鉛汽油	無	鉛汽油	9820
無足輕重	無	足輕重	9815
無稽之談	無	稽之談	9485
無所不包	無	所不包	8965
無度	無	度	8905
無傷	無	傷	8860
無底洞	無	底洞	8570
無價之寶	無	價之寶	7975
無以復加	無	以復加	7840
無堅不摧	無	堅不摧	7750
無名氏	無	名氏	7615
無利可圖	無	利可圖	7595
無奇不有	無	奇不有	7550
無記名投票	無	記名投票	7315
無煙煤	無	煙煤	7260
無病呻吟	無	病呻吟	7215
無怪乎	無	怪乎	6925
無由	無	由	6710
無名小卒	無	名小卒	6660
無欲則剛	無	欲則剛	6470
無憾	無	憾	6415
無惡不作	無	惡不作	6245
無依無靠	無	依無靠	6155
無疾而終	無	疾而終	6020
無傷大雅	無	傷大雅	5940
無師自通	無	師自通	5920
無涉	無	涉	5490
無關痛癢	無	關痛癢	5125
無所不用其極	無	所不用其極	4295
無虞	無	虞	3965
無道	無	道	3961
無名英雄	無	名英雄	3875
無往不利	無	往不利	3620
無力感	無	力感	3585
無所不為	無	所不為	3445
無緣無故	無	緣無故	3411
無的放矢	無	的放矢	3360
無尾熊	無	尾熊	3333
無補	無	補	3225
無所遁形	無	所遁形	3105
無息貸款	無	息貸款	3080
無用武之地	無	用武之地	2775
無塵室	無	塵室	2700
無頭蒼蠅	無	頭蒼蠅	2475
無視於	無	視於	2265
無出其右	無	出其右	2265
無米之炊	無	米之炊	2185
無名火	無	名火	2120
無風不起浪	無	風不起浪	2030
無巧不成書	無	巧不成書	1895
無聊透頂	無	聊透頂	1800
無菌室	無	菌室	1745
無痛分娩	無	痛分娩	1695
無可無不可	無	可無不可	1495
無福消受	無	福消受	1440
無妄之災	無	妄之災	1330
無以為繼	無	以為繼	1260
無機可乘	無	機可乘	1205
無字天書	無	字天書	1185
無關宏旨	無	關宏旨	975
無聲電影	無	聲電影	970
無事不登三寶殿	無	事不登三寶殿	795
無心之過	無	心之過	790
無補於事	無	補於事	625
無幾	無	幾	528
無後	無	後	511
無遠弗屆	無	遠弗屆	379
無頭案	無	頭案	365
無煙火藥	無	煙火藥	355
無可諱言	無	可諱言	320
無罪開釋	無	罪開釋	250
無心插柳柳成蔭	無	心插柳柳成蔭	219
無殼蝸牛	無	殼蝸牛	105
無稽	無	稽	78
無容身之地	無	容身之地	78
無人銀行	無	人銀行	60
無射	無	射	2
無行	無	行	1
無給職	無	給職	1
無冕王	無	冕王	1
無分軒輊	無	分軒輊	1
無可如何	無	可如何	1
無所牽掛	無	所牽掛	1
無以名之	無	以名之	1
無庸諱言	無	庸諱言	1
無庸置疑	無	庸置疑	1
無庸贅言	無	庸贅言	1
無足掛齒	無	足掛齒	1
無缺點計畫	無	缺點計畫	1
無障礙環境	無	障礙環境	1
自己	自	己	507135
自動	自	動	500838
自費	自	費	108725
自然	自	然	500922
自由	自	由	500559
自主	自	主	352835
自信	自	信	352670
自從	自	從	294920
自願	自	願	259950
自治區	自	治區	500448
自行	自	行	500432
自身	自	身	500422
自我	自	我	500367
自動化	自	動化	398260
自覺	自	覺	361755
自行車	自	行車	221575
自殺	自	殺	185765
自助	自	助	174650
自學	自	學	143020
自有	自	有	132265
自律	自	律	126375
自治	自	治	119975
自在	自	在	109050
自然科學	自	然科學	108670
自負	自	負	108650
自制	自	制	102805
自製	自	製	102805
自來水	自	來水	99530
自發	自	發	98805
自家	自	家	98040
自尊	自	尊	91985
自稱	自	稱	90915
自豪	自	豪	88660
自然人	自	然人	84775
自然界	自	然界	83435
自私	自	私	82440
自卑	自	卑	74510
自用	自	用	71395
自營	自	營	68300
自如	自	如	67680
自備	自	備	65910
自強	自	強	65090
自然而然	自	然而然	62455
自立	自	立	54995
自動控制	自	動控制	52120
自此	自	此	51330
自尊心	自	尊心	51215
自是	自	是	50690
自言自語	自	言自語	48875
自幼	自	幼	47895
自由主義	自	由主義	47250
自由自在	自	由自在	45080
自強不息	自	強不息	43855
自救	自	救	43680
自責	自	責	42205
自知	自	知	37510
自重	自	重	36200
自創	自	創	35740
自始至終	自	始至終	33700
自助餐	自	助餐	30950
自衛	自	衛	30505
自傳	自	傳	29705
自己人	自	己人	28240
自力更生	自	力更生	26210
自今	自	今	25925
自述	自	述	25300
自認	自	認	25115
自大	自	大	25060
自嘲	自	嘲	25020
自以為是	自	以為是	24175
自省	自	省	23825
自首	自	首	23595
自習	自	習	21875
自衛隊	自	衛隊	21335
自由化	自	由化	21055
自欺欺人	自	欺欺人	18635
自修	自	修	18540
自我實現	自	我實現	18495
自然現象	自	然現象	18365
自保	自	保	17950
自愛	自	愛	17130
自由貿易區	自	由貿易區	16835
自取	自	取	16200
自盡	自	盡	16140
自個兒	自	個兒	14385
自詡	自	詡	14370
自相矛盾	自	相矛盾	13615
自當	自	當	12985
自問	自	問	12985
自暴自棄	自	暴自棄	12965
自閉症	自	閉症	12445
自由職業	自	由職業	12435
自知之明	自	知之明	12230
自給自足	自	給自足	12165
自告奮勇	自	告奮勇	11690
自私自利	自	私自利	11655
自持	自	持	11275
自給	自	給	11110
自白	自	白	11035
自轉	自	轉	10990
自滿	自	滿	10785
自足	自	足	10385
自傲	自	傲	10305
自恃	自	恃	9735
自訂	自	訂	9535
自得其樂	自	得其樂	9510
自誇	自	誇	9145
自圓其說	自	圓其說	9140
自拔	自	拔	9065
自民黨	自	民黨	8830
自食其力	自	食其力	8755
自憐	自	憐	8635
自序	自	序	8555
自刎	自	刎	8070
自生自滅	自	生自滅	7975
自相殘殺	自	相殘殺	7615
自焚	自	焚	7525
自作多情	自	作多情	7260
自我反省	自	我反省	7085
自新	自	新	6925
自我陶醉	自	我陶醉	6755
自訴	自	訴	6595
自助旅行	自	助旅行	6555
自慚形穢	自	慚形穢	5640
自作聰明	自	作聰明	5580
自若	自	若	5560
自由港	自	由港	5515
自欺	自	欺	5490
自立門戶	自	立門戶	5475
自吹自擂	自	吹自擂	5435
自由戀愛	自	由戀愛	5420
自動自發	自	動自發	5300
自組	自	組	5160
自立自強	自	立自強	4910
自掏腰包	自	掏腰包	4900
自勉	自	勉	4805
自命不凡	自	命不凡	4750
自視	自	視	4695
自投羅網	自	投羅網	4690
自縊	自	縊	4595
自尋煩惱	自	尋煩惱	4505
自成一家	自	成一家	4440
自討苦吃	自	討苦吃	4305
自怨自艾	自	怨自艾	4195
自處	自	處	4120
自謙	自	謙	4105
自決	自	決	3940
自應	自	應	3740
自鳴得意	自	鳴得意	3585
自甘墮落	自	甘墮落	3530
自嘆不如	自	嘆不如	3350
自找麻煩	自	找麻煩	3175
自許	自	許	3035
自討沒趣	自	討沒趣	2980
自不量力	自	不量力	2910
自慰	自	慰	2850
自裁	自	裁	2780
自取其辱	自	取其辱	2755
自身難保	自	身難保	2705
自耕農	自	耕農	2670
自高自大	自	高自大	2605
自成一格	自	成一格	2570
自絕	自	絕	2460
自居	自	居	2341
自苦	自	苦	1910
自求多福	自	求多福	1860
自戕	自	戕	1830
自得	自	得	1751
自由心證	自	由心證	1355
自作孽	自	作孽	1340
自力救濟	自	力救濟	1285
自用車	自	用車	1260
自誤	自	誤	1180
自況	自	況	1080
自尋短見	自	尋短見	985
自勵	自	勵	966
自掃門前雪	自	掃門前雪	955
自食惡果	自	食惡果	845
自由業	自	由業	780
自顧不暇	自	顧不暇	584
自由球	自	由球	500
自作自受	自	作自受	458
自娛娛人	自	娛娛人	305
自由車	自	由車	10
自號	自	號	1
自危	自	危	1
自侮	自	侮	1
自撰	自	撰	1
自營商	自	營商	1
自由日	自	由日	1
自責分	自	責分	1
自動尋線	自	動尋線	1
自奉甚儉	自	奉甚儉	1
自然步道	自	然步道	1
自認倒楣	自	認倒楣	1
自體輸血	自	體輸血	1
自我肯定	自	我肯定	1
自我期許	自	我期許	1
自助人助	自	助人助	1
自動販賣機	自	動販賣機	1
天天	天	天	411485
天氣	天	氣	492855
天地	天	地	454785
天然	天	然	500294
天空	天	空	478400
天使	天	使	496535
天堂	天	堂	373035
天津	天	津	500476
天保	天	保	888
天下	天	下	500410
天然氣	天	然氣	219720
天生	天	生	208920
天才	天	才	195335
天數	天	數	194115
天涯	天	涯	174050
天線	天	線	159045
天真	天	真	120875
天后	天	后	111850
天賦	天	賦	108135
天性	天	性	85470
天子	天	子	83220
天文	天	文	80715
天王	天	王	67195
天龍	天	龍	62980
天鵝	天	鵝	60630
天花板	天	花板	59260
天蠍座	天	蠍座	54975
天籟	天	籟	53825
天亮	天	亮	53565
天際	天	際	52605
天秤座	天	秤座	51185
天平	天	平	51110
天價	天	價	50695
天色	天	色	49075
天邊	天	邊	48940
天時	天	時	48085
天臺	天	臺	45745
天池	天	池	45205
天窗	天	窗	44040
天大	天	大	43650
天神	天	神	42750
天道	天	道	41590
天橋	天	橋	41080
天命	天	命	40475
天體	天	體	40340
天花	天	花	37830
天意	天	意	36325
天涯海角	天	涯海角	35960
天明	天	明	35230
天主教	天	主教	35155
天國	天	國	33805
天長地久	天	長地久	33150
天黑	天	黑	32255
天皇	天	皇	31775
天機	天	機	28930
天人	天	人	28390
天主	天	主	25665
天安門	天	安門	25460
天分	天	分	24230
天仙	天	仙	23860
天壇	天	壇	23465
天井	天	井	23455
天人合一	天	人合一	23395
天敵	天	敵	22110
天馬行空	天	馬行空	21150
天文學	天	文學	20655
天龍八部	天	龍八部	19835
天賜	天	賜	19700
天宮	天	宮	19655
天秤	天	秤	19485
天書	天	書	19455
天經地義	天	經地義	19060
天庭	天	庭	18825
天壤之別	天	壤之別	17945
天理	天	理	17825
天衣無縫	天	衣無縫	17290
天災	天	災	16355
天職	天	職	16320
天干	天	干	16075
天堂鳥	天	堂鳥	16050
天文台	天	文台	15910
天文臺	天	文臺	15910
天象	天	象	15655
天光	天	光	14465
天王星	天	王星	14415
天資	天	資	13850
天南地北	天	南地北	13445
天罡	天	罡	13130
天眼	天	眼	12900
天翻地覆	天	翻地覆	12885
天文數字	天	文數字	12000
天鵝湖	天	鵝湖	11885
天方夜譚	天	方夜譚	11805
天下無雙	天	下無雙	11415
天倫	天	倫	11030
天幕	天	幕	10915
天花亂墜	天	花亂墜	10515
天真無邪	天	真無邪	10090
天候	天	候	9999
天下大亂	天	下大亂	9825
天倫之樂	天	倫之樂	9755
天鵝絨	天	鵝絨	9660
天災人禍	天	災人禍	9320
天河	天	河	9207
天葬	天	葬	8810
天之驕子	天	之驕子	8390
天公	天	公	8165
天真爛漫	天	真爛漫	7925
天狼星	天	狼星	7920
天旋地轉	天	旋地轉	7915
天兵	天	兵	7830
天險	天	險	7550
天寒地凍	天	寒地凍	7045
天下太平	天	下太平	6480
天牛	天	牛	6170
天府之國	天	府之國	6090
天良	天	良	6025
天羅地網	天	羅地網	5970
天有不測風雲	天	有不測風雲	5930
天父	天	父	5770
天日	天	日	5760
天文望遠鏡	天	文望遠鏡	5525
天年	天	年	5455
天塹	天	塹	4905
天崩地裂	天	崩地裂	4595
天下為公	天	下為公	4315
天造地設	天	造地設	4040
天涯若比鄰	天	涯若比鄰	3820
天樞	天	樞	3765
天車	天	車	3760
天譴	天	譴	3545
天狗	天	狗	3450
天高地厚	天	高地厚	3185
天無絕人之路	天	無絕人之路	3160
天權	天	權	3015
天作之合	天	作之合	2760
天誅地滅	天	誅地滅	2635
天燈	天	燈	2570
天公不作美	天	公不作美	2500
天網恢恢	天	網恢恢	2480
天主堂	天	主堂	2010
天靈蓋	天	靈蓋	1990
天擇	天	擇	1895
天母	天	母	1830
天王巨星	天	王巨星	1610
天下烏鴉一般黑	天	下烏鴉一般黑	1600
天才兒童	天	才兒童	1575
天字第一號	天	字第一號	1370
天婦羅	天	婦羅	1350
天弓	天	弓	1265
天璇	天	璇	1125
天朗氣清	天	朗氣清	1015
天可憐見	天	可憐見	1005
天搖地動	天	搖地動	980
天不從人願	天	不從人願	695
天理教	天	理教	625
天竺鼠	天	竺鼠	545
天官賜福	天	官賜福	475
天體營	天	體營	470
天府	天	府	307
天泉	天	泉	181
天下父母心	天	下父母心	147
天淵之別	天	淵之別	145
天璣	天	璣	1
天份	天	份	1
天祥	天	祥	1
天平座	天	平座	1
天狗吃月	天	狗吃月	1
天理昭彰	天	理昭彰	1
天乾物燥	天	乾物燥	1
天然瓦斯	天	然瓦斯	1
天然資源	天	然資源	1
天人交戰	天	人交戰	1
天上聖母	天	上聖母	1
天下蒼生	天	下蒼生	1
天助自助	天	助自助	1
天縱英明	天	縱英明	1
天體望遠鏡	天	體望遠鏡	1
天機不可洩漏	天	機不可洩漏	1
天外飛來一筆	天	外飛來一筆	1
天不怕，地不怕	天	不怕，地不怕	1
天生我才必有用	天	生我才必有用	1
天下沒有白吃的午餐	天	下沒有白吃的午餐	1
天下沒有不散的筵席	天	下沒有不散的筵席	1
天下無難事，只怕有心人	天	下無難事，只怕有心人	1
打電話	打	電話	364370
打字	打	字	70320
打開	打	開	500694
打造	打	造	500433
打擊	打	擊	487650
打算	打	算	409685
打折	打	折	142740
打出	打	出	123180
打架	打	架	95595
打破	打	破	219250
打工	打	工	217690
打扮	打	扮	102905
打呼	打	呼	101385
打下	打	下	101270
打製	打	製	99999
打敗	打	敗	95050
打包	打	包	89175
打交道	打	交道	81435
打來	打	來	80310
打聽	打	聽	78795
打死	打	死	77950
打到	打	到	76970
打入	打	入	75610
打鬥	打	鬥	71995
打斷	打	斷	71380
打招呼	打	招呼	70070
打球	打	球	68890
打擾	打	擾	68690
打動	打	動	68560
打倒	打	倒	62375
打仗	打	仗	59340
打火機	打	火機	57240
打掃	打	掃	52295
打量	打	量	51560
打響	打	響	47565
打理	打	理	46552
打通	打	通	44015
打發	打	發	44010
打牌	打	牌	43075
打壓	打	壓	42615
打成	打	成	33695
打人	打	人	33095
打消	打	消	32870
打中	打	中	32005
打掉	打	掉	29280
打獵	打	獵	29145
打官司	打	官司	27760
打起	打	起	27070
打孔	打	孔	24360
打傷	打	傷	24150
打樣	打	樣	23670
打點	打	點	22555
打劫	打	劫	22435
打麻將	打	麻將	22250
打針	打	針	22205
打賭	打	賭	20470
打探	打	探	20275
打碎	打	碎	20160
打輸	打	輸	20000
打轉	打	轉	19750
打手	打	手	19745
打坐	打	坐	19130
打罵	打	罵	18860
打氣	打	氣	17245
打趣	打	趣	17060
打滾	打	滾	17030
打鬧	打	鬧	16595
打雜	打	雜	15120
打噴嚏	打	噴嚏	14675
打翻	打	翻	14360
打結	打	結	13920
打水	打	水	13430
打卡	打	卡	12930
打成一片	打	成一片	12810
打散	打	散	12605
打攪	打	攪	12440
打從	打	從	12110
打字機	打	字機	11500
打廣告	打	廣告	11245
打住	打	住	11125
打天下	打	天下	10575
打鐵	打	鐵	10440
打拼	打	拼	9999
打算盤	打	算盤	9999
打游擊	打	游擊	9999
打字紙	打	字紙	9999
打破砂鍋問到底	打	破砂鍋問到底	9999
打底	打	底	9885
打雷	打	雷	9850
打瞌睡	打	瞌睡	9515
打擊樂	打	擊樂	9395
打折扣	打	折扣	8655
打垮	打	垮	8400
打魚	打	魚	8375
打起精神	打	起精神	8320
打鼾	打	鼾	8255
打盹	打	盹	8185
打嗝	打	嗝	7735
打傘	打	傘	7455
打烊	打	烊	7290
打擊樂器	打	擊樂器	7140
打情罵俏	打	情罵俏	6340
打呼嚕	打	呼嚕	6280
打道回府	打	道回府	5935
打光	打	光	5670
打樁	打	樁	5645
打油詩	打	油詩	5515
打撈	打	撈	5480
打法	打	法	5362
打草驚蛇	打	草驚蛇	5325
打靶	打	靶	5285
打蠟	打	蠟	5210
打岔	打	岔	4885
打抱不平	打	抱不平	4885
打圓場	打	圓場	4835
打嘴	打	嘴	4735
打頭陣	打	頭陣	4660
打高爾夫	打	高爾夫	4310
打打鬧鬧	打	打鬧鬧	4160
打退堂鼓	打	退堂鼓	3995
打領帶	打	領帶	3850
打胎	打	胎	3615
打緊	打	緊	3370
打呵欠	打	呵欠	3333
打氣筒	打	氣筒	3045
打小報告	打	小報告	3010
打點滴	打	點滴	2825
打更	打	更	2800
打卡機	打	卡機	2650
打群架	打	群架	2620
打哈哈	打	哈哈	2335
打主意	打	主意	2250
打地鋪	打	地鋪	2025
打家劫舍	打	家劫舍	2000
打尖	打	尖	1975
打水仗	打	水仗	1590
打包票	打	包票	1380
打擂臺	打	擂臺	1345
打牙祭	打	牙祭	1075
打耳光	打	耳光	945
打分數	打	分數	945
打通關節	打	通關節	920
打卡鐘	打	卡鐘	900
打電報	打	電報	875
打馬虎眼	打	馬虎眼	860
打官腔	打	官腔	770
打開天窗說亮話	打	開天窗說亮話	665
打赤腳	打	赤腳	580
打躬作揖	打	躬作揖	570
打赤膊	打	赤膊	525
打秋風	打	秋風	455
打通關	打	通關	335
打落水狗	打	落水狗	300
打毛線	打	毛線	280
打回票	打	回票	195
打彈珠	打	彈珠	180
打暗號	打	暗號	150
打手心	打	手心	113
打魚郎	打	魚郎	50
打鐵趁熱	打	鐵趁熱	47
打屁	打	屁	2
打顫	打	顫	1
打歌	打	歌	1
打混	打	混	1
打拚	打	拚	1
打者	打	者	1
打鐘	打	鐘	1
打敗仗	打	敗仗	1
打禪七	打	禪七	1
打帶跑	打	帶跑	1
打電玩	打	電玩	1
打對臺	打	對臺	1
打粉底	打	粉底	1
打勾勾	打	勾勾	1
打擊率	打	擊率	1
打擊手	打	擊手	1
打太極	打	太極	1
打鐵匠	打	鐵匠	1
打野外	打	野外	1
打擊異己	打	擊異己	1
打罵教育	打	罵教育	1
打破慣例	打	破慣例	1
打知名度	打	知名度	1
打狗也要看主人面	打	狗也要看主人面	1
電話	電	話	502776
電池	電	池	500313
電腦	電	腦	500951
電視	電	視	500435
電影	電	影	500748
電梯	電	梯	269000
電動	電	動	213830
電線	電	線	117070
電子	電	子	500722
電源	電	源	500307
電信	電	信	500301
電力	電	力	500251
電視台	電	視台	487100
電視臺	電	視臺	487100
電壓	電	壓	343660
電器	電	器	336615
電路	電	路	325395
電流	電	流	274870
電纜	電	纜	257390
電視劇	電	視劇	251695
電機	電	機	237940
電話號碼	電	話號碼	217720
電氣	電	氣	212840
電台	電	台	200715
電臺	電	臺	200715
電視機	電	視機	139615
電工	電	工	124655
電阻	電	阻	122470
電廠	電	廠	118885
電容	電	容	117265
電子書	電	子書	112890
電視節目	電	視節目	94695
電瓶	電	瓶	85500
電磁	電	磁	85210
電動車	電	動車	77065
電影院	電	影院	76565
電訊	電	訊	71310
電鍍	電	鍍	70820
電價	電	價	69265
電路板	電	路板	66650
電極	電	極	66610
電報	電	報	65240
電話機	電	話機	63455
電量	電	量	62540
電動機	電	動機	60700
電費	電	費	59805
電能	電	能	56845
電力公司	電	力公司	44075
電容器	電	容器	42240
電磁波	電	磁波	41150
電子郵件地址	電	子郵件地址	39850
電解	電	解	38535
電話線	電	話線	36195
電表	電	表	31690
電車	電	車	31115
電冰箱	電	冰箱	30365
電話費	電	話費	29415
電話簿	電	話簿	28830
電燈	電	燈	28050
電荷	電	荷	25345
電子計算機	電	子計算機	25330
電擊	電	擊	25300
電話卡	電	話卡	25225
電波	電	波	24925
電爐	電	爐	24765
電解質	電	解質	24305
電磁爐	電	磁爐	24175
電玩	電	玩	24075
電文	電	文	24030
電信局	電	信局	22535
電氣化	電	氣化	20760
電子琴	電	子琴	20265
電話本	電	話本	19980
電傳	電	傳	19745
電風扇	電	風扇	19410
電匯	電	匯	19200
電視網	電	視網	17940
電光	電	光	16995
電石	電	石	15500
電線桿	電	線桿	13550
電視新聞	電	視新聞	13405
電影界	電	影界	12035
電話亭	電	話亭	11100
電腦病毒	電	腦病毒	11030
電扇	電	扇	10550
電熨斗	電	熨斗	10420
電吉他	電	吉他	10120
電影票	電	影票	10070
電鋸	電	鋸	8960
電視牆	電	視牆	8350
電暖器	電	暖器	7795
電桿	電	桿	7475
電腦化	電	腦化	7360
電子字典	電	子字典	7080
電纜線	電	纜線	7030
電影明星	電	影明星	6550
電子錶	電	子錶	6540
電影藝術	電	影藝術	6470
電燈泡	電	燈泡	6070
電影業	電	影業	5925
電鑽	電	鑽	5825
電動玩具	電	動玩具	4870
電話傳真	電	話傳真	4725
電子業	電	子業	4475
電算	電	算	4395
電檢	電	檢	4195
電光石火	電	光石火	4145
電料	電	料	4020
電療	電	療	3765
電鈴	電	鈴	3700
電子媒體	電	子媒體	3335
電影圈	電	影圈	2795
電子鐘	電	子鐘	2785
電熱器	電	熱器	2290
電視公司	電	視公司	2260
電棒	電	棒	2140
電鈕	電	鈕	2040
電門	電	門	1920
電話筒	電	話筒	1660
電魚	電	魚	1405
電請	電	請	1340
電掣	電	掣	1265
電眼	電	眼	1185
電晶體	電	晶體	1180
電椅	電	椅	1130
電鍋	電	鍋	1070
電唱機	電	唱機	935
電賀	電	賀	425
電化	電	化	417
電腦辭典	電	腦辭典	330
電纜車	電	纜車	120
電聯車	電	聯車	120
電銲	電	銲	1
電母	電	母	1
電毯	電	毯	1
電碗	電	碗	1
電擊法	電	擊法	1
電檢法	電	檢法	1
電檢制	電	檢制	1
電腦鼠	電	腦鼠	1
電蚊香	電	蚊香	1
電宰廠	電	宰廠	1
電子鍋	電	子鍋	1
電子所	電	子所	1
電傳視訊	電	傳視訊	1
電化設備	電	化設備	1
電話訪問	電	話訪問	1
電腦程式	電	腦程式	1
電腦看板	電	腦看板	1
電腦排版	電	腦排版	1
電腦軟體	電	腦軟體	1
電腦網路	電	腦網路	1
電腦音樂	電	腦音樂	1
電腦擇友	電	腦擇友	1
電玩軟體	電	玩軟體	1
電線走火	電	線走火	1
電宰豬肉	電	宰豬肉	1
電子看板	電	子看板	1
電子祕書	電	子祕書	1
電子通勤	電	子通勤	1
電子郵遞	電	子郵遞	1
電話答錄機	電	話答錄機	1
電腦筆記本	電	腦筆記本	1
電腦合成樂	電	腦合成樂	1
電視歌仔戲	電	視歌仔戲	1
電視遊樂器	電	視遊樂器	1
電子布告欄	電	子布告欄	1
電子琴花車	電	子琴花車	1
電腦斷層攝影	電	腦斷層攝影	1
電腦輔助教學	電	腦輔助教學	1
電腦語音處理	電	腦語音處理	1
電影分級制度	電	影分級制度	1
電子郵件系統	電	子郵件系統	1
老公	老	公	370435
老婆	老	婆	477615
老師	老	師	101210
老年	老	年	212495
老爹	老	爹	31705
老闆	老	闆	500472
老人	老	人	500350
老板	老	板	500472
老大	老	大	326915
老百姓	老	百姓	311185
老子	老	子	226650
老年人	老	年人	183870
老鼠	老	鼠	162355
老化	老	化	145100
老頭	老	頭	143950
老虎	老	虎	138145
老總	老	總	133925
老家	老	家	103480
老是	老	是	100000
老太太	老	太太	98510
老爸	老	爸	98250
老鄉	老	鄉	95150
老爺	老	爺	94195
老人家	老	人家	86935
老外	老	外	82410
老媽	老	媽	76225
老者	老	者	74790
老實	老	實	67315
老天	老	天	62835
老字號	老	字號	59750
老先生	老	先生	57515
老朋友	老	朋友	55575
老夫	老	夫	54100
老牌	老	牌	49960
老板娘	老	板娘	46505
老闆娘	老	闆娘	46505
老兵	老	兵	43750
老兄	老	兄	42675
老式	老	式	39690
老道	老	道	37615
老頭子	老	頭子	37490
老伴	老	伴	36850
老鷹	老	鷹	33170
老街	老	街	31425
老將	老	將	30640
老伯	老	伯	30315
老弟	老	弟	29620
老一輩	老	一輩	29400
老實說	老	實說	26570
老話	老	話	25380
老哥	老	哥	24905
老天爺	老	天爺	24560
老娘	老	娘	24245
老太婆	老	太婆	24175
老手	老	手	23710
老同學	老	同學	22465
老遠	老	遠	20885
老農	老	農	20000
老前輩	老	前輩	19705
老爺車	老	爺車	19421
老友	老	友	19220
老舊	老	舊	18995
老祖宗	老	祖宗	18425
老少	老	少	18415
老練	老	練	18365
老路	老	路	18200
老婆婆	老	婆婆	17975
老母	老	母	17805
老朽	老	朽	16595
老婦	老	婦	16225
老死	老	死	16195
老套	老	套	15590
老翁	老	翁	14780
老奶奶	老	奶奶	14775
老爺爺	老	爺爺	14460
老僧	老	僧	14265
老生	老	生	14065
老鳥	老	鳥	13520
老實人	老	實人	12355
老衲	老	衲	12235
老成	老	成	11660
老頑童	老	頑童	10375
老大哥	老	大哥	10165
老小	老	小	10070
老早	老	早	10060
老狐狸	老	狐狸	9940
老臣	老	臣	9680
老店	老	店	9535
老生常談	老	生常談	9195
老父	老	父	8860
老半天	老	半天	8185
老嫗	老	嫗	8080
老命	老	命	7830
老賊	老	賊	7810
老公公	老	公公	7170
老師傅	老	師傅	6965
老巢	老	巢	6745
老到	老	到	6425
老掉牙	老	掉牙	6325
老淚縱橫	老	淚縱橫	6325
老婆子	老	婆子	6310
老鴇	老	鴇	6280
老毛病	老	毛病	6070
老身	老	身	5775
老千	老	千	5725
老本	老	本	5640
老謀深算	老	謀深算	5530
老母雞	老	母雞	5445
老邁	老	邁	5170
老弱	老	弱	5060
老丈	老	丈	5030
老規矩	老	規矩	4920
老叟	老	叟	4875
老樣子	老	樣子	4860
老古董	老	古董	4600
老江湖	老	江湖	4025
老本行	老	本行	3970
老夫妻	老	夫妻	3865
老骨頭	老	骨頭	3770
老油條	老	油條	3750
老死不相往來	老	死不相往來	3565
老媽子	老	媽子	3540
老氣橫秋	老	氣橫秋	3530
老丈人	老	丈人	3525
老當益壯	老	當益壯	3515
老少咸宜	老	少咸宜	3440
老態龍鍾	老	態龍鍾	3225
老酒	老	酒	3194
老氣	老	氣	3110
老輩	老	輩	3055
老態	老	態	2590
老老少少	老	老少少	2585
老鼠會	老	鼠會	2550
老豆腐	老	豆腐	2532
老驥伏櫪	老	驥伏櫪	2360
老歌	老	歌	2293
老姑娘	老	姑娘	2135
老旦	老	旦	2120
老花眼	老	花眼	2070
老主顧	老	主顧	2060
老奸巨猾	老	奸巨猾	1990
老饕	老	饕	1810
老成持重	老	成持重	1780
老眼昏花	老	眼昏花	1715
老大姐	老	大姐	1635
老頑固	老	頑固	1530
老調重彈	老	調重彈	1380
老粗	老	粗	1350
老花眼鏡	老	花眼鏡	1240
老虎鉗	老	虎鉗	1140
老馬識途	老	馬識途	1080
老祖先	老	祖先	890
老僧入定	老	僧入定	765
老而彌堅	老	而彌堅	705
老境	老	境	495
老交情	老	交情	495
老弱殘兵	老	弱殘兵	465
老羞成怒	老	羞成怒	48
老么	老	么	1
老話題	老	話題	1
老米飯	老	米飯	1
老人茶	老	人茶	1
老戲迷	老	戲迷	1
老蚌生珠	老	蚌生珠	1
老人福利	老	人福利	1
老人年金	老	人年金	1
老神在在	老	神在在	1
老莊哲學	老	莊哲學	1
老年痴呆症	老	年痴呆症	1
老人痴呆症	老	人痴呆症	1
老人住居安養	老	人住居安養	1
公司	公	司	1321922
公園	公	園	488385
公路	公	路	500370
公幹	公	幹	6260
公分	公	分	102715
公佈	公	佈	500583
公告	公	告	500570
公務員	公	務員	500360
公斤	公	斤	500347
公共	公	共	489330
公平	公	平	436770
公布	公	布	500583
公里	公	里	500583
公開	公	開	500512
公民	公	民	500325
公眾	公	眾	473740
公主	公	主	338585
公寓	公	寓	317645
公正	公	正	292840
公安	公	安	268320
公示	公	示	242500
公益	公	益	214910
公元	公	元	213810
公式	公	式	206515
公頃	公	頃	204955
公子	公	子	186910
公證	公	證	176275
公約	公	約	169225
公關	公	關	141535
公用	公	用	135360
公司債	公	司債	131398
公共衛生	公	共衛生	116465
公司法	公	司法	111955
公文	公	文	109200
公務	公	務	95180
公積金	公	積金	85030
公共場所	公	共場所	78345
公共汽車	公	共汽車	73520
公車	公	車	68375
公共設施	公	共設施	49200
公共安全	公	共安全	47010
公認	公	認	45995
公共關係	公	共關係	44555
公公	公	公	44325
公道	公	道	43735
公報	公	報	42140
公然	公	然	39310
公立	公	立	37635
公開賽	公	開賽	35835
公用事業	公	用事業	35835
公款	公	款	32010
公信力	公	信力	30830
公尺	公	尺	29880
公有	公	有	28055
公廁	公	廁	27385
公僕	公	僕	27345
公共政策	公	共政策	25885
公差	公	差	24275
公職人員	公	職人員	24243
公益廣告	公	益廣告	23425
公館	公	館	20905
公訴	公	訴	20815
公德	公	德	20060
公法	公	法	19430
公事	公	事	19280
公允	公	允	18380
公理	公	理	17890
公路局	公	路局	17620
公費	公	費	16540
公婆	公	婆	14805
公害	公	害	14790
公家	公	家	13790
公務人員	公	務人員	13265
公案	公	案	13200
公開信	公	開信	12540
公物	公	物	12285
公債	公	債	12190
公使	公	使	11745
公噸	公	噸	10500
公轉	公	轉	10395
公權力	公	權力	10340
公升	公	升	9999
公署	公	署	9815
公職	公	職	8963
公會	公	會	8888
公權	公	權	8830
公義	公	義	8795
公推	公	推	8695
公演	公	演	8650
公函	公	函	8435
公制	公	制	8085
公堂	公	堂	7290
公海	公	海	6995
公敵	公	敵	6845
公證人	公	證人	4740
公休	公	休	4720
公祭	公	祭	3825
公論	公	論	3680
公事公辦	公	事公辦	3215
公產	公	產	3080
公決	公	決	3065
公憤	公	憤	2710
公諸於世	公	諸於世	2680
公墓	公	墓	2601
公民投票	公	民投票	2550
公事包	公	事包	2435
公審	公	審	2250
公德心	公	德心	2075
公子哥兒	公	子哥兒	2020
公出	公	出	1880
公假	公	假	1690
公共電話	公	共電話	1450
公報私仇	公	報私仇	1430
公定	公	定	1360
公共電視	公	共電視	1220
公斷	公	斷	1050
公營	公	營	999
公價	公	價	925
公筷	公	筷	795
公倍數	公	倍數	660
公證結婚	公	證結婚	625
公約數	公	約數	585
公賣局	公	賣局	560
公家機關	公	家機關	380
公牘	公	牘	43
公帑	公	帑	2
公所	公	所	1
公保	公	保	1
公秉	公	秉	1
公寸	公	寸	1
公撮	公	撮	1
公地	公	地	1
公毫	公	毫	1
公合	公	合	1
公衡	公	衡	1
公忽	公	忽	1
公克	公	克	1
公利	公	利	1
公賣	公	賣	1
公評	公	評	1
公器	公	器	1
公錢	公	錢	1
公勺	公	勺	1
公視	公	視	1
公絲	公	絲	1
公引	公	引	1
公餘	公	餘	1
公丈	公	丈	1
公車處	公	車處	1
公聽會	公	聽會	1
公地放領	公	地放領	1
公告現值	公	告現值	1
公教人員	公	教人員	1
公益軟體	公	益軟體	1
公營企業	公	營企業	1
公營事業	公	營事業	1
公有土地	公	有土地	1
公忠體國	公	忠體國	1
公平交易法	公	平交易法	1
人員	人	員	501851
人類	人	類	500596
人人	人	人	302525
人民	人	民	500581
人心	人	心	154770
人物	人	物	500467
人數	人	數	500417
人次	人	次	328420
人們	人	們	501365
人才	人	才	501054
人民幣	人	民幣	500576
人生	人	生	500521
人氣	人	氣	500480
人士	人	士	500465
人口	人	口	500370
人家	人	家	500367
人體	人	體	500306
人群	人	群	485990
人工	人	工	354590
人事	人	事	348580
人間	人	間	277235
人格	人	格	254070
人文	人	文	227935
人為	人	為	224070
人力	人	力	219290
人性	人	性	192450
人身	人	身	166665
人際關係	人	際關係	161200
人選	人	選	157525
人權	人	權	113310
人中	人	中	103950
人參	人	參	101245
人生觀	人	生觀	93080
人稱	人	稱	89495
人品	人	品	87840
人造	人	造	87755
人影	人	影	81905
人像	人	像	71300
人情	人	情	67160
人道	人	道	59670
人手	人	手	59325
人際	人	際	57395
人世	人	世	52070
人頭	人	頭	48310
人脈	人	脈	42960
人名	人	名	42875
人壽保險	人	壽保險	42800
人畜	人	畜	37385
人質	人	質	36725
人事處	人	事處	35920
人緣	人	緣	34005
人道主義	人	道主義	31735
人形	人	形	28800
人命	人	命	27870
人行道	人	行道	23235
人潮	人	潮	20850
人種	人	種	20115
人魚	人	魚	19460
人山人海	人	山人海	17190
人治	人	治	17025
人欲	人	欲	16505
人傑地靈	人	傑地靈	15135
人情味	人	情味	14755
人口密度	人	口密度	14665
人滿為患	人	滿為患	13135
人見人愛	人	見人愛	13130
人煙	人	煙	12890
人云亦云	人	云亦云	12640
人文科學	人	文科學	12605
人間仙境	人	間仙境	12360
人倫	人	倫	11600
人傑	人	傑	11470
人工呼吸	人	工呼吸	11160
人海	人	海	11055
人犯	人	犯	10990
人本主義	人	本主義	10400
人聲鼎沸	人	聲鼎沸	10200
人渣	人	渣	10100
人妖	人	妖	9999
人證	人	證	9205
人才濟濟	人	才濟濟	8905
人心惶惶	人	心惶惶	8815
人丁	人	丁	8315
人造衛星	人	造衛星	8160
人生如夢	人	生如夢	7900
人去樓空	人	去樓空	6790
人跡	人	跡	6585
人造纖維	人	造纖維	6345
人體彩繪	人	體彩繪	6035
人情世故	人	情世故	5440
人浮於事	人	浮於事	5360
人馬	人	馬	5316
人命關天	人	命關天	5110
人文薈萃	人	文薈萃	4765
人力車	人	力車	4500
人工繁殖	人	工繁殖	4230
人權宣言	人	權宣言	4220
人間煙火	人	間煙火	4210
人子	人	子	4155
人海戰術	人	海戰術	3825
人高馬大	人	高馬大	3675
人定勝天	人	定勝天	3665
人猿	人	猿	3640
人算不如天算	人	算不如天算	3575
人間地獄	人	間地獄	3045
人生如戲	人	生如戲	3010
人心不古	人	心不古	2590
人老珠黃	人	老珠黃	2365
人面桃花	人	面桃花	2300
人前人後	人	前人後	2045
人微言輕	人	微言輕	1920
人小鬼大	人	小鬼大	1750
人面獸心	人	面獸心	1710
人情練達	人	情練達	1610
人頭稅	人	頭稅	1455
人贓俱獲	人	贓俱獲	1437
人瑞	人	瑞	1395
人口老化	人	口老化	1275
人模人樣	人	模人樣	1130
人和	人	和	1111
人煙稠密	人	煙稠密	960
人工智慧	人	工智慧	930
人地生疏	人	地生疏	840
人事全非	人	事全非	770
人窮志短	人	窮志短	755
人仰馬翻	人	仰馬翻	547
人工受孕	人	工受孕	460
人氣指標	人	氣指標	345
人言可畏	人	言可畏	165
人多口雜	人	多口雜	30
人蛇	人	蛇	1
人父	人	父	1
人師	人	師	1
人主	人	主	1
人事室	人	事室	1
人頭戶	人	頭戶	1
人物畫	人	物畫	1
人造雨	人	造雨	1
人工血液	人	工血液	1
人飢己飢	人	飢己飢	1
人謀不臧	人	謀不臧	1
人溺己溺	人	溺己溺	1
人權運動	人	權運動	1
人生無常	人	生無常	1
人不知，鬼不覺	人	不知，鬼不覺	1
人無遠慮，必有近憂	人	無遠慮，必有近憂	1
人不可貌相，海水不可斗量	人	不可貌相，海水不可斗量	1
地圖	地	圖	500266
地震	地	震	284780
地方	地	方	501647
地址	地	址	502251
地區	地	區	501828
地位	地	位	500471
地球	地	球	421425
地板	地	板	347550
地鐵	地	鐵	226700
地點	地	點	500559
地上	地	上	500252
地面	地	面	479450
地下	地	下	421645
地理	地	理	327725
地產	地	產	314405
地域	地	域	286695
地處	地	處	256905
地方政府	地	方政府	207620
地質	地	質	202815
地帶	地	帶	192920
地道	地	道	192255
地段	地	段	173670
地獄	地	獄	168695
地理位置	地	理位置	157690
地形	地	形	143765
地步	地	步	142045
地毯	地	毯	136160
地名	地	名	124210
地表	地	表	84580
地勢	地	勢	74670
地下水	地	下水	72990
地主	地	主	71080
地盤	地	盤	65075
地貌	地	貌	59010
地下室	地	下室	57830
地中海	地	中海	48645
地利	地	利	46885
地磚	地	磚	43090
地基	地	基	42465
地熱	地	熱	36700
地方性	地	方性	35630
地層	地	層	34385
地理環境	地	理環境	32765
地理學	地	理學	32730
地雷	地	雷	30025
地標	地	標	27375
地殼	地	殼	24870
地瓜	地	瓜	23715
地坪	地	坪	23555
地平線	地	平線	22770
地頭	地	頭	21865
地緣	地	緣	21390
地支	地	支	20710
地底	地	底	18405
地質學	地	質學	17185
地皮	地	皮	17085
地域性	地	域性	15450
地攤	地	攤	15100
地球村	地	球村	12945
地界	地	界	12890
地藏王菩薩	地	藏王菩薩	12685
地府	地	府	10710
地黃	地	黃	10555
地窖	地	窖	10380
地方法院	地	方法院	10255
地球科學	地	球科學	10140
地方官	地	方官	10105
地政	地	政	9999
地心	地	心	8935
地牢	地	牢	8420
地球儀	地	球儀	8355
地痞	地	痞	7900
地洞	地	洞	7680
地方稅	地	方稅	7055
地價	地	價	7045
地毯式	地	毯式	6910
地力	地	力	6666
地久天長	地	久天長	6570
地磁	地	磁	6190
地志	地	志	6015
地下錢莊	地	下錢莊	5520
地方自治	地	方自治	5500
地老天荒	地	老天荒	5110
地大物博	地	大物博	4880
地下鐵	地	下鐵	4760
地衣	地	衣	4740
地廣人稀	地	廣人稀	4510
地球日	地	球日	4325
地方戲	地	方戲	3740
地頭蛇	地	頭蛇	3240
地震帶	地	震帶	2875
地權	地	權	2750
地契	地	契	2495
地軸	地	軸	2215
地勤	地	勤	2140
地籍圖	地	籍圖	1890
地主之誼	地	主之誼	1755
地攤貨	地	攤貨	1615
地方軍	地	方軍	1545
地震儀	地	震儀	1390
地下工廠	地	下工廠	1225
地下道	地	下道	1190
地動儀	地	動儀	1000
地壘	地	壘	695
地下街	地	下街	555
地上權	地	上權	221
地靈人傑	地	靈人傑	76
地塹	地	塹	18
地磅	地	磅	11
地學	地	學	1
地目	地	目	1
地祇	地	祇	1
地氈	地	氈	1
地板操	地	板操	1
地價稅	地	價稅	1
地檢處	地	檢處	1
地理師	地	理師	1
地球史	地	球史	1
地上物	地	上物	1
地下化	地	下化	1
地主國	地	主國	1
地層下陷	地	層下陷	1
地方人士	地	方人士	1
地方戲曲	地	方戲曲	1
地方議會	地	方議會	1
地瘠人稀	地	瘠人稀	1
地利之便	地	利之便	1
地牛發威	地	牛發威	1
地牛翻身	地	牛翻身	1
地盤下陷	地	盤下陷	1
地下夫人	地	下夫人	1
地下工作	地	下工作	1
地下核爆	地	下核爆	1
地下投資	地	下投資	1
地下舞廳	地	下舞廳	1
地下有知	地	下有知	1
地心引力	地	心引力	1
地域觀念	地	域觀念	1
地質活動	地	質活動	1
地下停車場	地	下停車場	1
地中海型貧血	地	中海型貧血	1
開始	開	始	502439
開車	開	車	295295
開心	開	心	413460
開刀	開	刀	22765
開發	開	發	501339
開展	開	展	501280
開放	開	放	500581
開設	開	設	352620
開啟	開	啟	311120
開通	開	通	455260
開關	開	關	360355
開拓	開	拓	320760
開業	開	業	253680
開口	開	口	207560
開戶	開	戶	201300
開辦	開	辦	190805
開採	開	採	175255
開創	開	創	171460
開門	開	門	164335
開支	開	支	158405
開出	開	出	157195
開頭	開	頭	151865
開工	開	工	145080
開闢	開	闢	142505
開來	開	來	129685
開幕	開	幕	123770
開會	開	會	121320
開盤	開	盤	111170
開幕式	開	幕式	107090
開店	開	店	104685
開闊	開	闊	98410
開放式	開	放式	95340
開花	開	花	94150
開玩笑	開	玩笑	90840
開學	開	學	90765
開朗	開	朗	83640
開水	開	水	77925
開獎	開	獎	77135
開源	開	源	75955
開除	開	除	73810
開標	開	標	67920
開張	開	張	61630
開銷	開	銷	60360
開課	開	課	60115
開立	開	立	54295
開端	開	端	52135
開班	開	班	52130
開槍	開	槍	43745
開場	開	場	43430
開庭	開	庭	42110
開往	開	往	37805
開路	開	路	35200
開徵	開	徵	34735
開墾	開	墾	34025
開挖	開	挖	33415
開戰	開	戰	33070
開票	開	票	32525
開鎖	開	鎖	29280
開明	開	明	28595
開山	開	山	24435
開播	開	播	24155
開胃	開	胃	23895
開拍	開	拍	23400
開動	開	動	22970
開國	開	國	22835
開導	開	導	22750
開賽	開	賽	22185
開羅	開	羅	21590
開火	開	火	21295
開場白	開	場白	20645
開價	開	價	19830
開鑿	開	鑿	18920
開外	開	外	17140
開懷	開	懷	16340
開門見山	開	門見山	15760
開球	開	球	13855
開悟	開	悟	13515
開光	開	光	12910
開市	開	市	12470
開心果	開	心果	12150
開化	開	化	11510
開竅	開	竅	10840
開春	開	春	10455
開脫	開	脫	10210
開道	開	道	10045
開講	開	講	9865
開飯	開	飯	8905
開發銀行	開	發銀行	8695
開炮	開	炮	8625
開船	開	船	8615
開誠布公	開	誠布公	7980
開航	開	航	7900
開列	開	列	7575
開天闢地	開	天闢地	7415
開源節流	開	源節流	6810
開年	開	年	5710
開陽	開	陽	5670
開溜	開	溜	5655
開膛	開	膛	5120
開演	開	演	4850
開宗明義	開	宗明義	4785
開放政策	開	放政策	4755
開恩	開	恩	4445
開眼界	開	眼界	3700
開小差	開	小差	3680
開路先鋒	開	路先鋒	3635
開鑼	開	鑼	3550
開快車	開	快車	3400
開罪	開	罪	3375
開禁	開	禁	2975
開襠褲	開	襠褲	2545
開夜車	開	夜車	2400
開幕典禮	開	幕典禮	2300
開卷有益	開	卷有益	2185
開山祖師	開	山祖師	1750
開藥方	開	藥方	1560
開天窗	開	天窗	1460
開門七件事	開	門七件事	1370
開罐器	開	罐器	1265
開例	開	例	1111
開罰單	開	罰單	1055
開伙	開	伙	940
開訓	開	訓	930
開釋	開	釋	915
開倒車	開	倒車	750
開議	開	議	635
開門揖盜	開	門揖盜	520
開先例	開	先例	90
開元	開	元	2
開數	開	數	1
開麥拉	開	麥拉	1
開飲機	開	飲機	1
開放空間	開	放空間	1
開光點眼	開	光點眼	1
開運化妝	開	運化妝	1
開發中國家	開	發中國家	1
開放式教育	開	放式教育	1
開放型基金	開	放型基金	1
小時	小	時	501735
小學	小	學	500407
小便	小	便	56340
小便斗	小	便斗	888
小鳳	小	鳳	888
小雞	小	雞	888
小姐	小	姐	500444
小組	小	組	500264
小孩	小	孩	410840
小心	小	心	333765
小睡	小	睡	6265
小說	小	說	500319
小小	小	小	448195
小型	小	型	382930
小於	小	於	256055
小麥	小	麥	240890
小學生	小	學生	180480
小朋友	小	朋友	175685
小子	小	子	172990
小兒	小	兒	147030
小時候	小	時候	138385
小孩子	小	孩子	137700
小伙子	小	伙子	132415
小夥子	小	夥子	132415
小弟	小	弟	126695
小人	小	人	118415
小吃	小	吃	115065
小鎮	小	鎮	113915
小偷	小	偷	100915
小品	小	品	98305
小康	小	康	96015
小心翼翼	小	心翼翼	88780
小鳥	小	鳥	75500
小妹	小	妹	66225
小額	小	額	65505
小腿	小	腿	60265
小提琴	小	提琴	55965
小雪	小	雪	53245
小鬼	小	鬼	41985
小兵	小	兵	41650
小腹	小	腹	41045
小費	小	費	40130
小號	小	號	39975
小節	小	節	38010
小菜	小	菜	36555
小道	小	道	36420
小生	小	生	36255
小數	小	數	35175
小家電	小	家電	34185
小販	小	販	33500
小氣	小	氣	29410
小看	小	看	28680
小將	小	將	28290
小說家	小	說家	27820
小腸	小	腸	27585
小女	小	女	27305
小丑	小	丑	27235
小錢	小	錢	26105
小二	小	二	25910
小調	小	調	25140
小人物	小	人物	23925
小兄弟	小	兄弟	21510
小盤	小	盤	18865
小白菜	小	白菜	17285
小名	小	名	17010
小巧玲瓏	小	巧玲瓏	16270
小動作	小	動作	15630
小指	小	指	15600
小巧	小	巧	15136
小憩	小	憩	14700
小吃店	小	吃店	13345
小艇	小	艇	11655
小不點	小	不點	11585
小圈子	小	圈子	11415
小木屋	小	木屋	11320
小寒	小	寒	10865
小聰明	小	聰明	10825
小工	小	工	10620
小腦	小	腦	10570
小白臉	小	白臉	10110
小妮子	小	妮子	10010
小數點	小	數點	9910
小兒科	小	兒科	9560
小姑	小	姑	9535
小馬	小	馬	9135
小家庭	小	家庭	8855
小滿	小	滿	8450
小我	小	我	8245
小徑	小	徑	7165
小夜曲	小	夜曲	7100
小鳥依人	小	鳥依人	6635
小家碧玉	小	家碧玉	6490
小老婆	小	老婆	6280
小開	小	開	6205
小辮子	小	辮子	6185
小姨子	小	姨子	6065
小港	小	港	5920
小傳	小	傳	5880
小蘇打	小	蘇打	5845
小心眼	小	心眼	5370
小篆	小	篆	5245
小犬	小	犬	5135
小巫見大巫	小	巫見大巫	4865
小楷	小	楷	4670
小酌	小	酌	4595
小舅子	小	舅子	4565
小叔	小	叔	4530
小意思	小	意思	4365
小算盤	小	算盤	4065
小本生意	小	本生意	4045
小把戲	小	把戲	3905
小解	小	解	3375
小買賣	小	買賣	3215
小考	小	考	2995
小品文	小	品文	2955
小本經營	小	本經營	2630
小暑	小	暑	2555
小月	小	月	2401
小人得志	小	人得志	2365
小留學生	小	留學生	2235
小抄	小	抄	2220
小人國	小	人國	1975
小廝	小	廝	1715
小毛頭	小	毛頭	1210
小道消息	小	道消息	999
小步舞	小	步舞	95
小器	小	器	1
小倆口	小	倆口	1
小琉球	小	琉球	1
小選區	小	選區	1
小夜班	小	夜班	1
小姑獨處	小	姑獨處	1
小題大作	小	題大作	1
小兒麻痺症	小	兒麻痺症	1
小時了了，大未必佳	小	時了了，大未必佳	1
出門	出	門	200495
出去	出	去	500274
出來	出	來	500900
出現	出	現	501684
出國	出	國	221515
出血	出	血	180215
出租	出	租	500395
出版	出	版	500487
出入	出	入	124330
出版社	出	版社	500608
出口	出	口	500560
出售	出	售	500465
出發	出	發	500276
出生	出	生	386065
出處	出	處	373140
出色	出	色	342675
出席	出	席	307680
出資	出	資	295780
出於	出	於	287070
出手	出	手	171990
出讓	出	讓	170850
出自	出	自	167535
出示	出	示	166485
出身	出	身	146520
出品	出	品	144820
出差	出	差	141495
出錯	出	錯	135235
出境	出	境	130720
出場	出	場	117695
出廠	出	廠	111885
出路	出	路	111795
出土	出	土	95565
出遊	出	遊	92005
出發點	出	發點	89015
出任	出	任	84670
出賣	出	賣	79975
出價	出	價	75325
出眾	出	眾	75325
出擊	出	擊	74810
出面	出	面	74420
出貨	出	貨	73105
出名	出	名	71640
出入境	出	入境	62780
出家	出	家	62360
出動	出	動	57825
出院	出	院	57710
出聲	出	聲	55595
出產	出	產	54270
出奇	出	奇	51850
出事	出	事	51535
出爐	出	爐	50920
出道	出	道	48755
出汗	出	汗	46170
出世	出	世	45955
出問題	出	問題	45475
出頭	出	頭	45220
出納	出	納	44560
出海	出	海	43120
出局	出	局	42835
出水	出	水	41300
出沒	出	沒	40330
出人意料	出	人意料	40040
出錢	出	錢	38830
出力	出	力	36560
出兵	出	兵	35530
出乎意料	出	乎意料	35160
出口商	出	口商	34690
出入口	出	入口	34480
出征	出	征	33690
出類拔萃	出	類拔萃	33090
出走	出	走	32350
出庭	出	庭	29695
出軌	出	軌	28915
出借	出	借	28795
出書	出	書	26605
出嫁	出	嫁	26325
出戰	出	戰	23720
出息	出	息	20890
出神	出	神	20325
出招	出	招	19800
出勤	出	勤	17390
出人頭地	出	人頭地	16995
出氣	出	氣	16455
出神入化	出	神入化	16185
出其不意	出	其不意	15975
出使	出	使	14855
出馬	出	馬	14310
出家人	出	家人	13880
出診	出	診	13575
出險	出	險	13072
出主意	出	主意	12530
出師	出	師	12520
出獄	出	獄	12495
出籠	出	籠	11710
出奇制勝	出	奇制勝	10865
出土文物	出	土文物	9965
出生入死	出	生入死	9030
出醜	出	醜	8855
出港	出	港	8625
出遠門	出	遠門	7030
出殯	出	殯	6315
出風頭	出	風頭	5940
出爾反爾	出	爾反爾	5375
出巡	出	巡	4700
出言不遜	出	言不遜	4680
出浴	出	浴	4530
出賽	出	賽	4140
出超	出	超	3900
出清	出	清	3825
出口成章	出	口成章	3805
出淤泥而不染	出	淤泥而不染	3790
出列	出	列	3230
出人意表	出	人意表	3225
出此下策	出	此下策	3155
出雙入對	出	雙入對	2970
出缺	出	缺	2950
出閣	出	閣	2680
出師不利	出	師不利	2665
出點子	出	點子	2490
出糗	出	糗	2030
出落	出	落	1890
出洋相	出	洋相	1855
出脫	出	脫	1450
出外	出	外	1445
出人意外	出	人意外	1385
出將入相	出	將入相	1215
出乎意外	出	乎意外	1050
出外景	出	外景	915
出亡	出	亡	675
出岔子	出	岔子	595
出公差	出	公差	445
出鋒頭	出	鋒頭	1
出狀況	出	狀況	1
出乎尋常	出	乎尋常	1
心臟	心	臟	253295
心情	心	情	500429
心裡	心	裡	500459
心靈	心	靈	500259
心態	心	態	466545
心跳	心	跳	109725
心理	心	理	100529
心悸	心	悸	33865
心絞痛	心	絞痛	26430
心電圖	心	電圖	25845
心想	心	想	186475
心理學	心	理學	177035
心得	心	得	168575
心思	心	思	144945
心目中	心	目中	143315
心頭	心	頭	137660
心願	心	願	118795
心疼	心	疼	97085
心動	心	動	95840
心臟病	心	臟病	94180
心境	心	境	87675
心血	心	血	86155
心痛	心	痛	85420
心事	心	事	82040
心聲	心	聲	76955
心意	心	意	75910
心地	心	地	75345
心愛	心	愛	72695
心急	心	急	53965
心智	心	智	51675
心神	心	神	47515
心儀	心	儀	44230
心碎	心	碎	40870
心甘情願	心	甘情願	39530
心肌	心	肌	39320
心胸	心	胸	38130
心酸	心	酸	32675
心法	心	法	31365
心理治療	心	理治療	31080
心性	心	性	30180
心曠神怡	心	曠神怡	29765
心煩	心	煩	29095
心懷	心	懷	27100
心力	心	力	26485
心念	心	念	25535
心虛	心	虛	24680
心滿意足	心	滿意足	24540
心慌	心	慌	24245
心緒	心	緒	24115
心腸	心	腸	23745
心不在焉	心	不在焉	23245
心扉	心	扉	23155
心田	心	田	21575
心切	心	切	21410
心病	心	病	21070
心平氣和	心	平氣和	21010
心眼	心	眼	19625
心想事成	心	想事成	19465
心機	心	機	19360
心房	心	房	19215
心腹	心	腹	18370
心灰意冷	心	灰意冷	17360
心弦	心	弦	17060
心寒	心	寒	15635
心知肚明	心	知肚明	15575
心安理得	心	安理得	15400
心結	心	結	15300
心有餘悸	心	有餘悸	15290
心軟	心	軟	15170
心安	心	安	13795
心肝	心	肝	12875
心上人	心	上人	12550
心路歷程	心	路歷程	11610
心煩意亂	心	煩意亂	11410
心驚肉跳	心	驚肉跳	11405
心照不宣	心	照不宣	11120
心服口服	心	服口服	10795
心花怒放	心	花怒放	10640
心坎	心	坎	10580
心身	心	身	10250
心心相印	心	心相印	10140
心目	心	目	9999
心廣體胖	心	廣體胖	9999
心醉	心	醉	9420
心狠手辣	心	狠手辣	8895
心悅誠服	心	悅誠服	8460
心窩	心	窩	8015
心如止水	心	如止水	7935
心驚膽戰	心	驚膽戰	7265
心神不寧	心	神不寧	7155
心細	心	細	7120
心力交瘁	心	力交瘁	6780
心曲	心	曲	6735
心裡有數	心	裡有數	6405
心有餘而力不足	心	有餘而力不足	6350
心跡	心	跡	5885
心馳神往	心	馳神往	5840
心慌意亂	心	慌意亂	5550
心死	心	死	5470
心算	心	算	5405
心高氣傲	心	高氣傲	5385
心事重重	心	事重重	5235
心志	心	志	5175
心亂如麻	心	亂如麻	5020
心服	心	服	4885
心猿意馬	心	猿意馬	4805
心肝寶貝	心	肝寶貝	4700
心焦	心	焦	4440
心無旁騖	心	無旁騖	4395
心浮氣躁	心	浮氣躁	4225
心癢	心	癢	4190
心術	心	術	4165
心直口快	心	直口快	4165
心有靈犀一點通	心	有靈犀一點通	3570
心懷鬼胎	心	懷鬼胎	2975
心眼兒	心	眼兒	2860
心領	心	領	2565
心懷不軌	心	懷不軌	2355
心腹之患	心	腹之患	1815
心照	心	照	1640
心電感應	心	電感應	1585
心肺復甦術	心	肺復甦術	963
心戰	心	戰	955
心無二用	心	無二用	370
心音圖	心	音圖	1
心鏡	心	鏡	1
心證	心	證	1
心肌梗塞	心	肌梗塞	1
心驚膽跳	心	驚膽跳	1
心勞力絀	心	勞力絀	1
心律不整	心	律不整	1
心如死水	心	如死水	1
心血來潮	心	血來潮	1
心臟節律器	心	臟節律器	1
水餃	水	餃	21300
水族館	水	族館	10005
水果	水	果	436700
水準	水	準	171520
水腫	水	腫	73140
水分	水	分	270435
水庫	水	庫	214170
水電	水	電	153635
水晶	水	晶	422275
水平	水	平	501164
水泥	水	泥	383385
水資源	水	資源	246630
水質	水	質	198550
水源	水	源	172565
水產	水	產	120370
水稻	水	稻	119795
水域	水	域	100440
水流	水	流	85985
水量	水	量	83725
水溫	水	溫	81995
水利工程	水	利工程	79645
水母	水	母	78147
水文	水	文	77985
水位	水	位	75180
水土保持	水	土保持	73365
水管	水	管	69650
水里	水	里	62035
水箱	水	箱	60120
水貨	水	貨	56195
水池	水	池	49960
水汙染	水	汙染	49955
水運	水	運	48635
水手	水	手	48055
水路	水	路	46525
水墨	水	墨	45300
水草	水	草	43030
水仙	水	仙	41935
水鄉	水	鄉	39435
水廠	水	廠	38880
水龍頭	水	龍頭	38580
水深	水	深	37955
水族	水	族	37615
水滴	水	滴	34820
水壺	水	壺	34505
水道	水	道	32620
水利局	水	利局	32345
水泥廠	水	泥廠	32220
水井	水	井	27720
水利	水	利	26515
水蜜桃	水	蜜桃	25919
水槽	水	槽	25780
水表	水	表	25180
水土	水	土	25155
水力	水	力	22725
水銀	水	銀	21625
水壓	水	壓	20660
水災	水	災	20595
水到渠成	水	到渠成	20250
水漲船高	水	漲船高	19435
水塘	水	塘	18455
水療	水	療	18285
水彩	水	彩	17935
水花	水	花	16920
水牛	水	牛	15745
水師	水	師	14465
水溝	水	溝	14285
水土不服	水	土不服	13585
水龍	水	龍	13550
水泄不通	水	泄不通	13495
水壩	水	壩	13350
水塔	水	塔	13120
水墨畫	水	墨畫	12940
水蒸氣	水	蒸氣	12430
水車	水	車	12305
水落石出	水	落石出	12265
水平線	水	平線	11680
水槍	水	槍	11560
水鳥	水	鳥	10725
水閘	水	閘	10085
水痘	水	痘	9700
水彩畫	水	彩畫	9640
水晶宮	水	晶宮	9070
水力發電	水	力發電	8985
水雷	水	雷	8965
水勢	水	勢	8095
水乳交融	水	乳交融	7745
水蛭	水	蛭	7562
水平面	水	平面	6925
水深火熱	水	深火熱	6815
水患	水	患	6660
水球	水	球	6535
水肥	水	肥	5835
水性	水	性	5689
水門	水	門	5105
水鬼	水	鬼	4975
水火不容	水	火不容	4940
水獺	水	獺	4080
水煙	水	煙	3775
水柱	水	柱	3475
水酒	水	酒	3015
水星	水	星	2869
水袖	水	袖	2820
水汪汪	水	汪汪	2300
水上人家	水	上人家	2250
水澤	水	澤	2180
水肺	水	肺	2150
水銀柱	水	銀柱	2100
水田	水	田	2088
水性楊花	水	性楊花	1890
水晶體	水	晶體	1660
水來土掩	水	來土掩	1505
水荒	水	荒	1495
水銀燈	水	銀燈	1350
水面	水	面	1296
水瓢	水	瓢	1222
水鄉澤國	水	鄉澤國	990
水火無情	水	火無情	790
水中撈月	水	中撈月	780
水螅	水	螅	2
水險	水	險	1
水燈	水	燈	1
水份	水	份	1
水耕	水	耕	1
水筆仔	水	筆仔	1
水利會	水	利會	1
水門案	水	門案	1
水耕栽培	水	耕栽培	1
水光瀲灩	水	光瀲灩	1
水磨工夫	水	磨工夫	1
水泥叢林	水	泥叢林	1
水上芭蕾	水	上芭蕾	1
水上摩托車	水	上摩托車	1
高雄	高	雄	36475
高醫	高	醫	888
高鐵	高	鐵	888
高速公路	高	速公路	302440
高興	高	興	285695
高級	高	級	500602
高度	高	度	500444
高檔	高	檔	414790
高潮	高	潮	245440
高山	高	山	153515
高湯	高	湯	888
高台	高	台	888
高中	高	中	500291
高速	高	速	500273
高手	高	手	488480
高考	高	考	419405
高層	高	層	325205
高科技	高	科技	292995
高溫	高	溫	248450
高低	高	低	223425
高壓	高	壓	221835
高爾夫	高	爾夫	198620
高峰	高	峰	195765
高原	高	原	166290
高出	高	出	165330
高貴	高	貴	160585
高等	高	等	119350
高雅	高	雅	117795
高大	高	大	116565
高職	高	職	109370
高位	高	位	103135
高頻	高	頻	99365
高價	高	價	96385
高分	高	分	91470
高尚	高	尚	85715
高明	高	明	84385
高舉	高	舉	82255
高薪	高	薪	78855
高中生	高	中生	74995
高額	高	額	72095
高漲	高	漲	71150
高空	高	空	70640
高超	高	超	69705
高昂	高	昂	67250
高地	高	地	61925
高強	高	強	59865
高級中學	高	級中學	57195
高人	高	人	56130
高爾夫球	高	爾夫球	52585
高達	高	達	50025
高樓	高	樓	49225
高聲	高	聲	47685
高齡	高	齡	42850
高僧	高	僧	42165
高調	高	調	38360
高音	高	音	38285
高傲	高	傲	35280
高深	高	深	35065
高聳	高	聳	35065
高官	高	官	34535
高跟鞋	高	跟鞋	32085
高下	高	下	31630
高高在上	高	高在上	30925
高麗	高	麗	29990
高招	高	招	26800
高架	高	架	24325
高粱	高	粱	22795
高呼	高	呼	22230
高估	高	估	21750
高飛	高	飛	20130
高居	高	居	19270
高燒	高	燒	19145
高瞻遠矚	高	瞻遠矚	18435
高樓大廈	高	樓大廈	18225
高升	高	升	18205
高工	高	工	18010
高亢	高	亢	17810
高潔	高	潔	15995
高見	高	見	14870
高唱	高	唱	14625
高利貸	高	利貸	12045
高枕無憂	高	枕無憂	11205
高談闊論	高	談闊論	10300
高不可攀	高	不可攀	10045
高甲戲	高	甲戲	9999
高速鐵路	高	速鐵路	9995
高雄市	高	雄市	8829
高等法院	高	等法院	8685
高就	高	就	8490
高掛	高	掛	8145
高材生	高	材生	8065
高人一等	高	人一等	7975
高架橋	高	架橋	6570
高處不勝寒	高	處不勝寒	6040
高峰會	高	峰會	5940
高攀	高	攀	5405
高壽	高	壽	5315
高射炮	高	射炮	5215
高朋滿座	高	朋滿座	5160
高風亮節	高	風亮節	5070
高徒	高	徒	4945
高足	高	足	4340
高票	高	票	4075
高抬貴手	高	抬貴手	3855
高妙	高	妙	3815
高手雲集	高	手雲集	3520
高談	高	談	2660
高帽子	高	帽子	2230
高氣壓	高	氣壓	2080
高雄縣	高	雄縣	1730
高低槓	高	低槓	1650
高粱酒	高	粱酒	1545
高票當選	高	票當選	1380
高踞	高	踞	999
高階層	高	階層	880
高堂	高	堂	571
高視闊步	高	視闊步	455
高屏溪	高	屏溪	170
高峻	高	峻	1
高年	高	年	1
高商	高	商	1
高市	高	市	1
高逸	高	逸	1
高義	高	義	1
高壯	高	壯	1
高雄港	高	雄港	1
高血壓	高	血壓	1
高等考試	高	等考試	1
高屏地區	高	屏地區	1
高雄縣長	高	雄縣長	1
高溫超導體	高	溫超導體	1
高佛資訊系統	高	佛資訊系統	1
國際	國	際	501471
國家	國	家	502901
國內	國	內	501215
國外	國	外	500482
國產	國	產	383390
國語	國	語	274480
國民	國	民	183070
國防	國	防	174395
國慶	國	慶	116425
國務院	國	務院	500637
國內外	國	內外	500303
國有	國	有	346585
國際化	國	際化	290280
國王	國	王	236745
國人	國	人	177675
國際貿易	國	際貿易	172245
國民黨	國	民黨	166460
國土	國	土	138075
國債	國	債	134095
國情	國	情	114985
國籍	國	籍	91530
國稅	國	稅	85535
國度	國	度	70070
國庫	國	庫	69135
國會	國	會	65865
國畫	國	畫	60430
國稅局	國	稅局	59970
國貿	國	貿	59755
國際性	國	際性	59350
國營	國	營	52120
國學	國	學	47160
國門	國	門	40950
國寶	國	寶	38525
國力	國	力	34080
國泰	國	泰	32225
國防部	國	防部	31185
國歌	國	歌	28255
國中	國	中	26295
國都	國	都	25750
國民教育	國	民教育	25175
國事	國	事	24450
國貨	國	貨	23315
國君	國	君	23250
國防部長	國	防部長	22525
國境	國	境	21665
國軍	國	軍	21210
國界	國	界	21010
國是	國	是	20575
國光	國	光	20060
國徽	國	徽	18995
國計民生	國	計民生	17455
國粹	國	粹	17110
國策	國	策	14505
國法	國	法	11555
國務	國	務	11500
國務卿	國	務卿	10250
國庫券	國	庫券	10156
國會議員	國	會議員	8960
國花	國	花	8560
國體	國	體	8535
國勢	國	勢	8511
國小	國	小	8350
國恥	國	恥	8075
國賓	國	賓	7780
國運	國	運	7425
國手	國	手	7305
國泰民安	國	泰民安	7100
國士	國	士	6789
國宴	國	宴	6610
國旗	國	旗	6556
國教	國	教	6540
國色天香	國	色天香	6515
國寶級	國	寶級	6320
國父	國	父	5885
國書	國	書	5780
國術	國	術	5520
國立	國	立	5137
國家公園	國	家公園	4891
國史	國	史	4729
國有財產	國	有財產	4615
國難	國	難	4555
國樂	國	樂	4045
國字	國	字	3785
國本	國	本	3775
國際音標	國	際音標	3760
國際公法	國	際公法	3725
國定假日	國	定假日	3485
國民大會	國	民大會	3360
國際法院	國	際法院	2760
國劇	國	劇	2395
國破家亡	國	破家亡	2255
國殤	國	殤	2195
國號	國	號	2191
國魂	國	魂	1990
國璽	國	璽	1630
國代	國	代	1455
國文	國	文	1379
國葬	國	葬	1295
國祚	國	祚	1260
國統綱領	國	統綱領	1115
國民所得	國	民所得	740
國大代表	國	大代表	630
國民小學	國	民小學	590
國科會	國	科會	570
國營事業	國	營事業	400
國曆	國	曆	307
國民外交	國	民外交	255
國民中學	國	民中學	245
國宅	國	宅	195
國民年金	國	民年金	195
國音	國	音	130
國華	國	華	2
國建	國	建	1
國片	國	片	1
國協	國	協	1
國安法	國	安法	1
國貿局	國	貿局	1
國民兵	國	民兵	1
國民車	國	民車	1
國語文	國	語文	1
國中生	國	中生	1
國際奧會	國	際奧會	1
國際駕照	國	際駕照	1
國家劇院	國	家劇院	1
國民住宅	國	民住宅	1
國際標準舞	國	際標準舞	1
國際兒童村	國	際兒童村	1
國際直通電話	國	際直通電話	1
國民生產毛額	國	民生產毛額	1
國際電話信用卡	國	際電話信用卡	1
國家資訊基礎建設	國	家資訊基礎建設	1
發現	發	現	501897
發生	發	生	501026
發情	發	情	22490
發票	發	票	430195
發音	發	音	121270
發展	發	展	1934814
發佈	發	佈	501368
發表	發	表	501269
發揮	發	揮	500712
發送	發	送	500473
發布	發	布	501368
發出	發	出	500421
發言	發	言	500413
發行	發	行	500406
發動機	發	動機	500290
發放	發	放	500266
發給	發	給	291645
發貨	發	貨	284265
發明	發	明	280360
發育	發	育	273275
發動	發	動	266520
發起	發	起	257450
發射	發	射	201215
發病	發	病	198315
發展到	發	展到	182395
發達	發	達	167845
發揚	發	揚	164500
發電	發	電	161755
發熱	發	熱	149495
發酵	發	酵	133495
發作	發	作	126900
發光	發	光	126495
發售	發	售	109665
發起人	發	起人	95820
發洩	發	洩	93815
發言人	發	言人	90425
發展為	發	展為	85845
發燒	發	燒	84085
發電機	發	電機	72460
發呆	發	呆	71345
發財	發	財	64350
發信	發	信	63995
發展潛力	發	展潛力	60920
發誓	發	誓	53670
發行人	發	行人	48805
發愁	發	愁	45840
發車	發	車	44465
發包	發	包	44310
發電廠	發	電廠	43290
發問	發	問	42565
發燒友	發	燒友	42320
發抖	發	抖	40600
發源地	發	源地	39460
發球	發	球	38920
發炎	發	炎	38880
發芽	發	芽	36530
發揚光大	發	揚光大	35240
發脾氣	發	脾氣	33510
發言權	發	言權	33410
發火	發	火	32775
發稿	發	稿	30435
發瘋	發	瘋	29640
發胖	發	胖	27410
發怒	發	怒	25900
發射器	發	射器	23185
發黑	發	黑	22535
發祥地	發	祥地	21925
發散	發	散	21450
發霉	發	霉	21235
發展局	發	展局	20620
發白	發	白	19285
發回	發	回	18195
發狂	發	狂	17355
發笑	發	笑	17320
發願	發	願	17315
發麻	發	麻	16370
發癢	發	癢	15060
發燙	發	燙	14045
發難	發	難	13505
發條	發	條	12855
發牢騷	發	牢騷	12195
發威	發	威	11565
發兵	發	兵	11505
發冷	發	冷	11320
發福	發	福	11205
發汗	發	汗	10475
發人深省	發	人深省	10210
發不出	發	不出	10180
發號施令	發	號施令	10105
發憤	發	憤	9999
發掘	發	掘	9999
發毛	發	毛	9675
發青	發	青	9545
發函	發	函	9110
發跡	發	跡	8888
發覺	發	覺	8888
發酸	發	酸	8790
發下	發	下	8550
發顫	發	顫	8375
發源	發	源	8275
發慌	發	慌	7555
發射台	發	射台	7525
發射臺	發	射臺	7525
發飆	發	飆	6510
發高燒	發	高燒	6420
發臭	發	臭	5355
發落	發	落	4615
發狠	發	狠	4605
發暈	發	暈	4575
發球局	發	球局	4520
發還	發	還	4444
發昏	發	昏	4320
發表會	發	表會	4255
發軔	發	軔	4195
發麵	發	麵	3450
發悶	發	悶	2970
發春	發	春	2460
發薪	發	薪	2350
發喪	發	喪	2035
發報機	發	報機	1400
發疹	發	疹	1230
發酒瘋	發	酒瘋	950
發憤圖強	發	憤圖強	555
發抒	發	抒	450
發噱	發	噱	7
發成	發	成	1
發楞	發	楞	1
發心	發	心	1
發展出來	發	展出來	1
有效	有	效	500848
有線	有	線	108740
有事	有	事	138670
有些	有	些	501112
有點	有	點	500475
有關	有	關	501956
有時	有	時	500420
有的	有	的	500877
有所	有	所	500290
有趣	有	趣	156835
有限公司	有	限公司	501590
有限	有	限	386310
有時候	有	時候	364060
有無	有	無	265310
有力	有	力	262000
有意	有	意	261315
有用	有	用	246180
有期徒刑	有	期徒刑	216790
有錢	有	錢	214070
有益	有	益	209585
有望	有	望	202960
有害	有	害	167900
有利	有	利	160705
有種	有	種	141240
有空	有	空	124885
有線電視	有	線電視	121095
有如	有	如	96350
有待	有	待	95990
有名	有	名	93970
有毒	有	毒	85930
有意思	有	意思	76425
有情	有	情	70475
有形	有	形	68860
有緣	有	緣	66925
有餘	有	餘	66085
有病	有	病	63835
有幸	有	幸	62900
有心	有	心	60700
有理	有	理	56295
有助	有	助	49030
有識之士	有	識之士	43850
有數	有	數	43165
有罪	有	罪	40265
有價證券	有	價證券	40011
有機物	有	機物	39590
有錢人	有	錢人	38950
有志	有	志	36845
有點兒	有	點兒	35340
有功	有	功	34330
有條不紊	有	條不紊	32465
有目共睹	有	目共睹	29730
有所作為	有	所作為	28700
有道	有	道	27095
有請	有	請	25810
有聲有色	有	聲有色	25745
有機化學	有	機化學	24290
有神	有	神	24095
有成	有	成	23400
有朝一日	有	朝一日	22380
有禮	有	禮	22245
有心人	有	心人	18490
有礙	有	礙	16855
有分	有	分	16280
有利可圖	有	利可圖	15475
有氧運動	有	氧運動	14970
有生之年	有	生之年	14165
有氣無力	有	氣無力	13890
有把握	有	把握	13860
有增無減	有	增無減	12900
有說有笑	有	說有笑	12780
有底	有	底	12625
有勁	有	勁	12205
有求必應	有	求必應	11345
有機體	有	機體	10910
有鑑於此	有	鑑於此	10695
有生以來	有	生以來	10440
有驚無險	有	驚無險	10030
有閒	有	閒	9999
有口皆碑	有	口皆碑	9935
有感而發	有	感而發	9895
有情人終成眷屬	有	情人終成眷屬	9830
有容乃大	有	容乃大	9645
有染	有	染	9515
有備無患	有	備無患	9305
有為	有	為	8625
有出入	有	出入	8570
有備而來	有	備而來	8560
有勞	有	勞	8140
有喜	有	喜	7500
有機可乘	有	機可乘	6910
有恃無恐	有	恃無恐	6265
有年	有	年	5720
有始有終	有	始有終	5465
有恆	有	恆	5030
有絲分裂	有	絲分裂	4990
有板有眼	有	板有眼	4900
有名無實	有	名無實	4900
有頭有臉	有	頭有臉	3730
有條有理	有	條有理	3385
有看頭	有	看頭	3115
有鑑於	有	鑑於	2630
有福同享	有	福同享	2495
有眼無珠	有	眼無珠	2480
有教無類	有	教無類	2475
有一手	有	一手	2205
有勇無謀	有	勇無謀	1940
有性生殖	有	性生殖	1725
有錢能使鬼推磨	有	錢能使鬼推磨	1715
有起色	有	起色	1640
有口難言	有	口難言	1560
有口無心	有	口無心	1365
有眼不識泰山	有	眼不識泰山	1350
有聲電影	有	聲電影	1325
有頭有尾	有	頭有尾	1220
有氧舞蹈	有	氧舞蹈	1165
有案可查	有	案可查	875
有眉目	有	眉目	615
有賺頭	有	賺頭	540
有理走遍天下	有	理走遍天下	275
有行無市	有	行無市	220
有著落	有	著落	1
有礙觀瞻	有	礙觀瞻	1
有虧職守	有	虧職守	1
有志竟成	有	志竟成	1
上午	上	午	500483
上班	上	班	316475
上學	上	學	182515
上課	上	課	268270
上面	上	面	500494
上週	上	週	888
上等人	上	等人	48095
上市	上	市	500421
上級	上	級	448720
上帝	上	帝	341755
上天	上	天	98195
上環	上	環	888
上海	上	海	502185
上述	上	述	500638
上海市	上	海市	500442
上網	上	網	500394
上升	上	升	500310
上昇	上	昇	500310
上下	上	下	498480
上漲	上	漲	494900
上來	上	來	362480
上去	上	去	303380
上門	上	門	280735
上方	上	方	166785
上司	上	司	151375
上前	上	前	122490
上游	上	游	121085
上演	上	演	101300
上將	上	將	99925
上映	上	映	98620
上限	上	限	97875
上路	上	路	91805
上揚	上	揚	88965
上山	上	山	84760
上空	上	空	80465
上行	上	行	79695
上車	上	車	77340
上層	上	層	77065
上衣	上	衣	76955
上訴	上	訴	71070
上官	上	官	68975
上床	上	床	68455
上進	上	進	66015
上台	上	台	64395
上臺	上	臺	64395
上訪	上	訪	63145
上場	上	場	59850
上手	上	手	55965
上馬	上	馬	54025
上當	上	當	53770
上校	上	校	51610
上街	上	街	50745
上身	上	身	50045
上榜	上	榜	49710
上班族	上	班族	48795
上任	上	任	45825
上書	上	書	43330
上邊	上	邊	41340
上樓	上	樓	39200
上古	上	古	36300
上陣	上	陣	33305
上位	上	位	31180
上乘	上	乘	31135
上風	上	風	30375
上岸	上	岸	30345
上品	上	品	30000
上頭	上	頭	27970
上流	上	流	25685
上船	上	船	25610
上士	上	士	24270
上端	上	端	24145
上色	上	色	23130
上裝	上	裝	22905
上癮	上	癮	21895
上上下下	上	上下下	20910
上坡	上	坡	19980
上半	上	半	19545
上上	上	上	18960
上桌	上	桌	18355
上蒼	上	蒼	17810
上鉤	上	鉤	17065
上吊	上	吊	14885
上列	上	列	14255
上菜	上	菜	14170
上策	上	策	13855
上旬	上	旬	13095
上口	上	口	11480
上香	上	香	10735
上藥	上	藥	10565
上溯	上	溯	10415
上朝	上	朝	8115
上聲	上	聲	7850
上選	上	選	7680
上輩子	上	輩子	7375
上座	上	座	7335
上相	上	相	6730
上尉	上	尉	6675
上氣不接下氣	上	氣不接下氣	6285
上工	上	工	5890
上片	上	片	5370
上款	上	款	5245
上好	上	好	4993
上眼	上	眼	4689
上下一心	上	下一心	4205
上顎	上	顎	3690
上賓	上	賓	3485
上膛	上	膛	2665
上吐下瀉	上	吐下瀉	2350
上下其手	上	下其手	2200
上行下效	上	行下效	2015
上軌道	上	軌道	1515
上梁不正下梁歪	上	梁不正下梁歪	1355
上妝	上	妝	1111
上釉	上	釉	1
上元	上	元	1
上館子	上	館子	1
上鏡頭	上	鏡頭	1
上酒家	上	酒家	1
上海公報	上	海公報	1
上了歲數	上	了歲數	1
上有天堂，下有蘇杭	上	有天堂，下有蘇杭	1
中午	中	午	327165
中國	中	國	505879
中間	中	間	500395
中正路	中	正路	888
中獎	中	獎	106960
中學	中	學	500373
中醫	中	醫	394515
中毒	中	毒	165690
中文	中	文	500490
中華民國	中	華民國	25660
中心	中	心	501690
中央	中	央	500548
中華	中	華	500286
中小企業	中	小企業	473725
中國人	中	國人	451625
中介	中	介	359425
中小學	中	小學	343235
中共	中	共	338800
中藥	中	藥	312230
中華民族	中	華民族	258585
中斷	中	斷	247280
中山	中	山	243690
中期	中	期	241255
中小	中	小	211675
中外	中	外	210475
中原	中	原	208410
中旬	中	旬	185335
中等	中	等	178665
中部	中	部	160005
中年	中	年	124070
中東	中	東	118095
中止	中	止	109555
中性	中	性	105410
中型	中	型	103845
中級	中	級	102590
中途	中	途	101575
中美	中	美	100790
中和	中	和	94160
中秋	中	秋	93515
中隊	中	隊	89115
中式	中	式	75400
中興	中	興	74170
中西	中	西	69795
中餐	中	餐	60060
中場	中	場	58320
中立	中	立	52625
中線	中	線	51975
中用	中	用	51520
中指	中	指	49995
中秋節	中	秋節	48035
中尉	中	尉	47980
中風	中	風	47445
中樞	中	樞	46735
中度	中	度	42595
中葉	中	葉	41255
中看	中	看	40865
中庸	中	庸	38680
中鋒	中	鋒	36055
中游	中	游	35405
中意	中	意	34270
中校	中	校	30545
中正	中	正	27485
中產階級	中	產階級	27430
中暑	中	暑	26135
中肯	中	肯	24240
中流	中	流	21545
中間商	中	間商	20875
中子	中	子	19190
中點	中	點	18000
中區	中	區	16970
中油	中	油	16415
中樞神經	中	樞神經	15715
中傷	中	傷	15705
中堅	中	堅	15125
中規中矩	中	規中矩	14710
中視	中	視	13375
中央集權	中	央集權	13115
中國結	中	國結	12715
中庭	中	庭	12710
中耳炎	中	耳炎	12300
中盤	中	盤	11535
中彈	中	彈	11345
中流砥柱	中	流砥柱	11235
中飯	中	飯	11125
中廣	中	廣	11085
中間人	中	間人	10745
中選	中	選	9999
中聽	中	聽	9940
中南部	中	南部	9740
中計	中	計	9185
中篇小說	中	篇小說	9130
中西合璧	中	西合璧	8869
中氣	中	氣	8510
中譯	中	譯	7415
中耳	中	耳	5930
中國畫	中	國畫	5780
中山裝	中	山裝	5225
中生代	中	生代	5175
中古	中	古	5137
中飽私囊	中	飽私囊	3685
中飽	中	飽	1625
中研院	中	研院	1520
中元	中	元	1100
中外馳名	中	外馳名	840
中鋼	中	鋼	766
中輟	中	輟	575
中將	中	將	376
中山堂	中	山堂	250
中縣	中	縣	169
中裝	中	裝	165
中華隊	中	華隊	155
中和市	中	和市	48
中壢	中	壢	1
中壢市	中	壢市	1
中選區	中	選區	1
中途之家	中	途之家	1
中元普渡	中	元普渡	1
中央空調系統	中	央空調系統	1
生活	生	活	501923
生日	生	日	412105
生日快樂	生	日快樂	888
生氣	生	氣	237195
生意	生	意	460115
生疏	生	疏	15955
生魚片	生	魚片	8025
生效	生	效	621858
生產	生	產	502010
生命	生	命	500718
生物	生	物	500358
生態	生	態	500296
生存	生	存	500266
生成	生	成	482355
生長	生	長	413820
生動	生	動	287295
生產線	生	產線	261895
生產力	生	產力	254385
生態環境	生	態環境	253985
生理	生	理	244545
生育	生	育	223825
生活方式	生	活方式	189150
生死	生	死	166115
生命力	生	命力	144865
生涯	生	涯	135505
生產者	生	產者	115945
生化	生	化	114140
生病	生	病	110490
生薑	生	薑	102878
生活費	生	活費	97295
生前	生	前	87650
生機	生	機	85755
生出	生	出	76255
生怕	生	怕	69415
生肖	生	肖	66510
生殖器	生	殖器	54810
生平	生	平	51985
生殖	生	殖	51850
生下	生	下	49975
生計	生	計	39875
生性	生	性	39370
生產性	生	產性	38935
生菜	生	菜	36564
生來	生	來	36045
生硬	生	硬	34045
生理學	生	理學	33895
生人	生	人	32985
生字	生	字	29660
生命線	生	命線	27210
生存空間	生	存空間	27160
生還	生	還	26965
生為	生	為	26945
生力軍	生	力軍	25445
生詞	生	詞	22605
生根	生	根	22520
生子	生	子	21440
生殖器官	生	殖器官	21090
生產量	生	產量	20335
生吃	生	吃	19930
生鮮	生	鮮	19910
生生不息	生	生不息	19260
生活品質	生	活品質	18175
生路	生	路	17855
生鐵	生	鐵	17830
生火	生	火	17060
生意人	生	意人	16010
生息	生	息	15720
生食	生	食	15520
生蠔	生	蠔	13925
生水	生	水	13195
生母	生	母	12580
生財	生	財	12065
生活必需品	生	活必需品	12015
生父	生	父	11445
生老病死	生	老病死	10220
生啤酒	生	啤酒	9999
生冷	生	冷	8990
生辰	生	辰	8555
生離死別	生	離死別	8460
生不如死	生	不如死	8385
生活照	生	活照	8165
生動有趣	生	動有趣	8145
生澀	生	澀	7385
生龍活虎	生	龍活虎	7130
生活圈	生	活圈	7120
生養	生	養	7055
生事	生	事	6955
生厭	生	厭	6500
生擒	生	擒	6390
生變	生	變	6260
生津止渴	生	津止渴	6090
生年	生	年	5870
生死關頭	生	死關頭	5465
生死攸關	生	死攸關	5185
生員	生	員	5170
生活水準	生	活水準	5090
生趣	生	趣	4460
生不逢時	生	不逢時	4440
生死輪迴	生	死輪迴	4425
生手	生	手	4185
生靈塗炭	生	靈塗炭	3315
生色	生	色	3185
生死之交	生	死之交	2830
生殺予奪	生	殺予奪	2174
生花妙筆	生	花妙筆	1660
生財有道	生	財有道	1470
生飲	生	飲	1
生面孔	生	面孔	1
生態系	生	態系	1
生理時鐘	生	理時鐘	1
生民塗炭	生	民塗炭	1
生氣蓬勃	生	氣蓬勃	1
生吞活剝	生	吞活剝	1
生意盎然	生	意盎然	1
生米煮成熟飯	生	米煮成熟飯	1
外面	外	面	474815
外褲	外	褲	888
外甥	外	甥	16260
外國	外	國	454825
外觀	外	觀	471635
外形	外	形	226035
外套	外	套	101945
外部	外	部	411735
外語	外	語	356935
外資	外	資	302290
外貿	外	貿	265405
外地	外	地	257385
外出	外	出	232200
外界	外	界	191430
外表	外	表	185790
外匯	外	匯	182985
外來	外	來	162820
外殼	外	殼	159710
外國人	外	國人	155905
外交	外	交	146990
外科	外	科	117835
外型	外	型	109745
外在	外	在	105155
外圍	外	圍	92395
外人	外	人	78635
外交部	外	交部	70910
外幣	外	幣	67240
外籍	外	籍	64850
外加	外	加	64210
外婆	外	婆	63880
外文	外	文	63050
外衣	外	衣	60300
外側	外	側	55555
外貌	外	貌	48000
外邊	外	邊	46835
外傷	外	傷	45970
外銷	外	銷	45315
外公	外	公	44095
外景	外	景	36050
外力	外	力	35910
外地人	外	地人	32600
外線	外	線	32555
外層	外	層	31680
外長	外	長	30640
外向	外	向	30140
外債	外	債	27345
外行	外	行	26635
外援	外	援	25300
外號	外	號	24595
外賓	外	賓	23770
外遇	外	遇	23400
外頭	外	頭	21145
外交官	外	交官	20920
外道	外	道	18495
外流	外	流	18165
外埠	外	埠	15475
外泄	外	泄	13720
外孫	外	孫	12680
外放	外	放	10065
外電	外	電	9795
外交關係	外	交關係	9120
外族	外	族	8660
外敵	外	敵	7925
外海	外	海	7720
外相	外	相	7685
外快	外	快	7210
外祖父	外	祖父	6835
外太空	外	太空	6420
外戚	外	戚	6330
外甥女	外	甥女	5625
外孫女	外	孫女	5530
外務省	外	務省	5475
外勤	外	勤	5020
外省	外	省	4863
外行人	外	行人	4355
外祖母	外	祖母	4120
外蒙古	外	蒙古	3945
外務	外	務	3885
外縣	外	縣	3630
外鄉	外	鄉	3585
外患	外	患	3575
外蒙	外	蒙	3540
外僑	外	僑	3365
外來語	外	來語	2755
外強中乾	外	強中乾	2695
外耳	外	耳	2450
外史	外	史	2260
外侮	外	侮	1990
外揚	外	揚	1635
外交辭令	外	交辭令	1625
外圓內方	外	圓內方	1440
外傳	外	傳	1180
外商	外	商	1165
外宿	外	宿	1005
外子	外	子	920
外務部	外	務部	890
外貨	外	貨	680
外匯存底	外	匯存底	505
外縣市	外	縣市	475
外交豁免權	外	交豁免權	400
外埔	外	埔	125
外野	外	野	40
外島	外	島	1
外勞	外	勞	1
外丹功	外	丹功	1
外聽道	外	聽道	1
外弛內張	外	弛內張	1
外交庇護	外	交庇護	1
相片	相	片	171990
相關	相	關	502088
相當	相	當	500562
相信	相	信	500547
相同	相	同	500485
相似	相	似	322380
相反	相	反	278150
相應	相	應	500940
相對	相	對	500572
相比	相	比	500462
相互	相	互	500328
相機	相	機	367630
相當於	相	當於	359550
相繼	相	繼	248080
相處	相	處	185430
相連	相	連	182290
相遇	相	遇	142955
相差	相	差	126400
相愛	相	愛	119145
相識	相	識	110120
相思	相	思	99555
相鄰	相	鄰	98195
相聲	相	聲	97715
相等	相	等	94300
相傳	相	傳	93885
相近	相	近	90795
相伴	相	伴	83015
相見	相	見	81965
相約	相	約	79840
相聚	相	聚	71720
相貌	相	貌	70040
相通	相	通	69025
相逢	相	逢	58275
相關性	相	關性	55475
相隔	相	隔	51465
相距	相	距	50985
相交	相	交	46420
相親	相	親	46420
相輔相成	相	輔相成	41340
相知	相	知	38845
相加	相	加	38780
相助	相	助	34820
相會	相	會	34155
相得益彰	相	得益彰	33305
相公	相	公	33205
相戀	相	戀	32795
相間	相	間	31710
相框	相	框	31455
相提並論	相	提並論	31350
相依	相	依	30355
相接	相	接	30135
相擁	相	擁	29635
相撞	相	撞	27945
相配	相	配	27840
相仿	相	仿	26865
相稱	相	稱	23025
相合	相	合	19955
相剋	相	剋	19875
相依為命	相	依為命	18375
相差無幾	相	差無幾	17590
相像	相	像	14555
相宜	相	宜	14395
相親相愛	相	親相愛	13240
相干	相	干	13140
相好	相	好	13140
相濡以沫	相	濡以沫	12025
相向	相	向	11320
相映成趣	相	映成趣	11170
相安無事	相	安無事	11070
相抵	相	抵	10610
相投	相	投	9485
相異	相	異	9470
相容	相	容	9020
相符	相	符	9002
相去	相	去	7225
相見恨晚	相	見恨晚	6815
相較	相	較	6250
相撲	相	撲	5800
相形之下	相	形之下	5555
相勸	相	勸	5500
相形見絀	相	形見絀	5265
相若	相	若	5245
相左	相	左	4750
相視而笑	相	視而笑	4475
相敬如賓	相	敬如賓	4310
相陪	相	陪	4215
相讓	相	讓	4030
相士	相	士	3240
相法	相	法	3165
相形	相	形	2730
相持不下	相	持不下	2575
相術	相	術	2465
相貌堂堂	相	貌堂堂	2390
相談	相	談	2275
相待	相	待	1649
相國	相	國	1215
相簿	相	簿	1111
相命	相	命	1040
相偕	相	偕	99
相搏	相	搏	1
相字	相	字	1
相反地	相	反地	1
相對多數	相	對多數	1
相片光碟	相	片光碟	1
相應不理	相	應不理	1
相擁而泣	相	擁而泣	1
長庚	長	庚	620
長榮	長	榮	1
長治	長	治	888
長度	長	度	446800
長沙	長	沙	438895
長期	長	期	500758
長輩	長	輩	65000
長途	長	途	104885
長庚醫院	長	庚醫院	620
長江	長	江	313730
長城	長	城	282440
長春	長	春	246675
長安	長	安	212425
長時間	長	時間	198115
長達	長	達	185525
長久	長	久	173390
長遠	長	遠	163120
長大	長	大	145350
長老	長	老	137160
長征	長	征	108360
長短	長	短	104450
長壽	長	壽	97500
長相	長	相	74050
長出	長	出	69890
長處	長	處	69630
長年	長	年	63850
長官	長	官	63805
長篇	長	篇	48975
長者	長	者	47780
長子	長	子	38425
長於	長	於	38180
長假	長	假	37920
長生	長	生	36695
長篇小說	長	篇小說	36560
長期投資	長	期投資	36060
長方形	長	方形	34985
長褲	長	褲	30110
長成	長	成	28550
長足	長	足	27200
長袍	長	袍	26775
長孫	長	孫	25595
長久以來	長	久以來	23950
長跑	長	跑	23770
長江流域	長	江流域	22645
長袖	長	袖	22295
長嘆	長	嘆	21215
長治久安	長	治久安	20885
長此以往	長	此以往	20605
長途電話	長	途電話	18610
長進	長	進	17810
長龍	長	龍	17305
長滿	長	滿	16925
長江三峽	長	江三峽	16375
長工	長	工	15335
長衫	長	衫	13805
長途跋涉	長	途跋涉	13200
長笛	長	笛	12205
長夜	長	夜	11785
長眠	長	眠	11520
長頸鹿	長	頸鹿	11345
長生不老	長	生不老	11260
長方體	長	方體	10675
長篇大論	長	篇大論	10525
長談	長	談	9795
長女	長	女	8335
長崎	長	崎	7790
長足進步	長	足進步	7620
長驅直入	長	驅直入	7240
長夏	長	夏	7160
長劍	長	劍	6285
長命	長	命	6005
長出來	長	出來	5785
長命百歲	長	命百歲	4860
長石	長	石	4832
長臂猿	長	臂猿	4325
長鏡頭	長	鏡頭	4005
長袖善舞	長	袖善舞	3460
長吁短嘆	長	吁短嘆	3360
長跪	長	跪	3065
長舌	長	舌	3030
長話短說	長	話短說	2520
長日	長	日	2290
長居	長	居	2165
長尾巴	長	尾巴	1780
長舌婦	長	舌婦	1750
長逝	長	逝	1399
長天	長	天	1111
長命鎖	長	命鎖	1025
長老教會	長	老教會	260
長青	長	青	32
長程	長	程	11
長人	長	人	5
長濱	長	濱	1
長才	長	才	1
長黑	長	黑	1
長紅	長	紅	1
長形	長	形	1
長興	長	興	1
長揖	長	揖	1
長樂	長	樂	1
長年菜	長	年菜	1
長青樹	長	青樹	1
長濱文化	長	濱文化	1
長青學苑	長	青學苑	1
長焦距鏡頭	長	焦距鏡頭	1
長距離無線電話	長	距離無線電話	1
海鮮	海	鮮	309902
海豚	海	豚	46335
海關	海	關	465555
海峽	海	峽	62845
海洋	海	洋	409425
海遊館	海	遊館	888
海外	海	外	441885
海南	海	南	415005
海拔	海	拔	229070
海上	海	上	200270
海口	海	口	193540
海軍	海	軍	177090
海水	海	水	158580
海內外	海	內外	135955
海域	海	域	134060
海報	海	報	125615
海岸	海	岸	98885
海灘	海	灘	90100
海帶	海	帶	86704
海濱	海	濱	82570
海盜	海	盜	80540
海龍	海	龍	70430
海棠	海	棠	65985
海量	海	量	62465
海運	海	運	61720
海綿	海	綿	58975
海風	海	風	58780
海事	海	事	58185
海里	海	里	57655
海灣	海	灣	54010
海景	海	景	52360
海島	海	島	50380
海嘯	海	嘯	49600
海市	海	市	43845
海浪	海	浪	42680
海峽兩岸	海	峽兩岸	40975
海參	海	參	39550
海馬	海	馬	33405
海港	海	港	32265
海鷗	海	鷗	29505
海藻	海	藻	29160
海岸線	海	岸線	27695
海闊天空	海	闊天空	25610
海南島	海	南島	23680
海螺	海	螺	23320
海波	海	波	21885
海龜	海	龜	20655
海戰	海	戰	20535
海路	海	路	20450
海防	海	防	19365
海洛因	海	洛因	18920
海豹	海	豹	16635
海內	海	內	16450
海派	海	派	16250
海員	海	員	16215
海潮	海	潮	15995
海地	海	地	15800
海獅	海	獅	15735
海神	海	神	14495
海蜇	海	蜇	14343
海產	海	產	14225
海王星	海	王星	13975
海水淡化	海	水淡化	13560
海外僑胞	海	外僑胞	12420
海市蜃樓	海	市蜃樓	12240
海平面	海	平面	11300
海陸	海	陸	11105
海角	海	角	10985
海葵	海	葵	9999
海牙	海	牙	9230
海釣	海	釣	9225
海誓山盟	海	誓山盟	9085
海魚	海	魚	8680
海水浴場	海	水浴場	8360
海枯石爛	海	枯石爛	7945
海洋漁業	海	洋漁業	7155
海膽	海	膽	6485
海流	海	流	5950
海難	海	難	5860
海鳥	海	鳥	5640
海商	海	商	5365
海苔	海	苔	4875
海狗	海	狗	4840
海蝕	海	蝕	3605
海象	海	象	3285
海濤	海	濤	3179
海溝	海	溝	2985
海牛	海	牛	2610
海菜	海	菜	1895
海門	海	門	1843
海岬	海	岬	1795
海星	海	星	1529
海葬	海	葬	715
海底撈針	海	底撈針	345
海山	海	山	116
海法	海	法	1
海捕	海	捕	1
海端	海	端	1
海專	海	專	1
海洛英	海	洛英	1
海砂屋	海	砂屋	1
海運界	海	運界	1
海灘排球	海	灘排球	1
海洋學院	海	洋學院	1
海埔新生地	海	埔新生地	1
花園	花	園	500282
花費	花	費	235610
花錢	花	錢	142170
花朵	花	朵	112355
花草	花	草	59930
花生	花	生	109365
花瓶	花	瓶	52390
花香	花	香	67850
花旗	花	旗	19255
花卉	花	卉	202145
花瓣	花	瓣	75810
花樣	花	樣	73165
花木	花	木	65520
花絮	花	絮	55805
花在	花	在	55705
花生油	花	生油	53311
花色	花	色	52770
花椒	花	椒	49200
花心	花	心	44300
花邊	花	邊	43715
花崗岩	花	崗岩	40140
花都	花	都	37295
花冠	花	冠	37005
花鳥	花	鳥	34005
花期	花	期	30055
花上	花	上	29160
花籃	花	籃	27610
花花公子	花	花公子	26215
花蕾	花	蕾	25095
花盆	花	盆	23155
花崗石	花	崗石	22195
花壇	花	壇	21930
花茶	花	茶	21795
花生米	花	生米	20525
花枝	花	枝	20125
花叢	花	叢	19100
花去	花	去	18910
花掉	花	掉	18535
花式	花	式	17965
花蕊	花	蕊	16360
花燈	花	燈	16280
花市	花	市	13480
花季	花	季	13225
花旗銀行	花	旗銀行	13130
花招	花	招	12990
花光	花	光	12955
花花綠綠	花	花綠綠	12630
花環	花	環	12345
花言巧語	花	言巧語	11700
花旦	花	旦	11660
花圈	花	圈	11205
花車	花	車	11070
花布	花	布	10435
花轎	花	轎	10010
花圃	花	圃	9970
花序	花	序	9860
花白	花	白	9195
花紋	花	紋	9066
花捲	花	捲	8321
花枝招展	花	枝招展	8105
花苞	花	苞	7985
花花世界	花	花世界	7600
花團錦簇	花	團錦簇	7470
花蜜	花	蜜	7140
花架	花	架	7080
花好月圓	花	好月圓	6780
花農	花	農	6705
花店	花	店	6434
花前月下	花	前月下	6290
花鼓	花	鼓	6275
花臉	花	臉	6195
花樣翻新	花	樣翻新	6070
花天酒地	花	天酒地	5885
花頭	花	頭	5480
花露水	花	露水	5445
花甲	花	甲	5365
花椰菜	花	椰菜	5335
花匠	花	匠	4940
花容	花	容	4755
花名	花	名	4635
花樣百出	花	樣百出	4220
花酒	花	酒	4200
花萼	花	萼	4045
花和尚	花	和尚	3945
花童	花	童	3355
花邊新聞	花	邊新聞	3075
花容月貌	花	容月貌	2935
花拳繡腿	花	拳繡腿	2080
花托	花	托	1710
花甲之年	花	甲之年	1495
花紅柳綠	花	紅柳綠	1355
花葯	花	葯	1324
花木扶疏	花	木扶疏	1290
花蓮縣	花	蓮縣	915
花樹	花	樹	899
花俏	花	俏	602
花蓮市	花	蓮市	548
花柳病	花	柳病	545
花蓮港	花	蓮港	250
花蓮	花	蓮	8
花縣	花	縣	1
花用	花	用	1
花式滑冰	花	式滑冰	1
花式撞球	花	式撞球	1
下午	下	午	500646
下面	下	面	500846
下班	下	班	118710
下載	下	載	888
下等人	下	等人	888
下去	下	去	500300
下次	下	次	276745
下雨	下	雨	80015
下列	下	列	500615
下降	下	降	500451
下樓	下	樓	46445
下來	下	來	500517
下屬	下	屬	307390
下跌	下	跌	272465
下車	下	車	195165
下達	下	達	174935
下方	下	方	155145
下滑	下	滑	153565
下級	下	級	130265
下旬	下	旬	122105
下游	下	游	118045
下手	下	手	97300
下山	下	山	83755
下令	下	令	82945
下毒	下	毒	82138
下行	下	行	65280
下水	下	水	63535
下落	下	落	63095
下場	下	場	60350
下文	下	文	58860
下述	下	述	58170
下垂	下	垂	57835
下肢	下	肢	51970
下放	下	放	41550
下沉	下	沉	41500
下意識	下	意識	39315
下課	下	課	39115
下限	下	限	39040
下身	下	身	37370
下流	下	流	34945
下棋	下	棋	33720
下功夫	下	功夫	33235
下馬	下	馬	29920
下海	下	海	29555
下雪	下	雪	29425
下水道	下	水道	29245
下榻	下	榻	28745
下坡	下	坡	26960
下輩子	下	輩子	26840
下台	下	台	25125
下臺	下	臺	25125
下半身	下	半身	22685
下體	下	體	22380
下床	下	床	21890
下頭	下	頭	21115
下挫	下	挫	20815
下注	下	注	20810
下跪	下	跪	20720
下鍋	下	鍋	18260
下凡	下	凡	15815
下回	下	回	15750
下墜	下	墜	14970
下筆	下	筆	14940
下定	下	定	14790
下風	下	風	14185
下擺	下	擺	13850
下午茶	下	午茶	13670
下工	下	工	12470
下結論	下	結論	12355
下顎	下	顎	11600
下廚	下	廚	11215
下詔	下	詔	10040
下飯	下	飯	9505
下賤	下	賤	9275
下陷	下	陷	9010
下蛋	下	蛋	8400
下葬	下	葬	8260
下巴	下	巴	7402
下田	下	田	6240
下藥	下	藥	6175
下學	下	學	5480
下獄	下	獄	5090
下策	下	策	5045
下馬威	下	馬威	5045
下網	下	網	4765
下元	下	元	4490
下情	下	情	4105
下不為例	下	不為例	3840
下鄉	下	鄉	3333
下不了臺	下	不了臺	3330
下野	下	野	3100
下半輩子	下	半輩子	2895
下瀉	下	瀉	2245
下人	下	人	2055
下女	下	女	1725
下弦	下	弦	1705
下嫁	下	嫁	694
下聘	下	聘	575
下子	下	子	1
下工夫	下	工夫	1
下三濫	下	三濫	1
下條子	下	條子	1
白色	白	色	500314
白天	白	天	288680
白雲	白	雲	163570
白痴	白	痴	78650
白酒	白	酒	160845
白糖	白	糖	148447
白銀	白	銀	88675
白金	白	金	81315
白癡	白	癡	78650
白菜	白	菜	68665
白衣	白	衣	68215
白髮	白	髮	55885
白雪	白	雪	47515
白內障	白	內障	47250
白玉	白	玉	47020
白皙	白	皙	42690
白居易	白	居易	36385
白水	白	水	35820
白人	白	人	31945
白紙	白	紙	31240
白宮	白	宮	30960
白帶	白	帶	30145
白眼	白	眼	29425
白皮書	白	皮書	28880
白開水	白	開水	27915
白骨	白	骨	25895
白熱化	白	熱化	24660
白話	白	話	23560
白費	白	費	22980
白俄羅斯	白	俄羅斯	20800
白晝	白	晝	20730
白雪公主	白	雪公主	19580
白手起家	白	手起家	19280
白日	白	日	18580
白鷺	白	鷺	18410
白蟻	白	蟻	18380
白板	白	板	17515
白馬王子	白	馬王子	16825
白鵝	白	鵝	14345
白淨	白	淨	14285
白蘭地	白	蘭地	13980
白粉	白	粉	12595
白麵	白	麵	12155
白芷	白	芷	11665
白茫茫	白	茫茫	11520
白斑	白	斑	10715
白露	白	露	10500
白頭偕老	白	頭偕老	10075
白地	白	地	9999
白日夢	白	日夢	9680
白兔	白	兔	9265
白米	白	米	8850
白旗	白	旗	8545
白紗	白	紗	8410
白吃	白	吃	8365
白描	白	描	8055
白道	白	道	7840
白話文	白	話文	7475
白衣天使	白	衣天使	7375
白說	白	說	7140
白搭	白	搭	7095
白飯	白	飯	7040
白紙黑字	白	紙黑字	6615
白喉	白	喉	6390
白蛇傳	白	蛇傳	6255
白白	白	白	6011
白字	白	字	5405
白忙	白	忙	5375
白種人	白	種人	4230
白沫	白	沫	4050
白頭翁	白	頭翁	3975
白熊	白	熊	3645
白蓮教	白	蓮教	3635
白子	白	子	3595
白刃	白	刃	3550
白金漢宮	白	金漢宮	3510
白卷	白	卷	3200
白做	白	做	2935
白色恐怖	白	色恐怖	2830
白木耳	白	木耳	2650
白矮星	白	矮星	2140
白俄	白	俄	1790
白花花	白	花花	1670
白頭	白	頭	1313
白砂	白	砂	1065
白沙灣	白	沙灣	945
白雲蒼狗	白	雲蒼狗	915
白璧無瑕	白	璧無瑕	630
白報紙	白	報紙	270
白鐵	白	鐵	111
白河	白	河	1
白癬	白	癬	1
白晢	白	晢	1
白鼻心	白	鼻心	1
白帶魚	白	帶魚	1
白血病	白	血病	1
白血球	白	血球	1
白煮蛋	白	煮蛋	1
白領階級	白	領階級	1
白手成家	白	手成家	1
新聞	新	聞	500830
新年	新	年	270325
新鮮	新	鮮	378270
新北	新	北	888
新版	新	版	208795
新型	新	型	500306
新宿	新	宿	888
新疆	新	疆	500297
新加坡	新	加坡	368270
新建	新	建	463510
新人	新	人	373010
新手	新	手	329680
新生	新	生	248605
新娘	新	娘	189930
新穎	新	穎	171810
新一代	新	一代	168740
新城	新	城	157405
新款	新	款	136935
新華社	新	華社	134710
新興	新	興	125355
新陳代謝	新	陳代謝	93310
新房	新	房	90820
新時代	新	時代	83960
新郎	新	郎	82075
新奇	新	奇	80105
新世界	新	世界	63415
新春	新	春	62195
新婚	新	婚	61425
新政	新	政	54290
新星	新	星	53675
新秀	新	秀	52530
新任	新	任	47065
新潮	新	潮	43280
新銳	新	銳	42860
新片	新	片	39635
新式	新	式	38800
新編	新	編	38670
新設	新	設	32075
新生代	新	生代	32055
新月	新	月	30985
新居	新	居	29595
新裝	新	裝	28200
新聞界	新	聞界	27950
新家	新	家	26200
新店	新	店	26025
新紀元	新	紀元	25420
新知	新	知	24735
新台幣	新	台幣	21915
新臺幣	新	臺幣	21915
新寵	新	寵	21395
新法	新	法	20795
新創	新	創	19985
新光	新	光	17960
新文化	新	文化	17730
新大陸	新	大陸	14965
新氣象	新	氣象	13230
新潮流	新	潮流	13005
新派	新	派	12495
新人類	新	人類	11645
新紀錄	新	紀錄	11520
新歡	新	歡	10785
新新人類	新	新人類	9310
新屋	新	屋	7505
新綠	新	綠	7300
新聞人物	新	聞人物	7235
新制	新	制	6235
新貌	新	貌	6210
新貴	新	貴	6165
新花樣	新	花樣	5675
新解	新	解	5450
新近	新	近	5227
新聞自由	新	聞自由	5115
新聞局	新	聞局	3980
新婚燕爾	新	婚燕爾	2645
新詩	新	詩	2243
新曆	新	曆	2225
新竹市	新	竹市	2215
新官上任三把火	新	官上任三把火	2165
新文藝	新	文藝	1390
新竹縣	新	竹縣	1165
新村	新	村	1111
新進	新	進	111
新店市	新	店市	29
新莊市	新	莊市	29
新港	新	港	2
新豐	新	豐	1
新化	新	化	1
新埔	新	埔	1
新山	新	山	1
新市	新	市	1
新泰	新	泰	1
新營	新	營	1
新竹	新	竹	1
新莊	新	莊	1
新店溪	新	店溪	1
新生地	新	生地	1
新鮮人	新	鮮人	1
新營市	新	營市	1
新瓶舊酒	新	瓶舊酒	1
分鐘	分	鐘	501027
分享	分	享	723186
分析	分	析	501559
分別	分	別	500859
分數	分	數	290545
分配	分	配	500316
分期	分	期	71495
分離	分	離	400660
分類	分	類	500766
分為	分	為	500370
分公司	分	公司	500274
分布	分	布	500273
分佈	分	佈	500273
分割	分	割	364626
分區	分	區	290350
分子	分	子	281730
分散	分	散	264835
分開	分	開	264330
分解	分	解	234695
分成	分	成	211330
分工	分	工	193330
分泌	分	泌	186665
分手	分	手	183700
分行	分	行	171835
分會	分	會	162670
分組	分	組	147715
分級	分	級	138860
分裂	分	裂	127445
分銷	分	銷	124315
分明	分	明	119650
分居	分	居	112083
分支	分	支	109040
分部	分	部	103430
分店	分	店	100210
分校	分	校	97740
分流	分	流	95950
分歧	分	歧	91315
分化	分	化	90715
分量	分	量	80725
分辨	分	辨	78540
分擔	分	擔	77535
分發	分	發	71540
分娩	分	娩	68015
分泌物	分	泌物	64850
分院	分	院	63750
分攤	分	攤	59710
分段	分	段	58625
分隔	分	隔	56210
分外	分	外	41565
分出	分	出	40555
分得	分	得	38840
分隊	分	隊	36535
分貝	分	貝	35670
分批	分	批	33140
分期付款	分	期付款	29400
分身	分	身	28980
分寸	分	寸	26185
分局	分	局	25707
分頭	分	頭	23045
分析家	分	析家	20320
分水嶺	分	水嶺	19990
分派	分	派	19415
分門別類	分	門別類	19250
分心	分	心	18740
分家	分	家	18290
分界	分	界	17745
分列	分	列	17370
分號	分	號	14835
分工合作	分	工合作	13155
分道揚鑣	分	道揚鑣	12145
分憂	分	憂	12105
分班	分	班	11885
分文	分	文	10925
分送	分	送	10635
分毫	分	毫	10500
分母	分	母	9940
分神	分	神	8555
分野	分	野	7855
分內	分	內	7410
分封	分	封	6885
分機	分	機	6497
分場	分	場	6375
分庭抗禮	分	庭抗禮	6040
分崩離析	分	崩離析	5925
分合	分	合	5250
分曉	分	曉	5240
分一杯羹	分	一杯羹	4975
分針	分	針	4890
分岔	分	岔	3955
分說	分	說	3855
分秒必爭	分	秒必爭	3595
分贓	分	贓	3340
分毫不差	分	毫不差	2145
分身乏術	分	身乏術	2020
分外眼紅	分	外眼紅	1525
分紅	分	紅	1275
分層負責	分	層負責	1170
分書	分	書	1
金額	金	額	500398
金融	金	融	500332
金屬	金	屬	500349
金牌	金	牌	259940
金色	金	色	175515
金錢	金	錢	501373
金幣	金	幣	501098
金字塔	金	字塔	69725
金髮	金	髮	24020
金鋼	金	鋼	1
金融機構	金	融機構	280355
金山	金	山	149020
金剛	金	剛	116485
金龍	金	龍	78655
金銀	金	銀	75185
金子	金	子	62890
金黃色	金	黃色	60585
金融業	金	融業	59900
金融市場	金	融市場	57305
金陵	金	陵	55320
金黃	金	黃	55175
金光	金	光	52250
金魚	金	魚	43500
金礦	金	礦	40630
金門	金	門	31220
金條	金	條	26835
金雞	金	雞	24355
金馬	金	馬	23675
金三角	金	三角	19005
金蓮	金	蓮	18090
金玉滿堂	金	玉滿堂	17009
金融界	金	融界	16155
金邊	金	邊	15755
金庫	金	庫	15750
金塊	金	塊	15455
金榜	金	榜	14840
金字招牌	金	字招牌	13040
金碧輝煌	金	碧輝煌	12620
金針	金	針	11650
金石	金	石	11111
金屋藏嬌	金	屋藏嬌	10712
金馬獎	金	馬獎	10675
金銀珠寶	金	銀珠寶	10235
金玉	金	玉	9945
金像獎	金	像獎	9015
金飾	金	飾	8505
金身	金	身	7910
金口	金	口	7655
金星	金	星	7091
金釵	金	釵	6125
金童玉女	金	童玉女	5950
金質	金	質	5875
金榜題名	金	榜題名	5585
金錢豹	金	錢豹	5255
金屬片	金	屬片	4900
金科玉律	金	科玉律	4890
金箔	金	箔	4405
金鐘獎	金	鐘獎	4270
金盆洗手	金	盆洗手	4040
金枝玉葉	金	枝玉葉	3760
金飯碗	金	飯碗	3675
金絲雀	金	絲雀	3625
金色年華	金	色年華	3555
金婚	金	婚	3540
金嗓子	金	嗓子	3465
金蘭	金	蘭	3333
金黴素	金	黴素	2905
金湯	金	湯	2885
金蟬脫殼	金	蟬脫殼	2820
金風玉露	金	風玉露	2575
金價	金	價	2457
金玉良言	金	玉良言	2420
金龜婿	金	龜婿	1865
金牌獎	金	牌獎	1750
金鼎獎	金	鼎獎	1700
金字	金	字	1504
金風	金	風	1015
金瓜石	金	瓜石	390
金車	金	車	18
金言	金	言	10
金鐘	金	鐘	3
金城	金	城	2
金都	金	都	2
金文	金	文	2
金甌	金	甌	1
金華	金	華	1
金檢	金	檢	1
金臂人	金	臂人	1
金光黨	金	光黨	1
金針菜	金	針菜	1
金光閃耀	金	光閃耀	1
金蘭之交	金	蘭之交	1
金鏤玉衣	金	鏤玉衣	1
金權政治	金	權政治	1
金融機關	金	融機關	1
金屬疲勞	金	屬疲勞	1
金玉其外，敗絮其中	金	玉其外，敗絮其中	1
文字	文	字	500947
文章	文	章	504025
文件	文	件	501622
文化	文	化	501691
文明	文	明	500407
文具	文	具	85260
文學	文	學	500324
文物	文	物	340500
文獻	文	獻	307425
文藝	文	藝	175070
文書	文	書	148440
文科	文	科	122875
文憑	文	憑	113115
文革	文	革	107335
文體	文	體	100065
文集	文	集	95835
文人	文	人	91655
文選	文	選	64655
文史	文	史	63680
文摘	文	摘	55015
文案	文	案	50905
文化事業	文	化事業	49860
文稿	文	稿	45910
文昌	文	昌	43655
文筆	文	筆	41375
文教	文	教	40615
文靜	文	靜	37270
文學家	文	學家	32975
文盲	文	盲	32920
文庫	文	庫	32400
文武	文	武	30730
文壇	文	壇	30570
文理	文	理	29075
文藝復興	文	藝復興	28190
文采	文	采	28085
文學院	文	學院	23105
文雅	文	雅	22945
文火	文	火	22620
文王	文	王	19795
文法	文	法	19660
文言文	文	言文	19535
文風	文	風	18595
文言	文	言	16825
文官	文	官	15330
文職	文	職	14950
文化人	文	化人	13885
文化界	文	化界	11745
文義	文	義	10890
文房四寶	文	房四寶	10350
文藝界	文	藝界	10290
文才	文	才	10085
文化村	文	化村	8815
文豪	文	豪	8255
文思	文	思	8155
文句	文	句	8125
文質彬彬	文	質彬彬	7458
文治	文	治	6105
文辭	文	辭	5905
文人畫	文	人畫	5325
文人雅士	文	人雅士	5260
文宣	文	宣	4615
文告	文	告	4515
文宗	文	宗	4510
文定	文	定	4165
文字獄	文	字獄	4070
文蛤	文	蛤	3950
文不對題	文	不對題	3285
文氣	文	氣	3215
文飾	文	飾	3040
文戲	文	戲	2250
文弱書生	文	弱書生	2125
文教區	文	教區	2070
文藻	文	藻	1975
文以載道	文	以載道	1775
文旦	文	旦	1614
文治武功	文	治武功	1605
文過飾非	文	過飾非	1495
文化水準	文	化水準	1360
文武兼備	文	武兼備	1200
文場	文	場	1170
文德	文	德	1094
文過	文	過	660
文粹	文	粹	605
文明戲	文	明戲	540
文建會	文	建會	295
文石	文	石	206
文山	文	山	201
文情並茂	文	情並茂	27
文林	文	林	7
文華	文	華	3
文生	文	生	1
文聖	文	聖	1
文教處	文	教處	1
文獻會	文	獻會	1
文謅謅	文	謅謅	1
文風不動	文	風不動	1
風景	風	景	461585
風雲	風	雲	215110
風險	風	險	500623
風格	風	格	500903
風光	風	光	267325
風味	風	味	157410
風俗	風	俗	84120
風情	風	情	241150
風采	風	采	213020
風雨	風	雨	171260
風景區	風	景區	142360
風水	風	水	140750
風暴	風	暴	125710
風華	風	華	125223
風扇	風	扇	120910
風流	風	流	91915
風箏	風	箏	86535
風貌	風	貌	78550
風氣	風	氣	75010
風波	風	波	63890
風範	風	範	61500
風度	風	度	55995
風靡	風	靡	54545
風行	風	行	52315
風潮	風	潮	46635
風聲	風	聲	46000
風向	風	向	45430
風景線	風	景線	34215
風速	風	速	32960
風衣	風	衣	31590
風頭	風	頭	31545
風浪	風	浪	31120
風趣	風	趣	30840
風雲人物	風	雲人物	28750
風韻	風	韻	28490
風騷	風	騷	28345
風月	風	月	28210
風車	風	車	27360
風能	風	能	26715
風風雨雨	風	風雨雨	26675
風土人情	風	土人情	25910
風俗習慣	風	俗習慣	24795
風化	風	化	24490
風寒	風	寒	24395
風塵	風	塵	23235
風起雲湧	風	起雲湧	21735
風花雪月	風	花雪月	20920
風力發電	風	力發電	19720
風雅	風	雅	18590
風平浪靜	風	平浪靜	17215
風霜	風	霜	15505
風溼病	風	溼病	11900
風和日麗	風	和日麗	11475
風琴	風	琴	11340
風吹草動	風	吹草動	11220
風流倜儻	風	流倜儻	10050
風評	風	評	9999
風勢	風	勢	9999
風調雨順	風	調雨順	9460
風雨無阻	風	雨無阻	9240
風馳電掣	風	馳電掣	9160
風塵僕僕	風	塵僕僕	9095
風吹雨打	風	吹雨打	7305
風馬牛不相及	風	馬牛不相及	7125
風雨同舟	風	雨同舟	7095
風尚	風	尚	6621
風雨飄搖	風	雨飄搖	6530
風箱	風	箱	5685
風土	風	土	5665
風力	風	力	5406
風雲際會	風	雲際會	4870
風華絕代	風	華絕代	4200
風邪	風	邪	4185
風雨交加	風	雨交加	4010
風流韻事	風	流韻事	4005
風沙	風	沙	3869
風聲鶴唳	風	聲鶴唳	3715
風紀	風	紀	3530
風濕	風	濕	2999
風風光光	風	風光光	2980
風聞	風	聞	2625
風災	風	災	2560
風塵女子	風	塵女子	2515
風涼話	風	涼話	2445
風燭殘年	風	燭殘年	2295
風土民情	風	土民情	1470
風月場所	風	月場所	1300
風光明媚	風	光明媚	1105
風化作用	風	化作用	770
風疹塊	風	疹塊	680
風雲變色	風	雲變色	53
風行草偃	風	行草偃	39
風化區	風	化區	1
風浪板	風	浪板	1
風馬牛	風	馬牛	1
風塵女郎	風	塵女郎	1
三樓	三	樓	888
三角	三	角	56250
三寶	三	寶	55520
三峽	三	峽	129805
三國	三	國	182780
三星	三	星	493910
三代	三	代	71470
三角形	三	角形	56250
三輪車	三	輪車	40280
三明治	三	明治	39511
三重	三	重	36985
三水	三	水	31765
三軍	三	軍	30615
三部曲	三	部曲	28505
三八	三	八	28240
三餐	三	餐	26300
三圍	三	圍	25870
三角洲	三	角洲	20800
三腳架	三	腳架	19540
三流	三	流	18220
三思	三	思	16515
三多	三	多	15060
三三兩兩	三	三兩兩	12075
三言兩語	三	言兩語	10265
三字經	三	字經	10230
三五成群	三	五成群	10070
三足鼎立	三	足鼎立	10010
三十六計	三	十六計	9780
三原色	三	原色	8990
三天兩頭	三	天兩頭	8645
三民主義	三	民主義	8105
三心二意	三	心二意	6525
三秋	三	秋	5615
三令五申	三	令五申	5415
三光	三	光	5390
三更半夜	三	更半夜	5055
三角褲	三	角褲	4905
三教九流	三	教九流	4830
三長兩短	三	長兩短	4375
三緘其口	三	緘其口	4360
三級跳	三	級跳	3855
三頭六臂	三	頭六臂	3720
三生有幸	三	生有幸	3665
三百六十行	三	百六十行	3635
三思而行	三	思而行	3540
三振	三	振	3333
三皇五帝	三	皇五帝	3025
三寸不爛之舌	三	寸不爛之舌	2755
三從四德	三	從四德	2595
三稜鏡	三	稜鏡	2570
三方通話	三	方通話	2560
三級跳遠	三	級跳遠	2330
三寸金蓮	三	寸金蓮	2225
三姑六婆	三	姑六婆	1890
三陽開泰	三	陽開泰	1805
三番兩次	三	番兩次	1765
三冠王	三	冠王	1755
三代同堂	三	代同堂	1735
三角戀愛	三	角戀愛	1495
三不管	三	不管	1235
三魂七魄	三	魂七魄	1230
三夾板	三	夾板	1215
三聯單	三	聯單	1100
三合院	三	合院	970
三隻手	三	隻手	960
三大洋	三	大洋	760
三岔路	三	岔路	513
三一律	三	一律	445
三餐不繼	三	餐不繼	415
三角貿易	三	角貿易	410
三昧	三	昧	324
三句不離本行	三	句不離本行	240
三合	三	合	213
三牲	三	牲	160
三壘手	三	壘手	110
三重市	三	重市	44
三才	三	才	1
三輕	三	輕	1
三陽	三	陽	1
三義	三	義	1
三芝	三	芝	1
三專	三	專	1
三總	三	總	1
三不朽	三	不朽	1
三界公	三	界公	1
三七仔	三	七仔	1
三商銀	三	商銀	1
三溫暖	三	溫暖	1
三五好友	三	五好友	1
三○一條款	三	○一條款	1
三更燈火五更雞	三	更燈火五更雞	1
三十六計走為上策	三	十六計走為上策	1
三天打魚，兩天晒網	三	天打魚，兩天晒網	1
流出	流	出	104470
流出來	流	出來	10575
流鼻水	流	鼻水	888
流行	流	行	500315
流程	流	程	500311
流動	流	動	411310
流量	流	量	408270
流傳	流	傳	149095
流氓	流	氓	138955
流浪	流	浪	137325
流通	流	通	374260
流域	流	域	156605
流失	流	失	153775
流暢	流	暢	144580
流淚	流	淚	131495
流水	流	水	126780
流動性	流	動性	115900
流入	流	入	115345
流轉	流	轉	100680
流星	流	星	93620
流動人口	流	動人口	84060
流向	流	向	82010
流產	流	產	75685
流派	流	派	65795
流血	流	血	65545
流體	流	體	62900
流動資金	流	動資金	58940
流露出	流	露出	58135
流逝	流	逝	49700
流露	流	露	43200
流利	流	利	41855
流過	流	過	39845
流雲	流	雲	38155
流下	流	下	37295
流年	流	年	33225
流速	流	速	29415
流言	流	言	24740
流連忘返	流	連忘返	24230
流放	流	放	22415
流光	流	光	21945
流浪漢	流	浪漢	19265
流沙	流	沙	19100
流於	流	於	19040
流口水	流	口水	18880
流於形式	流	於形式	18705
流星雨	流	星雨	18405
流落	流	落	18335
流體力學	流	體力學	18315
流線型	流	線型	17865
流線	流	線	16065
流行病	流	行病	15490
流亡	流	亡	15345
流進	流	進	14685
流汗	流	汗	14640
流蘇	流	蘇	13795
流觴	流	觴	9999
流行性	流	行性	9705
流行性感冒	流	行性感冒	9375
流離	流	離	9255
流行語	流	行語	9200
流竄	流	竄	7990
流動比率	流	動比率	7200
流連	流	連	6900
流民	流	民	6880
流離失所	流	離失所	6790
流質	流	質	5565
流落街頭	流	落街頭	5085
流瀉	流	瀉	4630
流俗	流	俗	4550
流弊	流	弊	3880
流芳百世	流	芳百世	3675
流行歌	流	行歌	3580
流鶯	流	鶯	3106
流寇	流	寇	3050
流彈	流	彈	2865
流回	流	回	2665
流螢	流	螢	2620
流浪兒	流	浪兒	2465
流到	流	到	2257
流標	流	標	2220
流年不利	流	年不利	1690
流變	流	變	1267
流亡政府	流	亡政府	1175
流水席	流	水席	450
流刺網	流	刺網	260
流水行雲	流	水行雲	22
流貫	流	貫	2
流會	流	會	2
流覽	流	覽	1
流理臺	流	理臺	1
流水帳	流	水帳	1
流動戶口	流	動戶口	1
流血流汗	流	血流汗	1
鐵塔	鐵	塔	24025
鐵路	鐵	路	463855
鐵道	鐵	道	64590
鐵質	鐵	質	16895
鐵觀音	鐵	觀音	63823
鐵板	鐵	板	105443
鐵鎚	鐵	鎚	15535
鐵鍋	鐵	鍋	14980
鐵軌	鐵	軌	13240
鐵釘	鐵	釘	11065
鐵樹	鐵	樹	285815
鐵礦	鐵	礦	36985
鐵匠	鐵	匠	29095
鐵門	鐵	門	28685
鐵路局	鐵	路局	28420
鐵絲	鐵	絲	25525
鐵皮	鐵	皮	23555
鐵鍊	鐵	鍊	19270
鐵鏈	鐵	鏈	19270
鐵騎	鐵	騎	17340
鐵定	鐵	定	15815
鐵錘	鐵	錘	15535
鐵甲	鐵	甲	13515
鐵人	鐵	人	12270
鐵飯碗	鐵	飯碗	11755
鐵器	鐵	器	11050
鐵牛	鐵	牛	10945
鐵絲網	鐵	絲網	10685
鐵櫃	鐵	櫃	9999
鐵則	鐵	則	9999
鐵案如山	鐵	案如山	9999
鐵三角	鐵	三角	9895
鐵棒	鐵	棒	9590
鐵桶	鐵	桶	9485
鐵棍	鐵	棍	8975
鐵路線	鐵	路線	8805
鐵馬	鐵	馬	8275
鐵青	鐵	青	7810
鐵口	鐵	口	7620
鐵架	鐵	架	6895
鐵蹄	鐵	蹄	6545
鐵橋	鐵	橋	6415
鐵路網	鐵	路網	6270
鐵腕	鐵	腕	6220
鐵窗	鐵	窗	6075
鐵球	鐵	球	6060
鐵線	鐵	線	5650
鐵板燒	鐵	板燒	5540
鐵籠	鐵	籠	5330
鐵片	鐵	片	5330
鐵粉	鐵	粉	5140
鐵漢	鐵	漢	5080
鐵塊	鐵	塊	4905
鐵環	鐵	環	4870
鐵石心腸	鐵	石心腸	4835
鐵廠	鐵	廠	4805
鐵石	鐵	石	4725
鐵罐	鐵	罐	4505
鐵鉤	鐵	鉤	4465
鐵面	鐵	面	4415
鐵證	鐵	證	4395
鐵面無私	鐵	面無私	4270
鐵餅	鐵	餅	4130
鐵屑	鐵	屑	3445
鐵條	鐵	條	3380
鐵幕	鐵	幕	3345
鐵工	鐵	工	3130
鐵砂	鐵	砂	3055
鐵箱	鐵	箱	2990
鐵氟龍	鐵	氟龍	2860
鐵欄杆	鐵	欄杆	2830
鐵公雞	鐵	公雞	2450
鐵頭功	鐵	頭功	1700
鐵灰色	鐵	灰色	1510
鐵娘子	鐵	娘子	1500
鐵票	鐵	票	1115
鐵杵磨成針	鐵	杵磨成針	925
鐵算盤	鐵	算盤	855
鐵樹開花	鐵	樹開花	810
鐵工廠	鐵	工廠	770
鐵拐李	鐵	拐李	73
鐵齒	鐵	齒	1
鐵蓋	鐵	蓋	1
鐵漿	鐵	漿	1
鐵鉗	鐵	鉗	1
鐵琴	鐵	琴	1
鐵殼船	鐵	殼船	1
鐵沙掌	鐵	沙掌	1
鐵達尼號	鐵	達尼號	1
鐵骨柔情	鐵	骨柔情	1
鐵口直斷	鐵	口直斷	1
鐵血宰相	鐵	血宰相	1
鐵嘴直斷	鐵	嘴直斷	1
東西	東	西	501200
東港	東	港	15805
東京	東	京	69995
東部	東	部	199310
東北	東	北	345645
東橫	東	橫	888
東南亞	東	南亞	173590
東大寺	東	大寺	888
東方	東	方	500299
東風	東	風	185150
東南	東	南	148940
東海	東	海	117950
東亞	東	亞	96555
東門	東	門	77480
東側	東	側	68165
東山	東	山	54785
東漢	東	漢	52175
東區	東	區	47210
東歐	東	歐	43725
東北部	東	北部	36245
東邊	東	邊	34880
東昇	東	昇	34820
東南部	東	南部	32955
東面	東	面	30550
東坡	東	坡	26445
東北亞	東	北亞	25980
東郊	東	郊	25105
東吳	東	吳	24395
東線	東	線	24110
東家	東	家	22350
東岸	東	岸	20405
東洋	東	洋	18740
東道主	東	道主	18650
東渡	東	渡	16425
東張西望	東	張西望	15775
東西南北	東	西南北	13815
東進	東	進	13605
東方人	東	方人	12155
東北角	東	北角	12095
東來	東	來	11790
東海岸	東	海岸	11060
東山再起	東	山再起	11040
東瀛	東	瀛	9815
東宮	東	宮	9750
東倒西歪	東	倒西歪	8715
東非	東	非	8180
東正教	東	正教	7310
東南方	東	南方	5890
東北風	東	北風	5825
東坡肉	東	坡肉	5563
東窗事發	東	窗事發	5365
東拼西湊	東	拼西湊	4910
東湖	東	湖	4818
東奔西跑	東	奔西跑	4710
東廠	東	廠	4435
東北方	東	北方	4060
東南風	東	南風	3625
東方快車	東	方快車	3355
東施效顰	東	施效顰	3350
東牆	東	牆	3335
東華	東	華	3301
東吳大學	東	吳大學	2250
東印度	東	印度	2065
東引	東	引	1790
東南區	東	南區	1050
東行	東	行	947
東河	東	河	726
東德	東	德	715
東主	東	主	678
東柏林	東	柏林	570
東沙群島	東	沙群島	465
東江	東	江	221
東都	東	都	218
東莞縣	東	莞縣	115
東尼	東	尼	1
東漸	東	漸	1
東石	東	石	1
東勢	東	勢	1
東元	東	元	1
東園	東	園	1
東南歐	東	南歐	1
東洋劍	東	洋劍	1
東奔西跳	東	奔西跳	1
東床快婿	東	床快婿	1
東海大學	東	海大學	1
東鱗西爪	東	鱗西爪	1
東南工專	東	南工專	1
東折西繞	東	折西繞	1
東轉西晃	東	轉西晃	1
東非大地塹	東	非大地塹	1
東南亞國協	東	南亞國協	1
東家長西家短	東	家長西家短	1
平權	平	權	888
平面	平	面	273470
平板	平	板	79660
平台	平	台	500891
平均	平	均	500477
平衡	平	衡	500299
平等	平	等	395420
平方	平	方	161580
平常	平	常	209735
平臺	平	臺	500891
平時	平	時	500324
平安	平	安	304880
平方公里	平	方公里	253280
平穩	平	穩	220380
平靜	平	靜	211060
平凡	平	凡	177555
平民	平	民	141140
平和	平	和	119605
平淡	平	淡	118130
平原	平	原	118125
平行	平	行	116015
平日	平	日	87775
平整	平	整	83985
平坦	平	坦	75385
平滑	平	滑	71960
平房	平	房	67145
平均值	平	均值	52865
平庸	平	庸	46545
平生	平	生	46265
平息	平	息	40325
平價	平	價	39345
平地	平	地	37930
平面圖	平	面圖	37865
平手	平	手	34820
平緩	平	緩	31965
平安夜	平	安夜	27210
平仄	平	仄	26945
平定	平	定	26840
平添	平	添	22030
平實	平	實	21925
平常心	平	常心	19330
平易近人	平	易近人	18750
平復	平	復	17805
平均數	平	均數	17380
平分	平	分	16410
平放	平	放	15765
平反	平	反	15115
平順	平	順	14490
平頭	平	頭	13085
平素	平	素	12900
平行線	平	行線	12125
平頂	平	頂	11615
平底	平	底	10930
平視	平	視	10845
平行四邊形	平	行四邊形	10205
平白無故	平	白無故	8429
平易	平	易	8115
平心靜氣	平	心靜氣	7950
平心而論	平	心而論	7905
平起平坐	平	起平坐	7585
平分秋色	平	分秋色	6615
平白	平	白	6570
平平	平	平	6091
平步青雲	平	步青雲	4985
平衡木	平	衡木	3760
平裝	平	裝	3433
平信	平	信	3430
平鋪直敘	平	鋪直敘	3120
平抑	平	抑	3000
平身	平	身	2845
平亂	平	亂	2830
平輩	平	輩	2610
平林	平	林	2525
平準	平	準	2300
平安險	平	安險	2085
平疇	平	疇	1750
平假名	平	假名	1150
平臥	平	臥	1061
平均地權	平	均地權	1060
平等互惠	平	等互惠	885
平裝書	平	裝書	415
平交道	平	交道	375
平聲	平	聲	115
平議	平	議	1
平撫	平	撫	1
平劇	平	劇	1
平伸	平	伸	1
平溪	平	溪	1
平地風波	平	地風波	1
平行輸入	平	行輸入	1
安排	安	排	500805
安親班	安	親班	888
安全	安	全	501438
安裝	安	裝	500949
安靜	安	靜	259500
安平	安	平	2
安眠	安	眠	12005
安眠藥	安	眠藥	20555
安全帽	安	全帽	11190
安徽	安	徽	500270
安徽省	安	徽省	328510
安置	安	置	322865
安慰	安	慰	197660
安心	安	心	124355
安定	安	定	116400
安寧	安	寧	82925
安全感	安	全感	76300
安康	安	康	60380
安全帶	安	全帶	60305
安然	安	然	54635
安全氣囊	安	全氣囊	49050
安撫	安	撫	48335
安娜	安	娜	43450
安逸	安	逸	38820
安穩	安	穩	37930
安詳	安	詳	37350
安放	安	放	36540
安居	安	居	35505
安居樂業	安	居樂業	31225
安危	安	危	25435
安南	安	南	25385
安家	安	家	23000
安理會	安	理會	22690
安葬	安	葬	21225
安全系統	安	全系統	18300
安息	安	息	16950
安邦	安	邦	14250
安然無恙	安	然無恙	14165
安頓	安	頓	13805
安哥拉	安	哥拉	12475
安民	安	民	11435
安於	安	於	9640
安分	安	分	9350
安妮	安	妮	8888
安身立命	安	身立命	8870
安培	安	培	8755
安好	安	好	8145
安樂死	安	樂死	7505
安身	安	身	7225
安插	安	插	6690
安全玻璃	安	全玻璃	6655
安定下來	安	定下來	6020
安全門	安	全門	5540
安家費	安	家費	5315
安定性	安	定性	5250
安琪兒	安	琪兒	5090
安分守己	安	分守己	4790
安歇	安	歇	4695
安度	安	度	4020
安樂	安	樂	3825
安適	安	適	3780
安息日	安	息日	3595
安閒	安	閒	3515
安樂窩	安	樂窩	3090
安貧樂道	安	貧樂道	1965
安之若素	安	之若素	1875
安養	安	養	1835
安打	安	打	1520
安全島	安	全島	1445
安步當車	安	步當車	855
安享天年	安	享天年	550
安土重遷	安	土重遷	495
安培小時	安	培小時	150
安泰	安	泰	111
安內攘外	安	內攘外	23
安人	安	人	7
安東	安	東	1
安可	安	可	1
安曼	安	曼	1
安慶	安	慶	1
安抵	安	抵	1
安和	安	和	1
安靖	安	靖	1
安平港	安	平港	1
安全梯	安	全梯	1
安胎符	安	胎符	1
安非他命	安	非他命	1
安和樂利	安	和樂利	1
安全存量	安	全存量	1
調整	調	整	513431
調味	調	味	60830
調課	調	課	111
調班	調	班	1
調查	調	查	500710
調適	調	適	222
調節	調	節	500303
調用	調	用	313425
調動	調	動	276880
調解	調	解	216140
調度	調	度	142590
調配	調	配	94300
調劑	調	劑	91930
調理	調	理	75760
調和	調	和	68390
調製	調	製	66470
調換	調	換	58080
調味品	調	味品	55785
調到	調	到	55310
調皮	調	皮	52785
調侃	調	侃	41340
調查表	調	查表	41165
調價	調	價	38660
調頻	調	頻	34185
調處	調	處	33585
調撥	調	撥	32730
調情	調	情	30385
調離	調	離	27515
調高	調	高	27280
調味料	調	味料	26605
調任	調	任	24410
調低	調	低	24030
調戲	調	戲	21350
調養	調	養	20045
調教	調	教	20010
調子	調	子	19660
調集	調	集	18345
調勻	調	勻	17580
調車	調	車	16625
調色	調	色	15930
調色板	調	色板	14370
調息	調	息	13335
調查員	調	查員	12825
調查局	調	查局	10620
調閱	調	閱	10350
調光	調	光	10100
調溫	調	溫	9055
調音	調	音	8290
調酒	調	酒	8265
調遣	調	遣	8080
調停	調	停	8010
調調	調	調	7685
調走	調	走	6545
調諧器	調	諧器	6065
調皮搗蛋	調	皮搗蛋	6030
調幅	調	幅	5425
調派	調	派	5395
調羹	調	羹	5370
調度室	調	度室	4085
調薪	調	薪	4045
調包	調	包	3730
調職	調	職	3425
調人	調	人	3365
調校	調	校	3305
調兵遣將	調	兵遣將	3250
調氣	調	氣	2715
調降	調	降	2222
調開	調	開	2175
調色盤	調	色盤	1900
調虎離山	調	虎離山	1770
調遷	調	遷	1320
調號	調	號	1165
調頻台	調	頻台	660
調車場	調	車場	270
調攝	調	攝	1
調轉	調	轉	1
調差	調	差	1
調合	調	合	1
調升	調	升	1
調昇	調	昇	1
調頭	調	頭	1
調漲	調	漲	1
調駐	調	駐	1
調理室	調	理室	1
調頭寸	調	頭寸	1
調味乳	調	味乳	1
調撥車道	調	撥車道	1
調劑身心	調	劑身心	1
調養生息	調	養生息	1
通知	通	知	501109
通過	通	過	504071
通常	通	常	500486
通訊	通	訊	500257
通信	通	信	500290
通道	通	道	490700
通用	通	用	441835
通報	通	報	247190
通訊錄	通	訊錄	83130
通風	通	風	172000
通知書	通	知書	165385
通行	通	行	162565
通話	通	話	154220
通告	通	告	114030
通往	通	往	103690
通行證	通	行證	85405
通通	通	通	81950
通路	通	路	73895
通俗	通	俗	73450
通關	通	關	67795
通暢	通	暢	66005
通車	通	車	61150
通達	通	達	55755
通知單	通	知單	48135
通貨膨脹	通	貨膨脹	47330
通紅	通	紅	42280
通電	通	電	41425
通氣	通	氣	35815
通航	通	航	33060
通則	通	則	29145
通天	通	天	26760
通病	通	病	26230
通緝	通	緝	23645
通體	通	體	23425
通電話	通	電話	23030
通力合作	通	力合作	20785
通靈	通	靈	20640
通曉	通	曉	20385
通行費	通	行費	19790
通訊社	通	訊社	18970
通貨	通	貨	17100
通商	通	商	15800
通稱	通	稱	12845
通心粉	通	心粉	9718
通緝令	通	緝令	9620
通宵達旦	通	宵達旦	8960
通婚	通	婚	8780
通情達理	通	情達理	8570
通明	通	明	8500
通姦	通	姦	8400
通融	通	融	7530
通力	通	力	7210
通不過	通	不過	6670
通鑑	通	鑑	6625
通風報信	通	風報信	6400
通訊器	通	訊器	5125
通說	通	說	5050
通俗化	通	俗化	4700
通盤	通	盤	4637
通緝犯	通	緝犯	4630
通勤	通	勤	4540
通函	通	函	4440
通商口岸	通	商口岸	4000
通郵	通	郵	3685
通令	通	令	3465
通識	通	識	3333
通性	通	性	3305
通譯	通	譯	2665
通例	通	例	2645
通行無阻	通	行無阻	1830
通事	通	事	1720
通訊衛星	通	訊衛星	1500
通牒	通	牒	1380
通宵	通	宵	1180
通史	通	史	1135
通才	通	才	695
通心麵	通	心麵	575
通權達變	通	權達變	530
通衢大道	通	衢大道	480
通運	通	運	75
通霄	通	霄	56
通化	通	化	2
通學	通	學	2
通人	通	人	1
通財	通	財	1
通膨	通	膨	1
通才教育	通	才教育	1
通識教育	通	識教育	1
通識科目	通	識科目	1
重要	重	要	500940
重複	重	複	500291
重覆	重	覆	500291
重量	重	量	500313
重傷	重	傷	73000
重慶	重	慶	500448
重疊	重	疊	77680
重點	重	點	500988
重新	重	新	500492
重視	重	視	500488
重大	重	大	500407
重要性	重	要性	363870
重建	重	建	174035
重心	重	心	127555
重重	重	重	88395
重任	重	任	78790
重型	重	型	73035
重現	重	現	63435
重返	重	返	60220
重金屬	重	金屬	55415
重申	重	申	49840
重用	重	用	49720
重力	重	力	47390
重修	重	修	47020
重整	重	整	45685
重播	重	播	36415
重病	重	病	34670
重量級	重	量級	34240
重鎮	重	鎮	33865
重逢	重	逢	32320
重創	重	創	28270
重工業	重	工業	28225
重組	重	組	27911
重演	重	演	26735
重擔	重	擔	26210
重工	重	工	25925
重於	重	於	25500
重來	重	來	24855
重金	重	金	23555
重陽	重	陽	23145
重頭戲	重	頭戲	22775
重物	重	物	20160
重油	重	油	19800
重拾	重	拾	18935
重擊	重	擊	17825
重陽節	重	陽節	15785
重振	重	振	15130
重兵	重	兵	12985
重地	重	地	12615
重罰	重	罰	12500
重罪	重	罪	11440
重生	重	生	9999
重負	重	負	9725
重考	重	考	9305
重賞	重	賞	8815
重圍	重	圍	8110
重提	重	提	7800
重蹈覆轍	重	蹈覆轍	7525
重讀	重	讀	6840
重犯	重	犯	5745
重見天日	重	見天日	5270
重挫	重	挫	4370
重聽	重	聽	4220
重刑	重	刑	4130
重奏	重	奏	4010
重振雄風	重	振雄風	3960
重整旗鼓	重	整旗鼓	3960
重水	重	水	3650
重操舊業	重	操舊業	3645
重典	重	典	3180
重利	重	利	2920
重九	重	九	2410
重責	重	責	2365
重殘	重	殘	2025
重話	重	話	1620
重振旗鼓	重	振旗鼓	1515
重修舊好	重	修舊好	1480
重溫舊夢	重	溫舊夢	1415
重責大任	重	責大任	1365
重婚	重	婚	1190
重機械	重	機械	665
重劃	重	劃	655
重懲	重	懲	495
重貼現率	重	貼現率	40
重嫌	重	嫌	1
重作	重	作	1
重門深鎖	重	門深鎖	1
重現江湖	重	現江湖	1
重作馮婦	重	作馮婦	1
特別	特	別	501036
特價	特	價	317430
特殊	特	殊	500649
特權	特	權	135674
特效	特	效	173630
特色	特	色	500647
特性	特	性	500342
特點	特	點	501007
特徵	特	徵	500446
特定	特	定	500305
特有	特	有	234265
特長	特	長	209445
特種	特	種	163920
特意	特	意	129635
特製	特	製	111670
特質	特	質	107015
特產	特	產	104940
特約	特	約	102960
特區	特	區	91388
特大	特	大	89500
特許	特	許	87775
特殊性	特	殊性	84830
特地	特	地	84800
特此	特	此	51470
特級	特	級	51135
特惠	特	惠	47260
特工	特	工	38210
特殊教育	特	殊教育	38080
特務	特	務	37705
特寫	特	寫	36360
特異性	特	異性	33350
特技	特	技	31755
特異	特	異	30015
特種部隊	特	種部隊	28410
特例	特	例	24905
特許權	特	許權	19635
特派員	特	派員	17010
特立獨行	特	立獨行	16400
特等	特	等	16190
特刊	特	刊	16055
特別法	特	別法	15222
特輯	特	輯	14590
特使	特	使	14445
特賣	特	賣	13335
特來	特	來	12735
特異功能	特	異功能	12230
特別節目	特	別節目	11360
特派	特	派	10005
特教	特	教	9615
特勤	特	勤	9265
特優	特	優	8855
特強	特	強	8755
特稿	特	稿	8610
特效藥	特	效藥	8525
特選	特	選	5385
特出	特	出	4010
特赦	特	赦	3785
特價品	特	價品	3765
特准	特	准	3315
特攻隊	特	攻隊	2785
特大號	特	大號	2330
特命	特	命	2190
特遣隊	特	遣隊	2050
特稱	特	稱	1915
特集	特	集	1705
特遣	特	遣	1675
特別來賓	特	別來賓	1340
特獎	特	獎	1220
特展	特	展	1111
特報	特	報	825
特考	特	考	745
特餐	特	餐	635
特任	特	任	435
特支	特	支	1
特許費	特	許費	1
特技團	特	技團	1
特任官	特	任官	1
特有的	特	有的	1
特別報導	特	別報導	1
特別護士	特	別護士	1
特別門診	特	別門診	1
特別助理	特	別助理	1
特洛伊城	特	洛伊城	1
特殊兒童	特	殊兒童	1
特種考試	特	種考試	1
特別扣除額	特	別扣除額	1
特別三○一條款	特	別三○一條款	1
行動	行	動	500545
行李	行	李	184485
行程	行	程	328745
行政	行	政	500367
行情	行	情	424945
行為	行	為	501549
行長	行	長	888
行業	行	業	535867
行使	行	使	355390
行駛	行	駛	297140
行走	行	走	184425
行政處分	行	政處分	182905
行人	行	人	151655
行列	行	列	145775
行銷	行	銷	96460
行政訴訟	行	政訴訟	94110
行者	行	者	86865
行政區	行	政區	84980
行星	行	星	74105
行進	行	進	60455
行館	行	館	47500
行賄	行	賄	44430
行文	行	文	38055
行家	行	家	33900
行軍	行	軍	33845
行蹤	行	蹤	32890
行禮	行	禮	31575
行徑	行	徑	29995
行囊	行	囊	25340
行當	行	當	24845
行醫	行	醫	24420
行李箱	行	李箱	23565
行事	行	事	19656
行將	行	將	19385
行騙	行	騙	19115
行宮	行	宮	18790
行善	行	善	17965
行刑	行	刑	17745
行規	行	規	15695
行經	行	經	15370
行政權	行	政權	13690
行雲流水	行	雲流水	13365
行凶	行	凶	11805
行兇	行	兇	11805
行行	行	行	11335
行裝	行	裝	11285
行號	行	號	9680
行政院	行	政院	9465
行不通	行	不通	9200
行道樹	行	道樹	8485
行政命令	行	政命令	8295
行刺	行	刺	8155
行尸走肉	行	尸走肉	7995
行竊	行	竊	7205
行色匆匆	行	色匆匆	6900
行房	行	房	6845
行船	行	船	6730
行乞	行	乞	5595
行商	行	商	5550
行跡	行	跡	4425
行事曆	行	事曆	4375
行色	行	色	4285
行行出狀元	行	行出狀元	3680
行期	行	期	2415
行書	行	書	2286
行政救濟	行	政救濟	2020
行伍	行	伍	1780
行將就木	行	將就木	1700
行車	行	車	1180
行銷網	行	銷網	1105
行李袋	行	李袋	1055
行詐	行	詐	999
行速	行	速	950
行都	行	都	829
行劫	行	劫	760
行旅	行	旅	715
行蹤飄忽	行	蹤飄忽	685
行政局	行	政局	605
行有餘力	行	有餘力	570
行止	行	止	562
行省	行	省	203
行庫	行	庫	1
行憲	行	憲	1
行員	行	員	1
行照	行	照	1
行動電話	行	動電話	1
行政中立	行	政中立	1
清晰	清	晰	403760
清楚	清	楚	500252
清潔	清	潔	403250
清除	清	除	402940
清洗	清	洗	380710
清單	清	單	240675
清肉棒	清	肉棒	1
清乾淨	清	乾淨	1
清理	清	理	390670
清算	清	算	205375
清華	清	華	175940
清新	清	新	161780
清晨	清	晨	158365
清醒	清	醒	157290
清水	清	水	154550
清代	清	代	137560
清風	清	風	118145
清爽	清	爽	114940
清澈	清	澈	108920
清朝	清	朝	100035
清香	清	香	91180
清明	清	明	62610
清淡	清	淡	55555
清查	清	查	50980
清純	清	純	49915
清秀	清	秀	43925
清清楚楚	清	清楚楚	41110
清泉	清	泉	41090
清湯	清	湯	34726
清潔劑	清	潔劑	34395
清幽	清	幽	31060
清白	清	白	30585
清真寺	清	真寺	28325
清一色	清	一色	25960
清脆	清	脆	25700
清高	清	高	25440
清雅	清	雅	23525
清廉	清	廉	22315
清麗	清	麗	21775
清廷	清	廷	21145
清冷	清	冷	21095
清心	清	心	20320
清倉	清	倉	19855
清早	清	早	18375
清酒	清	酒	18268
清閒	清	閒	17995
清蒸	清	蒸	16375
清流	清	流	15635
清明節	清	明節	12990
清官	清	官	10700
清大	清	大	10465
清場	清	場	9999
清掃	清	掃	9999
清平	清	平	9655
清冊	清	冊	9605
清道夫	清	道夫	9385
清唱	清	唱	8888
清涼	清	涼	8830
清苦	清	苦	8700
清冽	清	冽	8050
清朗	清	朗	7855
清史	清	史	7715
清償	清	償	6666
清靜	清	靜	6666
清出	清	出	6220
清風明月	清	風明月	5990
清教徒	清	教徒	5625
清正	清	正	5490
清火	清	火	5230
清盤	清	盤	4300
清寒	清	寒	4115
清福	清	福	3400
清澄	清	澄	3215
清心寡慾	清	心寡慾	3115
清點	清	點	2861
清唱劇	清	唱劇	2150
清溪	清	溪	1841
清譽	清	譽	1570
清靜無為	清	靜無為	1560
清淨	清	淨	1111
清宮	清	宮	810
清湯掛麵	清	湯掛麵	790
清江	清	江	269
清談	清	談	111
清輝	清	輝	1
清泉崗	清	泉崗	1
正常	正	常	500841
正確	正	確	500413
正式	正	式	500656
正在	正	在	501081
正宗	正	宗	98595
正是	正	是	500480
正文	正	文	341060
正規	正	規	306210
正好	正	好	293595
正面	正	面	290555
正義	正	義	199495
正當	正	當	161905
正值	正	值	74730
正直	正	直	68355
正中	正	中	68105
正視	正	視	63660
正本	正	本	59740
正氣	正	氣	55330
正確性	正	確性	52520
正統	正	統	48775
正月	正	月	48535
正餐	正	餐	41175
正道	正	道	40040
正經	正	經	36055
正事	正	事	36015
正門	正	門	30980
正派	正	派	28800
正方	正	方	28475
正方形	正	方形	28335
正午	正	午	26370
正法	正	法	24185
正反	正	反	22080
正巧	正	巧	20940
正室	正	室	20000
正色	正	色	18680
正義感	正	義感	18265
正負	正	負	17145
正則	正	則	16099
正德	正	德	14960
正果	正	果	14380
正名	正	名	14365
正殿	正	殿	13685
正東	正	東	13670
正點	正	點	12885
正對面	正	對面	12505
正交	正	交	11900
正規軍	正	規軍	11725
正軌	正	軌	10860
正數	正	數	9965
正南	正	南	9675
正眼	正	眼	9300
正常化	正	常化	9230
正史	正	史	9070
正中央	正	中央	8765
正路	正	路	7800
正人君子	正	人君子	7745
正方體	正	方體	7610
正北	正	北	6955
正牌	正	牌	6745
正比	正	比	6700
正襟危坐	正	襟危坐	6490
正位	正	位	6360
正途	正	途	6305
正大光明	正	大光明	5825
正步	正	步	5525
正心	正	心	5310
正人	正	人	5215
正本清源	正	本清源	4575
正電	正	電	4510
正音	正	音	4335
正字	正	字	3930
正身	正	身	3845
正言	正	言	3570
正比例	正	比例	3305
正西	正	西	2910
正中下懷	正	中下懷	2510
正氣歌	正	氣歌	2160
正隆	正	隆	1645
正取	正	取	1635
正犯	正	犯	770
正確度	正	確度	520
正大	正	大	362
正業	正	業	362
正字標記	正	字標記	220
正集團	正	集團	1
內容	內	容	503105
內褲	內	褲	99610
內部	內	部	500555
內涵	內	涵	372470
內衣	內	衣	222125
內科	內	科	80265
內臟	內	臟	54810
內閣	內	閣	48305
內分泌	內	分泌	68145
內地	內	地	347980
內心	內	心	288820
內蒙古	內	蒙古	281890
內外	內	外	264300
內在	內	在	251095
內向	內	向	141640
內含	內	含	86505
內幕	內	幕	74430
內蒙	內	蒙	62480
內心深處	內	心深處	46065
內功	內	功	45590
內疚	內	疚	41925
內陸	內	陸	41540
內戰	內	戰	41315
內河	內	河	36340
內斂	內	斂	34750
內銷	內	銷	33745
內線	內	線	32955
內服	內	服	26460
內政	內	政	23105
內江	內	江	22370
內層	內	層	20945
內行	內	行	20845
內丹	內	丹	17270
內務	內	務	17070
內傷	內	傷	16795
內應	內	應	16155
內膜	內	膜	14455
內勤	內	勤	13140
內亂	內	亂	13010
內情	內	情	12370
內定	內	定	9770
內省	內	省	9000
內政部	內	政部	8420
內室	內	室	8015
內人	內	人	7915
內衣褲	內	衣褲	7570
內憂外患	內	憂外患	6915
內訌	內	訌	6545
內耳	內	耳	6135
內奸	內	奸	5300
內在美	內	在美	5270
內轉	內	轉	5130
內門	內	門	4840
內府	內	府	4790
內面	內	面	4770
內湖	內	湖	4180
內海	內	海	4105
內痔	內	痔	4105
內急	內	急	3680
內幕消息	內	幕消息	3415
內鬥	內	鬥	3335
內角	內	角	2520
內憂	內	憂	1995
內閣制	內	閣制	1745
內債	內	債	1150
內線交易	內	線交易	1055
內視鏡	內	視鏡	870
內賊	內	賊	790
內埔	內	埔	290
內壢	內	壢	50
內規	內	規	1
內鬨	內	鬨	1
內孫	內	孫	1
內野	內	野	1
內姪	內	姪	1
內出血	內	出血	1
內丹功	內	丹功	1
內湖區	內	湖區	1
內亂罪	內	亂罪	1
內心戲	內	心戲	1
內在的	內	在的	1
內政府	內	政府	1
內外交迫	內	外交迫	1
內行看門道，外行看熱鬧	內	行看門道，外行看熱鬧	1
多少	多	少	500530
多一點	多	一點	888
多數	多	數	452500
多元	多	元	283035
多麼	多	麼	305975
多媒體	多	媒體	500309
多元化	多	元化	269880
多大	多	大	220085
多久	多	久	176920
多樣化	多	樣化	171465
多達	多	達	128110
多謝	多	謝	126595
多方	多	方	108990
多重	多	重	96825
多樣性	多	樣性	80430
多頭	多	頭	74365
多彩	多	彩	73245
多半	多	半	72400
多餘	多	餘	68720
多變	多	變	68345
多情	多	情	63600
多於	多	於	53800
多方面	多	方面	42265
多糖	多	糖	33860
多邊	多	邊	31440
多倫多	多	倫多	22725
多事	多	事	21630
多多少少	多	多少少	20315
多邊形	多	邊形	20135
多寡	多	寡	18810
多愁善感	多	愁善感	18035
多才多藝	多	才多藝	17525
多疑	多	疑	17185
多年生	多	年生	16395
多言	多	言	16320
多虧	多	虧	15430
多發性	多	發性	14745
多退少補	多	退少補	12845
多核	多	核	11848
多心	多	心	10610
多汁	多	汁	10355
多多益善	多	多益善	9860
多嘴	多	嘴	9525
多爾袞	多	爾袞	9310
多產	多	產	9135
多此一舉	多	此一舉	8285
多難	多	難	8240
多瑙河	多	瑙河	8035
多起來	多	起來	7685
多點	多	點	7157
多元性	多	元性	7055
多山	多	山	6160
多管閒事	多	管閒事	6005
多端	多	端	6000
多事之秋	多	事之秋	5180
多義	多	義	5130
多量	多	量	4740
多彩多姿	多	彩多姿	4690
多目標	多	目標	4645
多災多難	多	災多難	3770
多禮	多	禮	3560
多音字	多	音字	3215
多一事不如少一事	多	一事不如少一事	2520
多胞胎	多	胞胎	2490
多氯聯苯	多	氯聯苯	2270
多重人格	多	重人格	1585
多子多孫	多	子多孫	935
多難興邦	多	難興邦	470
多得是	多	得是	1
多角化	多	角化	1
多角形	多	角形	1
多數決	多	數決	1
多元酯	多	元酯	1
多指症	多	指症	1
多采多姿	多	采多姿	1
多福多壽	多	福多壽	1
多軌錄音	多	軌錄音	1
多國企業	多	國企業	1
多明尼加	多	明尼加	1
多頭馬車	多	頭馬車	1
多語教育	多	語教育	1
多重性格	多	重性格	1
多姿多采	多	姿多采	1
多人聊天系統	多	人聊天系統	1
對面	對	面	360360
對不起	對	不起	400595
對於	對	於	502344
對象	對	象	500830
對齊	對	齊	888
對話	對	話	468645
對照	對	照	225020
對方	對	方	500677
對比	對	比	500277
對手	對	手	480610
對應	對	應	385920
對待	對	待	372690
對策	對	策	233750
對付	對	付	233530
對了	對	了	205865
對抗	對	抗	204200
對立	對	立	115555
對稱	對	稱	89705
對聯	對	聯	83480
對準	對	準	69510
對白	對	白	60805
對講機	對	講機	49855
對焦	對	焦	49255
對峙	對	峙	43580
對上	對	上	42730
對等	對	等	42185
對陣	對	陣	41415
對視	對	視	38195
對岸	對	岸	34885
對子	對	子	34065
對決	對	決	32360
對數	對	數	32060
對流	對	流	30580
對症下藥	對	症下藥	25300
對家	對	家	24435
對開	對	開	23920
對錯	對	錯	23220
對頭	對	頭	23125
對得起	對	得起	21250
對照表	對	照表	16985
對號入座	對	號入座	15010
對光	對	光	13555
對句	對	句	13010
對唱	對	唱	12585
對角線	對	角線	12190
對仗	對	仗	12095
對偶	對	偶	11780
對打	對	打	11760
對門	對	門	11695
對角	對	角	11500
對折	對	折	10160
對壘	對	壘	9745
對弈	對	弈	9625
對路	對	路	9310
對位	對	位	9165
對質	對	質	8400
對答	對	答	8280
對證	對	證	7940
對分	對	分	7915
對勁	對	勁	7870
對調	對	調	7705
對號	對	號	7465
對坐	對	坐	6305
對半	對	半	6015
對簿公堂	對	簿公堂	5690
對換	對	換	5545
對邊	對	邊	4660
對牛彈琴	對	牛彈琴	3540
對答如流	對	答如流	3045
對味	對	味	1390
對嘴	對	嘴	1310
對口相聲	對	口相聲	1190
對襟	對	襟	497
對空射擊	對	空射擊	375
對簿	對	簿	230
對映	對	映	203
對獎	對	獎	1
對保	對	保	1
對筆	對	筆	1
對街	對	街	1
對談	對	談	1
對造	對	造	1
對帳	對	帳	1
對號快車	對	號快車	1
反正	反	正	330675
反共	反	共	12190
反射	反	射	134270
反映	反	映	400450
反覆	反	覆	439175
反複	反	複	439175
反復	反	復	439175
反應	反	應	500440
反對	反	對	500278
反而	反	而	479010
反思	反	思	200825
反抗	反	抗	129375
反之	反	之	113670
反映出	反	映出	109915
反擊	反	擊	108925
反常	反	常	99999
反動	反	動	81160
反感	反	感	76460
反過來	反	過來	75715
反響	反	響	70795
反省	反	省	66770
反向	反	向	66280
反駁	反	駁	65015
反倒	反	倒	60075
反彈	反	彈	51645
反光	反	光	51580
反面	反	面	42215
反問	反	問	40560
反轉	反	轉	32990
反攻	反	攻	32845
反手	反	手	28015
反叛	反	叛	27870
反觀	反	觀	24350
反哺	反	哺	21470
反悔	反	悔	20560
反反覆覆	反	反覆覆	17465
反作用	反	作用	15225
反對者	反	對者	14320
反對派	反	對派	12680
反之亦然	反	之亦然	11300
反方向	反	方向	11255
反撲	反	撲	11150
反光鏡	反	光鏡	10710
反戰	反	戰	10090
反氣旋	反	氣旋	9999
反胃	反	胃	9645
反鎖	反	鎖	8580
反目	反	目	7820
反帝	反	帝	7785
反對黨	反	對黨	7775
反間	反	間	7745
反覆無常	反	覆無常	7235
反派	反	派	7050
反敗為勝	反	敗為勝	6260
反諷	反	諷	6065
反清	反	清	6000
反證	反	證	5835
反制	反	制	5715
反串	反	串	4930
反目成仇	反	目成仇	4820
反作用力	反	作用力	4705
反比例	反	比例	4275
反客為主	反	客為主	4025
反芻	反	芻	3820
反唇相譏	反	唇相譏	3715
反脣相譏	反	脣相譏	3715
反比	反	比	3615
反侵略	反	侵略	2730
反綁	反	綁	1830
反詰	反	詰	1815
反毒	反	毒	1625
反抗軍	反	抗軍	1575
反切	反	切	1365
反求諸己	反	求諸己	1200
反射動作	反	射動作	890
反核	反	核	855
反躬自省	反	躬自省	789
反躬自問	反	躬自問	580
反拍	反	拍	34
反情報	反	情報	1
反動份子	反	動份子	1
反面無情	反	面無情	1
反璞歸真	反	璞歸真	1
年輪	年	輪	13940
年輕人	年	輕人	352635
年齡	年	齡	500590
年代	年	代	500559
年底	年	底	500269
年度	年	度	500550
年級	年	級	217480
年紀	年	紀	191660
年輕	年	輕	500350
年前	年	前	500257
年來	年	來	372410
年初	年	初	306840
年後	年	後	271060
年間	年	間	245670
年限	年	限	200380
年份	年	份	192770
年會	年	會	126815
年年	年	年	109915
年薪	年	薪	99290
年終	年	終	88535
年報	年	報	79375
年下	年	下	78430
年月	年	月	71270
年僅	年	僅	56790
年成	年	成	53615
年鑑	年	鑑	53415
年頭	年	頭	51705
年產量	年	產量	49440
年產值	年	產值	46590
年華	年	華	43540
年老	年	老	40705
年邁	年	邁	35365
年少	年	少	35060
年長	年	長	33670
年幼	年	幼	31815
年金	年	金	30285
年費	年	費	30260
年畫	年	畫	22495
年輕化	年	輕化	21685
年歲	年	歲	18700
年號	年	號	18320
年復一年	年	復一年	16960
年關	年	關	16900
年夜飯	年	夜飯	15200
年數	年	數	13800
年貨	年	貨	13455
年齡層	年	齡層	11900
年率	年	率	11645
年利率	年	利率	11275
年度預算	年	度預算	10685
年菜	年	菜	9999
年節	年	節	9175
年禮	年	禮	8999
年富力強	年	富力強	8855
年終獎金	年	終獎金	8660
年表	年	表	8270
年譜	年	譜	8190
年久失修	年	久失修	7980
年資	年	資	6830
年輕貌美	年	輕貌美	6125
年假	年	假	5630
年尾	年	尾	5485
年輕氣盛	年	輕氣盛	4885
年刊	年	刊	4400
年輕力壯	年	輕力壯	4010
年租	年	租	3890
年事	年	事	3745
年糕	年	糕	3333
年年有餘	年	年有餘	3180
年幼無知	年	幼無知	2790
年夜	年	夜	2740
年息	年	息	2695
年運	年	運	2395
年少氣盛	年	少氣盛	1730
年利	年	利	1222
年市	年	市	1206
年曆	年	曆	1078
年次	年	次	1040
年高德劭	年	高德劭	320
年分	年	分	1
年青	年	青	1
年增率	年	增率	1
年少得志	年	少得志	1
神祕	神	祕	454280
神經	神	經	312445
神奇	神	奇	274485
神仙	神	仙	123700
神聖	神	聖	88930
神宮	神	宮	888
神話	神	話	73755
神谷町	神	谷町	888
神秘	神	秘	454280
神情	神	情	184895
神色	神	色	121910
神州	神	州	76960
神態	神	態	66910
神靈	神	靈	43280
神氣	神	氣	40295
神韻	神	韻	39160
神廟	神	廟	39090
神通	神	通	38645
神父	神	父	37355
神學	神	學	36285
神農	神	農	35725
神器	神	器	33675
神功	神	功	30790
神力	神	力	28625
神明	神	明	28015
神經衰弱	神	經衰弱	25835
神像	神	像	24620
神經病	神	經病	24100
神童	神	童	23720
神采	神	采	19195
神兵	神	兵	18505
神經質	神	經質	17345
神往	神	往	15950
神遊	神	遊	14775
神醫	神	醫	14705
神志	神	志	14390
神女	神	女	14185
神速	神	速	14095
神采飛揚	神	采飛揚	12925
神智	神	智	12275
神勇	神	勇	12265
神戶	神	戶	10665
神木	神	木	10460
神社	神	社	10410
神曲	神	曲	10315
神魂顛倒	神	魂顛倒	10275
神似	神	似	10020
神經痛	神	經痛	9730
神壇	神	壇	9230
神采奕奕	神	采奕奕	9220
神出鬼沒	神	出鬼沒	8430
神經中樞	神	經中樞	8430
神將	神	將	7705
神經科	神	經科	6955
神農氏	神	農氏	6810
神算	神	算	6460
神龕	神	龕	6455
神機妙算	神	機妙算	6020
神祇	神	祇	5685
神位	神	位	4795
神來之筆	神	來之筆	4670
神經過敏	神	經過敏	4600
神學院	神	學院	4465
神智不清	神	智不清	4415
神槍手	神	槍手	4040
神秘性	神	秘性	3600
神效	神	效	3440
神射手	神	射手	2970
神意	神	意	2910
神交	神	交	2705
神不知鬼不覺	神	不知鬼不覺	1800
神職	神	職	1780
神色自若	神	色自若	1175
神怪	神	怪	1111
神妙	神	妙	1111
神荼鬱壘	神	荼鬱壘	395
神不守舍	神	不守舍	51
神案	神	案	1
神恩	神	恩	1
神岡	神	岡	1
神轎	神	轎	1
神差鬼使	神	差鬼使	1
神遊太虛	神	遊太虛	1
前面	前	面	500340
前進	前	進	346465
前往	前	往	500250
前後	前	後	438715
前來	前	來	381010
前提	前	提	337125
前期	前	期	314540
前景	前	景	265230
前款	前	款	244070
前者	前	者	231360
前所未有	前	所未有	152355
前方	前	方	149365
前途	前	途	147000
前輩	前	輩	135730
前沿	前	沿	126495
前台	前	台	123765
前端	前	端	110995
前列腺	前	列腺	104600
前衛	前	衛	90975
前鋒	前	鋒	88875
前夕	前	夕	83835
前言	前	言	82920
前線	前	線	78080
前身	前	身	75445
前天	前	天	64265
前世	前	世	61530
前人	前	人	59740
前瞻性	前	瞻性	47740
前任	前	任	46165
前述	前	述	45880
前程	前	程	42740
前瞻	前	瞻	37185
前日	前	日	37010
前年	前	年	35095
前門	前	門	32760
前邊	前	邊	31460
前奏	前	奏	25800
前妻	前	妻	25025
前頭	前	頭	23395
前額	前	額	22160
前生	前	生	20220
前夜	前	夜	20105
前傾	前	傾	19850
前晚	前	晚	17710
前夫	前	夫	16840
前驅	前	驅	16715
前緣	前	緣	13545
前茅	前	茅	12735
前兆	前	兆	12360
前因	前	因	11525
前功盡棄	前	功盡棄	11520
前車之鑑	前	車之鑑	10100
前肢	前	肢	9535
前因後果	前	因後果	7995
前導	前	導	7675
前仆後繼	前	仆後繼	7265
前科	前	科	7010
前哨	前	哨	6810
前院	前	院	6230
前鎮	前	鎮	5690
前塵	前	塵	5345
前程似錦	前	程似錦	4560
前奏曲	前	奏曲	4470
前呼後擁	前	呼後擁	3830
前例	前	例	3680
前蹄	前	蹄	2655
前嫌	前	嫌	2245
前塵往事	前	塵往事	2180
前所未聞	前	所未聞	1895
前情	前	情	1835
前所未見	前	所未見	1776
前廳	前	廳	1648
前漢	前	漢	1540
前思後想	前	思後想	990
前代	前	代	965
前哨站	前	哨站	690
前倨後恭	前	倨後恭	485
前置詞	前	置詞	350
前後任	前	後任	1
前意識	前	意識	1
前進防衛	前	進防衛	1
前級擴大機	前	級擴大機	1
火車	火	車	297820
火雞肉	火	雞肉	888
火雞	火	雞	17705
火鍋	火	鍋	324863
火箭	火	箭	194055
火星	火	星	106240
火腿	火	腿	49575
火車站	火	車站	249385
火焰	火	焰	169335
火熱	火	熱	95160
火花	火	花	84295
火車票	火	車票	74430
火山	火	山	70055
火力	火	力	70015
火炬	火	炬	60080
火燒	火	燒	50330
火柴	火	柴	45440
火光	火	光	39655
火炮	火	炮	36655
火辣	火	辣	33740
火把	火	把	30215
火候	火	候	29940
火龍	火	龍	29845
火氣	火	氣	23980
火化	火	化	23840
火藥	火	藥	23415
火速	火	速	23050
火線	火	線	20575
火災	火	災	19725
火勢	火	勢	19160
火種	火	種	19090
火警	火	警	18875
火場	火	場	18740
火苗	火	苗	17125
火上	火	上	16245
火海	火	海	15425
火紅	火	紅	14795
火車頭	火	車頭	13605
火神	火	神	13305
火堆	火	堆	12430
火器	火	器	11360
火山口	火	山口	10425
火爆	火	爆	9999
火葬	火	葬	9515
火中	火	中	8650
火拼	火	拼	8640
火藥味	火	藥味	8420
火冒三丈	火	冒三丈	7905
火眼金睛	火	眼金睛	7520
火坑	火	坑	7480
火大	火	大	7245
火力發電廠	火	力發電廠	7075
火力發電	火	力發電	6230
火柴盒	火	柴盒	6190
火盆	火	盆	5855
火葬場	火	葬場	5560
火併	火	併	4475
火舌	火	舌	4330
火山灰	火	山灰	3940
火辣辣	火	辣辣	3900
火輪	火	輪	3775
火樹銀花	火	樹銀花	2900
火爐	火	爐	2371
火網	火	網	2125
火山島	火	山島	2120
火成岩	火	成岩	2080
火鉗	火	鉗	1710
火急	火	急	1705
火災保險	火	災保險	1635
火燭	火	燭	1515
火燒眉毛	火	燒眉毛	980
火石	火	石	845
火星塞	火	星塞	790
火藥庫	火	藥庫	785
火籠	火	籠	395
火巷	火	巷	345
火上加油	火	上加油	296
火燒島	火	燒島	9
火砲	火	砲	1
火傘	火	傘	1
火傷	火	傷	1
火燄	火	燄	1
連接	連	接	500775
連結	連	結	1
連續	連	續	500549
連鎖	連	鎖	277200
連忙	連	忙	179580
連載	連	載	178315
連鎖店	連	鎖店	113555
連同	連	同	104490
連連	連	連	99999
連線	連	線	94510
連續劇	連	續劇	91240
連雲港	連	雲港	88985
連長	連	長	52295
連續性	連	續性	50825
連環	連	環	45465
連帶	連	帶	43555
連年	連	年	43370
連夜	連	夜	41975
連帶責任	連	帶責任	38280
連貫	連	貫	35250
連通	連	通	34045
連接線	連	接線	30645
連綿	連	綿	28910
連成	連	成	28590
連隊	連	隊	28525
連勝	連	勝	26690
連接起來	連	接起來	26500
連上	連	上	24905
連連看	連	連看	24520
連任	連	任	21490
連天	連	天	20825
連日	連	日	19235
連累	連	累	18715
連串	連	串	14775
連發	連	發	13055
連鎖反應	連	鎖反應	12400
連貫性	連	貫性	11935
連詞	連	詞	10900
連號	連	號	10730
連敗	連	敗	10240
連續不斷	連	續不斷	9910
連身	連	身	9235
連篇	連	篇	7730
連起來	連	起來	7525
連理	連	理	6700
連坐	連	坐	4875
連番	連	番	4665
連名	連	名	4575
連聲	連	聲	4520
連珠炮	連	珠炮	4195
連根拔起	連	根拔起	4035
連橫	連	橫	3855
連篇累牘	連	篇累牘	3640
連射	連	射	3580
連選連任	連	選連任	3465
連江縣	連	江縣	3075
連環計	連	環計	1865
連本帶利	連	本帶利	1810
連環套	連	環套	1805
連莊	連	莊	1710
連署	連	署	1430
連續犯	連	續犯	1150
連綴	連	綴	365
連戰皆捷	連	戰皆捷	335
連作	連	作	56
連合	連	合	1
連城	連	城	1
連繫	連	繫	1
連絡	連	絡	1
連袂	連	袂	1
連手	連	手	1
連記法	連	記法	1
連結車	連	結車	1
連鎖性	連	鎖性	1
連想到	連	想到	1
連成一氣	連	成一氣	1
連帶處分	連	帶處分	1
連環圖畫	連	環圖畫	1
連鎖運作	連	鎖運作	1
連外道路	連	外道路	1
連線作業	連	線作業	1
連續假日	連	續假日	1
失敗	失	敗	500281
失眠	失	眠	113050
失禁	失	禁	1
失望	失	望	223155
失業	失	業	164255
失蹤	失	蹤	166855
失去	失	去	493455
失誤	失	誤	483090
失效	失	效	195450
失落	失	落	121790
失業保險	失	業保險	84750
失控	失	控	66230
失戀	失	戀	63235
失真	失	真	55120
失職	失	職	44745
失利	失	利	44480
失調	失	調	44355
失意	失	意	41155
失靈	失	靈	32665
失信	失	信	30030
失明	失	明	28435
失聲	失	聲	22585
失手	失	手	22550
失掉	失	掉	21550
失神	失	神	21075
失傳	失	傳	20095
失常	失	常	19720
失身	失	身	18490
失血	失	血	16450
失禮	失	禮	15800
失守	失	守	15750
失主	失	主	14670
失態	失	態	14600
失竊	失	竊	14235
失足	失	足	14220
失散	失	散	12685
失實	失	實	11445
失地	失	地	10850
失色	失	色	10345
失之交臂	失	之交臂	10190
失事	失	事	10065
失魂落魄	失	魂落魄	9915
失火	失	火	9555
失笑	失	笑	8710
失當	失	當	8295
失學	失	學	7885
失勢	失	勢	7553
失序	失	序	7270
失卻	失	卻	6885
失業者	失	業者	6380
失而復得	失	而復得	6185
失眠症	失	眠症	6100
失約	失	約	6040
失察	失	察	5950
失言	失	言	5720
失寵	失	寵	5370
失和	失	和	5350
失於	失	於	5205
失敬	失	敬	5140
失策	失	策	5100
失陷	失	陷	5050
失聰	失	聰	4595
失物	失	物	4290
失修	失	修	3870
失算	失	算	3820
失德	失	德	2895
失陪	失	陪	2665
失憶症	失	憶症	2220
失語症	失	語症	1525
失法	失	法	1500
失據	失	據	605
失怙	失	怙	545
失檢	失	檢	215
失款	失	款	70
失措	失	措	37
失慎	失	慎	1
失查	失	查	1
失計	失	計	1
失恃	失	恃	1
失土	失	土	1
失業救助	失	業救助	1
女兒	女	兒	99999
女人	女	人	500957
女生	女	生	441040
女孩	女	孩	500470
女性	女	性	500651
女友	女	友	216245
女裝	女	裝	108570
女婿	女	婿	46210
女子	女	子	500340
女士	女	士	472350
女孩子	女	孩子	319465
女朋友	女	朋友	204030
女神	女	神	97100
女主角	女	主角	84320
女王	女	王	82520
女郎	女	郎	74950
女星	女	星	46195
女工	女	工	36565
女演員	女	演員	35455
女孩兒	女	孩兒	34490
女人味	女	人味	29535
女巫	女	巫	28390
女主人	女	主人	27765
女兵	女	兵	23245
女童	女	童	22895
女皇	女	皇	21240
女用	女	用	19130
女作家	女	作家	18120
女嬰	女	嬰	16035
女強人	女	強人	15495
女鞋	女	鞋	15465
女性化	女	性化	12640
女伴	女	伴	12595
女僕	女	僕	12585
女真	女	真	12010
女秘書	女	秘書	11740
女佣	女	佣	11230
女傭	女	傭	11230
女色	女	色	9610
女警	女	警	9510
女將	女	將	7955
女權	女	權	7900
女性主義	女	性主義	7270
女高音	女	高音	6445
女中	女	中	6275
女校	女	校	4400
女傑	女	傑	4145
女紅	女	紅	4125
女弟子	女	弟子	3990
女奴	女	奴	3650
女師	女	師	3315
女犯	女	犯	3170
女眷	女	眷	3165
女侍	女	侍	3035
女畫家	女	畫家	2660
女中豪傑	女	中豪傑	2325
女流	女	流	2265
女店員	女	店員	2170
女兒牆	女	兒牆	1915
女權運動	女	權運動	1720
女中音	女	中音	1460
女傭人	女	傭人	1345
女王蜂	女	王蜂	1305
女房東	女	房東	1175
女公子	女	公子	725
女議員	女	議員	620
女大不中留	女	大不中留	570
女青年會	女	青年會	450
女儐相	女	儐相	385
女家長	女	家長	230
女為悅己者容	女	為悅己者容	99
女高	女	高	2
女丑	女	丑	1
女廚	女	廚	1
女弟	女	弟	1
女兒身	女	兒身	1
女聯會	女	聯會	1
女童軍	女	童軍	1
女娃兒	女	娃兒	1
女性節目	女	性節目	1
女人心海底針	女	人心海底針	1
好的。	好	的。	888
好棒。	好	棒。	888
好市多	好	市多	888
好像	好	像	500361
好笑	好	笑	59110
好看	好	看	190700
好好	好	好	888
好吃	好	吃	137655
好玩	好	玩	130545
好用	好	用	72805
好處	好	處	356080
好多	好	多	270260
好評	好	評	239925
好事	好	事	177930
好朋友	好	朋友	140940
好在	好	在	136590
好奇	好	奇	134510
好人	好	人	124460
好萊塢	好	萊塢	106570
好不容易	好	不容易	98450
好聽	好	聽	91240
好久	好	久	91185
好感	好	感	85845
好幾	好	幾	80190
好奇心	好	奇心	75205
好運	好	運	71575
好似	好	似	71315
好心	好	心	63085
好些	好	些	61340
好不	好	不	52865
好比	好	比	51300
好說	好	說	45675
好歹	好	歹	43690
好色	好	色	42925
好學	好	學	38660
好過	好	過	36930
好漢	好	漢	32735
好手	好	手	30210
好意思	好	意思	30045
好意	好	意	29975
好動	好	動	20735
好受	好	受	18225
好強	好	強	18185
好惡	好	惡	15550
好客	好	客	15365
好容易	好	容易	14825
好逸惡勞	好	逸惡勞	10790
好勝	好	勝	10545
好極了	好	極了	9990
好天氣	好	天氣	9485
好端端	好	端端	9325
好傢伙	好	傢伙	9055
好戰	好	戰	8265
好人好事	好	人好事	8080
好高騖遠	好	高騖遠	7690
好險	好	險	7190
好望角	好	望角	6580
好寫	好	寫	6160
好生	好	生	6135
好字	好	字	6125
好球	好	球	6095
好轉	好	轉	6050
好吃懶做	好	吃懶做	5805
好大喜功	好	大喜功	5690
好自為之	好	自為之	5230
好事多磨	好	事多磨	4480
好好先生	好	好先生	3220
好整以暇	好	整以暇	3220
好死	好	死	2765
好言相勸	好	言相勸	2750
好惹	好	惹	2145
好馬不吃回頭草	好	馬不吃回頭草	1915
好生之德	好	生之德	1640
好彩頭	好	彩頭	1085
好學不倦	好	學不倦	1070
好心沒好報	好	心沒好報	885
好勇鬥狠	好	勇鬥狠	209
好球帶	好	球帶	1
好景不常	好	景不常	1
好學專輯	好	學專輯	1
好漢不怕出身低	好	漢不怕出身低	1
空檔	空	檔	6666
空間	空	間	501174
空港	空	港	888
空調	空	調	500329
空氣	空	氣	500287
空中	空	中	252265
空白	空	白	228495
空軍	空	軍	139605
空前	空	前	115280
空缺	空	缺	96900
空虛	空	虛	65820
空洞	空	洞	58280
空閒	空	閒	57230
空運	空	運	50765
空地	空	地	50645
空心	空	心	43835
空曠	空	曠	39880
空蕩蕩	空	蕩蕩	28400
空氣汙染	空	氣汙染	26455
空靈	空	靈	25780
空話	空	話	25330
空襲	空	襲	24995
空戰	空	戰	21690
空降	空	降	20620
空談	空	談	18220
空手	空	手	17750
空想	空	想	16455
空位	空	位	15555
空手道	空	手道	14745
空無一人	空	無一人	13695
空間感	空	間感	13130
空有	空	有	12995
空氣流通	空	氣流通	12990
空中樓閣	空	中樓閣	10795
空空如也	空	空如也	10565
空無	空	無	9805
空蕩	空	蕩	9570
空軍基地	空	軍基地	9560
空穴來風	空	穴來風	9420
空難	空	難	9195
空前絕後	空	前絕後	9115
空泛	空	泛	8920
空投	空	投	8865
空門	空	門	8180
空轉	空	轉	8050
空心菜	空	心菜	7730
空瓶	空	瓶	7510
空城	空	城	6560
空城計	空	城計	5135
空頭支票	空	頭支票	4810
空隙	空	隙	4738
空闊	空	闊	4315
空中飛人	空	中飛人	4130
空等	空	等	3895
空中纜車	空	中纜車	3333
空屋	空	屋	2990
空降部隊	空	降部隊	2620
空言	空	言	2500
空防	空	防	2465
空閨	空	閨	2222
空歡喜	空	歡喜	2155
空架子	空	架子	1975
空手而回	空	手而回	1745
空費	空	費	1135
空口無憑	空	口無憑	955
空額	空	額	760
空濛	空	濛	720
空頭	空	頭	336
空軍醫院	空	軍醫院	305
空襲警報	空	襲警報	117
空地稅	空	地稅	42
空窗期	空	窗期	1
空屋率	空	屋率	1
空下來	空	下來	1
空軍官校	空	軍官校	1
空難事件	空	難事件	1
空中大學	空	中大學	1
空中夫妻	空	中夫妻	1
空中交易	空	中交易	1
空中學校	空	中學校	1
空中造雨	空	中造雨	1
主人	主	人	500256
主張	主	張	427065
主要	主	要	502167
主題	主	題	501909
主動	主	動	500453
主體	主	體	500389
主管	主	管	500317
主持	主	持	500303
主機	主	機	500279
主辦	主	辦	500255
主席	主	席	478947
主持人	主	持人	475590
主流	主	流	405520
主演	主	演	328055
主編	主	編	300255
主力	主	力	259030
主導	主	導	244220
主角	主	角	242730
主觀	主	觀	182690
主講	主	講	132870
主意	主	意	126295
主權	主	權	83860
主宰	主	宰	73965
主管機關	主	管機關	72555
主幹	主	幹	63030
主旨	主	旨	52365
主治	主	治	49205
主唱	主	唱	40760
主食	主	食	39765
主教	主	教	37730
主峰	主	峰	37690
主義	主	義	36305
主席團	主	席團	34475
主帥	主	帥	33095
主任委員	主	任委員	31535
主控	主	控	30295
主任	主	任	30047
主考官	主	考官	29220
主人翁	主	人翁	28430
主見	主	見	28030
主婦	主	婦	26790
主播	主	播	22725
主修	主	修	21115
主和	主	和	14725
主機板	主	機板	12965
主辦者	主	辦者	12870
主菜	主	菜	12705
主事	主	事	12690
主客	主	客	12340
主犯	主	犯	10815
主從	主	從	9885
主審	主	審	7795
主筆	主	筆	7775
主謀	主	謀	6845
主顧	主	顧	6315
主祭	主	祭	6305
主腦	主	腦	6265
主戰	主	戰	5895
主攻	主	攻	5435
主政	主	政	5015
主位	主	位	4715
主辦權	主	辦權	4135
主軸	主	軸	3798
主使	主	使	3470
主因	主	因	2975
主日	主	日	2655
主將	主	將	1921
主婚	主	婚	1820
主掌	主	掌	1760
主力艦	主	力艦	1510
主事者	主	事者	1335
主治大夫	主	治大夫	1205
主日學	主	日學	545
主計處	主	計處	510
主稿	主	稿	300
主計	主	計	1
主委	主	委	1
主嫌	主	嫌	1
主計長	主	計長	1
主計室	主	計室	1
山東	山	東	500455
山區	山	區	193405
山莊	山	莊	156070
山東省	山	東省	445360
山西	山	西	439850
山水	山	水	223370
山西省	山	西省	207755
山路	山	路	119015
山頂	山	頂	112855
山地	山	地	91175
山谷	山	谷	82365
山峰	山	峰	81170
山林	山	林	73750
山脈	山	脈	70405
山村	山	村	58790
山川	山	川	53360
山坡	山	坡	52755
山頭	山	頭	49735
山洞	山	洞	49025
山楂	山	楂	41330
山羊	山	羊	41215
山門	山	門	37900
山河	山	河	37460
山城	山	城	33110
山腳	山	腳	30020
山風	山	風	27935
山水畫	山	水畫	27365
山寨	山	寨	26815
山崖	山	崖	24130
山歌	山	歌	24050
山麓	山	麓	22485
山嶺	山	嶺	22425
山巒	山	巒	22280
山脊	山	脊	21415
山腰	山	腰	21050
山道	山	道	19825
山丘	山	丘	19615
山姆	山	姆	16710
山溝	山	溝	16595
山洪	山	洪	16170
山神	山	神	13675
山貓	山	貓	13655
山岳	山	岳	12695
山嶽	山	嶽	12695
山巔	山	巔	10775
山岩	山	岩	10625
山珍海味	山	珍海味	8685
山坳	山	坳	8155
山窮水盡	山	窮水盡	6115
山崩	山	崩	5490
山徑	山	徑	4415
山野	山	野	3413
山豬	山	豬	3365
山光水色	山	光水色	3290
山明水秀	山	明水秀	2790
山勢	山	勢	2697
山人	山	人	2616
山雨欲來	山	雨欲來	2615
山嵐	山	嵐	2540
山崩地裂	山	崩地裂	2455
山頂洞人	山	頂洞人	2360
山高水長	山	高水長	2260
山重水複	山	重水複	2000
山澗	山	澗	1416
山難	山	難	999
山隘	山	隘	970
山鼠	山	鼠	845
山系	山	系	608
山胞	山	胞	380
山人自有妙計	山	人自有妙計	169
山茶	山	茶	157
山居	山	居	78
山搖地動	山	搖地動	72
山金	山	金	1
山崎	山	崎	1
山崗	山	崗	1
山友	山	友	1
山地舞	山	地舞	1
山老鼠	山	老鼠	1
山坡地	山	坡地	1
成功	成	功	501106
成為	成	為	501999
成田	成	田	888
成就	成	就	500253
成就感	成	就感	61420
成本	成	本	500769
成績	成	績	500639
成員	成	員	500571
成立	成	立	500565
成都	成	都	500464
成果	成	果	500453
成熟	成	熟	500397
成長	成	長	500392
成分	成	分	446075
成人	成	人	392220
成交	成	交	370795
成效	成	效	297040
成品	成	品	204400
成千上萬	成	千上萬	123130
成年	成	年	119420
成交量	成	交量	109730
成年人	成	年人	86235
成敗	成	敗	79845
成員國	成	員國	79350
成人教育	成	人教育	74855
成語	成	語	70850
成名	成	名	67595
成形	成	形	66865
成績單	成	績單	54630
成因	成	因	50185
成了	成	了	50049
成功者	成	功者	49470
成天	成	天	40470
成色	成	色	37315
成全	成	全	36380
成吉思汗	成	吉思汗	35610
成衣	成	衣	35370
成群	成	群	32665
成家	成	家	25685
成文	成	文	22035
成蟲	成	蟲	19370
成事	成	事	17850
成親	成	親	17060
成材	成	材	16425
成問題	成	問題	15720
成大	成	大	15525
成見	成	見	15060
成婚	成	婚	12645
成雙	成	雙	12540
成群結隊	成	群結隊	12515
成千	成	千	11510
成藥	成	藥	11395
成數	成	數	9285
成長率	成	長率	6805
成蔭	成	蔭	6780
成堆	成	堆	6760
成章	成	章	6455
成家立業	成	家立業	6160
成日	成	日	5980
成串	成	串	5375
成竹在胸	成	竹在胸	5100
成氣候	成	氣候	4465
成器	成	器	4320
成規	成	規	3840
成人之美	成	人之美	2270
成對	成	對	1836
成事不足	成	事不足	1635
成年累月	成	年累月	1275
成擒	成	擒	1065
成命	成	命	840
成行	成	行	253
成仁	成	仁	53
成份	成	份	1
成福	成	福	1
成功嶺	成	功嶺	1
成年禮	成	年禮	1
成功大學	成	功大學	1
成仁取義	成	仁取義	1
成事不足，敗事有餘	成	事不足，敗事有餘	1
收到	收	到	500488
收購	收	購	2083165
收入	收	入	500716
收藏	收	藏	500562
收費	收	費	500454
收取	收	取	500335
收集	收	集	500331
收益	收	益	500314
收獲	收	獲	368110
收穫	收	穫	368110
收錄	收	錄	246830
收回	收	回	237655
收縮	收	縮	172160
收拾	收	拾	134565
收支	收	支	107920
收款	收	款	96540
收看	收	看	94330
收發	收	發	93860
收音機	收	音機	93745
收據	收	據	84600
收貨	收	貨	76285
收盤	收	盤	69565
收聽	收	聽	66475
收養	收	養	64575
收斂	收	斂	60950
收視率	收	視率	45530
收藏家	收	藏家	37200
收件人	收	件人	36460
收下	收	下	33865
收割	收	割	30600
收錢	收	錢	30070
收買	收	買	30000
收留	收	留	24860
收件	收	件	24725
收場	收	場	23270
收納	收	納	22490
收尾	收	尾	22085
收成	收	成	21095
收容	收	容	20810
收效	收	效	17005
收工	收	工	11995
收支平衡	收	支平衡	11800
收編	收	編	9925
收服	收	服	9855
收歸	收	歸	9805
收手	收	手	9250
收進	收	進	9165
收復	收	復	8888
收割機	收	割機	8335
收齊	收	齊	7870
收受	收	受	7557
收放	收	放	6570
收租	收	租	5975
收禮	收	禮	5890
收放自如	收	放自如	5745
收存	收	存	5525
收兵	收	兵	5520
收條	收	條	5375
收視	收	視	5261
收容所	收	容所	4450
收訖	收	訖	4305
收心	收	心	3415
收銀機	收	銀機	3275
收押	收	押	3270
收發室	收	發室	3210
收歸國有	收	歸國有	2775
收攤	收	攤	2440
收執	收	執	2140
收聽到	收	聽到	1660
收縮到	收	縮到	1215
收殮	收	殮	1025
收下來	收	下來	825
收錄音機	收	錄音機	680
收音	收	音	317
收賄	收	賄	1
收驚	收	驚	1
收歛	收	歛	1
收帳	收	帳	1
收攬人心	收	攬人心	1
美國	美	國	864762
美麗	美	麗	500559
美元	美	元	500504
美術	美	術	371290
美食街	美	食街	888
美好	美	好	427090
美女	美	女	500368
美容	美	容	438405
美觀	美	觀	220010
美食	美	食	171695
美人	美	人	141075
美國人	美	國人	140025
美妙	美	妙	137105
美學	美	學	133105
美化	美	化	129390
美金	美	金	120500
美景	美	景	116150
美味	美	味	106360
美容院	美	容院	81410
美德	美	德	73405
美洲	美	洲	70545
美譽	美	譽	69610
美術館	美	術館	67005
美工	美	工	49520
美貌	美	貌	46935
美酒	美	酒	43365
美滿	美	滿	39040
美式	美	式	35410
美方	美	方	32650
美容師	美	容師	32570
美夢	美	夢	29970
美術家	美	術家	27200
美艷	美	艷	26245
美豔	美	豔	26245
美人魚	美	人魚	23885
美育	美	育	21345
美色	美	色	20505
美不勝收	美	不勝收	19620
美名	美	名	18570
美展	美	展	17900
美分	美	分	17400
美中不足	美	中不足	15560
美軍	美	軍	14881
美玉	美	玉	14390
美醜	美	醜	13550
美聯社	美	聯社	11645
美籍	美	籍	10465
美感	美	感	9139
美人計	美	人計	8220
美輪美奐	美	輪美奐	8105
美夢成真	美	夢成真	8095
美商	美	商	8015
美男子	美	男子	6975
美事	美	事	6950
美術界	美	術界	6870
美利堅	美	利堅	6840
美製	美	製	6666
美意	美	意	6390
美術品	美	術品	4360
美姿	美	姿	3980
美國之音	美	國之音	3930
美言	美	言	3400
美鈔	美	鈔	3370
美談	美	談	3350
美式足球	美	式足球	2410
美髮	美	髮	1379
美加	美	加	1063
美援	美	援	820
美眷	美	眷	570
美其名	美	其名	111
美才	美	才	19
美勞	美	勞	1
美濃	美	濃	1
美僑	美	僑	1
美善	美	善	1
美質	美	質	1
美的冒泡	美	的冒泡	1
美人胚子	美	人胚子	1
美國總統報復權	美	國總統報復權	1
同事	同	事	417790
同意	同	意	500560
同音	同	音	888
同學	同	學	500624
同步	同	步	498870
同時	同	時	503344
同樣	同	樣	500794
同期	同	期	313025
同行	同	行	292720
同類	同	類	275760
同等	同	等	161310
同情	同	情	138705
同伴	同	伴	123920
同居	同	居	85905
同胞	同	胞	84615
同盟	同	盟	76050
同仁	同	仁	74540
同性戀	同	性戀	62225
同名	同	名	55350
同業	同	業	53495
同心	同	心	45385
同理	同	理	33420
同鄉	同	鄉	31810
同情心	同	情心	26720
同感	同	感	26560
同種	同	種	24560
同化	同	化	22530
同鄉會	同	鄉會	22280
同夥	同	夥	20850
同門	同	門	20285
同樂	同	樂	19390
同道	同	道	18465
同房	同	房	16160
同學錄	同	學錄	15720
同心同德	同	心同德	15600
同志	同	志	15043
同位素	同	位素	14640
同心協力	同	心協力	13980
同僚	同	僚	13145
同好	同	好	12900
同班	同	班	12705
同窗	同	窗	11560
同學會	同	學會	10840
同甘共苦	同	甘共苦	10580
同業公會	同	業公會	10295
同舟共濟	同	舟共濟	10235
同盟會	同	盟會	9765
同輩	同	輩	9165
同病相憐	同	病相憐	6490
同校	同	校	6460
同流合汙	同	流合汙	6045
同仇敵愾	同	仇敵愾	5655
同工同酬	同	工同酬	5545
同盟國	同	盟國	5530
同聲	同	聲	5195
同路人	同	路人	5175
同心圓	同	心圓	5165
同謀	同	謀	5140
同一	同	一	5003
同日而語	同	日而語	4585
同性	同	性	3934
同治	同	治	3840
同儕	同	儕	3230
同堂	同	堂	3155
同級	同	級	2434
同床異夢	同	床異夢	2390
同室操戈	同	室操戈	1870
同歡	同	歡	1855
同袍	同	袍	1770
同步衛星	同	步衛星	1590
同年	同	年	1567
同意權	同	意權	1085
同等學力	同	等學力	1
同命鳥	同	命鳥	1
同樂會	同	樂會	1
同步錄音	同	步錄音	1
同類相聚	同	類相聚	1
同名之累	同	名之累	1
家樂福	家	樂福	888
家屬	家	屬	199535
家庭	家	庭	500804
家長	家	長	500411
家具	家	具	500352
家族	家	族	500264
家園	家	園	396135
家人	家	人	348935
家電	家	電	316155
家鄉	家	鄉	246165
家用	家	用	203205
家產	家	產	158509
家教	家	教	151595
家庭教育	家	庭教育	84655
家政	家	政	75790
家門	家	門	72000
家禽	家	禽	62515
家務	家	務	50620
家喻戶曉	家	喻戶曉	45675
家境	家	境	33595
家畜	家	畜	31555
家常	家	常	30075
家居	家	居	28998
家事	家	事	27640
家族企業	家	族企業	22925
家法	家	法	21420
家家戶戶	家	家戶戶	21230
家庭主婦	家	庭主婦	21215
家當	家	當	20490
家小	家	小	20310
家譜	家	譜	20135
家長會	家	長會	18595
家常便飯	家	常便飯	17220
家業	家	業	15320
家用電腦	家	用電腦	14230
家傳	家	傳	13660
家世	家	世	13555
家電業	家	電業	11915
家丁	家	丁	11870
家書	家	書	11235
家庭作業	家	庭作業	10520
家父	家	父	9735
家破人亡	家	破人亡	9425
家商	家	商	9280
家宅	家	宅	8820
家風	家	風	8715
家貧	家	貧	8495
家財	家	財	8105
家務事	家	務事	7625
家徒四壁	家	徒四壁	7505
家眷	家	眷	7010
家道	家	道	6700
家齊	家	齊	6620
家信	家	信	5515
家規	家	規	5115
家奴	家	奴	4905
家室	家	室	4865
家計	家	計	3785
家祠	家	祠	3650
家子	家	子	3333
家母	家	母	3165
家財萬貫	家	財萬貫	2960
家醜	家	醜	2830
家道中落	家	道中落	2195
家庭計畫	家	庭計畫	2100
家庭計劃	家	庭計劃	2100
家學淵源	家	學淵源	1570
家賊	家	賊	1300
家嚴	家	嚴	1245
家祭	家	祭	999
家天下	家	天下	999
家家酒	家	家酒	870
家慈	家	慈	335
家俱	家	俱	1
家聲	家	聲	1
家專	家	專	1
家莊	家	莊	1
家庭醫師	家	庭醫師	1
工人	工	人	419250
工作	工	作	506154
工程	工	程	501513
工具	工	具	500964
工坊	工	坊	888
工業	工	業	500661
工作人員	工	作人員	500466
工藝	工	藝	500451
工資	工	資	500416
工程師	工	程師	500303
工廠	工	廠	500268
工商	工	商	282960
工作者	工	作者	249535
工業化	工	業化	232540
工作室	工	作室	231405
工業區	工	業區	192305
工藝品	工	藝品	188835
工作站	工	作站	133515
工業園區	工	業園區	126300
工地	工	地	116490
工夫	工	夫	110835
工業設計	工	業設計	59950
工本費	工	本費	44785
工商業	工	商業	41655
工匠	工	匠	39825
工具書	工	具書	34025
工程部	工	程部	32735
工整	工	整	31640
工時	工	時	31370
工科	工	科	29715
工學院	工	學院	27955
工作會	工	作會	26885
工兵	工	兵	23590
工錢	工	錢	20260
工黨	工	黨	18455
工事	工	事	17645
工業革命	工	業革命	16420
工礦	工	礦	16120
工筆	工	筆	15155
工友	工	友	14915
工場	工	場	14735
工頭	工	頭	11925
工商界	工	商界	11295
工業局	工	業局	11000
工部	工	部	10985
工會	工	會	9999
工作狂	工	作狂	9750
工程處	工	程處	9565
工業界	工	業界	8120
工業社會	工	業社會	7580
工本	工	本	4995
工業國	工	業國	4630
工業國家	工	業國家	3915
工務	工	務	3535
工蜂	工	蜂	3370
工價	工	價	3005
工運	工	運	2850
工聯	工	聯	2265
工務局	工	務局	1680
工讀	工	讀	1630
工學	工	學	1234
工商時報	工	商時報	1205
工潮	工	潮	1180
工讀生	工	讀生	1030
工作權	工	作權	810
工寮	工	寮	1
工職	工	職	1
工專	工	專	1
工地秀	工	地秀	1
工具機	工	具機	1
工研院	工	研院	1
工作天	工	作天	1
工商階級	工	商階級	1
工商社會	工	商社會	1
工業政策	工	業政策	1
工作倫理	工	作倫理	1
工商綜合區	工	商綜合區	1
工欲善其事，必先利其器	工	欲善其事，必先利其器	1
手機	手	機	888
手錶	手	錶	114360
手扶梯	手	扶梯	888
手臂	手	臂	155575
手掌	手	掌	95130
手術	手	術	500290
手段	手	段	500602
手續	手	續	500395
手動	手	動	324385
手冊	手	冊	308720
手指	手	指	302700
手法	手	法	269760
手工	手	工	241920
手下	手	下	146720
手續費	手	續費	136025
手套	手	套	120830
手腕	手	腕	91610
手腳	手	腳	81995
手槍	手	槍	79045
手勢	手	勢	68845
手寫	手	寫	54755
手頭	手	頭	49865
手藝	手	藝	47805
手心	手	心	47440
手足	手	足	44860
手袋	手	袋	41860
手鐲	手	鐲	41170
手帕	手	帕	35840
手提	手	提	30975
手電筒	手	電筒	28535
手忙腳亂	手	忙腳亂	27605
手背	手	背	27355
手工業	手	工業	26820
手語	手	語	26165
手稿	手	稿	25210
手把	手	把	22625
手榴彈	手	榴彈	21840
手工藝品	手	工藝品	20450
手筆	手	筆	18490
手提袋	手	提袋	17385
手印	手	印	16425
手舞足蹈	手	舞足蹈	16115
手指頭	手	指頭	16075
手銬	手	銬	15895
手工藝	手	工藝	15450
手肘	手	肘	15030
手杖	手	杖	13925
手絹	手	絹	13490
手提包	手	提包	13315
手雷	手	雷	13255
手下留情	手	下留情	11210
手書	手	書	10370
手風琴	手	風琴	9425
手推車	手	推車	8900
手巾	手	巾	8530
手球	手	球	8350
手提式	手	提式	8090
手相	手	相	7380
手氣	手	氣	6395
手卷	手	卷	5220
手抄本	手	抄本	5105
手抄	手	抄	4625
手無寸鐵	手	無寸鐵	4495
手到擒來	手	到擒來	4210
手癢	手	癢	4150
手札	手	札	4145
手提箱	手	提箱	3820
手指甲	手	指甲	3465
手諭	手	諭	1770
手不釋卷	手	不釋卷	1740
手紋	手	紋	1185
手足情深	手	足情深	1140
手術房	手	術房	315
手風	手	風	1
手泐	手	泐	1
手則	手	則	1
手語歌	手	語歌	1
手足胼胝	手	足胼胝	1
作什麼？	作	什麼？	888
作用	作	用	501594
作文	作	文	262255
作者	作	者	503455
作為	作	為	502525
作品	作	品	501198
作業	作	業	500344
作家	作	家	338505
作戰	作	戰	295500
作風	作	風	250705
作物	作	物	134210
作弊	作	弊	126905
作曲	作	曲	81080
作法	作	法	70740
作答	作	答	51545
作案	作	案	46820
作坊	作	坊	46045
作廢	作	廢	44600
作詞	作	詞	44060
作曲家	作	曲家	42085
作畫	作	畫	36900
作證	作	證	36095
作響	作	響	30475
作對	作	對	30150
作息	作	息	21285
作圖	作	圖	20580
作罷	作	罷	17330
作秀	作	秀	17200
作詩	作	詩	16175
作祟	作	祟	16170
作假	作	假	14735
作怪	作	怪	12265
作聲	作	聲	10730
作亂	作	亂	9215
作料	作	料	8805
作揖	作	揖	7840
作弄	作	弄	6520
作陪	作	陪	5595
作樂	作	樂	5100
作價	作	價	4684
作嘔	作	嘔	4605
作繭自縛	作	繭自縛	4060
作威作福	作	威作福	3610
作惡多端	作	惡多端	3425
作保	作	保	2455
作業員	作	業員	2440
作踐	作	踐	2025
作態	作	態	1610
作壁上觀	作	壁上觀	1482
作奸犯科	作	奸犯科	1470
作姦犯科	作	姦犯科	1470
作梗	作	梗	1315
作嫁	作	嫁	540
作古	作	古	370
作業簿	作	業簿	370
作法自斃	作	法自斃	245
作客	作	客	2
作伴	作	伴	1
作成	作	成	1
作出	作	出	1
作到	作	到	1
作東	作	東	1
作多	作	多	1
作工	作	工	1
作好	作	好	1
作夢	作	夢	1
作人	作	人	1
作事	作	事	1
作主	作	主	1
作莊	作	莊	1
作筆記	作	筆記	1
作生意	作	生意	1
作手腳	作	手腳	1
作月子	作	月子	1
作詩填詞	作	詩填詞	1
作育英才	作	育英才	1
作賊心虛	作	賊心虛	1
原來	原	來	500720
原本	原	本	371535
原因	原	因	501103
原則	原	則	501014
原理	原	理	500302
原料	原	料	500284
原始	原	始	357720
原價	原	價	342180
原件	原	件	336510
原告	原	告	300900
原材料	原	材料	264220
原作者	原	作者	248915
原文	原	文	217050
原先	原	先	161255
原裝	原	裝	150150
原諒	原	諒	101435
原版	原	版	92875
原子	原	子	89185
原名	原	名	84200
原是	原	是	71605
原地	原	地	64810
原型	原	型	63825
原著	原	著	51655
原作	原	作	50460
原定	原	定	44255
原有	原	有	38493
原子彈	原	子彈	35465
原木	原	木	31345
原野	原	野	30405
原籍	原	籍	26030
原位	原	位	25195
原稿	原	稿	24450
原來如此	原	來如此	24145
原動力	原	動力	23955
原形	原	形	21875
原路	原	路	21380
原則性	原	則性	21360
原樣	原	樣	20625
原味	原	味	20100
原色	原	色	19315
原貌	原	貌	19210
原處	原	處	16120
原子核	原	子核	16000
原配	原	配	15705
原罪	原	罪	15245
原委	原	委	14600
原物	原	物	14175
原狀	原	狀	14050
原油	原	油	12697
原住民	原	住民	11685
原子能	原	子能	11395
原主	原	主	9810
原液	原	液	9295
原封不動	原	封不動	9285
原音	原	音	9005
原汁	原	汁	8710
原始人	原	始人	7815
原任	原	任	7420
原原本本	原	原本本	7405
原班人馬	原	班人馬	6085
原地踏步	原	地踏步	5790
原職	原	職	4930
原人	原	人	4470
原形畢露	原	形畢露	4450
原案	原	案	3405
原子量	原	子量	2975
原點	原	點	2905
原子筆	原	子筆	2830
原意	原	意	2674
原棉	原	棉	2340
原質	原	質	691
原子序	原	子序	525
原璧歸趙	原	璧歸趙	3
原故	原	故	1
原擬	原	擬	1
原由	原	由	1
原形質	原	形質	1
名字	名	字	500458
名稱	名	稱	501589
名單	名	單	434590
名鉄	名	鉄	888
名義	名	義	339605
名為	名	為	327025
名牌	名	牌	240680
名人	名	人	229485
名片	名	片	213860
名錄	名	錄	207945
名叫	名	叫	167175
名詞	名	詞	143235
名家	名	家	122875
名師	名	師	119535
名額	名	額	117970
名譽	名	譽	98560
名次	名	次	92960
名聲	名	聲	87650
名列	名	列	83325
名氣	名	氣	74805
名貴	名	貴	60930
名副其實	名	副其實	53750
名將	名	將	51740
名言	名	言	50400
名著	名	著	49120
名勝古蹟	名	勝古蹟	47191
名城	名	城	46945
名號	名	號	45470
名山	名	山	43060
名利	名	利	42470
名列前茅	名	列前茅	40935
名醫	名	醫	38030
名下	名	下	35010
名勝	名	勝	34895
名冊	名	冊	31085
名流	名	流	30305
名堂	名	堂	22865
名士	名	士	22260
名目	名	目	21650
名門	名	門	21215
名不虛傳	名	不虛傳	20236
名句	名	句	19960
名曲	名	曲	17950
名望	名	望	15185
名正言順	名	正言順	14990
名不見經傳	名	不見經傳	12910
名分	名	分	11475
名儒	名	儒	9999
名存實亡	名	存實亡	8130
名嘴	名	嘴	8070
名犬	名	犬	7605
名媛	名	媛	5915
名不副實	名	不副實	5815
名兒	名	兒	5230
名列榜首	名	列榜首	5080
名節	名	節	4850
名揚四海	名	揚四海	4760
名花有主	名	花有主	4685
名角	名	角	4670
名位	名	位	4380
名產	名	產	4030
名落孫山	名	落孫山	4020
名手	名	手	3440
名滿天下	名	滿天下	3425
名實	名	實	3405
名諱	名	諱	3145
名伶	名	伶	2940
名噪一時	名	噪一時	2765
名垂青史	名	垂青史	2325
名簿	名	簿	1195
名師出高徒	名	師出高徒	1185
名實相符	名	實相符	1000
名韁利鎖	名	韁利鎖	335
名士派	名	士派	115
名數	名	數	1
名份	名	份	1
名姝	名	姝	1
放假	放	假	78710
放在	放	在	888
放鬆	放	鬆	323530
放棄	放	棄	500343
放心	放	心	448735
放入	放	入	363050
放到	放	到	265015
放大	放	大	264800
放下	放	下	218350
放行	放	行	149895
放開	放	開	136860
放過	放	過	99675
放進	放	進	98790
放射性	放	射性	94480
放映	放	映	82590
放手	放	手	81095
放出	放	出	80750
放寬	放	寬	80090
放電	放	電	76955
放射	放	射	65480
放縱	放	縱	53640
放學	放	學	48270
放生	放	生	41895
放眼	放	眼	36890
放任	放	任	34105
放肆	放	肆	33565
放牧	放	牧	26615
放回	放	回	26290
放大鏡	放	大鏡	25935
放不下	放	不下	25895
放置	放	置	25490
放屁	放	屁	25305
放逐	放	逐	24780
放水	放	水	23510
放火	放	火	21450
放蕩	放	蕩	20265
放款	放	款	15510
放貸	放	貸	15040
放聲	放	聲	14580
放風箏	放	風箏	14005
放話	放	話	13390
放眼望去	放	眼望去	12060
放聲大哭	放	聲大哭	11400
放走	放	走	11265
放出來	放	出來	10405
放心不下	放	心不下	10205
放牛	放	牛	9275
放炮	放	炮	8600
放射線	放	射線	8180
放下來	放	下來	7945
放風	放	風	7720
放氣	放	氣	6850
放晴	放	晴	6165
放不開	放	不開	5880
放浪	放	浪	5285
放映機	放	映機	4730
放膽	放	膽	4390
放手一搏	放	手一搏	4375
放下屠刀	放	下屠刀	2710
放浪形骸	放	浪形骸	2560
放工	放	工	2120
放鴿子	放	鴿子	2030
放榜	放	榜	2010
放懷	放	懷	1210
放虎歸山	放	虎歸山	1130
放冷箭	放	冷箭	665
放言	放	言	602
放誕	放	誕	435
放領	放	領	1
放洋	放	洋	1
放帳	放	帳	1
放空氣	放	空氣	1
放牛班	放	牛班	1
放手去做	放	手去做	1
放下身段	放	下身段	1
放眼天下	放	眼天下	1
放下屠刀，立地成佛	放	下屠刀，立地成佛	1
氣球	氣	球	74455
氣氛	氣	氛	459525
氣候	氣	候	293690
氣息	氣	息	293335
氣質	氣	質	286020
氣體	氣	體	280805
氣象	氣	象	236445
氣溫	氣	溫	203475
氣勢	氣	勢	144635
氣味	氣	味	136425
氣象台	氣	象台	118226
氣憤	氣	憤	79640
氣流	氣	流	73430
氣功	氣	功	66715
氣血	氣	血	64510
氣壓	氣	壓	52435
氣派	氣	派	49525
氣門	氣	門	44220
氣象局	氣	象局	43405
氣囊	氣	囊	42840
氣泡	氣	泡	41830
氣管	氣	管	41815
氣魄	氣	魄	31525
氣度	氣	度	29945
氣概	氣	概	23650
氣喘吁吁	氣	喘吁吁	23445
氣喘	氣	喘	22555
氣餒	氣	餒	20135
氣孔	氣	孔	17990
氣短	氣	短	17885
氣急敗壞	氣	急敗壞	17210
氣量	氣	量	17070
氣色	氣	色	16100
氣死	氣	死	15420
氣虛	氣	虛	13425
氣墊	氣	墊	13290
氣管炎	氣	管炎	12530
氣惱	氣	惱	12360
氣韻	氣	韻	11260
氣節	氣	節	11000
氣力	氣	力	10680
氣焰	氣	焰	10170
氣呼呼	氣	呼呼	9695
氣勢洶洶	氣	勢洶洶	8950
氣化	氣	化	7777
氣定神閒	氣	定神閒	7015
氣象萬千	氣	象萬千	6810
氣旋	氣	旋	6565
氣數	氣	數	6055
氣筒	氣	筒	5735
氣絕	氣	絕	5375
氣沖沖	氣	沖沖	5265
氣團	氣	團	4975
氣盛	氣	盛	4630
氣不過	氣	不過	4255
氣悶	氣	悶	3495
氣槍	氣	槍	3320
氣頭上	氣	頭上	2420
氣壯山河	氣	壯山河	2410
氣窗	氣	窗	2345
氣墊船	氣	墊船	2285
氣結	氣	結	2000
氣喘如牛	氣	喘如牛	1680
氣根	氣	根	1550
氣息奄奄	氣	息奄奄	1190
氣層	氣	層	999
氣味相投	氣	味相投	860
氣宇軒昂	氣	宇軒昂	675
氣性	氣	性	270
氣功療法	氣	功療法	27
氣慨	氣	慨	1
氣爐	氣	爐	1
氣燄	氣	燄	1
氣宇	氣	宇	1
氣勢磅礡	氣	勢磅礡	1
氣象雷達	氣	象雷達	1
氣燄高張	氣	燄高張	1
後天	後	天	85460
後悔	後	悔	232770
後來	後	來	500758
後方	後	方	129600
後面	後	面	500368
後果	後	果	354335
後者	後	者	305235
後期	後	期	298310
後台	後	台	198910
後臺	後	臺	198910
後續	後	續	171750
後人	後	人	111035
後勤	後	勤	106260
後代	後	代	97530
後退	後	退	92465
後衛	後	衛	78620
後門	後	門	75480
後視鏡	後	視鏡	68650
後世	後	世	63335
後背	後	背	57400
後顧之憂	後	顧之憂	56615
後裔	後	裔	46610
後遺症	後	遺症	41745
後記	後	記	39875
後盾	後	盾	39135
後院	後	院	35960
後座	後	座	34925
後勁	後	勁	27880
後生	後	生	25185
後備	後	備	24995
後端	後	端	24710
後頭	後	頭	23635
後腿	後	腿	21935
後花園	後	花園	20345
後繼	後	繼	18445
後路	後	路	17540
後事	後	事	17000
後援	後	援	15890
後輩	後	輩	14730
後患	後	患	14505
後起之秀	後	起之秀	14275
後段	後	段	14035
後學	後	學	12270
後腦	後	腦	12135
後來居上	後	來居上	12125
後悔莫及	後	悔莫及	10715
後起	後	起	9730
後年	後	年	9065
後塵	後	塵	7980
後母	後	母	7740
後援會	後	援會	7410
後市	後	市	6900
後頸	後	頸	5670
後患無窮	後	患無窮	5590
後會有期	後	會有期	4445
後日	後	日	4320
後進	後	進	3699
後顧	後	顧	3500
後趙	後	趙	3410
後生可畏	後	生可畏	2920
後設	後	設	2880
後嗣	後	嗣	2540
後繼無人	後	繼無人	2310
後港	後	港	625
後葉	後	葉	340
後繼無力	後	繼無力	340
後任	後	任	189
後計	後	計	1
後龍	後	龍	1
後埔	後	埔	1
後龍溪	後	龍溪	1
後備軍人	後	備軍人	1
後果堪虞	後	果堪虞	1
後天免疫	後	天免疫	1
後級擴大機	後	級擴大機	1
後冷戰時期	後	冷戰時期	1
轉帳	轉	帳	1
轉換	轉	換	500264
轉往	轉	往	7625
轉接	轉	接	29795
轉移	轉	移	500291
轉變	轉	變	500306
轉載	轉	載	500541
轉讓	轉	讓	500380
轉到	轉	到	369210
轉向	轉	向	342840
轉化	轉	化	281820
轉身	轉	身	254835
轉型	轉	型	227110
轉入	轉	入	165730
轉發	轉	發	163030
轉為	轉	為	148745
轉動	轉	動	130435
轉速	轉	速	116955
轉變為	轉	變為	98045
轉頭	轉	頭	70130
轉過	轉	過	62385
轉彎	轉	彎	61600
轉換器	轉	換器	59540
轉眼	轉	眼	57100
轉折	轉	折	56725
轉機	轉	機	49345
轉告	轉	告	45180
轉運	轉	運	40880
轉出	轉	出	40785
轉播	轉	播	36525
轉盤	轉	盤	34485
轉成	轉	成	32065
轉回	轉	回	31980
轉世	轉	世	29565
轉交	轉	交	29410
轉變成	轉	變成	29230
轉送	轉	送	29200
轉行	轉	行	28915
轉眼間	轉	眼間	28305
轉學	轉	學	26935
轉戰	轉	戰	23510
轉職	轉	職	23430
轉達	轉	達	22545
轉手	轉	手	21565
轉租	轉	租	21330
轉嫁	轉	嫁	16605
轉錄	轉	錄	15515
轉診	轉	診	14080
轉借	轉	借	13835
轉過來	轉	過來	13290
轉圈	轉	圈	11690
轉賣	轉	賣	9905
轉任	轉	任	9610
轉口貿易	轉	口貿易	9540
轉售	轉	售	9155
轉述	轉	述	8855
轉瞬	轉	瞬	7745
轉口	轉	口	7375
轉台	轉	台	6915
轉檯	轉	檯	6915
轉危為安	轉	危為安	5960
轉進	轉	進	5545
轉角處	轉	角處	5130
轉運站	轉	運站	4465
轉業	轉	業	3582
轉調	轉	調	3425
轉文	轉	文	2000
轉投資	轉	投資	1890
轉換期	轉	換期	1730
轉赴	轉	赴	1495
轉學生	轉	學生	1475
轉側	轉	側	1300
轉圜	轉	圜	1300
轉捩點	轉	捩點	765
轉播站	轉	播站	400
轉寰	轉	寰	1
過去	過	去	500769
過來	過	來	500362
過年	過	年	94215
過動	過	動	888
過夜	過	夜	36590
過敏	過	敏	117655
過人	過	人	51115
過於	過	於	359765
過程	過	程	501018
過濾	過	濾	306705
過後	過	後	235915
過度	過	度	225030
過分	過	分	200870
過渡	過	渡	194940
過客	過	客	148775
過錯	過	錯	115850
過期	過	期	101455
過濾器	過	濾器	98390
過戶	過	戶	91270
過量	過	量	88050
過剩	過	剩	87975
過關	過	關	87610
過失	過	失	78105
過往	過	往	75150
過時	過	時	61745
過早	過	早	53590
過節	過	節	45225
過重	過	重	44805
過頭	過	頭	43505
過癮	過	癮	42185
過生日	過	生日	40555
過日子	過	日子	40035
過境	過	境	38340
過半	過	半	32940
過渡期	過	渡期	29965
過問	過	問	29710
過敏性	過	敏性	28235
過不去	過	不去	24615
過路	過	路	24200
過世	過	世	21790
過激	過	激	19200
過少	過	少	18780
過從	過	從	18715
過半數	過	半數	18190
過招	過	招	15625
過火	過	火	13820
過磅	過	磅	12905
過目	過	目	12245
過來人	過	來人	11175
過意不去	過	意不去	10880
過水	過	水	10410
過當	過	當	10200
過氣	過	氣	9999
過目不忘	過	目不忘	9900
過短	過	短	9615
過門	過	門	9555
過渡時期	過	渡時期	9510
過得去	過	得去	9475
過活	過	活	9185
過眼雲煙	過	眼雲煙	7630
過關斬將	過	關斬將	7545
過猶不及	過	猶不及	4785
過勞死	過	勞死	4455
過街老鼠	過	街老鼠	4185
過繼	過	繼	3750
過慮	過	慮	3425
過河拆橋	過	河拆橋	2935
過甚	過	甚	2870
過慣	過	慣	2730
過熟	過	熟	2030
過從甚密	過	從甚密	1940
過江之鯽	過	江之鯽	1835
過失殺人	過	失殺人	805
過失傷害	過	失傷害	165
過路財神	過	路財神	47
過份	過	份	1
交配	交	配	28090
交通	交	通	500602
交換	交	換	463960
交易	交	易	500816
交流	交	流	500996
交往	交	往	316400
交給	交	給	314210
交付	交	付	251040
交換機	交	換機	203055
交談	交	談	193235
交易所	交	易所	177535
交叉	交	叉	168505
交互	交	互	138080
交貨	交	貨	112555
交通工具	交	通工具	98175
交際	交	際	97485
交代	交	代	95495
交通部	交	通部	94375
交替	交	替	93455
交接	交	接	81155
交通安全	交	通安全	71065
交通局	交	通局	66685
交錯	交	錯	64085
交通銀行	交	通銀行	52095
交涉	交	涉	49490
交到	交	到	47660
交會	交	會	47414
交界	交	界	44055
交出	交	出	41340
交大	交	大	41145
交戰	交	戰	40625
交界處	交	界處	38775
交通警察	交	通警察	38615
交鋒	交	鋒	37725
交手	交	手	32790
交回	交	回	27995
交叉口	交	叉口	27395
交情	交	情	25760
交響曲	交	響曲	25735
交上	交	上	24155
交響樂團	交	響樂團	22050
交響樂	交	響樂	19200
交運	交	運	16175
交集	交	集	15925
交織	交	織	15919
交還	交	還	15720
交感神經	交	感神經	12905
交通大學	交	通大學	12080
交卷	交	卷	11060
交與	交	與	10855
交棒	交	棒	9999
交加	交	加	9530
交互作用	交	互作用	9485
交頭接耳	交	頭接耳	9175
交差	交	差	7560
交通網	交	通網	6630
交遊	交	遊	6535
交割	交	割	6520
交班	交	班	4910
交惡	交	惡	4010
交通車	交	通車	3155
交杯酒	交	杯酒	3035
交易稅	交	易稅	2965
交際花	交	際花	2440
交兵	交	兵	2140
交響詩	交	響詩	1850
交通部長	交	通部長	1445
交白卷	交	白卷	1125
交遊廣闊	交	遊廣闊	915
交保	交	保	350
交誼廳	交	誼廳	335
交誼	交	誼	214
交待	交	待	111
交流道	交	流道	1
交通處	交	通處	1
低於	低	於	500265
低價	低	價	210070
低溫	低	溫	140280
低頭	低	頭	130475
低成本	低	成本	111805
低調	低	調	104075
低廉	低	廉	95550
低下	低	下	87275
低微	低	微	82250
低壓	低	壓	78510
低聲	低	聲	69015
低音	低	音	58810
低收入	低	收入	53095
低迷	低	迷	52740
低級	低	級	51825
低檔	低	檔	51455
低速	低	速	46910
低沉	低	沉	43095
低估	低	估	36045
低分	低	分	34030
低點	低	點	29405
低年級	低	年級	24200
低等	低	等	23675
低落	低	落	20520
低矮	低	矮	19920
低潮	低	潮	18135
低俗	低	俗	17910
低語	低	語	15105
低脂	低	脂	12450
低劣	低	劣	11845
低陷	低	陷	11705
低垂	低	垂	11395
低處	低	處	11280
低空	低	空	11105
低胸	低	胸	10760
低窪	低	窪	10210
低能	低	能	10005
低吟	低	吟	8975
低度	低	度	8075
低地	低	地	7335
低利率	低	利率	5860
低聲下氣	低	聲下氣	5665
低回	低	回	5595
低賤	低	賤	4840
低階	低	階	4710
低薪	低	薪	4460
低標準	低	標準	3970
低首	低	首	3640
低眉	低	眉	3415
低氣壓	低	氣壓	3285
低飛	低	飛	2940
低姿態	低	姿態	2080
低溼	低	溼	1995
低濕	低	濕	1995
低能兒	低	能兒	1850
低啞	低	啞	1645
低緩	低	緩	1600
低等動物	低	等動物	1510
低利	低	利	1055
低窪地區	低	窪地區	825
低迷不振	低	迷不振	596
低欄	低	欄	585
低凹	低	凹	1
低盪	低	盪	1
低進	低	進	1
低靡	低	靡	1
低沈	低	沈	1
低鈉鹽	低	鈉鹽	1
低速檔	低	速檔	1
低血糖	低	血糖	1
低血壓	低	血壓	1
低壓帶	低	壓帶	1
低音管	低	音管	1
低姿勢	低	姿勢	1
低收入戶	低	收入戶	1
保全	保	全	200757
保險	保	險	500420
保險公司	保	險公司	696568
保護	保	護	501254
保証	保	証	501232
保證	保	證	501232
保持	保	持	500960
保障	保	障	500588
保存	保	存	500515
保密	保	密	500467
保留	保	留	500457
保健	保	健	358285
保養	保	養	283280
保管	保	管	227795
保安	保	安	214145
保險費	保	險費	186070
保守	保	守	177010
保證金	保	證金	175590
保溫	保	溫	142510
保姆	保	姆	126600
保險人	保	險人	96035
保衛	保	衛	88090
保險金	保	險金	86095
保險業	保	險業	76620
保暖	保	暖	73280
保單	保	單	60545
保住	保	住	60250
保險單	保	險單	51315
保證人	保	證人	41020
保值	保	值	37435
保佑	保	佑	36580
保加利亞	保	加利亞	28455
保送	保	送	27165
保險法	保	險法	26993
保險箱	保	險箱	25425
保稅	保	稅	24880
保證書	保	證書	23845
保養品	保	養品	23535
保齡球	保	齡球	21895
保險櫃	保	險櫃	21760
保本	保	本	18090
保險絲	保	險絲	17780
保重	保	重	16660
保費	保	費	14396
保鮮膜	保	鮮膜	13400
保守派	保	守派	7640
保護主義	保	護主義	7420
保守黨	保	守黨	6770
保護色	保	護色	6755
保齡球館	保	齡球館	6665
保溫杯	保	溫杯	5880
保釋	保	釋	5865
保鏢	保	鏢	5555
保有	保	有	4503
保管箱	保	管箱	4210
保長	保	長	3545
保健室	保	健室	2150
保舉	保	舉	2115
保育	保	育	1111
保羅	保	羅	719
保安大隊	保	安大隊	705
保鑣	保	鑣	1
保防	保	防	1
保警	保	警	1
保母	保	母	1
保護級	保	護級	1
保甲法	保	甲法	1
保麗龍	保	麗龍	1
保留地	保	留地	1
保全業	保	全業	1
保險桿	保	險桿	1
保險套	保	險套	1
保安警察	保	安警察	1
保險給付	保	險給付	1
保麗龍餐具	保	麗龍餐具	1
學校	學	校	523819
學費	學	費	352770
學院	學	院	500675
學得	學	得	888
學學	學	學	888
學弟	學	弟	888
學年	學	年	77145
學長	學	長	36420
學習	學	習	502296
學生	學	生	502637
學會	學	會	500439
學歷	學	歷	500407
學員	學	員	500387
學科	學	科	500347
學者	學	者	500269
學術	學	術	468275
學位	學	位	247605
學分	學	分	200510
學報	學	報	189310
學到	學	到	164260
學期	學	期	141845
學業	學	業	130420
學問	學	問	123840
學說	學	說	119465
學制	學	制	92330
學士	學	士	84660
學術界	學	術界	71215
學派	學	派	67755
學堂	學	堂	58265
學識	學	識	54695
學徒	學	徒	53900
學前教育	學	前教育	44115
學籍	學	籍	41950
學府	學	府	37480
學系	學	系	36430
學生證	學	生證	33095
學園	學	園	27465
學號	學	號	26890
學以致用	學	以致用	26075
學區	學	區	24755
學名	學	名	24170
學年度	學	年度	21850
學人	學	人	19875
學友	學	友	18555
學成	學	成	18350
學術性	學	術性	18080
學道	學	道	13960
學起	學	起	13735
學童	學	童	11080
學子	學	子	10132
學習法	學	習法	10110
學社	學	社	9305
學院派	學	院派	8430
學藝	學	藝	7195
學風	學	風	6581
學界	學	界	6512
學齡	學	齡	5845
學究	學	究	4105
學家	學	家	3830
學門	學	門	2915
學潮	學	潮	2170
學而不厭	學	而不厭	1735
學運	學	運	1360
學非所用	學	非所用	770
學養	學	養	745
學然後知不足	學	然後知不足	650
學理	學	理	640
學力	學	力	1
學店	學	店	1
學館	學	館	1
學行	學	行	1
學級	學	級	1
學區制	學	區制	1
學習團	學	習團	1
學力鑑定	學	力鑑定	1
日本	日	本	9999
日期	日	期	501327
日常	日	常	435275
日程	日	程	65115
日幣	日	幣	2800
日圓	日	圓	1
日記	日	記	245370
日曆	日	曆	166885
日比谷	日	比谷	888
日前	日	前	500415
日子	日	子	500313
日誌	日	誌	500252
日內	日	內	423770
日益	日	益	372620
日後	日	後	238410
日語	日	語	230590
日報	日	報	216065
日出	日	出	156805
日本人	日	本人	142810
日元	日	元	118245
日照	日	照	109750
日月	日	月	81710
日夜	日	夜	70820
日文	日	文	59520
日光	日	光	54905
日新月異	日	新月異	52420
日用	日	用	50465
日用品	日	用品	44665
日落	日	落	41455
日進	日	進	34075
日程表	日	程表	29750
日內瓦	日	內瓦	24495
日間	日	間	22610
日復一日	日	復一日	22075
日寇	日	寇	20940
日積月累	日	積月累	18605
日日夜夜	日	日夜夜	18290
日曬	日	曬	18180
日光燈	日	光燈	17265
日劇	日	劇	15065
日來	日	來	13020
日光浴	日	光浴	10370
日耳曼	日	耳曼	10220
日薪	日	薪	9999
日頭	日	頭	6515
日共	日	共	6455
日益壯大	日	益壯大	6365
日月潭	日	月潭	6165
日久生情	日	久生情	5420
日理萬機	日	理萬機	4585
日商	日	商	3830
日新	日	新	3333
日晒雨淋	日	晒雨淋	3115
日久見人心	日	久見人心	2410
日上三竿	日	上三竿	1995
日月如梭	日	月如梭	1900
日軍	日	軍	1480
日行一善	日	行一善	1205
日暈	日	暈	790
日據時代	日	據時代	780
日暮途窮	日	暮途窮	600
日全蝕	日	全蝕	550
日息	日	息	475
日利	日	利	1
日沒	日	沒	1
日人	日	人	1
日蝕	日	蝕	1
日銀	日	銀	1
日環蝕	日	環蝕	1
日間部	日	間部	1
日偏蝕	日	偏蝕	1
日薄西山	日	薄西山	1
日不落國	日	不落國	1
日趨惡劣	日	趨惡劣	1
日出而作，日入而息	日	出而作，日入而息	1
法院	法	院	2568854
法律	法	律	501086
法規	法	規	500501
法國	法	國	500411
法律責任	法	律責任	367415
法官	法	官	295320
法人	法	人	254755
法定	法	定	234880
法師	法	師	205335
法學	法	學	188200
法治	法	治	180960
法制	法	制	179999
法則	法	則	162510
法學院	法	學院	152816
法庭	法	庭	130340
法醫	法	醫	126020
法語	法	語	111555
法律顧問	法	律顧問	100870
法寶	法	寶	97230
法術	法	術	88715
法令	法	令	59265
法案	法	案	51940
法門	法	門	48835
法力	法	力	43695
法定程序	法	定程序	42455
法子	法	子	39290
法國人	法	國人	39000
法界	法	界	34630
法理	法	理	33740
法典	法	典	30410
法西斯	法	西斯	26420
法文	法	文	24160
法定代理人	法	定代理人	23700
法蘭西	法	蘭西	21180
法老	法	老	20510
法郎	法	郎	19885
法網	法	網	19625
法家	法	家	18470
法律系	法	律系	17190
法務	法	務	14635
法紀	法	紀	14300
法度	法	度	12435
法眼	法	眼	10440
法警	法	警	8310
法政	法	政	7550
法學博士	法	學博士	7245
法蘭克	法	蘭克	7025
法定人數	法	定人數	6710
法號	法	號	5270
法帖	法	帖	5010
法務部	法	務部	4835
法權	法	權	4695
法辦	法	辦	4045
法線	法	線	4020
法屬	法	屬	3770
法幣	法	幣	3200
法商	法	商	3165
法力無邊	法	力無邊	3105
法場	法	場	2830
法條	法	條	2711
法統	法	統	2695
法律學	法	律學	2395
法式	法	式	2275
法物	法	物	2270
法例	法	例	1111
法會	法	會	855
法相	法	相	789
法事	法	事	645
法旨	法	旨	99
法朗	法	朗	1
法拍屋	法	拍屋	1
法商學院	法	商學院	1
法外施恩	法	外施恩	1
法外施仁	法	外施仁	1
法網恢恢，疏而不漏	法	網恢恢，疏而不漏	1
雙方	雙	方	500634
雙手	雙	手	420345
雙重	雙	重	181140
雙向	雙	向	150640
雙贏	雙	贏	113935
雙腳	雙	腳	83625
雙面	雙	面	73335
雙線	雙	線	71560
雙層	雙	層	71135
雙子座	雙	子座	57595
雙目	雙	目	55770
雙魚座	雙	魚座	55720
雙臂	雙	臂	55170
雙語	雙	語	49140
雙倍	雙	倍	48790
雙飛	雙	飛	39845
雙子	雙	子	38935
雙胞胎	雙	胞胎	36280
雙脣	雙	脣	29825
雙肩	雙	肩	24865
雙親	雙	親	24640
雙星	雙	星	20595
雙打	雙	打	19135
雙人房	雙	人房	18825
雙眼皮	雙	眼皮	13885
雙頰	雙	頰	12835
雙翼	雙	翼	12410
雙人床	雙	人床	12135
雙管齊下	雙	管齊下	11160
雙軌制	雙	軌制	10275
雙邊貿易	雙	邊貿易	10170
雙城	雙	城	8985
雙全	雙	全	8765
雙子星	雙	子星	8695
雙學位	雙	學位	7585
雙座	雙	座	6925
雙軌	雙	軌	6680
雙數	雙	數	6475
雙十	雙	十	6280
雙料	雙	料	6175
雙號	雙	號	6125
雙關	雙	關	5345
雙槓	雙	槓	5060
雙簧	雙	簧	4595
雙生	雙	生	4455
雙簧管	雙	簧管	3800
雙亡	雙	亡	3333
雙人舞	雙	人舞	2835
雙葉	雙	葉	2745
雙聲	雙	聲	2325
雙衛	雙	衛	2320
雙重人格	雙	重人格	2230
雙棲	雙	棲	2060
雙關語	雙	關語	1755
雙宿雙飛	雙	宿雙飛	1690
雙雙對對	雙	雙對對	1455
雙鳳	雙	鳳	612
雙十節	雙	十節	555
雙園	雙	園	510
雙黃線	雙	黃線	455
雙掛號	雙	掛號	155
雙連	雙	連	11
雙溪	雙	溪	2
雙餉	雙	餉	1
雙聲帶	雙	聲帶	1
雙循環	雙	循環	1
雙園區	雙	園區	1
雙層巴士	雙	層巴士	1
雙層公車	雙	層公車	1
雙層公路	雙	層公路	1
雙手萬能	雙	手萬能	1
雙頭馬車	雙	頭馬車	1
雙薪家庭	雙	薪家庭	1
雙重身分	雙	重身分	1
雙語立體聲系統	雙	語立體聲系統	1
傳真	傳	真	501093
傳宗接代	傳	宗接代	6270
傳染	傳	染	86735
傳統	傳	統	500943
傳播	傳	播	500437
傳輸	傳	輸	413290
傳遞	傳	遞	366745
傳說	傳	說	352990
傳感器	傳	感器	307125
傳奇	傳	奇	283920
傳來	傳	來	271645
傳送	傳	送	213620
傳染病	傳	染病	212375
傳出	傳	出	129615
傳承	傳	承	124825
傳授	傳	授	124540
傳到	傳	到	87355
傳聞	傳	聞	81590
傳給	傳	給	66905
傳言	傳	言	63400
傳世	傳	世	62685
傳動	傳	動	61660
傳真機	傳	真機	56175
傳導	傳	導	54025
傳染性	傳	染性	45535
傳記	傳	記	39910
傳人	傳	人	38625
傳教士	傳	教士	24225
傳神	傳	神	21550
傳單	傳	單	21505
傳熱	傳	熱	20870
傳喚	傳	喚	20365
傳回	傳	回	19310
傳開	傳	開	18510
傳教	傳	教	17335
傳達	傳	達	16993
傳播者	傳	播者	16215
傳情	傳	情	16015
傳道	傳	道	14615
傳授給	傳	授給	13680
傳下	傳	下	12720
傳令	傳	令	12375
傳染給	傳	染給	11785
傳閱	傳	閱	11680
傳誦	傳	誦	10560
傳訊	傳	訊	9880
傳票	傳	票	9605
傳呼機	傳	呼機	9485
傳頌	傳	頌	9100
傳揚	傳	揚	7160
傳播給	傳	播給	6460
傳述	傳	述	4300
傳下去	傳	下去	3910
傳習	傳	習	3790
傳家	傳	家	3785
傳家寶	傳	家寶	3720
傳聲	傳	聲	3230
傳令兵	傳	令兵	2580
傳代	傳	代	2235
傳聲筒	傳	聲筒	2205
傳報	傳	報	1950
傳達出來	傳	達出來	1910
傳奇性	傳	奇性	1825
傳家之寶	傳	家之寶	1325
傳播界	傳	播界	770
傳送機	傳	送機	515
傳熱性	傳	熱性	410
傳問	傳	問	170
傳布	傳	布	2
傳佈	傳	佈	2
傳鈔	傳	鈔	1
傳電	傳	電	1
傳國	傳	國	1
傳記文學	傳	記文學	1
合作	合	作	501289
合庫	合	庫	2
合同	合	同	500738
合理	合	理	500401
合格	合	格	500357
合適	合	適	462825
合併	合	併	436750
合法	合	法	429000
合成	合	成	333675
合法性	合	法性	329740
合約	合	約	202720
合金	合	金	150855
合力	合	力	139200
合作社	合	作社	96640
合伙	合	伙	84495
合夥	合	夥	84495
合影	合	影	81950
合唱	合	唱	58840
合格者	合	格者	55805
合乎	合	乎	48130
合營	合	營	34770
合用	合	用	34530
合理化	合	理化	27200
合唱團	合	唱團	23090
合資	合	資	20447
合辦	合	辦	19985
合法化	合	法化	16120
合宜	合	宜	15970
合於	合	於	15565
合起來	合	起來	14995
合身	合	身	14715
合掌	合	掌	14630
合歡	合	歡	14290
合意	合	意	14035
合奏	合	奏	13290
合計	合	計	12831
合攏	合	攏	12775
合情合理	合	情合理	12190
合情	合	情	11280
合照	合	照	10560
合眾	合	眾	10400
合家	合	家	9920
合群	合	群	8795
合住	合	住	7325
合十	合	十	6130
合璧	合	璧	5935
合抱	合	抱	5805
合起	合	起	5475
合數	合	數	5400
合股	合	股	5375
合時	合	時	5000
合縱	合	縱	4525
合唱隊	合	唱隊	4465
合該	合	該	4000
合聲	合	聲	4000
合眾國	合	眾國	3345
合得來	合	得來	3330
合度	合	度	3250
合成物	合	成物	3125
合作無間	合	作無間	2290
合算	合	算	2206
合婚	合	婚	1590
合為	合	為	1170
合眾社	合	眾社	380
合組	合	組	3
合式	合	式	1
合調	合	調	1
合好	合	好	1
合諧	合	諧	1
合音	合	音	1
合歡山	合	歡山	1
合流處	合	流處	1
合氣道	合	氣道	1
合成樂器	合	成樂器	1
接起來	接	起來	1
接受	接	受	501067
接觸	接	觸	500347
接近	接	近	500270
接到	接	到	411840
接待	接	待	390230
接下來	接	下來	248350
接管	接	管	168540
接下	接	下	134290
接頭	接	頭	96535
接納	接	納	95200
接收	接	收	87065
接種	接	種	80410
接送	接	送	71505
接地	接	地	70020
接連	接	連	68165
接觸到	接	觸到	53150
接通	接	通	51975
接口	接	口	50045
接手	接	手	48175
接吻	接	吻	47125
接線	接	線	44520
接班人	接	班人	44240
接見	接	見	43270
接上	接	上	36290
接壤	接	壤	34100
接替	接	替	33530
接力	接	力	32625
接任	接	任	26405
接續	接	續	25295
接應	接	應	23575
接住	接	住	22615
接洽	接	洽	22480
接二連三	接	二連三	19755
接班	接	班	19375
接下去	接	下去	17760
接駁	接	駁	15855
接踵而來	接	踵而來	15755
接踵而至	接	踵而至	15575
接引	接	引	14530
接合	接	合	14410
接受者	接	受者	13885
接待室	接	待室	13135
接生	接	生	10460
接連不斷	接	連不斷	9755
接觸面	接	觸面	8525
接濟	接	濟	8400
接待員	接	待員	8200
接受到	接	受到	7730
接來	接	來	7560
接獲	接	獲	7255
接招	接	招	5765
接客	接	客	5555
接走	接	走	5435
接力賽	接	力賽	5430
接風	接	風	5320
接骨	接	骨	5190
接枝	接	枝	4620
接掌	接	掌	3555
接踵	接	踵	3025
接進	接	進	2985
接辦	接	辦	2855
接運	接	運	2700
接棒	接	棒	2575
接物	接	物	2440
接生婆	接	生婆	2015
接線生	接	線生	1265
接境	接	境	1111
接財神	接	財神	1085
接進來	接	進來	480
接縫	接	縫	55
接殺	接	殺	1
接著	接	著	1
接受器	接	受器	1
民族	民	族	500485
民主	民	主	471905
民間	民	間	442525
民生	民	生	370864
民警	民	警	242295
民眾	民	眾	240605
民事	民	事	192500
民營	民	營	143625
民用	民	用	137630
民俗	民	俗	120180
民國	民	國	116245
民航	民	航	113895
民法	民	法	91525
民意	民	意	83910
民政	民	政	81040
民主政治	民	主政治	68360
民歌	民	歌	67900
民政局	民	政局	63265
民兵	民	兵	58435
民事訴訟	民	事訴訟	48700
民主化	民	主化	47155
民心	民	心	39715
民謠	民	謠	34355
民風	民	風	34220
民族主義	民	族主義	33860
民主黨	民	主黨	27605
民情	民	情	27530
民進黨	民	進黨	25600
民房	民	房	21590
民意調查	民	意調查	17720
民宅	民	宅	17330
民權	民	權	16795
民初	民	初	14265
民間文學	民	間文學	13285
民族性	民	族性	12900
民家	民	家	9999
民防	民	防	9815
民生問題	民	生問題	8790
民智	民	智	8370
民有	民	有	8180
民不聊生	民	不聊生	7585
民用機場	民	用機場	6850
民選	民	選	6785
民間團體	民	間團體	6330
民主國家	民	主國家	6205
民意測驗	民	意測驗	6110
民族意識	民	族意識	4355
民憤	民	憤	3530
民航局	民	航局	3430
民怨	民	怨	3095
民船	民	船	2380
民運	民	運	2315
民享	民	享	2125
民脂民膏	民	脂民膏	2040
民意代表	民	意代表	1990
民氣	民	氣	1415
民生主義	民	生主義	1350
民權主義	民	權主義	1095
民生凋敝	民	生凋敝	695
民航機	民	航機	615
民意機關	民	意機關	500
民惟邦本	民	惟邦本	485
民胞物與	民	胞物與	55
民代	民	代	1
民黨	民	黨	1
民性	民	性	1
民隱	民	隱	1
民治	民	治	1
民社黨	民	社黨	1
民主國	民	主國	1
民康物阜	民	康物阜	1
民族藝師	民	族藝師	1
民用航空站	民	用航空站	1
看看	看	看	500549
看到	看	到	501409
看診	看	診	888
看齊	看	齊	18945
看來	看	來	500438
看見	看	見	500334
看法	看	法	454155
看起來	看	起來	356750
看出	看	出	246785
看上去	看	上去	209675
看好	看	好	204395
看似	看	似	169010
看待	看	待	145350
看作	看	作	134245
看重	看	重	91045
看病	看	病	89635
看清	看	清	86735
看望	看	望	82165
看去	看	去	74315
看不見	看	不見	73640
看中	看	中	58455
看成	看	成	53710
看樣子	看	樣子	47855
看清楚	看	清楚	45075
看上	看	上	43775
看守	看	守	41275
看得見	看	得見	40005
看下	看	下	39435
看不起	看	不起	36650
看出來	看	出來	32485
看懂	看	懂	29745
看人	看	人	28670
看準	看	準	28625
看守所	看	守所	28418
看管	看	管	25755
看台	看	台	25730
看臺	看	臺	25730
看漲	看	漲	24295
看護	看	護	24120
看得出來	看	得出來	21730
看透	看	透	21275
看熱鬧	看	熱鬧	20395
看穿	看	穿	18615
看戲	看	戲	17265
看板	看	板	16610
看錯	看	錯	16525
看不慣	看	不慣	14745
看破	看	破	12870
看醫生	看	醫生	12840
看下去	看	下去	12640
看門	看	門	12360
看得到	看	得到	11785
看官	看	官	11515
看頭	看	頭	11245
看家	看	家	10980
看得起	看	得起	10065
看跌	看	跌	8430
看相	看	相	7345
看家本領	看	家本領	5940
看輕	看	輕	5735
看不下去	看	不下去	5585
看開	看	開	4640
看不完	看	不完	3415
看顧	看	顧	3285
看店	看	店	2965
看走眼	看	走眼	2825
看不過	看	不過	2730
看扁	看	扁	2260
看不過去	看	不過去	2115
看慣	看	慣	1320
看視	看	視	1
看得開	看	得開	1
看著辦	看	著辦	1
紅茶	紅	茶	69270
紅燒	紅	燒	26285
紅色	紅	色	500296
紅綠燈	紅	綠燈	22090
紅樓夢	紅	樓夢	106640
紅外線	紅	外線	73280
紅軍	紅	軍	170130
紅包	紅	包	144047
紅旗	紅	旗	134735
紅運	紅	運	99999
紅塵	紅	塵	76410
紅利	紅	利	69575
紅葉	紅	葉	67885
紅星	紅	星	66530
紅花	紅	花	61795
紅棗	紅	棗	55525
紅豆	紅	豆	55350
紅顏	紅	顏	48600
紅光	紅	光	48445
紅燈	紅	燈	46855
紅腫	紅	腫	46455
紅樓	紅	樓	43550
紅十字會	紅	十字會	40045
紅衣	紅	衣	36820
紅十字	紅	十字	35430
紅潤	紅	潤	33860
紅木	紅	木	31075
紅糖	紅	糖	28260
紅心	紅	心	25460
紅寶石	紅	寶石	24565
紅斑	紅	斑	23120
紅牌	紅	牌	22990
紅娘	紅	娘	22495
紅樹林	紅	樹林	18905
紅衛兵	紅	衛兵	17785
紅海	紅	海	16380
紅日	紅	日	16225
紅字	紅	字	16020
紅椒	紅	椒	15894
紅眼	紅	眼	15775
紅玉	紅	玉	15015
紅蘿蔔	紅	蘿蔔	14930
紅人	紅	人	13245
紅土	紅	土	11505
紅毛	紅	毛	11235
紅磚	紅	磚	11080
紅學	紅	學	10485
紅臉	紅	臉	10430
紅粉	紅	粉	9955
紅杏出牆	紅	杏出牆	9205
紅透	紅	透	7545
紅褐色	紅	褐色	7475
紅雨	紅	雨	7345
紅中	紅	中	3960
紅珊瑚	紅	珊瑚	3630
紅光滿面	紅	光滿面	3505
紅毯	紅	毯	3395
紅男綠女	紅	男綠女	3210
紅得發紫	紅	得發紫	2925
紅粉佳人	紅	粉佳人	2395
紅盤	紅	盤	2035
紅花綠葉	紅	花綠葉	1485
紅粉知己	紅	粉知己	1455
紅白事	紅	白事	490
紅毛城	紅	毛城	200
紅檜	紅	檜	1
紅女	紅	女	1
紅脣族	紅	脣族	1
紅血球	紅	血球	1
紅著臉	紅	著臉	1
紅塵萬丈	紅	塵萬丈	1
紅顏薄命	紅	顏薄命	1
紅中白板	紅	中白板	1
西門町	西	門町	435
西螺	西	螺	495
西口	西	口	888
西方	西	方	500261
西藏	西	藏	407085
西部	西	部	376295
西班牙	西	班牙	269550
西北	西	北	233675
西南	西	南	219955
西湖	西	湖	136290
西瓜	西	瓜	132510
西門	西	門	110640
西寧	西	寧	79970
西裝	西	裝	72835
西服	西	服	63800
西山	西	山	58150
西醫	西	醫	57810
西洋	西	洋	56730
西安	西	安	55003
西區	西	區	53760
西歐	西	歐	53270
西藥	西	藥	51825
西餐	西	餐	49545
西餐廳	西	餐廳	45765
西域	西	域	45154
西遊記	西	遊記	42990
西式	西	式	42805
西邊	西	邊	40200
西北部	西	北部	39269
西風	西	風	38320
西施	西	施	36350
西方人	西	方人	33810
西岸	西	岸	33570
西周	西	周	29825
西面	西	面	28475
西夏	西	夏	26255
西行	西	行	25135
西德	西	德	22430
西江	西	江	20100
西雅圖	西	雅圖	19200
西樓	西	樓	18320
西天	西	天	17695
西晉	西	晉	17405
西海岸	西	海岸	14120
西元	西	元	11855
西學	西	學	11105
西征	西	征	11035
西人	西	人	6920
西王母	西	王母	6830
西漢	西	漢	4534
西化	西	化	4145
西片	西	片	4040
西皮	西	皮	4020
西子	西	子	3860
西畫	西	畫	3225
西園	西	園	2860
西半球	西	半球	2845
西藏人	西	藏人	2355
西部片	西	部片	2095
西元前	西	元前	2080
西樂	西	樂	1710
西洋人	西	洋人	1550
西柏林	西	柏林	1380
西康	西	康	880
西點	西	點	333
西貢	西	貢	130
西亞	西	亞	111
西潮	西	潮	1
西籍	西	籍	1
西西	西	西	1
西嶼	西	嶼	1
西北颱	西	北颱	1
西服店	西	服店	1
黃金	黃	金	500257
黃色	黃	色	283775
黃河	黃	河	264210
黃蜂	黃	蜂	118861
黃昏	黃	昏	104715
黃豆	黃	豆	102012
黃瓜	黃	瓜	98205
黃帝	黃	帝	53205
黃酒	黃	酒	51035
黃油	黃	油	42522
黃土	黃	土	42105
黃海	黃	海	38825
黃沙	黃	沙	28135
黃牛	黃	牛	26685
黃銅	黃	銅	24380
黃牌	黃	牌	24165
黃連	黃	連	21290
黃埔	黃	埔	21210
黃泉	黃	泉	20335
黃土高原	黃	土高原	18295
黃金海岸	黃	金海岸	16885
黃金時代	黃	金時代	15980
黃埔軍校	黃	埔軍校	11490
黃褐色	黃	褐色	11270
黃綠色	黃	綠色	11090
黃鳥	黃	鳥	9999
黃魚	黃	魚	7770
黃巾	黃	巾	7720
黃花	黃	花	7350
黃鼠狼	黃	鼠狼	6375
黃石	黃	石	6111
黃鸝	黃	鸝	6095
黃臉婆	黃	臉婆	4940
黃種人	黃	種人	4780
黃色小說	黃	色小說	4425
黃袍	黃	袍	4410
黃包車	黃	包車	3770
黃澄澄	黃	澄澄	3560
黃皮書	黃	皮書	3390
黃曆	黃	曆	3333
黃腔	黃	腔	3333
黃道吉日	黃	道吉日	3065
黃疸	黃	疸	3039
黃湯	黃	湯	2975
黃花崗	黃	花崗	2700
黃毛丫頭	黃	毛丫頭	2525
黃種	黃	種	2375
黃泉路	黃	泉路	1815
黃梅	黃	梅	1542
黃道	黃	道	1391
黃花閨女	黃	花閨女	1175
黃鶯	黃	鶯	1061
黃蠟	黃	蠟	999
黃麻	黃	麻	576
黃梅調	黃	梅調	570
黃粱一夢	黃	粱一夢	530
黃沙滾滾	黃	沙滾滾	350
黃梅雨	黃	梅雨	275
黃老	黃	老	162
黃巢	黃	巢	111
黃教	黃	教	70
黃人	黃	人	2
黃冠	黃	冠	1
黃蓮	黃	蓮	1
黃燐	黃	燐	1
黃興	黃	興	1
黃樟	黃	樟	1
黃濁	黃	濁	1
黃火亮	黃	火亮	1
黃牛票	黃	牛票	1
黃金時段	黃	金時段	1
黃麴毒素	黃	麴毒素	1
黃色新聞	黃	色新聞	1
油漆	油	漆	28905
油脂	油	脂	145645
油墨	油	墨	135970
油畫	油	畫	111185
油田	油	田	81385
油條	油	條	60357
油菜	油	菜	56460
油膩	油	膩	50120
油門	油	門	45630
油箱	油	箱	44945
油性	油	性	39390
油炸	油	炸	36445
油煙	油	煙	35910
油價	油	價	32525
油污	油	污	30735
油汙	油	汙	30735
油然而生	油	然而生	23515
油泵	油	泵	23225
油鍋	油	鍋	20205
油水	油	水	19870
油庫	油	庫	18645
油壓	油	壓	17830
油燈	油	燈	16355
油管	油	管	14005
油輪	油	輪	13765
油井	油	井	12515
油罐	油	罐	12005
油菜花	油	菜花	11215
油光	油	光	10420
油漬	油	漬	10335
油費	油	費	9920
油罐車	油	罐車	8495
油桶	油	桶	8485
油然	油	然	7100
油亮	油	亮	6995
油膏	油	膏	6435
油彩	油	彩	6385
油船	油	船	6250
油煎	油	煎	6160
油泥	油	泥	5735
油液	油	液	5275
油油	油	油	4625
油廠	油	廠	4525
油餅	油	餅	4515
油垢	油	垢	4435
油嘴滑舌	油	嘴滑舌	4280
油紙	油	紙	4165
油車	油	車	3615
油料	油	料	3598
油瓶	油	瓶	3580
油渣	油	渣	3495
油茶	油	茶	3155
油層	油	層	2895
油腔滑調	油	腔滑調	2735
油跡	油	跡	2730
油膩膩	油	膩膩	2710
油布	油	布	2670
油灰	油	灰	1635
油礦	油	礦	1635
油頭粉面	油	頭粉面	1545
油漆匠	油	漆匠	720
油膜	油	膜	612
油滑	油	滑	365
油印	油	印	220
油桐	油	桐	180
油品	油	品	89
油艙	油	艙	1
油飯	油	飯	1
油行	油	行	1
油花	油	花	1
油源	油	源	1
油亮亮	油	亮亮	1
獨立	獨	立	500644
獨特	獨	特	500450
獨家	獨	家	217470
獨自	獨	自	197290
獨一無二	獨	一無二	85935
獨到	獨	到	75495
獨創	獨	創	74775
獨立性	獨	立性	72720
獨資	獨	資	69850
獨具	獨	具	53495
獨享	獨	享	52505
獨占	獨	占	38650
獨佔	獨	佔	38650
獨樹一幟	獨	樹一幟	36610
獨行	獨	行	26325
獨處	獨	處	25025
獨奏	獨	奏	21940
獨身	獨	身	21105
獨裁	獨	裁	21050
獨白	獨	白	20760
獨唱	獨	唱	20750
獨到之處	獨	到之處	19270
獨門	獨	門	18145
獨生子	獨	生子	14145
獨居	獨	居	13665
獨步	獨	步	12240
獨霸	獨	霸	12075
獨領風騷	獨	領風騷	11855
獨木橋	獨	木橋	11815
獨大	獨	大	10340
獨占鰲頭	獨	占鰲頭	9445
獨佔鰲頭	獨	佔鰲頭	9445
獨當一面	獨	當一面	9150
獨子	獨	子	8600
獨來獨往	獨	來獨往	8365
獨斷	獨	斷	8005
獨善其身	獨	善其身	7810
獨具一格	獨	具一格	7645
獨裁者	獨	裁者	7430
獨斷專行	獨	斷專行	6750
獨得	獨	得	6440
獨棟	獨	棟	6230
獨力	獨	力	5765
獨立宣言	獨	立宣言	5640
獨木舟	獨	木舟	5500
獨具慧眼	獨	具慧眼	5195
獨生女	獨	生女	5115
獨行俠	獨	行俠	4975
獨攬	獨	攬	4560
獨吞	獨	吞	4150
獨立精神	獨	立精神	3915
獨眼龍	獨	眼龍	3605
獨家新聞	獨	家新聞	3595
獨資經營	獨	資經營	2910
獨飲	獨	飲	2095
獨霸一方	獨	霸一方	1530
獨鍾	獨	鍾	1515
獨坐	獨	坐	1353
獨夫	獨	夫	1285
獨斷獨行	獨	斷獨行	1195
獨缺	獨	缺	980
獨幕劇	獨	幕劇	825
獨木難支	獨	木難支	660
獨排眾議	獨	排眾議	40
獨見	獨	見	1
獨腳戲	獨	腳戲	1
獨立國	獨	立國	1
獨持異議	獨	持異議	1
獨家報導	獨	家報導	1
獨樹一格	獨	樹一格	1
獨占鼇頭	獨	占鼇頭	1
獨立懸吊系統	獨	立懸吊系統	1
當然	當	然	501139
當前	當	前	501308
當時	當	時	500970
當地	當	地	500655
當事人	當	事人	500428
當年	當	年	500424
當中	當	中	500316
當天	當	天	390875
當代	當	代	366255
當初	當	初	357420
當作	當	作	318305
當事	當	事	308165
當日	當	日	281760
當場	當	場	238025
當成	當	成	207900
當今	當	今	206675
當下	當	下	140380
當即	當	即	106135
當晚	當	晚	104770
當選	當	選	99725
當局	當	局	96155
當面	當	面	81955
當真	當	真	71300
當地人	當	地人	56730
當選為	當	選為	53900
當務之急	當	務之急	51955
當歸	當	歸	44660
當家	當	家	43905
當眾	當	眾	42525
當是	當	是	38685
當上	當	上	36850
當心	當	心	35505
當兵	當	兵	34895
當官	當	官	30545
當之無愧	當	之無愧	29660
當先	當	先	28325
當頭	當	頭	27815
當量	當	量	19080
當機立斷	當	機立斷	13035
當世	當	世	12865
當仁不讓	當	仁不讓	12290
當夜	當	夜	11970
當鋪	當	鋪	11820
當班	當	班	11600
當道	當	道	11515
當權	當	權	10410
當街	當	街	9735
當兒	當	兒	9450
當朝	當	朝	8635
當空	當	空	8360
當權者	當	權者	7620
當事者	當	事者	7490
當值	當	值	7355
當政	當	政	6865
當差	當	差	6235
當令	當	令	4130
當頭棒喝	當	頭棒喝	3845
當局者迷	當	局者迷	3145
當票	當	票	2240
當權派	當	權派	2015
當掉	當	掉	1930
當關	當	關	1785
當眾宣佈	當	眾宣佈	1620
當選人	當	選人	1145
當口	當	口	777
當場出醜	當	場出醜	380
當機	當	機	1
當國	當	國	1
當舖	當	舖	1
當做	當	做	1
當家花旦	當	家花旦	1
當家小生	當	家小生	1
石油	石	油	397255
石頭	石	頭	333050
石家莊	石	家莊	247705
石材	石	材	137005
石膏	石	膏	114616
石榴	石	榴	113867
石門	石	門	55785
石刻	石	刻	45315
石橋	石	橋	42590
石板	石	板	41120
石塊	石	塊	40800
石雕	石	雕	40320
石灰	石	灰	38760
石柱	石	柱	38175
石壁	石	壁	35185
石碑	石	碑	34260
石化	石	化	33629
石窟	石	窟	33050
石英	石	英	31415
石子	石	子	30285
石階	石	階	22925
石棉	石	棉	21200
石像	石	像	18920
石器	石	器	17250
石灰石	石	灰石	16540
石洞	石	洞	14345
石灰岩	石	灰岩	12595
石器時代	石	器時代	11405
石鼓	石	鼓	11060
石筍	石	筍	10535
石花菜	石	花菜	9999
石牆	石	牆	9350
石破天驚	石	破天驚	8730
石縫	石	縫	8600
石屋	石	屋	8530
石沉大海	石	沉大海	8330
石料	石	料	7945
石棺	石	棺	7805
石獅	石	獅	7295
石頭記	石	頭記	7210
石斑魚	石	斑魚	6871
石礦	石	礦	6850
石匠	石	匠	6710
石化工業	石	化工業	5335
石油危機	石	油危機	5320
石臼	石	臼	3995
石墩	石	墩	3985
石榴裙	石	榴裙	3880
石室	石	室	3873
石墨	石	墨	3804
石片	石	片	3205
石油業	石	油業	3140
石方	石	方	3050
石蠟	石	蠟	1853
石炭	石	炭	1705
石子路	石	子路	1600
石刀	石	刀	1550
石敢當	石	敢當	1400
石灰質	石	灰質	1165
石鐘乳	石	鐘乳	999
石磨	石	磨	845
石碇	石	碇	140
石松	石	松	140
石工	石	工	99
石版	石	版	2
石級	石	級	1
石綿	石	綿	1
石牌	石	牌	1
石文	石	文	1
石斛蘭	石	斛蘭	1
石綿瓦	石	綿瓦	1
石碳酸	石	碳酸	1
精液	精	液	76525
精神	精	神	606946
精力	精	力	339675
精品	精	品	500331
精實	精	實	1
精華	精	華	503439
精彩	精	彩	500254
精靈	精	靈	367105
精美	精	美	364510
精英	精	英	331110
精心	精	心	303340
精選	精	選	220980
精緻	精	緻	187735
精確	精	確	169920
精密	精	密	163340
精通	精	通	152985
精細	精	細	118535
精子	精	子	116945
精髓	精	髓	101240
精光	精	光	99999
精簡	精	簡	73925
精明	精	明	69630
精良	精	良	68175
精巧	精	巧	65400
精裝	精	裝	62360
精準	精	準	59935
精神病	精	神病	57770
精神狀態	精	神狀態	57200
精益求精	精	益求精	54340
精煉	精	煉	45830
精鍊	精	鍊	45830
精湛	精	湛	45200
精心設計	精	心設計	42115
精進	精	進	41105
精鹽	精	鹽	39085
精華區	精	華區	29190
精銳	精	銳	29055
精闢	精	闢	27790
精粹	精	粹	27035
精工	精	工	26980
精妙	精	妙	26525
精神生活	精	神生活	25510
精於	精	於	24640
精確度	精	確度	23765
精微	精	微	22222
精氣	精	氣	19999
精神分裂症	精	神分裂症	16905
精打細算	精	打細算	16785
精誠	精	誠	16665
精兵	精	兵	15705
精神科	精	神科	14630
精密機械	精	密機械	14125
精舍	精	舍	12565
精挑細選	精	挑細選	12235
精神抖擻	精	神抖擻	11750
精雕細琢	精	雕細琢	10075
精算	精	算	9999
精力旺盛	精	力旺盛	9155
精純	精	純	8990
精製	精	製	8411
精密度	精	密度	7890
精神分裂	精	神分裂	6940
精研	精	研	6600
精悍	精	悍	5205
精義	精	義	5110
精壯	精	壯	4485
精疲力竭	精	疲力竭	1440
精疲力盡	精	疲力盡	853
精忠	精	忠	2
精采	精	采	1
精神教育	精	神教育	1
精神外遇	精	神外遇	1
起來	起	來	501111
起床	起	床	114555
起司	起	司	13400
起飛	起	飛	98005
起訴	起	訴	235700
起點	起	點	235170
起草	起	草	169645
起身	起	身	147320
起碼	起	碼	123335
起源	起	源	94645
起初	起	初	81745
起始	起	始	69470
起名	起	名	61775
起作用	起	作用	60250
起重	起	重	46115
起伏	起	伏	40448
起義	起	義	39540
起見	起	見	37520
起家	起	家	36630
起因	起	因	36390
起重機	起	重機	35350
起火	起	火	35155
起價	起	價	27750
起舞	起	舞	25375
起色	起	色	22880
起居	起	居	22160
起立	起	立	21920
起先	起	先	21045
起哄	起	哄	19745
起鬨	起	鬨	19745
起兵	起	兵	19345
起落	起	落	18060
起手	起	手	17950
起泡	起	泡	15880
起死回生	起	死回生	14760
起跳	起	跳	14720
起居室	起	居室	14415
起勁	起	勁	13845
起跑	起	跑	12110
起步	起	步	11402
起薪	起	薪	9999
起事	起	事	8425
起落架	起	落架	7995
起不來	起	不來	6555
起頭	起	頭	6205
起訖	起	訖	5780
起坐	起	坐	5435
起疑	起	疑	5180
起早	起	早	5165
起風	起	風	4970
起更	起	更	4545
起因於	起	因於	3810
起意	起	意	2675
起錨	起	錨	2300
起承轉合	起	承轉合	2180
起解	起	解	1840
起貨	起	貨	1235
起司蛋糕	起	司蛋糕	1216
起床號	起	床號	655
起子	起	子	627
起用	起	用	237
起首	起	首	236
起程	起	程	1
起動	起	動	1
起工	起	工	1
起行	起	行	1
起會	起	會	1
起站	起	站	1
起縐	起	縐	1
起租	起	租	1
起學潮	起	學潮	1
起而效尤	起	而效尤	1
回家	回	家	500295
回去	回	去	356970
回來	回	來	500295
回覆	回	覆	501774
回復	回	復	501774
回波	回	波	888
回饋	回	饋	59875
回答	回	答	500615
回到	回	到	500345
回憶	回	憶	415765
回報	回	報	367050
回收	回	收	366070
回應	回	應	249530
回頭	回	頭	243475
回顧	回	顧	222535
回歸	回	歸	218115
回國	回	國	124995
回味	回	味	80690
回首	回	首	72880
回想	回	想	62060
回響	回	響	58790
回扣	回	扣	56980
回合	回	合	53105
回執	回	執	46665
回信	回	信	43860
回轉	回	轉	43260
回程	回	程	39030
回音	回	音	36520
回憶起	回	憶起	33165
回聲	回	聲	30075
回身	回	身	23340
回憶錄	回	憶錄	23240
回想起來	回	想起來	18335
回老家	回	老家	16625
回絕	回	絕	16055
回擊	回	擊	14250
回回	回	回	13385
回電	回	電	12035
回敬	回	敬	11610
回籠	回	籠	10770
回心轉意	回	心轉意	10600
回話	回	話	9999
回溯	回	溯	9470
回函	回	函	8340
回春	回	春	7900
回贈	回	贈	6565
回師	回	師	4615
回頭是岸	回	頭是岸	4525
回手	回	手	4425
回防	回	防	3955
回眸一笑	回	眸一笑	3870
回文	回	文	3600
回返	回	返	3345
回鍋	回	鍋	3030
回門	回	門	2855
回嘴	回	嘴	2460
回郵	回	郵	2445
回部	回	部	1710
回天乏術	回	天乏術	1255
回青	回	青	1205
回跌	回	跌	1190
回條	回	條	650
回郵信封	回	郵信封	480
回心	回	心	9
回教	回	教	5
回紇	回	紇	2
回祿	回	祿	2
回教徒	回	教徒	2
回力球	回	力球	1
回頭書	回	頭書	1
回想到	回	想到	1
軍隊	軍	隊	468680
軍事	軍	事	381390
軍人	軍	人	198615
軍官	軍	官	134205
軍區	軍	區	84600
軍用	軍	用	56935
軍民	軍	民	54985
軍訓	軍	訓	53875
軍方	軍	方	47485
軍營	軍	營	42690
軍中	軍	中	38215
軍艦	軍	艦	34790
軍師	軍	師	33165
軍醫	軍	醫	32375
軍裝	軍	裝	32190
軍閥	軍	閥	32175
軍政	軍	政	31080
軍校	軍	校	29135
軍長	軍	長	29065
軍士	軍	士	29035
軍委	軍	委	28190
軍刀	軍	刀	26255
軍旅	軍	旅	23345
軍火	軍	火	19925
軍事行動	軍	事行動	19715
軍事訓練	軍	事訓練	18455
軍國主義	軍	國主義	17520
軍團	軍	團	16976
軍部	軍	部	15975
軍警	軍	警	14195
軍服	軍	服	13965
軍力	軍	力	13965
軍品	軍	品	13505
軍情	軍	情	12960
軍需	軍	需	11895
軍心	軍	心	11455
軍旗	軍	旗	11425
軍備	軍	備	10795
軍費	軍	費	10510
軍事基地	軍	事基地	10420
軍種	軍	種	8590
軍職	軍	職	7850
軍械	軍	械	7320
軍機	軍	機	7245
軍事化	軍	事化	7170
軍令	軍	令	6780
軍歌	軍	歌	6640
軍號	軍	號	6435
軍港	軍	港	6375
軍功	軍	功	6325
軍法	軍	法	6095
軍售	軍	售	5825
軍紀	軍	紀	5730
軍禮	軍	禮	5235
軍權	軍	權	4135
軍國	軍	國	3735
軍界	軍	界	3655
軍火商	軍	火商	3330
軍容	軍	容	3040
軍樂隊	軍	樂隊	3015
軍事顧問	軍	事顧問	2635
軍階	軍	階	2465
軍火庫	軍	火庫	2445
軍用機場	軍	用機場	2345
軍事學校	軍	事學校	1255
軍眷	軍	眷	1
軍公教	軍	公教	1
軍聞社	軍	聞社	1
軍法審判	軍	法審判	1
軍火販子	軍	火販子	1
軍訓教官	軍	訓教官	1
加油	加	油	308090
加拿大	加	拿大	403935
加入	加	入	500898
加強	加	強	501541
加工	加	工	500618
加快	加	快	500534
加大	加	大	500456
加上	加	上	500408
加盟	加	盟	500326
加速	加	速	500250
加油站	加	油站	231838
加熱	加	熱	218735
加蓋	加	蓋	198075
加重	加	重	186635
加劇	加	劇	155140
加深	加	深	138515
加班	加	班	131370
加工廠	加	工廠	88095
加收	加	收	86180
加盟店	加	盟店	76860
加工業	加	工業	65130
加倍	加	倍	56590
加起來	加	起來	48915
加州	加	州	45175
加裝	加	裝	43480
加薪	加	薪	41335
加壓	加	壓	40380
加速度	加	速度	35220
加速器	加	速器	32480
加長	加	長	31660
加權	加	權	26870
加減	加	減	26010
加成	加	成	23485
加以	加	以	22075
加滿	加	滿	17640
加侖	加	侖	15455
加高	加	高	15065
加註	加	註	13265
加害	加	害	12520
加多	加	多	12045
加印	加	印	10870
加工區	加	工區	10820
加勒比海	加	勒比海	10765
加料	加	料	9785
加給	加	給	9265
加碼	加	碼	8695
加冕	加	冕	8480
加工品	加	工品	7960
加值	加	值	6835
加緊	加	緊	6600
加號	加	號	6560
加拿大人	加	拿大人	5195
加把勁	加	把勁	4040
加減乘除	加	減乘除	3480
加數	加	數	3015
加添	加	添	2905
加派	加	派	2745
加菜	加	菜	2155
加護	加	護	1675
加護病房	加	護病房	1155
加油添醋	加	油添醋	1155
加足馬力	加	足馬力	815
加權指數	加	權指數	805
加諸	加	諸	5
加國	加	國	1
加央	加	央	1
加菜金	加	菜金	1
加薩走廊	加	薩走廊	1
加值網路	加	值網路	1
加工出口區	加	工出口區	1
受傷	受	傷	233380
受理	受	理	500316
受益	受	益	189010
受損	受	損	132725
受過	受	過	92000
受害者	受	害者	82120
受不了	受	不了	79235
受益人	受	益人	66020
受賄	受	賄	65518
受害	受	害	64850
受害人	受	害人	63195
受到	受	到	50075
受託	受	託	49860
受聘	受	聘	48330
受阻	受	阻	45065
受孕	受	孕	36820
受訪者	受	訪者	33035
受苦	受	苦	32920
受限	受	限	31745
受騙	受	騙	30360
受用	受	用	25910
受挫	受	挫	25895
受命	受	命	22855
受熱	受	熱	20580
受訓	受	訓	20575
受累	受	累	19005
受潮	受	潮	18935
受惠	受	惠	18520
受精	受	精	17130
受罪	受	罪	17125
受精卵	受	精卵	15565
受訪	受	訪	15030
受雇	受	雇	12290
受僱	受	僱	12290
受寵若驚	受	寵若驚	12180
受難	受	難	11725
受審	受	審	10215
受氣	受	氣	10160
受寵	受	寵	9825
受戒	受	戒	9620
受罰	受	罰	9590
受驚	受	驚	9405
受辱	受	辱	9405
受教	受	教	8999
受邀	受	邀	8888
受得了	受	得了	8520
受贈人	受	贈人	8200
受虐	受	虐	8040
受刑	受	刑	7090
受制	受	制	7085
受封	受	封	6710
受困	受	困	6210
受降	受	降	5745
受寒	受	寒	5470
受委屈	受	委屈	5035
受獎	受	獎	3715
受洗	受	洗	3405
受禮	受	禮	2925
受話器	受	話器	2045
受氣包	受	氣包	1275
受屈	受	屈	1230
受得住	受	得住	1180
受粉	受	粉	460
受邀者	受	邀者	350
受業	受	業	2
受款	受	款	1
受冷落	受	冷落	1
受益費	受	益費	1
受人矚目	受	人矚目	1
受人之託，忠人之事	受	人之託，忠人之事	1
聯邦	聯	邦	139040
聯想	聯	想	399825
聯合	聯	合	500495
聯絡	聯	絡	234890
聯盟	聯	盟	500428
聯繫	聯	繫	501382
聯通	聯	通	222530
聯合國	聯	合國	219360
聯賽	聯	賽	191915
聯合會	聯	合會	152130
聯手	聯	手	139995
聯席會議	聯	席會議	66250
聯想到	聯	想到	59770
聯考	聯	考	58505
聯誼會	聯	誼會	47795
聯軍	聯	軍	41335
聯名	聯	名	31605
聯絡員	聯	絡員	27115
聯邦政府	聯	邦政府	26140
聯姻	聯	姻	26030
聯歡	聯	歡	22290
聯袂	聯	袂	19920
聯歡會	聯	歡會	15340
聯絡處	聯	絡處	14520
聯想起	聯	想起	14370
聯合聲明	聯	合聲明	13825
聯播	聯	播	11105
聯席	聯	席	10945
聯會	聯	會	10420
聯合政府	聯	合政府	7235
聯線	聯	線	6340
聯苯	聯	苯	6280
聯合公報	聯	合公報	5805
聯邦制	聯	邦制	5345
聯合報	聯	合報	5310
聯誼	聯	誼	4882
聯句	聯	句	3910
聯勤	聯	勤	3705
聯招	聯	招	3605
聯絡官	聯	絡官	3210
聯合促銷	聯	合促銷	2855
聯署	聯	署	2325
聯大	聯	大	1645
聯保	聯	保	1609
聯合晚報	聯	合晚報	1285
聯想力	聯	想力	1060
聯展	聯	展	839
聯營	聯	營	111
聯隊	聯	隊	2
聯結	聯	結	2
聯成	聯	成	1
聯貸	聯	貸	1
聯貫	聯	貫	1
聯國	聯	國	1
聯華	聯	華	1
聯集	聯	集	1
聯接	聯	接	1
聯立	聯	立	1
聯屬	聯	屬	1
聯鎖	聯	鎖	1
聯結車	聯	結車	1
聯絡簿	聯	絡簿	1
聯鎖店	聯	鎖店	1
聯招會	聯	招會	1
聯邦國家	聯	邦國家	1
聯合工專	聯	合工專	1
聯合內閣	聯	合內閣	1
聯勤總部	聯	勤總部	1
聯營公車	聯	營公車	1
聯邦直轄區	聯	邦直轄區	1
進來	進	來	344630
進去	進	去	357080
進步	進	步	500321
進行	進	行	506223
進階	進	階	31105
進度	進	度	208505
進入	進	入	501512
進一步	進	一步	501013
進口	進	口	500552
進程	進	程	500337
進攻	進	攻	330105
進展	進	展	314870
進出口	進	出口	305315
進而	進	而	261150
進軍	進	軍	147345
進貨	進	貨	131045
進化	進	化	110535
進修	進	修	100425
進出	進	出	99915
進食	進	食	88990
進駐	進	駐	87950
進取	進	取	83145
進場	進	場	76570
進城	進	城	75730
進士	進	士	59370
進口商	進	口商	43270
進京	進	京	37395
進水	進	水	34810
進餐	進	餐	31230
進退	進	退	30245
進項稅額	進	項稅額	26515
進發	進	發	24805
進補	進	補	22885
進行曲	進	行曲	22175
進化論	進	化論	19375
進廠	進	廠	16255
進取心	進	取心	15500
進貢	進	貢	12670
進退兩難	進	退兩難	12325
進進出出	進	進出出	11920
進項	進	項	10280
進犯	進	犯	8855
進賢	進	賢	7905
進度表	進	度表	7815
進港	進	港	7100
進口稅	進	口稅	7050
進擊	進	擊	6210
進言	進	言	6070
進香	進	香	5780
進出口商	進	出口商	5495
進佔	進	佔	4135
進退維谷	進	退維谷	3840
進口貨	進	口貨	3525
進剿	進	剿	2210
進料	進	料	1655
進退失據	進	退失據	1040
進逼	進	逼	483
進香團	進	香團	245
進學	進	學	2
進德	進	德	1
進級	進	級	1
進酒	進	酒	1
進爵	進	爵	1
進襲	進	襲	1
進用	進	用	1
進帳	進	帳	1
進步黨	進	步黨	1
進步到	進	步到	1
進香客	進	香客	1
進退應對	進	退應對	1
單軌	單	軌	5045
單字	單	字	16000
單位	單	位	502589
單獨	單	獨	440965
單純	單	純	386005
單一	單	一	329550
單價	單	價	224005
單身	單	身	206475
單項	單	項	123405
單據	單	據	122750
單調	單	調	84225
單車	單	車	63915
單程	單	程	58175
單向	單	向	57020
單色	單	色	48925
單單	單	單	41910
單薄	單	薄	41885
單子	單	子	39375
單身貴族	單	身貴族	36600
單方面	單	方面	32735
單層	單	層	32460
單選	單	選	31870
單面	單	面	31060
單數	單	數	24560
單挑	單	挑	20505
單打	單	打	19470
單行本	單	行本	19145
單日	單	日	17585
單人房	單	人房	16540
單行	單	行	16325
單親家庭	單	親家庭	14925
單刀	單	刀	14470
單打獨鬥	單	打獨鬥	12135
單月	單	月	10055
單槍匹馬	單	槍匹馬	9710
單身漢	單	身漢	8320
單眼皮	單	眼皮	7935
單人床	單	人床	7925
單戀	單	戀	7825
單位成本	單	位成本	6405
單槓	單	槓	5445
單孔	單	孔	5295
單相思	單	相思	5285
單座	單	座	5250
單刀直入	單	刀直入	5250
單行道	單	行道	4955
單句	單	句	4380
單元	單	元	4189
單傳	單	傳	3675
單醣	單	醣	3195
單擺	單	擺	2815
單寧酸	單	寧酸	2265
單口相聲	單	口相聲	1930
單程票	單	程票	1850
單循環	單	循環	1835
單行法	單	行法	1510
單刀赴會	單	刀赴會	1435
單于	單	于	661
單循環賽	單	循環賽	620
單鍵	單	鍵	66
單縣	單	縣	2
單淘汰	單	淘汰	1
單元劇	單	元劇	1
單車旅行	單	車旅行	1
單行法規	單	行法規	1
單機作業	單	機作業	1
單線進行	單	線進行	1
單眼相機	單	眼相機	1
單一市場	單	一市場	1
推薦	推	薦	501446
推進	推	進	500742
推廣	推	廣	500693
推出	推	出	500637
推動	推	動	500587
推行	推	行	420015
推銷	推	銷	177480
推翻	推	翻	154435
推介	推	介	148545
推向	推	向	124510
推理	推	理	121825
推開	推	開	111085
推崇	推	崇	91100
推測	推	測	84960
推車	推	車	75208
推斷	推	斷	58945
推算	推	算	53745
推移	推	移	51405
推銷員	推	銷員	48185
推選	推	選	47675
推倒	推	倒	38870
推論	推	論	34760
推動力	推	動力	31890
推拿	推	拿	31840
推舉	推	舉	30805
推陳出新	推	陳出新	30000
推敲	推	敲	29250
推定	推	定	27590
推上	推	上	25330
推波助瀾	推	波助瀾	23525
推辭	推	辭	22350
推土機	推	土機	20895
推桿	推	桿	13360
推手	推	手	12035
推托	推	托	10655
推託	推	託	10655
推演	推	演	10290
推掉	推	掉	8445
推進器	推	進器	7615
推卸	推	卸	7525
推展	推	展	7100
推說	推	說	6610
推想	推	想	6260
推心置腹	推	心置腹	6135
推力	推	力	5630
推為	推	為	4810
推擠	推	擠	3775
推諉	推	諉	3550
推窗	推	窗	3065
推卻	推	卻	2855
推己及人	推	己及人	2760
推崇備至	推	崇備至	2585
推磨	推	磨	2500
推重	推	重	2255
推球	推	球	1720
推壓	推	壓	1715
推究	推	究	1645
推三阻四	推	三阻四	1480
推許	推	許	820
推銷術	推	銷術	785
推估	推	估	780
推撞	推	撞	440
推派	推	派	420
推下來	推	下來	315
推尊	推	尊	55
推事	推	事	1
推誠	推	誠	1
推薦甄選	推	薦甄選	1
推諉塞責	推	諉塞責	1
教練	教	練	263605
教課	教	課	6510
教室	教	室	313665
教育	教	育	502007
教師	教	師	501376
教學	教	學	501024
教授	教	授	500649
教材	教	材	500480
教育部	教	育部	495700
教育局	教	育局	222405
教訓	教	訓	215390
教會	教	會	149455
教案	教	案	148570
教堂	教	堂	127080
教育廳	教	育廳	100455
教導	教	導	92720
教科書	教	科書	91145
教研	教	研	90345
教務處	教	務處	79510
教唆	教	唆	74625
教主	教	主	65345
教育家	教	育家	52755
教誨	教	誨	43545
教學法	教	學法	43045
教給	教	給	42980
教官	教	官	42835
教育界	教	育界	37695
教育學院	教	育學院	36925
教具	教	具	36780
教養	教	養	35200
教書	教	書	34990
教義	教	義	34560
教師節	教	師節	32895
教皇	教	皇	32435
教徒	教	徒	31765
教父	教	父	28295
教務	教	務	25995
教派	教	派	25285
教條	教	條	19980
教育司	教	育司	15985
教士	教	士	13440
教廷	教	廷	11065
教頭	教	頭	10050
教宗	教	宗	7900
教育性	教	育性	7265
教區	教	區	7260
教練機	教	練機	7080
教練車	教	練車	6615
教鞭	教	鞭	6470
教職	教	職	5755
教職員	教	職員	5550
教學相長	教	學相長	5485
教規	教	規	5305
教育部長	教	育部長	4715
教務主任	教	務主任	4455
教員	教	員	4444
教化	教	化	3850
教友	教	友	3755
教育局長	教	育局長	3540
教務長	教	務長	3430
教本	教	本	2745
教養院	教	養院	955
教法	教	法	404
教局	教	局	1
教權	教	權	1
教席	教	席	1
教育系	教	育系	1
教育行政	教	育行政	1
教育廳長	教	育廳長	1
明天	明	天	500300
明顯	明	顯	500594
明確	明	確	500670
明白	明	白	500290
明星	明	星	484570
明年	明	年	426330
明亮	明	亮	183570
明代	明	代	137150
明明	明	明	128800
明瞭	明	瞭	121800
明月	明	月	118030
明知	明	知	95675
明朝	明	朝	95080
明日	明	日	90050
明朗	明	朗	62655
明示	明	示	51530
明快	明	快	50145
明媚	明	媚	37740
明信片	明	信片	33070
明文規定	明	文規定	32835
明智	明	智	32175
明暗	明	暗	31555
明說	明	說	26880
明令	明	令	25035
明鏡	明	鏡	24125
明德	明	德	23010
明文	明	文	21830
明目張膽	明	目張膽	14420
明治	明	治	13930
明證	明	證	13440
明珠	明	珠	13026
明礬	明	礬	11938
明智之舉	明	智之舉	11685
明達	明	達	11200
明理	明	理	10550
明淨	明	淨	10015
明豔	明	豔	8510
明眼人	明	眼人	8205
明志	明	志	8195
明言	明	言	7905
明爭暗鬥	明	爭暗鬥	7725
明辨是非	明	辨是非	7305
明查暗訪	明	查暗訪	5960
明哲保身	明	哲保身	5495
明心見性	明	心見性	5215
明鑑	明	鑑	5050
明朗化	明	朗化	4905
明春	明	春	4825
明王	明	王	4785
明察秋毫	明	察秋毫	4530
明察	明	察	3985
明仁	明	仁	3485
明知故犯	明	知故犯	3125
明禮	明	禮	2280
明眸皓齒	明	眸皓齒	2245
明牌	明	牌	2222
明後天	明	後天	2180
明日黃花	明	日黃花	2130
明辨	明	辨	1504
明溝	明	溝	1450
明媒正娶	明	媒正娶	1390
明講	明	講	1080
明鏡高懸	明	鏡高懸	575
明哲	明	哲	1
明道	明	道	1
明訂	明	訂	1
明度	明	度	1
明訓	明	訓	1
明槍易躲，暗箭難防	明	槍易躲，暗箭難防	1
深度	深	度	319745
深刻	深	刻	282440
深色	深	色	48105
深入	深	入	500379
深受	深	受	228595
深夜	深	夜	129830
深情	深	情	124260
深遠	深	遠	112140
深深地	深	深地	110670
深處	深	處	109600
深沉	深	沉	79765
深厚	深	厚	78145
深知	深	知	70955
深邃	深	邃	60705
深化	深	化	60470
深感	深	感	59975
深造	深	造	57855
深切	深	切	55070
深淵	深	淵	52905
深得	深	得	48130
深信	深	信	46365
深海	深	海	41225
深思	深	思	40480
深藍	深	藍	38510
深淺	深	淺	36060
深山	深	山	35765
深入淺出	深	入淺出	34550
深秋	深	秋	30545
深呼吸	深	呼吸	29560
深奧	深	奧	27480
深藏	深	藏	24050
深藍色	深	藍色	23510
深意	深	意	20505
深不可測	深	不可測	17380
深重	深	重	17035
深谷	深	谷	16220
深惡痛絕	深	惡痛絕	14850
深為	深	為	14435
深究	深	究	13810
深紅色	深	紅色	10050
深潭	深	潭	9750
深怕	深	怕	8725
深長	深	長	8110
深藏不露	深	藏不露	7905
深溝	深	溝	7685
深耕	深	耕	6875
深謀遠慮	深	謀遠慮	6195
深坑	深	坑	5980
深交	深	交	5875
深閨	深	閨	5815
深更半夜	深	更半夜	5650
深紫色	深	紫色	4625
深仇大恨	深	仇大恨	4370
深井	深	井	4149
深居簡出	深	居簡出	3565
深談	深	談	3375
深黑色	深	黑色	2775
深明大義	深	明大義	2550
深宅大院	深	宅大院	2215
深仇	深	仇	2000
深湛	深	湛	1875
深濃	深	濃	1370
深省	深	省	1075
深惡	深	惡	785
深鉅	深	鉅	1
深沈	深	沈	1
深耕易耨	深	耕易耨	1
深入堂奧	深	入堂奧	1
深思熟慮	深	思熟慮	1
難怪	難	怪	139115
難得	難	得	138205
難看	難	看	53455
難波	難	波	888
難以	難	以	500365
難道	難	道	500354
難度	難	度	377450
難題	難	題	277125
難點	難	點	229265
難免	難	免	151495
難過	難	過	112790
難忘	難	忘	112660
難受	難	受	106045
難於	難	於	50590
難事	難	事	32410
難堪	難	堪	31075
難關	難	關	30545
難民	難	民	29995
難能可貴	難	能可貴	27005
難聽	難	聽	26375
難以置信	難	以置信	26260
難找	難	找	25700
難逃	難	逃	23165
難為	難	為	21520
難說	難	說	21270
難處	難	處	20355
難產	難	產	18455
難以忍受	難	以忍受	18255
難耐	難	耐	17665
難保	難	保	17610
難聞	難	聞	15690
難易	難	易	15230
難道說	難	道說	14645
難懂	難	懂	14570
難辦	難	辦	13835
難言	難	言	13630
難以為繼	難	以為繼	11975
難纏	難	纏	10965
難當	難	當	10835
難吃	難	吃	10790
難上加難	難	上加難	10670
難為情	難	為情	8910
難以捉摸	難	以捉摸	8620
難掩	難	掩	8500
難測	難	測	8275
難倒	難	倒	8030
難言之隱	難	言之隱	7095
難得糊塗	難	得糊塗	5825
難不倒	難	不倒	4460
難色	難	色	3380
難辭其咎	難	辭其咎	3310
難解難分	難	解難分	3305
難兄難弟	難	兄難弟	3300
難友	難	友	2820
難民營	難	民營	2650
難分難解	難	分難解	2420
難以估計	難	以估計	2360
難分難捨	難	分難捨	2085
難管	難	管	1580
難分高下	難	分高下	1310
難逃法網	難	逃法網	655
難胞	難	胞	55
難當重任	難	當重任	1
難竟全功	難	竟全功	1
難望項背	難	望項背	1
難以兩全	難	以兩全	1
難以消受	難	以消受	1
難以言喻	難	以言喻	1
難易適中	難	易適中	1
黑熊	黑	熊	12375
黑輪	黑	輪	1
黑色	黑	色	500339
黑暗	黑	暗	332580
黑龍江	黑	龍江	290865
黑白	黑	白	186170
黑龍江省	黑	龍江省	184645
黑夜	黑	夜	87945
黑人	黑	人	84215
黑馬	黑	馬	65480
黑社會	黑	社會	60280
黑洞	黑	洞	51815
黑名單	黑	名單	43695
黑影	黑	影	40970
黑道	黑	道	36260
黑格爾	黑	格爾	35305
黑板	黑	板	31680
黑色素	黑	色素	28180
黑幕	黑	幕	25525
黑髮	黑	髮	24660
黑頭	黑	頭	23105
黑森林	黑	森林	21636
黑斑	黑	斑	20270
黑手	黑	手	19225
黑心	黑	心	16675
黑煙	黑	煙	16525
黑子	黑	子	16260
黑海	黑	海	13215
黑壓壓	黑	壓壓	11330
黑市	黑	市	11070
黑雲	黑	雲	10665
黑松	黑	松	10527
黑貨	黑	貨	9999
黑棗	黑	棗	9999
黑石	黑	石	9920
黑猩猩	黑	猩猩	9735
黑漆漆	黑	漆漆	9475
黑手黨	黑	手黨	7295
黑白分明	黑	白分明	6685
黑店	黑	店	5970
黑白花	黑	白花	5905
黑字	黑	字	5425
黑黝黝	黑	黝黝	5360
黑錢	黑	錢	5025
黑白兩道	黑	白兩道	4980
黑痣	黑	痣	4875
黑鍋	黑	鍋	4465
黑箱	黑	箱	4155
黑奴	黑	奴	3820
黑炭	黑	炭	3485
黑盒子	黑	盒子	2690
黑話	黑	話	2390
黑槍	黑	槍	2135
黑暗時代	黑	暗時代	2130
黑檀	黑	檀	2085
黑白顛倒	黑	白顛倒	1515
黑吃黑	黑	吃黑	1420
黑死病	黑	死病	1420
黑褐	黑	褐	1415
黑潮	黑	潮	990
黑白不分	黑	白不分	695
黑貂	黑	貂	645
黑油油	黑	油油	140
黑漆	黑	漆	11
黑心肝	黑	心肝	1
黑官	黑	官	1
黑鉛	黑	鉛	1
黑忽忽	黑	忽忽	1
黑面琵鷺	黑	面琵鷺	1
土豆	土	豆	1777511
土地	土	地	500654
土壤	土	壤	257440
土地增值稅	土	地增值稅	93440
土耳其	土	耳其	87920
土地資源	土	地資源	48660
土木工程	土	木工程	47060
土匪	土	匪	38605
土木	土	木	35620
土星	土	星	30475
土著	土	著	27160
土司	土	司	24445
土方	土	方	23610
土質	土	質	18440
土層	土	層	18410
土生土長	土	生土長	16210
土人	土	人	15080
土城	土	城	13120
土產	土	產	11595
土狗	土	狗	10270
土撥鼠	土	撥鼠	9999
土雞	土	雞	9755
土牆	土	牆	8760
土改	土	改	8675
土氣	土	氣	7935
土堆	土	堆	7600
土話	土	話	7470
土葬	土	葬	7015
土崩瓦解	土	崩瓦解	6080
土地局	土	地局	5995
土黴素	土	黴素	5945
土法	土	法	5720
土黃色	土	黃色	5550
土塊	土	塊	4600
土丘	土	丘	4550
土語	土	語	4345
土豪劣紳	土	豪劣紳	3795
土包子	土	包子	3305
土製	土	製	2540
土地廟	土	地廟	2490
土木系	土	木系	2245
土地公	土	地公	2195
土地稅	土	地稅	1750
土地權	土	地權	1570
土皇帝	土	皇帝	1500
土風	土	風	1285
土味	土	味	1220
土風舞	土	風舞	955
土庫	土	庫	845
土貨	土	貨	675
土地婆	土	地婆	165
土財主	土	財主	1
土堤	土	堤	1
土番	土	番	1
土狼	土	狼	1
土紳	土	紳	1
土甕	土	甕	1
土窯	土	窯	1
土銀	土	銀	1
土石流	土	石流	1
土托魚	土	托魚	1
土魠魚	土	魠魚	1
土地信託	土	地信託	1
土地重劃	土	地重劃	1
土耳其浴	土	耳其浴	1
土法煉鋼	土	法煉鋼	1
土托魚羹	土	托魚羹	1
土質液化	土	質液化	1
木馬	木	馬	283425
木材	木	材	218490
木耳	木	耳	107136
木頭	木	頭	83810
木質	木	質	75355
木板	木	板	61650
木製	木	製	51760
木瓜	木	瓜	48545
木工	木	工	43760
木蘭	木	蘭	38285
木雕	木	雕	38190
木偶	木	偶	32955
木業	木	業	30355
木星	木	星	30010
木屋	木	屋	24980
木桶	木	桶	24510
木匠	木	匠	24290
木乃伊	木	乃伊	23285
木炭	木	炭	22940
木棍	木	棍	19385
木箱	木	箱	18845
木料	木	料	17965
木刻	木	刻	17825
木器	木	器	17630
木樁	木	樁	14045
木魚	木	魚	13920
木石	木	石	13633
木然	木	然	12845
木棉	木	棉	12795
木棒	木	棒	12710
木塊	木	塊	10980
木屑	木	屑	10625
木條	木	條	10530
木訥	木	訥	9940
木船	木	船	8740
木片	木	片	7610
木本	木	本	7450
木柴	木	柴	7330
木桿	木	桿	7065
木架	木	架	6650
木筏	木	筏	6445
木槿	木	槿	6120
木頭人	木	頭人	5365
木屐	木	屐	4205
木偶戲	木	偶戲	3765
木版	木	版	3645
木本植物	木	本植物	3520
木梯	木	梯	3410
木棉花	木	棉花	2730
木房	木	房	2500
木樨	木	樨	2120
木已成舟	木	已成舟	1790
木造	木	造	1575
木麻黃	木	麻黃	1250
木瓜樹	木	瓜樹	555
木材行	木	材行	65
木鐸	木	鐸	2
木塞子	木	塞子	1
木芍藥	木	芍藥	1
木槌	木	槌	1
木椿	木	椿	1
木球	木	球	1
木犀	木	犀	1
木柵	木	柵	1
木板地	木	板地	1
木瓜溪	木	瓜溪	1
木柵區	木	柵區	1
木石心腸	木	石心腸	1
百貨	百	貨	130115
百分之百	百	分之百	51790
百姓	百	姓	345175
百分點	百	分點	283165
百年	百	年	227785
百合	百	合	130315
百分比	百	分比	82290
百花	百	花	58955
百科全書	百	科全書	39180
百萬富翁	百	萬富翁	33095
百倍	百	倍	31375
百般	百	般	29760
百貨公司	百	貨公司	27255
百花齊放	百	花齊放	24210
百家爭鳴	百	家爭鳴	19520
百寶箱	百	寶箱	16920
百靈鳥	百	靈鳥	16735
百合花	百	合花	15700
百貨商場	百	貨商場	15000
百態	百	態	14645
百貨店	百	貨店	14330
百病	百	病	13980
百貨商店	百	貨商店	12945
百老匯	百	老匯	12825
百折不撓	百	折不撓	12740
百葉窗	百	葉窗	11900
百無聊賴	百	無聊賴	11490
百感交集	百	感交集	9890
百戰不殆	百	戰不殆	8920
百出	百	出	8770
百戰百勝	百	戰百勝	8150
百鳥	百	鳥	8145
百分率	百	分率	7895
百年大計	百	年大計	6095
百年好合	百	年好合	5975
百貨業	百	貨業	5770
百依百順	百	依百順	5485
百尺竿頭	百	尺竿頭	5150
百發百中	百	發百中	4775
百看不厭	百	看不厭	4635
百年樹人	百	年樹人	4025
百聞不如一見	百	聞不如一見	3665
百無禁忌	百	無禁忌	2815
百思不解	百	思不解	2740
百褶裙	百	褶裙	2660
百果	百	果	2585
百毒不侵	百	毒不侵	2575
百物	百	物	2222
百步穿楊	百	步穿楊	2070
百口莫辯	百	口莫辯	1745
百讀不厭	百	讀不厭	1540
百年紀念	百	年紀念	1305
百密一疏	百	密一疏	1055
百無一用	百	無一用	915
百孔千瘡	百	孔千瘡	765
百壽圖	百	壽圖	720
百病叢生	百	病叢生	700
百日咳	百	日咳	491
百廢待舉	百	廢待舉	395
百吃不厭	百	吃不厭	1
百家齊鳴	百	家齊鳴	1
百足	百	足	1
百步蛇	百	步蛇	1
百里侯	百	里侯	1
百慕達	百	慕達	1
百摺裙	百	摺裙	1
百無一失	百	無一失	1
百武彗星	百	武彗星	1
馬上	馬	上	500424
馬來西亞	馬	來西亞	185210
馬路	馬	路	117805
馬克思	馬	克思	116175
馬克	馬	克	89385
馬車	馬	車	77465
馬力	馬	力	67640
馬丁	馬	丁	65365
馬達	馬	達	65025
馬桶	馬	桶	54550
馬鈴薯	馬	鈴薯	52835
馬德里	馬	德里	37915
馬列主義	馬	列主義	37795
馬蹄	馬	蹄	32700
馬虎	馬	虎	30230
馬匹	馬	匹	28355
馬尾	馬	尾	23345
馬鞍	馬	鞍	22400
馬拉松	馬	拉松	21925
馬賽	馬	賽	17725
馬術	馬	術	17050
馬不停蹄	馬	不停蹄	16265
馬尼拉	馬	尼拉	15235
馬場	馬	場	14105
馬馬虎虎	馬	馬虎虎	13450
馬步	馬	步	11555
馬戲團	馬	戲團	11425
馬其頓	馬	其頓	11275
馬隊	馬	隊	8880
馬戲	馬	戲	8260
馬六甲	馬	六甲	7510
馬口鐵	馬	口鐵	7475
馬廄	馬	廄	7360
馬褂	馬	褂	4685
馬里蘭	馬	里蘭	4465
馬腳	馬	腳	4410
馬到成功	馬	到成功	4155
馬關條約	馬	關條約	4145
馬太	馬	太	3885
馬里蘭州	馬	里蘭州	3648
馬球	馬	球	3465
馬靴	馬	靴	3460
馬年	馬	年	3340
馬蜂	馬	蜂	3305
馬太福音	馬	太福音	3215
馬首是瞻	馬	首是瞻	3075
馬槽	馬	槽	2975
馬後炮	馬	後炮	2930
馬屁精	馬	屁精	2705
馬來人	馬	來人	1960
馬革裹屍	馬	革裹屍	1320
馬子	馬	子	1074
馬表	馬	表	985
馬蹄鐵	馬	蹄鐵	920
馬號	馬	號	515
馬偕	馬	偕	262
馬祖	馬	祖	2
馬克斯	馬	克斯	2
馬公	馬	公	1
馬國	馬	國	1
馬利	馬	利	1
馬爾他	馬	爾他	1
馬公市	馬	公市	1
馬可仕	馬	可仕	1
馬拉威	馬	拉威	1
馬丁路德	馬	丁路德	1
馬可波羅	馬	可波羅	1
馬偕醫院	馬	偕醫院	1
冷氣	冷	氣	35030
冷凍	冷	凍	87950
冷靜	冷	靜	857233
冷漠	冷	漠	126060
冷卻	冷	卻	119350
冷冷	冷	冷	118705
冷笑	冷	笑	100680
冷水	冷	水	71060
冷淡	冷	淡	54635
冷酷	冷	酷	52695
冷藏	冷	藏	50655
冷汗	冷	汗	49445
冷面	冷	面	46887
冷戰	冷	戰	42265
冷落	冷	落	40985
冷暖	冷	暖	37395
冷清	冷	清	37370
冷風	冷	風	31315
冷飲	冷	飲	29870
冷門	冷	門	24990
冷凝	冷	凝	24435
冷血	冷	血	18770
冷靜下來	冷	靜下來	17260
冷眼	冷	眼	16895
冷峻	冷	峻	16480
冷凝器	冷	凝器	15100
冷豔	冷	豔	14710
冷嘲熱諷	冷	嘲熱諷	10950
冷卻器	冷	卻器	9205
冷敷	冷	敷	7460
冷場	冷	場	7250
冷凍食品	冷	凍食品	7135
冷冰冰	冷	冰冰	6890
冷若冰霜	冷	若冰霜	6255
冷眼旁觀	冷	眼旁觀	6045
冷不防	冷	不防	5710
冷酷無情	冷	酷無情	5095
冷藏室	冷	藏室	4890
冷凍室	冷	凍室	4475
冷僻	冷	僻	4145
冷硬	冷	硬	4030
冷宮	冷	宮	3650
冷氣機	冷	氣機	3485
冷盤	冷	盤	3220
冷暖自知	冷	暖自知	3190
冷言冷語	冷	言冷語	3185
冷水澡	冷	水澡	3065
冷藏庫	冷	藏庫	2995
冷箭	冷	箭	2665
冷飲店	冷	飲店	2485
冷板凳	冷	板凳	2205
冷颼颼	冷	颼颼	1825
冷清清	冷	清清	870
冷凍劑	冷	凍劑	760
冷媒	冷	媒	677
冷氣團	冷	氣團	655
冷鋒	冷	鋒	477
冷澀	冷	澀	450
冷泉	冷	泉	436
冷暖氣機	冷	暖氣機	1
冷顫	冷	顫	1
冷度	冷	度	1
冷房	冷	房	1
冷感症	冷	感症	1
冷氣房	冷	氣房	1
冷凍蔬菜	冷	凍蔬菜	1
冷血動物	冷	血動物	1
專業	專	業	502544
專賣店	專	賣店	228025
專用	專	用	500410
專心	專	心	86340
專利	專	利	1187911
專家	專	家	501097
專門	專	門	500506
專題	專	題	500338
專科	專	科	419030
專業化	專	業化	265190
專職	專	職	202630
專欄	專	欄	186100
專線	專	線	174030
專人	專	人	156350
專長	專	長	114515
專賣	專	賣	110225
專注	專	注	106970
專櫃	專	櫃	103655
專著	專	著	103160
專輯	專	輯	100286
專利權	專	利權	98120
專員	專	員	91895
專訪	專	訪	68805
專營	專	營	62270
專制	專	制	49955
專利法	專	利法	48040
專程	專	程	44395
專誠	專	誠	44394
專一	專	一	37210
專戶	專	戶	34910
專款專用	專	款專用	29880
專車	專	車	29390
專刊	專	刊	27755
專案	專	案	26575
專攻	專	攻	19970
專電	專	電	18275
專政	專	政	15920
專修	專	修	15505
專家系統	專	家系統	14215
專機	專	機	12430
專款	專	款	12170
專才	專	才	10030
專名號	專	名號	9999
專治	專	治	9870
專橫	專	橫	8540
專權	專	權	8005
專責	專	責	7070
專事	專	事	6830
專論	專	論	6495
專斷	專	斷	6460
專有名詞	專	有名詞	6150
專司	專	司	6105
專集	專	集	5143
專情	專	情	5010
專文	專	文	3920
專任	專	任	3380
專擅	專	擅	1120
專函	專	函	1055
專利品	專	利品	665
專美於前	專	美於前	475
專心一志	專	心一志	420
專精	專	精	111
專書	專	書	111
專校	專	校	1
專恣	專	恣	1
專斷獨行	專	斷獨行	1
專賣憑證	專	賣憑證	1
投票率	投	票率	888
投資	投	資	501478
投入	投	入	500677
投票	投	票	500349
投訴	投	訴	500346
投標	投	標	382025
投稿	投	稿	177520
投保	投	保	163270
投影機	投	影機	133690
投注	投	注	122770
投影	投	影	105910
投機	投	機	103000
投遞	投	遞	97775
投資人	投	資人	90280
投降	投	降	74365
投資額	投	資額	67875
投身	投	身	65565
投資公司	投	資公司	61470
投射	投	射	32630
投奔	投	奔	24130
投靠	投	靠	22355
投擲	投	擲	22070
投下	投	下	21460
投票權	投	票權	18235
投胎	投	胎	17875
投到	投	到	14335
投票數	投	票數	13850
投機取巧	投	機取巧	11705
投緣	投	緣	8805
投其所好	投	其所好	8760
投宿	投	宿	7440
投懷送抱	投	懷送抱	5760
投彈	投	彈	5565
投寄	投	寄	5190
投案	投	案	4825
投球	投	球	4820
投手	投	手	4715
投生	投	生	4515
投誠	投	誠	4330
投籃	投	籃	4239
投藥	投	藥	3790
投石	投	石	3575
投江	投	江	3090
投石問路	投	石問路	3060
投水	投	水	2675
投鼠忌器	投	鼠忌器	2330
投考	投	考	2185
投機分子	投	機分子	2050
投筆從戎	投	筆從戎	1980
投桃報李	投	桃報李	1975
投合	投	合	1950
投書	投	書	1895
投效	投	效	1480
投契	投	契	1111
投親	投	親	790
投票所	投	票所	470
投稿箱	投	稿箱	420
投回	投	回	300
投函	投	函	100
投鞭斷流	投	鞭斷流	66
投影片	投	影片	1
投棄	投	棄	1
投現	投	現	1
投手犯規	投	手犯規	1
投訴無門	投	訴無門	1
投手防禦率	投	手防禦率	1
投資報酬率	投	資報酬率	1
動作	動	作	500525
動物	動	物	500423
動態	動	態	500391
動畫	動	畫	500322
動脈	動	脈	80745
動詞	動	詞	85085
動脈瘤	動	脈瘤	10800
動手術	動	手術	11825
動力	動	力	500375
動員	動	員	258945
動機	動	機	188470
動手	動	手	188100
動感	動	感	161120
動人	動	人	141865
動畫片	動	畫片	108900
動向	動	向	93640
動靜	動	靜	91020
動植物	動	植物	82865
動物園	動	物園	79500
動搖	動	搖	76260
動用	動	用	73245
動蕩	動	蕩	56110
動盪	動	盪	56110
動工	動	工	46865
動力學	動	力學	44105
動輒	動	輒	43935
動聽	動	聽	42865
動產	動	產	37620
動作片	動	作片	36895
動情	動	情	35995
動脈硬化	動	脈硬化	32920
動心	動	心	30020
動能	動	能	28800
動因	動	因	26795
動腦	動	腦	23830
動亂	動	亂	23135
動物性	動	物性	20325
動彈	動	彈	20090
動不動	動	不動	19690
動腦筋	動	腦筋	18335
動身	動	身	18265
動容	動	容	17405
動筆	動	筆	15590
動彈不得	動	彈不得	14320
動議	動	議	12385
動武	動	武	8895
動怒	動	怒	6670
動口	動	口	6510
動手動腳	動	手動腳	6040
動物界	動	物界	5120
動人心魄	動	人心魄	5020
動氣	動	氣	4965
動盪不安	動	盪不安	4740
動土	動	土	4635
動員令	動	員令	3760
動粗	動	粗	3120
動物學家	動	物學家	2810
動嘴	動	嘴	2330
動如脫兔	動	如脫兔	1410
動刀動槍	動	刀動槍	1230
動輒得咎	動	輒得咎	650
動干戈	動	干戈	1
動手腳	動	手腳	1
動支	動	支	1
動員戡亂	動	員戡亂	1
動作演員	動	作演員	1
可以	可	以	505814
可能	可	能	501558
可樂	可	樂	10464
可怕	可	怕	224355
可是	可	是	501044
可口可樂	可	口可樂	147493
可愛	可	愛	500267
可見	可	見	474670
可惜	可	惜	382410
可能性	可	能性	363470
可靠	可	靠	273155
可憐	可	憐	257880
可靠性	可	靠性	210615
可行	可	行	130495
可謂	可	謂	108650
可就	可	就	106015
可知	可	知	83770
可否	可	否	77860
可想而知	可	想而知	73780
可口	可	口	71565
可不是	可	不是	69335
可疑	可	疑	62775
可觀	可	觀	58135
可笑	可	笑	56890
可信	可	信	53610
可要	可	要	51510
可惡	可	惡	50665
可可	可	可	50440
可貴	可	貴	43520
可望	可	望	40105
可悲	可	悲	34145
可用性	可	用性	32280
可人	可	人	26735
可取	可	取	26325
可溶性	可	溶性	21420
可恥	可	恥	21230
可塑性	可	塑性	17685
可乘之機	可	乘之機	16840
可恨	可	恨	16740
可敬	可	敬	16535
可讀	可	讀	16305
可喜	可	喜	14630
可圈可點	可	圈可點	14495
可親	可	親	14100
可汗	可	汗	13985
可怖	可	怖	12275
可燃	可	燃	11975
可歌可泣	可	歌可泣	10680
可嘆	可	嘆	9795
可逆	可	逆	7970
可喜可賀	可	喜可賀	7680
可燃性	可	燃性	6445
可畏	可	畏	5860
可憎	可	憎	4520
可憐蟲	可	憐蟲	3935
可變性	可	變性	3705
可看性	可	看性	3505
可佩	可	佩	1210
可蘭經	可	蘭經	1195
可惱	可	惱	1125
可慮	可	慮	1110
可望而不可即	可	望而不可即	456
可鄙	可	鄙	139
可厭	可	厭	1
可倫坡	可	倫坡	1
可造之材	可	造之材	1
強壯	強	壯	46675
強制	強	制	273895
強調	強	調	500528
強度	強	度	310145
強迫	強	迫	133420
強姦	強	姦	432268
強大	強	大	500461
強化	強	化	500443
強烈	強	烈	500381
強勁	強	勁	217180
強勢	強	勢	199660
強力	強	力	175635
強行	強	行	139640
強制執行	強	制執行	74825
強國	強	國	68875
強盜	強	盜	68675
強者	強	者	62885
強悍	強	悍	62025
強弱	強	弱	56400
強硬	強	硬	42285
強健	強	健	35605
強制保險	強	制保險	34165
強項	強	項	33430
強光	強	光	30365
強盛	強	盛	30150
強求	強	求	26170
強人	強	人	25720
強暴	強	暴	21915
強身	強	身	18405
強敵	強	敵	17670
強加	強	加	17290
強攻	強	攻	16790
強權	強	權	15745
強忍	強	忍	12330
強有力	強	有力	9999
強占	強	占	7875
強佔	強	佔	7875
強風	強	風	7845
強橫	強	橫	7785
強姦罪	強	姦罪	7575
強鹼	強	鹼	7080
強心劑	強	心劑	5660
強詞奪理	強	詞奪理	4895
強韌	強	韌	4444
強顏歡笑	強	顏歡笑	4355
強人所難	強	人所難	3915
強渡	強	渡	3665
強弩之末	強	弩之末	3595
強心針	強	心針	3415
強奪	強	奪	2750
強記	強	記	2690
強逼	強	逼	2615
強固	強	固	2525
強辯	強	辯	1910
強似	強	似	1425
強力膠	強	力膠	1310
強使	強	使	1111
強取	強	取	1105
強顏	強	顏	1045
強將手下無弱兵	強	將手下無弱兵	700
強派	強	派	210
強梁	強	梁	2
強棒	強	棒	1
強鄰	強	鄰	1
強強滾	強	強滾	1
強迫中獎	強	迫中獎	1
變成	變	成	500403
變化	變	化	501050
變得	變	得	500413
變更	變	更	500350
變動	變	動	343195
變革	變	革	283105
變形	變	形	226950
變為	變	為	205045
變換	變	換	162335
變壓器	變	壓器	136825
變態	變	態	117005
變遷	變	遷	103955
變相	變	相	87530
變異	變	異	80680
變質	變	質	73700
變速箱	變	速箱	70235
變色	變	色	68360
變種	變	種	59270
變賣	變	賣	42465
變幻	變	幻	42290
變性	變	性	41845
變速	變	速	40040
變數	變	數	36775
變通	變	通	36195
變大	變	大	34710
變小	變	小	30485
變故	變	故	30040
變臉	變	臉	28315
變更為	變	更為	26700
變法	變	法	24915
變壞	變	壞	19555
變電	變	電	18035
變心	變	心	15330
變電所	變	電所	13990
變幻莫測	變	幻莫測	13770
變好	變	好	12870
變味	變	味	12195
變長	變	長	11875
變體	變	體	11855
變化多端	變	化多端	11710
變本加厲	變	本加厲	11695
變出	變	出	10140
變調	變	調	9999
變色龍	變	色龍	8310
變樣	變	樣	8255
變壓	變	壓	7920
變局	變	局	7000
變卦	變	卦	6300
變短	變	短	5455
變化無常	變	化無常	4925
變奏	變	奏	4444
變位	變	位	4290
變奏曲	變	奏曲	4130
變戲法	變	戲法	3825
變天	變	天	3465
變節	變	節	3175
變聲	變	聲	2440
變來	變	來	1360
變則通	變	則通	835
變產	變	產	410
變把戲	變	把戲	115
變造	變	造	100
變例	變	例	9
變率	變	率	1
變滅	變	滅	1
變化球	變	化球	1
青年	青	年	500457
青少年	青	少年	490240
青春	青	春	345580
青菜	青	菜	110184
青蛙	青	蛙	83705
青草	青	草	40580
青椒	青	椒	35195
青海	青	海	181940
青山	青	山	125065
青銅	青	銅	81395
青龍	青	龍	73565
青春期	青	春期	59415
青黴素	青	黴素	57524
青雲	青	雲	52895
青島	青	島	50029
青年人	青	年人	48165
青春痘	青	春痘	41235
青花	青	花	29545
青銅器	青	銅器	27365
青松	青	松	23300
青衣	青	衣	22215
青梅竹馬	青	梅竹馬	21170
青光眼	青	光眼	21030
青睞	青	睞	20329
青天	青	天	18995
青山綠水	青	山綠水	16370
青樓	青	樓	15880
青苔	青	苔	13720
青年團	青	年團	13695
青綠	青	綠	13320
青絲	青	絲	13310
青筋	青	筋	10955
青衫	青	衫	10820
青石板	青	石板	10395
青澀	青	澀	9999
青果	青	果	9742
青翠	青	翠	9130
青蔥	青	蔥	8465
青幫	青	幫	7610
青葉	青	葉	6210
青黃不接	青	黃不接	6100
青史	青	史	4950
青年會	青	年會	4835
青出於藍	青	出於藍	3660
青瓦台	青	瓦台	2200
青瓦臺	青	瓦臺	2200
青壯	青	壯	2190
青年軍	青	年軍	2175
青雲直上	青	雲直上	2115
青面獠牙	青	面獠牙	1510
青稞	青	稞	1111
青色	青	色	1111
青年黨	青	年黨	935
青紅皂白	青	紅皂白	815
青花魚	青	花魚	515
青商會	青	商會	510
青草湖	青	草湖	440
青竹絲	青	竹絲	140
青衿	青	衿	11
青少棒	青	少棒	1
青發	青	發	1
青棒	青	棒	1
青商	青	商	1
青田	青	田	1
青輔會	青	輔會	1
青江白菜	青	江白菜	1
全家	全	家	131455
全部	全	部	501240
全國	全	國	502023
全面	全	面	500881
全球	全	球	500709
全新	全	新	500423
全體	全	體	500278
全身	全	身	455495
全年	全	年	419860
全程	全	程	342110
全方位	全	方位	316290
全世界	全	世界	284270
全力	全	力	281210
全局	全	局	259260
全民	全	民	141180
全額	全	額	113230
全心全意	全	心全意	104955
全書	全	書	104720
全集	全	集	100920
全能	全	能	95115
全長	全	長	90795
全國性	全	國性	87830
全會	全	會	74260
全力以赴	全	力以赴	58475
全景	全	景	56675
全天候	全	天候	51725
全軍	全	軍	49675
全然	全	然	47355
全無	全	無	45780
全盤	全	盤	32125
全心	全	心	23410
全貌	全	貌	22385
全神貫注	全	神貫注	20985
全速	全	速	17900
全數	全	數	17250
全面性	全	面性	16660
全勝	全	勝	15595
全開	全	開	14825
全軍覆沒	全	軍覆沒	14590
全權	全	權	11805
全票	全	票	9685
全才	全	才	7010
全盤否定	全	盤否定	5950
全副	全	副	5870
全盛	全	盛	4805
全人	全	人	4720
全責	全	責	4145
全神	全	神	3680
全勤	全	勤	2430
全然不同	全	然不同	2375
全壘打	全	壘打	1510
全盤托出	全	盤托出	1310
全心全力	全	心全力	183
全國文藝季	全	國文藝季	1
全乾	全	乾	1
全銜	全	銜	1
全天域	全	天域	1
全景電影	全	景電影	1
全民健保	全	民健保	1
全職媽媽	全	職媽媽	1
全球電話卡	全	球電話卡	1
全球資訊網	全	球資訊網	1
全額交割股票	全	額交割股票	1
全民健康保險	全	民健康保險	1
全國不分區代表	全	國不分區代表	1
北海道	北	海道	15610
北海	北	海	146560
北京	北	京	1119506
北方	北	方	328535
北京大學	北	京大學	211845
北美	北	美	136890
北宋	北	宋	66875
北歐	北	歐	47965
北極	北	極	47755
北上	北	上	45210
北平	北	平	44770
北門	北	門	43945
北面	北	面	43855
北京人	北	京人	36485
北區	北	區	35465
北約	北	約	34985
北斗	北	斗	34110
北岸	北	岸	31370
北風	北	風	29650
北邊	北	邊	25285
北非	北	非	20380
北洋	北	洋	20200
北伐	北	伐	19905
北美洲	北	美洲	19850
北京城	北	京城	17635
北極星	北	極星	13720
北極熊	北	極熊	12920
北半球	北	半球	11920
北韓	北	韓	9999
北大	北	大	9155
北江	北	江	7895
北回歸線	北	回歸線	7730
北迴歸線	北	迴歸線	7730
北冰洋	北	冰洋	7095
北愛爾蘭	北	愛爾蘭	6840
北洋軍閥	北	洋軍閥	6300
北斗七星	北	斗七星	4995
北京烤鴨	北	京烤鴨	4560
北越	北	越	4350
北軍	北	軍	4265
北緯	北	緯	4095
北大西洋	北	大西洋	3210
北魏	北	魏	3092
北部	北	部	1229
北亞	北	亞	1010
北埔	北	埔	870
北海岸	北	海岸	815
北安路	北	安路	560
北市	北	市	465
北港	北	港	332
北港溪	北	港溪	130
北管	北	管	1
北彊	北	彊	1
北投	北	投	1
北縣	北	縣	1
北新	北	新	1
北醫	北	醫	1
北宜	北	宜	1
北二高	北	二高	1
北極海	北	極海	1
北極區	北	極區	1
北京狗	北	京狗	1
北平市	北	平市	1
北投區	北	投區	1
北迴鐵路	北	迴鐵路	1
如何	如	何	501497
如果	如	果	505388
如是	如	是	177620
如下	如	下	501180
如此	如	此	500881
如今	如	今	500387
如同	如	同	357960
如實	如	實	160870
如來	如	來	122415
如意	如	意	101675
如期	如	期	48880
如一	如	一	43415
如火如荼	如	火如荼	38560
如若	如	若	36550
如願	如	願	36315
如上	如	上	35150
如雲	如	雲	25445
如願以償	如	願以償	23685
如出一轍	如	出一轍	18370
如初	如	初	17070
如常	如	常	16960
如故	如	故	16815
如數	如	數	15475
如魚得水	如	魚得水	15115
如此這般	如	此這般	14810
如日中天	如	日中天	14785
如痴如醉	如	痴如醉	13490
如虎添翼	如	虎添翼	13120
如釋重負	如	釋重負	11135
如影隨形	如	影隨形	10795
如約	如	約	10150
如數家珍	如	數家珍	9805
如廁	如	廁	9595
如舊	如	舊	8625
如意算盤	如	意算盤	7040
如法炮製	如	法炮製	6805
如花似玉	如	花似玉	6710
如雷貫耳	如	雷貫耳	6541
如沐春風	如	沐春風	6290
如獲至寶	如	獲至寶	6090
如夢初醒	如	夢初醒	5675
如飢似渴	如	飢似渴	5560
如臨大敵	如	臨大敵	5205
如膠似漆	如	膠似漆	4585
如泣如訴	如	泣如訴	4390
如坐針氈	如	坐針氈	4135
如泥	如	泥	3655
如來佛	如	來佛	3195
如假包換	如	假包換	3065
如意郎君	如	意郎君	2675
如臨深淵	如	臨深淵	1885
如影相隨	如	影相隨	1725
如箭在弦	如	箭在弦	1035
如鯁在喉	如	鯁在喉	1020
如喪考妣	如	喪考妣	840
如昔	如	昔	480
如簧之舌	如	簧之舌	365
如日方中	如	日方中	230
如晤	如	晤	195
如火燎原	如	火燎原	5
如擬	如	擬	1
如左	如	左	1
如履薄冰	如	履薄冰	1
如夢似幻	如	夢似幻	1
如人飲水，冷暖自知	如	人飲水，冷暖自知	1
指紋	指	紋	89580
指示	指	示	298860
指導	指	導	500827
指出	指	出	500592
指標	指	標	500413
指數	指	數	500411
指定	指	定	500388
指南	指	南	366480
指令	指	令	357060
指揮	指	揮	339420
指使	指	使	235210
指向	指	向	201345
指揮官	指	揮官	161861
指責	指	責	134430
指點	指	點	129830
指針	指	針	121670
指揮部	指	揮部	109100
指引	指	引	100690
指甲	指	甲	95450
指明	指	明	90555
指望	指	望	78590
指示燈	指	示燈	62035
指控	指	控	60640
指派	指	派	57120
指尖	指	尖	51220
指導員	指	導員	50695
指教	指	教	48910
指正	指	正	48820
指頭	指	頭	39680
指南針	指	南針	26845
指名	指	名	21705
指為	指	為	19270
指法	指	法	15575
指示器	指	示器	15425
指環	指	環	14395
指日可待	指	日可待	14125
指指點點	指	指點點	11900
指稱	指	稱	11025
指戰員	指	戰員	10935
指點迷津	指	點迷津	10605
指認	指	認	10200
指揮家	指	揮家	9715
指揮棒	指	揮棒	9195
指給	指	給	7865
指壓	指	壓	7350
指證	指	證	6500
指北針	指	北針	5390
指印	指	印	4960
指名道姓	指	名道姓	4715
指揮車	指	揮車	3865
指摘	指	摘	3700
指斥	指	斥	3365
指鹿為馬	指	鹿為馬	2990
指桑罵槐	指	桑罵槐	2485
指畫	指	畫	2430
指陳	指	陳	2055
指揮若定	指	揮若定	1860
指甲剪	指	甲剪	1165
指說	指	說	203
指事	指	事	5
指模	指	模	1
指謫	指	謫	1
指頭畫	指	頭畫	1
指定轉接	指	定轉接	1
指紋辨識	指	紋辨識	1
會呀。	會	呀。	888
會不會	會	不會	888
會員	會	員	502161
會議	會	議	500859
會計	會	計	500352
會同	會	同	253800
會長	會	長	197965
會議室	會	議室	171075
會場	會	場	102220
會兒	會	兒	99999
會見	會	見	98020
會所	會	所	95600
會談	會	談	75545
會費	會	費	61660
會館	會	館	50310
會務	會	務	40555
會議廳	會	議廳	39375
會面	會	面	37265
會診	會	診	35365
會晤	會	晤	34960
會考	會	考	32050
會議記錄	會	議記錄	31350
會要	會	要	27910
會戰	會	戰	24930
會友	會	友	24470
會員大會	會	員大會	21255
會意	會	意	18045
會師	會	師	16700
會堂	會	堂	16630
會合	會	合	16195
會陰	會	陰	15975
會址	會	址	15880
會審	會	審	14810
會客	會	客	13715
會社	會	社	12265
會通	會	通	11715
會商	會	商	11280
會員國	會	員國	10280
會籍	會	籍	9385
會話	會	話	7777
會客室	會	客室	6985
會心一笑	會	心一笑	6980
會試	會	試	6860
會期	會	期	5666
會心	會	心	4745
會眾	會	眾	4030
會首	會	首	3935
會計部	會	計部	3245
會餐	會	餐	3065
會約	會	約	2560
會規	會	規	1810
會齊	會	齊	1765
會章	會	章	1565
會錯意	會	錯意	1560
會心微笑	會	心微笑	1185
會集	會	集	627
會計師	會	計師	111
會計室	會	計室	11
會頭	會	頭	1
會計年度	會	計年度	1
會報	會	報	1
會腳	會	腳	1
會錢	會	錢	1
會合點	會	合點	1
會稽縣	會	稽縣	1
機場	機	場	500299
機會	機	會	500874
機器	機	器	500375
機器人	機	器人	148645
機構	機	構	813966
機關	機	關	500730
機械	機	械	500369
機票	機	票	410445
機遇	機	遇	308550
機型	機	型	291970
機身	機	身	256070
機房	機	房	212705
機體	機	體	159635
機組	機	組	158320
機床	機	床	153800
機動	機	動	125745
機能	機	能	102920
機油	機	油	78260
機械化	機	械化	66590
機密	機	密	55955
機車	機	車	52460
機智	機	智	44120
機槍	機	槍	37355
機具	機	具	36995
機器設備	機	器設備	33735
機械工程	機	械工程	30160
機靈	機	靈	27600
機緣	機	緣	20640
機長	機	長	20510
機頭	機	頭	18685
機要	機	要	18410
機械式	機	械式	17690
機敏	機	敏	14975
機會成本	機	會成本	14140
機動性	機	動性	13830
機艙	機	艙	12635
機群	機	群	10860
機警	機	警	9685
機會主義	機	會主義	8920
機關槍	機	關槍	7010
機工	機	工	5515
機械人	機	械人	5405
機密文件	機	密文件	4110
機尾	機	尾	3510
機運	機	運	3333
機械展	機	械展	3015
機種	機	種	2790
機動力	機	動力	2045
機不可失	機	不可失	1683
機要祕書	機	要祕書	1560
機翼	機	翼	1538
機件	機	件	1053
機帆船	機	帆船	745
機關車	機	關車	275
機電	機	電	164
機師	機	師	1
機伶	機	伶	1
機率	機	率	1
機先	機	先	1
機心	機	心	1
機宜	機	宜	1
機員	機	員	1
機軸	機	軸	1
機電處長	機	電處長	1
機緣湊巧	機	緣湊巧	1
經過	經	過	501180
經驗	經	驗	501735
經濟	經	濟	1396619
經營	經	營	501054
經常	經	常	500721
經理	經	理	500499
經典	經	典	500416
經歷	經	歷	500407
經銷商	經	銷商	500336
經費	經	費	500266
經營者	經	營者	438960
經濟學	經	濟學	234605
經貿	經	貿	151685
經銷	經	銷	138170
經理人	經	理人	119010
經紀人	經	紀人	112930
經商	經	商	97820
經濟學家	經	濟學家	93530
經由	經	由	73725
經辦	經	辦	58710
經絡	經	絡	46660
經濟特區	經	濟特區	42010
經期	經	期	36485
經得起	經	得起	36205
經文	經	文	36200
經脈	經	脈	34755
經不起	經	不起	32115
經緯	經	緯	31725
經濟艙	經	濟艙	30810
經書	經	書	24390
經濟日報	經	濟日報	19345
經久耐用	經	久耐用	16195
經濟系	經	濟系	13265
經濟界	經	濟界	11810
經手	經	手	11030
經年	經	年	10515
經管	經	管	9999
經度	經	度	8580
經緯度	經	緯度	7285
經略	經	略	6865
經綸	經	綸	6040
經線	經	線	5965
經紀商	經	紀商	5675
經紀	經	紀	5555
經部	經	部	5230
經濟大國	經	濟大國	4600
經濟學者	經	濟學者	4325
經心	經	心	4270
經年累月	經	年累月	3150
經濟計劃	經	濟計劃	2245
經學	經	學	1571
經委	經	委	1555
經世濟民	經	世濟民	615
經世	經	世	595
經銷網	經	銷網	395
經濟犯	經	濟犯	275
經建	經	建	1
經合會	經	合會	1
經濟部	經	濟部	1
經建會	經	建會	1
經銷站	經	銷站	1
經驗到	經	驗到	1
經國先生	經	國先生	1
經濟部長	經	濟部長	1
經濟成長	經	濟成長	1
親親	親	親	41040
親自	親	自	404820
親愛的	親	愛的	262065
親切	親	切	219165
親人	親	人	157930
親情	親	情	134165
親戚	親	戚	112390
親屬	親	屬	110115
親密	親	密	103470
親友	親	友	95310
親手	親	手	89415
親近	親	近	88905
親身	親	身	68650
親吻	親	吻	66050
親朋好友	親	朋好友	59020
親王	親	王	52095
親和力	親	和力	52055
親熱	親	熱	45580
親臨	親	臨	44780
親子	親	子	44375
親身經歷	親	身經歷	28355
親生	親	生	26930
親眼	親	眼	22885
親筆	親	筆	20965
親朋	親	朋	20800
親口	親	口	19665
親信	親	信	19005
親民	親	民	16500
親愛	親	愛	11920
親家	親	家	10870
親事	親	事	9580
親兄弟	親	兄弟	9575
親疏	親	疏	9300
親子關係	親	子關係	9050
親率	親	率	7100
親嘴	親	嘴	5920
親耳	親	耳	5485
親娘	親	娘	5310
親善	親	善	5150
親族	親	族	4540
親和性	親	和性	3720
親眷	親	眷	2765
親筆信	親	筆信	2500
親日	親	日	2090
親任	親	任	2025
親夫	親	夫	1925
親家母	親	家母	1425
親骨肉	親	骨肉	1290
親故	親	故	1185
親母	親	母	890
親上加親	親	上加親	840
親啟	親	啟	835
親如手足	親	如手足	660
親炙	親	炙	530
親睦	親	睦	510
親家公	親	家公	395
親職教育	親	職教育	365
親授	親	授	219
親痛仇快	親	痛仇快	130
親潮	親	潮	1
親貴	親	貴	1
親交	親	交	1
親暱	親	暱	1
親展	親	展	1
親愛精誠	親	愛精誠	1
光明	光	明	273825
光學	光	學	239325
光線	光	線	219645
光芒	光	芒	201590
光纖	光	纖	178435
光臨	光	臨	178000
光滑	光	滑	151160
光榮	光	榮	149765
光澤	光	澤	127650
光輝	光	輝	120230
光電	光	電	109900
光圈	光	圈	108325
光源	光	源	107885
光彩	光	彩	101075
光華	光	華	90990
光亮	光	亮	86270
光纜	光	纜	84075
光顧	光	顧	64345
光緒	光	緒	63320
光碟	光	碟	53450
光頭	光	頭	46655
光大	光	大	42945
光影	光	影	41115
光譜	光	譜	38605
光潔	光	潔	37510
光陰	光	陰	34205
光景	光	景	26955
光束	光	束	25830
光棍	光	棍	25390
光合作用	光	合作用	23185
光暈	光	暈	19965
光速	光	速	18160
光年	光	年	17025
光鮮	光	鮮	16660
光明正大	光	明正大	14290
光面	光	面	12145
光禿禿	光	禿禿	11650
光明磊落	光	明磊落	11565
光度	光	度	9575
光合	光	合	7980
光怪陸離	光	怪陸離	7775
光武	光	武	6950
光帶	光	帶	5325
光腳	光	腳	4970
光溜溜	光	溜溜	4945
光化學	光	化學	4510
光緒帝	光	緒帝	4280
光宗耀祖	光	宗耀祖	4145
光陰似箭	光	陰似箭	3880
光天化日	光	天化日	3700
光宗	光	宗	3345
光復	光	復	2840
光芒萬丈	光	芒萬丈	2765
光碟機	光	碟機	2620
光說不練	光	說不練	2520
光火	光	火	1930
光筆	光	筆	1485
光耀	光	耀	1392
光怪	光	怪	735
光物理	光	物理	1
光纖維	光	纖維	1
光采	光	采	1
光復節	光	復節	1
光緒皇帝	光	緒皇帝	1
熱情	熱	情	500366
熱線	熱	線	500328
熱門	熱	門	500257
熱愛	熱	愛	312040
熱心	熱	心	226950
熱量	熱	量	188170
熱鬧	熱	鬧	179925
熱水	熱	水	150055
熱烈	熱	烈	131150
熱水器	熱	水器	123080
熱潮	熱	潮	113380
熱帶	熱	帶	94525
熱賣	熱	賣	82295
熱忱	熱	忱	64640
熱血	熱	血	63575
熱力	熱	力	59640
熱能	熱	能	58375
熱處理	熱	處理	54295
熱氣	熱	氣	42895
熱度	熱	度	41420
熱衷	熱	衷	40240
熱誠	熱	誠	39500
熱身	熱	身	27515
熱戀	熱	戀	25385
熱電	熱	電	24320
熱淚	熱	淚	22130
熱切	熱	切	21560
熱浪	熱	浪	20850
熱淚盈眶	熱	淚盈眶	18490
熱錢	熱	錢	15575
熱帶魚	熱	帶魚	14375
熱敷	熱	敷	13215
熱氣騰騰	熱	氣騰騰	12825
熱河	熱	河	9535
熱火	熱	火	8490
熱狗	熱	狗	6575
熱飲	熱	飲	6460
熱那亞	熱	那亞	5715
熱湯	熱	湯	5040
熱天	熱	天	5040
熱效應	熱	效應	4840
熱水瓶	熱	水瓶	4830
熱心腸	熱	心腸	4380
熱情如火	熱	情如火	4185
熱絡	熱	絡	3970
熱食	熱	食	3135
熱機	熱	機	2530
熱烘烘	熱	烘烘	2390
熱騰騰	熱	騰騰	1740
熱辣辣	熱	辣辣	1330
熱戰	熱	戰	1140
熱病	熱	病	1111
熱褲	熱	褲	1111
熱望	熱	望	1111
熱汙染	熱	汙染	950
熱季	熱	季	875
熱滾滾	熱	滾滾	1
熱呼呼	熱	呼呼	1
熱爪哇	熱	爪哇	1
熱膠	熱	膠	1
熱勁	熱	勁	1
熱中	熱	中	1
熱帶性	熱	帶性	1
熱內盧	熱	內盧	1
血壓	血	壓	117200
血液	血	液	326800
血管	血	管	228870
血型	血	型	94145
血清	血	清	86645
血糖	血	糖	76860
血腥	血	腥	66515
血統	血	統	53725
血漿	血	漿	50085
血肉	血	肉	41775
血色	血	色	41130
血脈	血	脈	40600
血跡	血	跡	40560
血量	血	量	22350
血緣	血	緣	22100
血栓	血	栓	21580
血戰	血	戰	19670
血尿	血	尿	19310
血氣	血	氣	18405
血絲	血	絲	17175
血性	血	性	16210
血案	血	案	15360
血水	血	水	13985
血淚	血	淚	13535
血汗	血	汗	11765
血痕	血	痕	8795
血路	血	路	7685
血塊	血	塊	7625
血親	血	親	6045
血庫	血	庫	5540
血本	血	本	5425
血球	血	球	4480
血泊	血	泊	3775
血書	血	書	3635
血滴	血	滴	3485
血債	血	債	3415
血衣	血	衣	3355
血癌	血	癌	3120
血崩	血	崩	1160
血紅	血	紅	276
血色素	血	色素	1
血輪	血	輪	1
血汗錢	血	汗錢	1
血紅素	血	紅素	1
血淚史	血	淚史	1
血淋淋	血	淋淋	1
血統書	血	統書	1
血吸蟲	血	吸蟲	1
血小板	血	小板	1
血壓計	血	壓計	1
血液科	血	液科	1
血友病	血	友病	1
血本無歸	血	本無歸	1
血海深仇	血	海深仇	1
血口噴人	血	口噴人	1
血流如注	血	流如注	1
血濃於水	血	濃於水	1
血盆大口	血	盆大口	1
血氣方剛	血	氣方剛	1
血氣之勇	血	氣之勇	1
血肉橫飛	血	肉橫飛	1
血肉相連	血	肉相連	1
血肉之軀	血	肉之軀	1
血債血還	血	債血還	1
走路	走	路	155340
走去	走	去	162985
走向	走	向	500281
走到	走	到	448435
走進	走	進	416940
走出	走	出	385770
走勢	走	勢	250660
走上	走	上	169195
走廊	走	廊	109695
走訪	走	訪	97135
走近	走	近	96745
走私	走	私	89810
走入	走	入	70795
走動	走	動	53355
走光	走	光	46190
走開	走	開	44685
走走	走	走	43675
走過去	走	過去	43045
走紅	走	紅	35355
走遍	走	遍	24795
走下去	走	下去	24290
走回	走	回	21670
走道	走	道	21030
走投無路	走	投無路	15805
走錯	走	錯	14770
走失	走	失	12610
走火入魔	走	火入魔	12260
走狗	走	狗	11495
走掉	走	掉	10460
走運	走	運	9999
走漏	走	漏	9515
走樣	走	樣	9220
走馬燈	走	馬燈	6485
走獸	走	獸	6355
走馬上任	走	馬上任	6115
走不了	走	不了	5945
走後門	走	後門	5600
走火	走	火	4910
走散	走	散	4745
走不動	走	不動	4650
走位	走	位	4395
走步	走	步	4080
走不到	走	不到	3670
走私案	走	私案	2710
走江湖	走	江湖	2360
走調	走	調	2165
走避	走	避	1745
走下坡	走	下坡	1725
走得快	走	得快	1705
走為上策	走	為上策	1205
走私者	走	私者	1030
走漏風聲	走	漏風聲	920
走馬看花	走	馬看花	855
走味	走	味	745
走馬換將	走	馬換將	570
走不得	走	不得	555
走漏消息	走	漏消息	555
走累	走	累	210
走門路	走	門路	180
走唱	走	唱	1
走船	走	船	1
走音	走	音	1
走著瞧	走	著瞧	1
走遍天下	走	遍天下	1
農曆	農	曆	101055
農民	農	民	500801
農村	農	村	500795
農業	農	業	500651
農產品	農	產品	472170
農藥	農	藥	262090
農戶	農	戶	256535
農機	農	機	146825
農場	農	場	132475
農作物	農	作物	112180
農家	農	家	88840
農田	農	田	75295
農業局	農	業局	64045
農林	農	林	52955
農夫	農	夫	46730
農技	農	技	42285
農墾	農	墾	37230
農牧	農	牧	30825
農牧業	農	牧業	28080
農莊	農	莊	25870
農學	農	學	24120
農耕	農	耕	21720
農科	農	科	17460
農具	農	具	15605
農學院	農	學院	13505
農婦	農	婦	13150
農地	農	地	12725
農經	農	經	11385
農會	農	會	10945
農人	農	人	9460
農舍	農	舍	8840
農奴	農	奴	8370
農藝	農	藝	7245
農校	農	校	6115
農業區	農	業區	6005
農產	農	產	5930
農忙	農	忙	4795
農業社會	農	業社會	4145
農作	農	作	3735
農家女	農	家女	3140
農運	農	運	2760
農曆年	農	曆年	2670
農家子弟	農	家子弟	2520
農友	農	友	1600
農閒	農	閒	1410
農政	農	政	1185
農事	農	事	1000
農經系	農	經系	230
農產物	農	產物	1
農保	農	保	1
農神	農	神	1
農鄉	農	鄉	1
農園	農	園	1
農宅	農	宅	1
農專	農	專	1
農復會	農	復會	1
農耕隊	農	耕隊	1
農耕機	農	耕機	1
農技團	農	技團	1
農林廳	農	林廳	1
農民曆	農	民曆	1
農試所	農	試所	1
農地重劃	農	地重劃	1
農民年金	農	民年金	1
面積	面	積	500688
面對	面	對	500680
面議	面	議	500462
面前	面	前	500455
面試	面	試	500328
面臨	面	臨	500322
面向	面	向	487955
面板	面	板	324215
面部	面	部	149120
面子	面	子	135850
面談	面	談	134810
面貌	面	貌	127390
面值	面	值	114895
面孔	面	孔	108310
面具	面	具	82860
面對面	面	對面	80470
面容	面	容	73970
面色	面	色	70995
面目	面	目	63885
面皮	面	皮	45060
面熟	面	熟	44444
面紗	面	紗	42160
面頰	面	頰	28120
面霜	面	霜	23055
面罩	面	罩	22425
面額	面	額	21320
面面相覷	面	面相覷	19120
面龐	面	龐	18190
面目全非	面	目全非	18165
面面俱到	面	面俱到	17085
面相	面	相	16075
面紅耳赤	面	紅耳赤	13705
面呈	面	呈	13370
面盆	面	盆	12430
面請	面	請	11070
面紙	面	紙	10125
面告	面	告	9999
面不改色	面	不改色	7535
面壁	面	壁	7360
面面	面	面	5885
面授	面	授	4401
面面觀	面	面觀	4315
面黃肌瘦	面	黃肌瘦	3620
面目可憎	面	目可憎	3370
面生	面	生	2490
面洽	面	洽	2450
面善	面	善	1970
面商	面	商	1330
面壁思過	面	壁思過	1255
面目一新	面	目一新	1130
面陳	面	陳	910
面授機宜	面	授機宜	845
面諭	面	諭	360
面惡心善	面	惡心善	185
面稟	面	稟	185
面邀	面	邀	70
面臨到	面	臨到	1
面善心惡	面	善心惡	1
面海	面	海	1
面皰	面	皰	1
面允	面	允	1
面皂	面	皂	1
面折	面	折	1
面無血色	面	無血色	1
入口	入	口	189295
入學	入	學	231110
入手	入	手	186615
入侵	入	侵	181665
入選	入	選	179995
入門	入	門	162120
入境	入	境	120955
入庫	入	庫	105855
入黨	入	黨	92700
入圍	入	圍	82990
入股	入	股	70760
入睡	入	睡	70610
入世	入	世	63760
入會	入	會	57390
入場	入	場	49120
入伍	入	伍	41415
入賬	入	賬	36510
入院	入	院	31200
入主	入	主	24825
入獄	入	獄	21290
入場券	入	場券	19975
入耳	入	耳	17280
入室	入	室	16915
入夥	入	夥	15570
入夜	入	夜	12800
入座	入	座	12510
入夢	入	夢	12490
入冬	入	冬	10145
入神	入	神	10005
入定	入	定	9835
入戲	入	戲	9620
入不敷出	入	不敷出	9530
入聲	入	聲	8655
入道	入	道	8495
入秋	入	秋	8075
入眼	入	眼	7915
入骨	入	骨	7820
入木三分	入	木三分	7405
入土	入	土	7095
入迷	入	迷	6775
入籍	入	籍	6540
入店	入	店	6425
入微	入	微	5310
入時	入	時	5165
入席	入	席	5120
入流	入	流	4390
入魔	入	魔	3875
入闈	入	闈	3815
入營	入	營	3705
入超	入	超	3315
入港	入	港	2890
入教	入	教	2690
入贅	入	贅	2575
入閣	入	閣	2555
入土為安	入	土為安	2218
入殮	入	殮	2145
入列	入	列	1150
入梅	入	梅	740
入境隨俗	入	境隨俗	435
入境證	入	境證	295
入山證	入	山證	1
入境問俗	入	境問俗	1
入口匝道號誌管制	入	口匝道號誌管制	1
南方	南	方	344505
南昌	南	昌	232725
南北	南	北	211115
南京市	南	京市	208435
南部	南	部	164025
南海	南	海	141530
南山	南	山	138560
南非	南	非	105660
南宋	南	宋	67580
南瓜	南	瓜	65105
南門	南	門	64770
南下	南	下	59650
南無	南	無	55445
南側	南	側	52880
南美	南	美	51590
南京	南	京	50045
南極	南	極	49455
南亞	南	亞	43845
南洋	南	洋	43185
南面	南	面	41375
南岸	南	岸	41065
南開	南	開	38480
南區	南	區	36740
南邊	南	邊	24230
南美洲	南	美洲	23505
南端	南	端	21670
南風	南	風	20705
南韓	南	韓	16845
南行	南	行	13130
南越	南	越	12935
南澳	南	澳	11905
南庄	南	庄	9260
南半球	南	半球	9160
南明	南	明	8860
南轅北轍	南	轅北轍	8015
南歐	南	歐	6520
南台	南	台	5785
南沙群島	南	沙群島	4815
南來北往	南	來北往	4465
南緯	南	緯	3860
南縣	南	縣	3780
南柯一夢	南	柯一夢	3180
南腔北調	南	腔北調	2580
南投縣	南	投縣	2270
南北極	南	北極	2070
南迴歸線	南	迴歸線	1135
南橫	南	橫	985
南北貨	南	北貨	665
南征北討	南	征北討	455
南港區	南	港區	405
南戲	南	戲	111
南陽	南	陽	84
南胡	南	胡	2
南臺灣	南	臺灣	1
南管	南	管	1
南港	南	港	1
南迴	南	迴	1
南榮	南	榮	1
南投	南	投	1
南澳溪	南	澳溪	1
南方澳	南	方澳	1
南投市	南	投市	1
南迴鐵路	南	迴鐵路	1
口罩	口	罩	30965
口水	口	水	91085
口氣	口	氣	245740
口味	口	味	223915
口號	口	號	185605
口岸	口	岸	172260
口語	口	語	170940
口腔	口	腔	164965
口服	口	服	131415
口碑	口	碑	120315
口令	口	令	118770
口袋	口	袋	111855
口頭	口	頭	100340
口感	口	感	84760
口徑	口	徑	84365
口譯	口	譯	54670
口才	口	才	44355
口試	口	試	40970
口香糖	口	香糖	37900
口吻	口	吻	37750
口音	口	音	36700
口渴	口	渴	35500
口紅	口	紅	33495
口吃	口	吃	24200
口舌	口	舌	23905
口訣	口	訣	23715
口頭禪	口	頭禪	22365
口述	口	述	21210
口臭	口	臭	21020
口糧	口	糧	18010
口供	口	供	15935
口口聲聲	口	口聲聲	15280
口哨	口	哨	13895
口福	口	福	11430
口角	口	角	9920
口琴	口	琴	7905
口若懸河	口	若懸河	7385
口風	口	風	6765
口齒伶俐	口	齒伶俐	6435
口齒	口	齒	6240
口是心非	口	是心非	6025
口誅筆伐	口	誅筆伐	5520
口信	口	信	5495
口實	口	實	5190
口傳	口	傳	4830
口無遮攔	口	無遮攔	4775
口技	口	技	3945
口兒	口	兒	3610
口不擇言	口	不擇言	2425
口腹之慾	口	腹之慾	2235
口腹	口	腹	2160
口德	口	德	1835
口說無憑	口	說無憑	1755
口誦	口	誦	1710
口蜜腹劍	口	蜜腹劍	1555
口快	口	快	1520
口拙	口	拙	440
口惠	口	惠	360
口到	口	到	1
口湖	口	湖	1
口才辨給	口	才辨給	1
口沫橫飛	口	沫橫飛	1
口述歷史	口	述歷史	1
太多	太	多	888
太少	太	少	84520
太陽	太	陽	500283
太太	太	太	248635
太平洋	太	平洋	218690
太陽能	太	陽能	175985
太子	太	子	174050
太過	太	過	129960
太空	太	空	123135
太極	太	極	106640
太平	太	平	104115
太極拳	太	極拳	72235
太后	太	后	67055
太監	太	監	63020
太白	太	白	33195
太早	太	早	26895
太祖	太	祖	26860
太宗	太	宗	24760
太陽系	太	陽系	24560
太陰	太	陰	19050
太晚	太	晚	17565
太陽穴	太	陽穴	17180
太歲	太	歲	16840
太陽神	太	陽神	15280
太虛	太	虛	14655
太公	太	公	13790
太乙	太	乙	13700
太醫	太	醫	12370
太平間	太	平間	7765
太陽眼鏡	太	陽眼鏡	6745
太平盛世	太	平盛世	6250
太子妃	太	子妃	5885
太空船	太	空船	5850
太君	太	君	5840
太守	太	守	5424
太空艙	太	空艙	4735
太平山	太	平山	4600
太上皇	太	上皇	4380
太湖石	太	湖石	3945
太夫人	太	夫人	3885
太空人	太	空人	3520
太白金星	太	白金星	3220
太宰	太	宰	2935
太師椅	太	師椅	2835
太陽黑子	太	陽黑子	2825
太白粉	太	白粉	2280
太原	太	原	2078
太保	太	保	1827
太平門	太	平門	1760
太空站	太	空站	1275
太魯閣	太	魯閣	1265
太陽旗	太	陽旗	1255
太空科學	太	空科學	585
太空漫步	太	空漫步	565
太平梯	太	平梯	160
太空衣	太	空衣	115
太甚	太	甚	50
太古	太	古	17
太妹	太	妹	1
太座	太	座	1
太空梭	太	空梭	1
太空劇場	太	空劇場	1
太空總署	太	空總署	1
情形	情	形	500326
情況	情	況	502345
情緒	情	緒	500335
情報	情	報	168015
情感	情	感	500358
情節	情	節	500307
情人	情	人	268020
情侶	情	侶	186890
情趣	情	趣	116570
情人節	情	人節	108210
情懷	情	懷	99505
情歌	情	歌	71590
情結	情	結	63000
情調	情	調	57265
情緣	情	緣	57135
情書	情	書	52440
情不自禁	情	不自禁	49445
情誼	情	誼	45330
情欲	情	欲	43630
情慾	情	慾	43630
情意	情	意	35265
情願	情	願	34565
情操	情	操	32025
情商	情	商	31465
情義	情	義	31110
情愛	情	愛	30810
情有獨鍾	情	有獨鍾	27950
情勢	情	勢	25510
情愫	情	愫	25030
情敵	情	敵	19265
情緒化	情	緒化	16770
情理	情	理	15760
情網	情	網	11720
情婦	情	婦	10304
情景	情	景	9999
情急	情	急	9110
情郎	情	郎	8260
情場	情	場	7777
情境	情	境	7777
情竇初開	情	竇初開	7430
情投意合	情	投意合	6985
情面	情	面	6520
情有可原	情	有可原	6390
情由	情	由	6140
情報局	情	報局	6120
情狀	情	狀	6085
情絲	情	絲	5940
情分	情	分	4365
情報員	情	報員	4355
情韻	情	韻	4165
情夫	情	夫	4050
情同手足	情	同手足	3290
情人眼裡出西施	情	人眼裡出西施	2675
情非得已	情	非得已	2115
情事	情	事	1471
情緒性	情	緒性	1350
情怯	情	怯	550
情理法	情	理法	1
情份	情	份	1
情素	情	素	1
情趣商店	情	趣商店	1
情文並茂	情	文並茂	1
情緒智商	情	緒智商	1
本來	本	來	9999
本人	本	人	500653
本文	本	文	500622
本身	本	身	500558
本地	本	地	500294
本質	本	質	337685
本報	本	報	300280
本土	本	土	236065
本案	本	案	172305
本領	本	領	129505
本能	本	能	123955
本國	本	國	119465
本校	本	校	111630
本行	本	行	109735
本性	本	性	104955
本部	本	部	103460
本省	本	省	96360
本事	本	事	94210
本色	本	色	83470
本年度	本	年度	78340
本金	本	金	68060
本土化	本	土化	51915
本意	本	意	40535
本錢	本	錢	40135
本息	本	息	38505
本位	本	位	36105
本該	本	該	30195
本社	本	社	30150
本分	本	分	30060
本子	本	子	29865
本地人	本	地人	24965
本名	本	名	19100
本票	本	票	11260
本心	本	心	10385
本島	本	島	10140
本末倒置	本	末倒置	10135
本籍	本	籍	9999
本體	本	體	9999
本源	本	源	9999
本旨	本	旨	9999
本家	本	家	8900
本鄉	本	鄉	7785
本末	本	末	5470
本位主義	本	位主義	4850
本性難移	本	性難移	3755
本市	本	市	2683
本埠	本	埠	2485
本國人	本	國人	2365
本業	本	業	1999
本壘	本	壘	1250
本紀	本	紀	1223
本省人	本	省人	480
本利	本	利	111
本州	本	州	1
本份	本	份	1
本俸	本	俸	1
本然	本	然	1
本務	本	務	1
本薪	本	薪	1
本義	本	義	1
本著	本	著	1
本體論	本	體論	1
本益比	本	益比	1
畫畫	畫	畫	1
畫圖	畫	圖	31295
畫面	畫	面	500346
畫風	畫	風	19995
畫家	畫	家	191185
畫眉鳥	畫	眉鳥	90170
畫廊	畫	廊	86855
畫出	畫	出	72265
畫冊	畫	冊	58075
畫筆	畫	筆	45405
畫展	畫	展	44590
畫上	畫	上	43790
畫像	畫	像	43605
畫室	畫	室	28630
畫法	畫	法	25285
畫院	畫	院	21290
畫布	畫	布	19805
畫龍點睛	畫	龍點睛	16245
畫派	畫	派	16030
畫師	畫	師	15850
畫板	畫	板	11520
畫壇	畫	壇	10840
畫下	畫	下	10445
畫成	畫	成	9940
畫線	畫	線	9435
畫押	畫	押	9300
畫蛇添足	畫	蛇添足	9140
畫景	畫	景	6440
畫紙	畫	紙	6275
畫工	畫	工	6220
畫出來	畫	出來	6130
畫舫	畫	舫	6035
畫稿	畫	稿	4910
畫兒	畫	兒	4265
畫界	畫	界	3970
畫眉	畫	眉	3934
畫刊	畫	刊	3255
畫史	畫	史	3155
畫架	畫	架	3070
畫皮	畫	皮	2745
畫商	畫	商	2270
畫報	畫	報	2255
畫符	畫	符	2000
畫匠	畫	匠	1935
畫境	畫	境	1885
畫餅充飢	畫	餅充飢	1865
畫餅充饑	畫	餅充饑	1865
畫題	畫	題	1265
畫本	畫	本	1165
畫中有詩	畫	中有詩	1040
畫虎不成反類犬	畫	虎不成反類犬	1000
畫頁	畫	頁	755
畫供	畫	供	290
畫分為	畫	分為	1
畫下去	畫	下去	1
畫分	畫	分	1
畫行	畫	行	1
畫會	畫	會	1
畫糖	畫	糖	1
畫為	畫	為	1
畫一	畫	一	1
畫評家	畫	評家	1
畫地自限	畫	地自限	1
總共	總	共	164690
總統	總	統	253515
總合	總	合	888
總是	總	是	500611
總結	總	結	500428
總數	總	數	500364
總經理	總	經理	500276
總體	總	體	500274
總部	總	部	475875
總量	總	量	399390
總之	總	之	385960
總計	總	計	335775
總額	總	額	312385
總裁	總	裁	298245
總公司	總	公司	256905
總會	總	會	182250
總監	總	監	174750
總則	總	則	169525
總理	總	理	154425
總算	總	算	121980
總局	總	局	105735
總和	總	和	94875
總機	總	機	92615
總代理	總	代理	80905
總人口	總	人口	69195
總管	總	管	65070
總行	總	行	53075
總督	總	督	50350
總值	總	值	48995
總廠	總	廠	46590
總長	總	長	37865
總匯	總	匯	37085
總編輯	總	編輯	34220
總司令	總	司令	32905
總而言之	總	而言之	32670
總動員	總	動員	32200
總店	總	店	32020
總評	總	評	30385
總稱	總	稱	28500
總統府	總	統府	27371
總論	總	論	27240
總得	總	得	26885
總工會	總	工會	26166
總指揮	總	指揮	26025
總幹事	總	幹事	21100
總署	總	署	17080
總商會	總	商會	14850
總務	總	務	14845
總經銷	總	經銷	14195
總歸	總	歸	13985
總務處	總	務處	11665
總綱	總	綱	8575
總領事	總	領事	8375
總教練	總	教練	8065
總預算	總	預算	7355
總括	總	括	7335
總平均	總	平均	2980
總統制	總	統制	1955
總教官	總	教官	1790
總辭	總	辭	1
總帳	總	帳	1
總務組	總	務組	1
總統直選	總	統直選	1
車站	車	站	231575
車子	車	子	201920
車禍	車	禍	66590
車場	車	場	99
車輛	車	輛	500528
車主	車	主	238760
車身	車	身	193395
車隊	車	隊	170170
車門	車	門	91880
車程	車	程	90680
車廂	車	廂	86825
車輪	車	輪	86800
車道	車	道	81033
車票	車	票	73500
車速	車	速	71530
車位	車	位	70425
車庫	車	庫	63630
車費	車	費	50275
車牌	車	牌	49885
車窗	車	窗	49430
車行	車	行	37875
車體	車	體	35590
車頭	車	頭	35350
車床	車	床	28885
車燈	車	燈	24945
車頂	車	頂	23260
車船	車	船	22260
車流	車	流	20795
車工	車	工	20250
車夫	車	夫	19750
車水馬龍	車	水馬龍	14290
車廠	車	廠	13120
車長	車	長	12235
車胎	車	胎	11970
車把	車	把	11630
車牌號碼	車	牌號碼	10555
車棚	車	棚	10210
車輪戰	車	輪戰	9999
車座	車	座	8215
車皮	車	皮	7375
車底	車	底	6430
車駕	車	駕	5685
車縫	車	縫	5445
車房	車	房	4160
車錢	車	錢	3835
車聲	車	聲	3210
車資	車	資	3030
車蓋	車	蓋	2840
車體廣告	車	體廣告	2630
車馬費	車	馬費	1145
車載斗量	車	載斗量	560
車前燈	車	前燈	420
車帶	車	帶	99
車種	車	種	7
車城	車	城	1
車墊	車	墊	1
車軌	車	軌	1
車箱	車	箱	1
車掌	車	掌	1
車陣	車	陣	1
車鼓陣	車	鼓陣	1
車廂廣告	車	廂廣告	1
車諾比耳事件	車	諾比耳事件	1
提款	提	款	12115
提醒	提	醒	500382
提前	提	前	500318
提升	提	升	641506
提昇	提	昇	641506
提供	提	供	503484
提高	提	高	502090
提出	提	出	501375
提交	提	交	500614
提取	提	取	377445
提到	提	到	375935
提問	提	問	367195
提起	提	起	262645
提倡	提	倡	249110
提案	提	案	184465
提供給	提	供給	136840
提議	提	議	136380
提名	提	名	126270
提及	提	及	121850
提成	提	成	116580
提請	提	請	96750
提單	提	單	82805
提煉	提	煉	81375
提貨	提	貨	59020
提拔	提	拔	56335
提綱	提	綱	54070
提早	提	早	53175
提示	提	示	50486
提防	提	防	36905
提要	提	要	28060
提過	提	過	23150
提存	提	存	22275
提神	提	神	21620
提心吊膽	提	心吊膽	18960
提起公訴	提	起公訴	17020
提督	提	督	15080
提筆	提	筆	12445
提攜	提	攜	11875
提振	提	振	9540
提親	提	親	8660
提審	提	審	7020
提案人	提	案人	6115
提起來	提	起來	6055
提貨單	提	貨單	5405
提款機	提	款機	4855
提綱挈領	提	綱挈領	4090
提手	提	手	4065
提籃	提	籃	3580
提報	提	報	3333
提箱	提	箱	2170
提桶	提	桶	1999
提款卡	提	款卡	1365
提包	提	包	1172
提名者	提	名者	915
提琴家	提	琴家	465
提款權	提	款權	260
提琴	提	琴	173
提撥	提	撥	1
提壺	提	壺	1
提線	提	線	1
提稱語	提	稱語	1
提得起放得下	提	得起放得下	1
滿意	滿	意	500315
滿足	滿	足	500710
滿臉	滿	臉	116335
滿分	滿	分	100310
滿地	滿	地	57255
滿懷	滿	懷	49770
滿天	滿	天	48265
滿身	滿	身	34550
滿月	滿	月	31965
滿載	滿	載	29230
滿眼	滿	眼	28670
滿面	滿	面	27500
滿清	滿	清	26835
滿漢全席	滿	漢全席	23527
滿心	滿	心	22340
滿天星	滿	天星	21490
滿腔	滿	腔	20610
滿洲	滿	洲	18905
滿目	滿	目	18455
滿腹	滿	腹	18080
滿堂	滿	堂	17975
滿腦子	滿	腦子	15710
滿頭大汗	滿	頭大汗	15695
滿天飛	滿	天飛	12980
滿不在乎	滿	不在乎	12900
滿臉通紅	滿	臉通紅	12530
滿懷信心	滿	懷信心	12495
滿心歡喜	滿	心歡喜	9645
滿載而歸	滿	載而歸	8940
滿布	滿	布	7315
滿佈	滿	佈	7315
滿人	滿	人	7175
滿江紅	滿	江紅	6965
滿堂紅	滿	堂紅	6430
滿期	滿	期	6205
滿座	滿	座	6125
滿溢	滿	溢	5570
滿以為	滿	以為	4940
滿手	滿	手	4615
滿百	滿	百	4485
滿額	滿	額	4460
滿城風雨	滿	城風雨	4285
滿面春風	滿	面春風	4140
滿口答應	滿	口答應	3830
滿目瘡痍	滿	目瘡痍	3665
滿面笑容	滿	面笑容	3625
滿天下	滿	天下	3460
滿腹經綸	滿	腹經綸	3120
滿天星斗	滿	天星斗	2330
滿堂彩	滿	堂彩	2245
滿腹牢騷	滿	腹牢騷	1675
滿腔怒火	滿	腔怒火	1495
滿檔	滿	檔	1155
滿歲	滿	歲	730
滿坑滿谷	滿	坑滿谷	24
滿潮	滿	潮	1
滿壘	滿	壘	1
滿州	滿	州	1
滿球數	滿	球數	1
滿州國	滿	州國	1
滿腔熱血	滿	腔熱血	1
滿清末年	滿	清末年	1
落後	落	後	293605
落實	落	實	500563
落在	落	在	181515
落地	落	地	138395
落戶	落	戶	110845
落下	落	下	109635
落葉	落	葉	91660
落入	落	入	68205
落差	落	差	46740
落成	落	成	38210
落日	落	日	37615
落寞	落	寞	36120
落淚	落	淚	32935
落花	落	花	31210
落伍	落	伍	29390
落得	落	得	29210
落幕	落	幕	27190
落水	落	水	24880
落空	落	空	24695
落腳	落	腳	19310
落選	落	選	19290
落款	落	款	15900
落網	落	網	14105
落敗	落	敗	13415
落榜	落	榜	13055
落地生根	落	地生根	11714
落魄	落	魄	9999
落地窗	落	地窗	8800
落荒而逃	落	荒而逃	8780
落筆	落	筆	8465
落落大方	落	落大方	8040
落難	落	難	7540
落花流水	落	花流水	7530
落單	落	單	7260
落井下石	落	井下石	6350
落雨	落	雨	5105
落葉歸根	落	葉歸根	5100
落石	落	石	4535
落英	落	英	4405
落湯雞	落	湯雞	4115
落成典禮	落	成典禮	3065
落第	落	第	2905
落花有意	落	花有意	2875
落髮	落	髮	2700
落潮	落	潮	2405
落塵	落	塵	2395
落海	落	海	1750
落花生	落	花生	1365
落水狗	落	水狗	1275
落籍	落	籍	1165
落荒	落	荒	1085
落草為寇	落	草為寇	775
落人口實	落	人口實	380
落日餘暉	落	日餘暉	328
落山風	落	山風	110
落坐	落	坐	1
落塵量	落	塵量	1
落翅仔	落	翅仔	1
落磯山	落	磯山	1
落地簽證	落	地簽證	1
落人笑柄	落	人笑柄	1
落日條款	落	日條款	1
說說	說	說	888
說明	說	明	501460
說話	說	話	500373
說法	說	法	500294
說完	說	完	309970
說到	說	到	297505
說出	說	出	235545
說明書	說	明書	224060
說起	說	起	156910
說不定	說	不定	133635
說服	說	服	109230
說出來	說	出來	80930
說來	說	來	74695
說起來	說	起來	54630
說成	說	成	53380
說謊	說	謊	50995
說服力	說	服力	50500
說道	說	道	50046
說好	說	好	46290
說給	說	給	33360
說清楚	說	清楚	31290
說教	說	教	30645
說笑	說	笑	21910
說不清	說	不清	21805
說理	說	理	17845
說上	說	上	14970
說和	說	和	14065
說不上	說	不上	13200
說錯	說	錯	12260
說情	說	情	11430
說明文	說	明文	11250
說書	說	書	10200
說辭	說	辭	10110
說好說歹	說	好說歹	9999
說到做到	說	到做到	7835
說破	說	破	6400
說得過去	說	得過去	6365
說詞	說	詞	5545
說客	說	客	5375
說不過去	說	不過去	5120
說不得	說	不得	4775
說動	說	動	4175
說開	說	開	4135
說白	說	白	4060
說一不二	說	一不二	3870
說大話	說	大話	3655
說閒話	說	閒話	3065
說親	說	親	2600
說媒	說	媒	2460
說合	說	合	2090
說穿	說	穿	2070
說得上	說	得上	1890
說好聽	說	好聽	1865
說風涼話	說	風涼話	1725
說長道短	說	長道短	1690
說項	說	項	1655
說戲	說	戲	1625
說瞎話	說	瞎話	1485
說謊者	說	謊者	1425
說東道西	說	東道西	1080
說破嘴	說	破嘴	150
說明力	說	明力	1
輕鬆	輕	鬆	500339
輕易	輕	易	265485
輕微	輕	微	125955
輕柔	輕	柔	75385
輕聲	輕	聲	73605
輕度	輕	度	71870
輕便	輕	便	54475
輕型	輕	型	53935
輕巧	輕	巧	52930
輕重	輕	重	51505
輕視	輕	視	50630
輕盈	輕	盈	50605
輕薄	輕	薄	49430
輕而易舉	輕	而易舉	45465
輕工業	輕	工業	43700
輕功	輕	功	31410
輕信	輕	信	24625
輕蔑	輕	蔑	24425
輕快	輕	快	22780
輕描淡寫	輕	描淡寫	21555
輕傷	輕	傷	17205
輕靈	輕	靈	15460
輕拍	輕	拍	14735
輕撫	輕	撫	14395
輕煙	輕	煙	13950
輕重緩急	輕	重緩急	13105
輕浮	輕	浮	13025
輕騎	輕	騎	11345
輕狂	輕	狂	10990
輕舟	輕	舟	10955
輕率	輕	率	10795
輕舉妄動	輕	舉妄動	10790
輕裝	輕	裝	10645
輕音樂	輕	音樂	10600
輕紗	輕	紗	10340
輕生	輕	生	9270
輕敵	輕	敵	8895
輕言	輕	言	7365
輕鬆自在	輕	鬆自在	6805
輕量級	輕	量級	6595
輕取	輕	取	5455
輕佻	輕	佻	5290
輕飄飄	輕	飄飄	5200
輕飄	輕	飄	4990
輕慢	輕	慢	4515
輕機槍	輕	機槍	3780
輕油	輕	油	3480
輕忽	輕	忽	3405
輕罪	輕	罪	2745
輕車簡從	輕	車簡從	2584
輕於鴻毛	輕	於鴻毛	1305
輕工	輕	工	1104
輕心	輕	心	1025
輕妙	輕	妙	200
輕諾寡信	輕	諾寡信	23
輕脆	輕	脆	1
輕利	輕	利	1
輕俏	輕	俏	1
輕聲字	輕	聲字	1
輕財好義	輕	財好義	1
輕車熟路	輕	車熟路	1
輕水反應器	輕	水反應器	1
退貨	退	貨	131115
退燒藥	退	燒藥	3595
退出	退	出	380600
退休	退	休	199140
退還	退	還	186935
退回	退	回	119265
退稅	退	稅	82035
退役	退	役	71415
退款	退	款	63750
退換	退	換	57235
退化	退	化	51290
退房	退	房	40300
退票	退	票	40160
退學	退	學	39780
退縮	退	縮	37280
退伍	退	伍	27020
退後	退	後	24110
退路	退	路	23985
退休金	退	休金	23120
退去	退	去	22760
退費	退	費	20585
退卻	退	卻	20095
退職	退	職	17900
退保	退	保	16760
退下	退	下	16610
退讓	退	讓	16195
退場	退	場	16025
退步	退	步	15040
退一步	退	一步	13445
退位	退	位	10645
退隱	退	隱	9085
退還給	退	還給	9020
退居	退	居	8180
退潮	退	潮	7510
退兵	退	兵	7375
退守	退	守	7360
退燒	退	燒	7050
退稿	退	稿	6340
退避三舍	退	避三舍	5655
退錢	退	錢	5505
退下來	退	下來	5415
退而求其次	退	而求其次	5070
退避	退	避	4585
退走	退	走	4075
退股	退	股	4000
退租	退	租	3675
退婚	退	婚	2170
退敵	退	敵	2020
退居幕後	退	居幕後	1275
退選	退	選	1200
退庭	退	庭	845
退堂	退	堂	740
退敗	退	敗	600
退輔會	退	輔會	60
退席	退	席	5
退除役	退	除役	1
退一步海闊天空	退	一步海闊天空	1
退冰	退	冰	1
退件	退	件	1
退色	退	色	1
退現	退	現	1
退訓	退	訓	1
戰略	戰	略	500577
戰爭	戰	爭	500302
戰鬥	戰	鬥	430110
戰士	戰	士	354815
戰時	戰	時	238659
戰術	戰	術	187875
戰場	戰	場	175885
戰勝	戰	勝	146065
戰役	戰	役	132295
戰鬥力	戰	鬥力	118740
戰鬥機	戰	鬥機	97360
戰友	戰	友	86825
戰國	戰	國	68475
戰略性	戰	略性	66545
戰艦	戰	艦	66540
戰後	戰	後	66340
戰績	戰	績	62725
戰神	戰	神	51925
戰線	戰	線	51465
戰車	戰	車	39390
戰火	戰	火	38625
戰亂	戰	亂	35735
戰斧	戰	斧	34924
戰事	戰	事	28185
戰區	戰	區	26175
戰死	戰	死	23670
戰馬	戰	馬	23120
戰敗	戰	敗	22700
戰局	戰	局	19715
戰戰兢兢	戰	戰兢兢	19365
戰果	戰	果	19115
戰地	戰	地	19065
戰備	戰	備	19055
戰俘	戰	俘	18445
戰前	戰	前	17170
戰法	戰	法	15795
戰功	戰	功	15105
戰力	戰	力	14595
戰利品	戰	利品	14485
戰況	戰	況	12945
戰船	戰	船	12580
戰犯	戰	犯	12405
戰慄	戰	慄	11760
戰無不勝	戰	無不勝	10780
戰鼓	戰	鼓	10355
戰壕	戰	壕	10135
戰袍	戰	袍	7775
戰機	戰	機	7563
戰史	戰	史	6205
戰陣	戰	陣	5265
戰書	戰	書	3195
戰俘營	戰	俘營	2975
戰禍	戰	禍	2790
戰勝國	戰	勝國	2695
戰敗國	戰	敗國	2385
戰將	戰	將	1230
戰情	戰	情	950
戰雲密布	戰	雲密布	600
戰技	戰	技	180
戰費	戰	費	1
戰訊	戰	訊	1
書桌	書	桌	25165
書籍	書	籍	385730
書面	書	面	303035
書法	書	法	281070
書寫	書	寫	209185
書店	書	店	191035
書畫	書	畫	161995
書名	書	名	117950
書生	書	生	110585
書房	書	房	90250
書籤	書	籤	88905
書目	書	目	72370
書法家	書	法家	71860
書本	書	本	71010
書院	書	院	66975
書刊	書	刊	65690
書包	書	包	54085
書庫	書	庫	51710
書架	書	架	42115
書記	書	記	40540
書城	書	城	38835
書畫家	書	畫家	32655
書屋	書	屋	29320
書面報告	書	面報告	28395
書局	書	局	22000
書館	書	館	17220
書齋	書	齋	14250
書商	書	商	11970
書報	書	報	11565
書展	書	展	10635
書櫃	書	櫃	9999
書頁	書	頁	9905
書呆子	書	呆子	9505
書卷	書	卷	8880
書蟲	書	蟲	7950
書信	書	信	7195
書香門第	書	香門第	5670
書評	書	評	5330
書櫥	書	櫥	4575
書經	書	經	4535
書香	書	香	4512
書攤	書	攤	4035
書坊	書	坊	3840
書卷氣	書	卷氣	3750
書簡	書	簡	3610
書記官	書	記官	3125
書案	書	案	3095
書冊	書	冊	3070
書塾	書	塾	2900
書單	書	單	2630
書札	書	札	2600
書皮	書	皮	2150
書名號	書	名號	1615
書夾	書	夾	1355
書函	書	函	1270
書套	書	套	425
書家	書	家	111
書體	書	體	105
書筆記	書	筆記	1
書明	書	明	1
書僮	書	僮	1
飛機	飛	機	500279
飛行	飛	行	256050
飛翔	飛	翔	151025
飛揚	飛	揚	120235
飛躍	飛	躍	107365
飛快	飛	快	89115
飛船	飛	船	81410
飛碟	飛	碟	80370
飛行員	飛	行員	79380
飛舞	飛	舞	63475
飛天	飛	天	62190
飛往	飛	往	49625
飛鳥	飛	鳥	46340
飛過	飛	過	45835
飛速	飛	速	42360
飛去	飛	去	35975
飛奔	飛	奔	31780
飛刀	飛	刀	29370
飛越	飛	越	27920
飛行器	飛	行器	26835
飛馳	飛	馳	24815
飛濺	飛	濺	22790
飛車	飛	車	20575
飛騰	飛	騰	18940
飛機場	飛	機場	18175
飛鷹	飛	鷹	18060
飛燕	飛	燕	17065
飛魚	飛	魚	13325
飛逝	飛	逝	13000
飛輪	飛	輪	12645
飛走	飛	走	11270
飛漲	飛	漲	11135
飛蛾	飛	蛾	8630
飛黃騰達	飛	黃騰達	7100
飛沫	飛	沫	7040
飛禽	飛	禽	6720
飛毛腿	飛	毛腿	6525
飛禽走獸	飛	禽走獸	6270
飛離	飛	離	5795
飛蟲	飛	蟲	5775
飛散	飛	散	5405
飛吻	飛	吻	5335
飛蛾撲火	飛	蛾撲火	5050
飛揚跋扈	飛	揚跋扈	4985
飛航	飛	航	3235
飛石	飛	石	3190
飛盤	飛	盤	2955
飛賊	飛	賊	2765
飛蝗	飛	蝗	2725
飛來橫禍	飛	來橫禍	2109
飛鼠	飛	鼠	1630
飛將軍	飛	將軍	1475
飛球	飛	球	1111
飛蚊症	飛	蚊症	450
飛瀑	飛	瀑	269
飛彈	飛	彈	99
飛簷	飛	簷	1
飛碟球	飛	碟球	1
飛行傘	飛	行傘	1
飛砂走石	飛	砂走石	1
飛簷走壁	飛	簷走壁	1
四樓	四	樓	888
四川	四	川	500344
四周	四	周	295070
四處	四	處	165210
四季	四	季	149090
四方	四	方	122365
四肢	四	肢	99500
四海	四	海	77855
四面	四	面	66195
四面八方	四	面八方	39465
四平	四	平	32680
四時	四	時	31920
四下	四	下	29860
四合院	四	合院	28780
四通八達	四	通八達	27420
四起	四	起	23350
四部	四	部	22330
四人幫	四	人幫	21640
四散	四	散	19630
四維	四	維	16535
四合	四	合	13905
四顧	四	顧	11340
四聲	四	聲	10920
四川人	四	川人	10825
四捨五入	四	捨五入	10709
四濺	四	濺	9985
四野	四	野	9605
四分五裂	四	分五裂	8950
四書	四	書	8640
四季如春	四	季如春	8160
四射	四	射	7430
四邊形	四	邊形	7155
四面楚歌	四	面楚歌	6340
四鄰	四	鄰	5470
四圍	四	圍	5440
四重奏	四	重奏	5350
四平八穩	四	平八穩	5025
四腳	四	腳	4930
四海為家	四	海為家	4125
四則運算	四	則運算	3985
四大金剛	四	大金剛	3855
四周圍	四	周圍	3475
四腳朝天	四	腳朝天	3130
四四方方	四	四方方	3070
四小龍	四	小龍	2845
四不像	四	不像	2660
四壁	四	壁	1592
四海之內皆兄弟	四	海之內皆兄弟	1550
四海一家	四	海一家	1500
四面佛	四	面佛	1440
四德	四	德	271
四分衛	四	分衛	140
四健會	四	健會	20
四出	四	出	4
四壞球	四	壞球	1
四化	四	化	1
四民	四	民	1
四神湯	四	神湯	1
四海歸心	四	海歸心	1
四眼田雞	四	眼田雞	1
報告	報	告	611089
報名	報	名	500552
報價	報	價	500384
報考	報	考	462645
報紙	報	紙	454855
報警	報	警	316180
報刊	報	刊	238950
報到	報	到	188080
報社	報	社	116810
報關	報	關	114485
報銷	報	銷	111085
報復	報	復	110120
報廢	報	廢	104975
報名表	報	名表	77950
報案	報	案	75715
報仇	報	仇	68595
報告書	報	告書	56415
報名費	報	名費	56215
報上	報	上	50585
報答	報	答	39935
報出	報	出	30530
報應	報	應	25910
報酬	報	酬	21769
報國	報	國	21485
報稅	報	稅	18860
報時	報	時	16565
報恩	報	恩	15905
報單	報	單	9999
報信	報	信	9945
報喜	報	喜	9545
報章	報	章	9460
報告給	報	告給	9400
報備	報	備	7777
報表	報	表	7777
報數	報	數	5910
報載	報	載	5620
報效	報	效	5565
報償	報	償	4760
報界	報	界	3635
報務	報	務	2100
報捷	報	捷	1935
報德	報	德	1460
報佳音	報	佳音	1345
報憂	報	憂	1270
報告出來	報	告出來	935
報販	報	販	770
報戶口	報	戶口	695
報業	報	業	507
報館	報	館	485
報怨	報	怨	2
報導出來	報	導出來	1
報導	報	導	1
報費	報	費	1
報禁	報	禁	1
報梢	報	梢	1
報值	報	值	1
報關行	報	關行	1
報導文學	報	導文學	1
報復關稅	報	復關稅	1
報值掛號	報	值掛號	1
實際	實	際	500916
實現	實	現	1062326
實施	實	施	501523
實行	實	行	500964
實踐	實	踐	500546
實驗	實	驗	500413
實在	實	在	500359
實力	實	力	500350
實驗室	實	驗室	500256
實習	實	習	341050
實例	實	例	287625
實物	實	物	281165
實體	實	體	256980
實質	實	質	201520
實務	實	務	197170
實事求是	實	事求是	174610
實惠	實	惠	162565
實地	實	地	123580
實實在在	實	實在在	116460
實用性	實	用性	113300
實效	實	效	106985
實話	實	話	99645
實業	實	業	98570
實質性	實	質性	97485
實事	實	事	70930
實錄	實	錄	51890
實證	實	證	42780
實用	實	用	37345
實則	實	則	34785
實績	實	績	34090
實況	實	況	33500
實情	實	情	31170
實有	實	有	27695
實心	實	心	26960
實幹	實	幹	22725
實話實說	實	話實說	20965
實用主義	實	用主義	14245
實收	實	收	12580
實權	實	權	11625
實數	實	數	11200
實感	實	感	10015
實業家	實	業家	8360
實是	實	是	7534
實說	實	說	5055
實至名歸	實	至名歸	4965
實驗所	實	驗所	3340
實彈射擊	實	彈射擊	2915
實報實銷	實	報實銷	2570
實驗站	實	驗站	1715
實據	實	據	1605
實價	實	價	640
實缺	實	缺	390
實學	實	學	2
實才	實	才	1
實利	實	利	1
實無	實	無	1
實相	實	相	1
實支	實	支	1
實況錄影	實	況錄影	1
實驗電影	實	驗電影	1
拉麵	拉	麵	26095
拉動	拉	動	149925
拉薩	拉	薩	147725
拉開	拉	開	109225
拉住	拉	住	71825
拉鍊	拉	鍊	61030
拉鏈	拉	鏈	61030
拉力	拉	力	46470
拉近	拉	近	46125
拉丁	拉	丁	42215
拉起	拉	起	40185
拉長	拉	長	36415
拉出	拉	出	32265
拉上	拉	上	29110
拉昇	拉	昇	26620
拉下	拉	下	24270
拉攏	拉	攏	22770
拉手	拉	手	21185
拉扯	拉	扯	20710
拉回	拉	回	19985
拉丁美洲	拉	丁美洲	17465
拉緊	拉	緊	15300
拉高	拉	高	14560
拉風	拉	風	13275
拉丁文	拉	丁文	13220
拉客	拉	客	13080
拉肚子	拉	肚子	12455
拉線	拉	線	11955
拉票	拉	票	11750
拉雜	拉	雜	9999
拉皮	拉	皮	9980
拉車	拉	車	9575
拉倒	拉	倒	8870
拉丁語	拉	丁語	7670
拉關係	拉	關係	6825
拉傷	拉	傷	6480
拉去	拉	去	6460
拉網	拉	網	6285
拉斐爾	拉	斐爾	6070
拉鋸戰	拉	鋸戰	5555
拉環	拉	環	4540
拉下來	拉	下來	4265
拉平	拉	平	4235
拉拉扯扯	拉	拉扯扯	3130
拉廣告	拉	廣告	2135
拉下臉	拉	下臉	2080
拉上來	拉	上來	1965
拉縴	拉	縴	1840
拉架	拉	架	1720
拉皮條	拉	皮條	1690
拉客戶	拉	客戶	720
拉警報	拉	警報	132
拉拔	拉	拔	2
拉保險	拉	保險	1
拉生意	拉	生意	1
拉胚	拉	胚	1
拉拉山	拉	拉山	1
拉丁風情	拉	丁風情	1
拉丁民族	拉	丁民族	1
拉下臉來	拉	下臉來	1
萬一	萬	一	148685
萬物	萬	物	143945
萬里	萬	里	106595
萬能	萬	能	97260
萬分	萬	分	84585
萬歲	萬	歲	64170
萬千	萬	千	51590
萬象	萬	象	35790
萬無一失	萬	無一失	27490
萬用	萬	用	21990
萬萬	萬	萬	21365
萬里長城	萬	里長城	18270
萬年曆	萬	年曆	17585
萬般	萬	般	17460
萬事	萬	事	17440
萬福	萬	福	14605
萬聖節	萬	聖節	13285
萬全	萬	全	13240
萬古	萬	古	13115
萬金	萬	金	12480
萬眾一心	萬	眾一心	12140
萬不得已	萬	不得已	10915
萬幸	萬	幸	10170
萬家燈火	萬	家燈火	9220
萬事通	萬	事通	9050
萬有	萬	有	8910
萬劫不復	萬	劫不復	8515
萬紫千紅	萬	紫千紅	8370
萬惡	萬	惡	8315
萬有引力	萬	有引力	8115
萬花筒	萬	花筒	7620
萬年青	萬	年青	7295
萬念俱灰	萬	念俱灰	6800
萬萬不可	萬	萬不可	6405
萬邦	萬	邦	6265
萬象更新	萬	象更新	4950
萬種風情	萬	種風情	4815
萬馬奔騰	萬	馬奔騰	4550
萬難	萬	難	4450
萬籟俱寂	萬	籟俱寂	3805
萬仞	萬	仞	3745
萬人空巷	萬	人空巷	3400
萬壽山	萬	壽山	3280
萬鈞	萬	鈞	2570
萬壽無疆	萬	壽無疆	2560
萬姓	萬	姓	1925
萬貫家財	萬	貫家財	1680
萬古流芳	萬	古流芳	1385
萬夫莫敵	萬	夫莫敵	1305
萬壽	萬	壽	1184
萬里迢迢	萬	里迢迢	1080
萬狀	萬	狀	999
萬靈丹	萬	靈丹	940
萬世師表	萬	世師表	885
萬籟無聲	萬	籟無聲	580
萬巒	萬	巒	135
萬安	萬	安	133
萬言	萬	言	106
萬華	萬	華	1
萬古不滅	萬	古不滅	1
結果	結	果	501376
結束	結	束	500456
結實	結	實	59695
結構	結	構	501034
結合	結	合	500882
結婚	結	婚	500312
結論	結	論	415960
結算	結	算	362545
結局	結	局	187305
結尾	結	尾	110255
結成	結	成	73440
結石	結	石	49375
結識	結	識	49080
結交	結	交	47315
結核病	結	核病	45420
結業	結	業	43370
結賬	結	賬	41320
結案	結	案	39345
結餘	結	餘	38950
結盟	結	盟	33445
結核	結	核	30990
結下	結	下	29100
結伴	結	伴	28335
結業證書	結	業證書	27890
結出	結	出	22430
結冰	結	冰	21675
結緣	結	緣	20700
結腸	結	腸	19735
結紮	結	紮	16005
結膜	結	膜	13745
結巴	結	巴	11905
結拜	結	拜	7795
結義	結	義	7725
結存	結	存	7535
結社	結	社	7440
結晶	結	晶	6666
結舌	結	舌	5780
結核菌	結	核菌	5525
結怨	結	怨	4250
結隊	結	隊	4025
結夥	結	夥	3410
結語	結	語	3333
結髮	結	髮	3155
結親	結	親	3125
結子	結	子	3085
結繩	結	繩	2700
結仇	結	仇	2550
結黨	結	黨	2470
結為	結	為	2351
結疤	結	疤	2160
結黨營私	結	黨營私	1835
結匯	結	匯	1609
結草	結	草	1170
結業式	結	業式	1145
結綵	結	綵	695
結縭	結	縭	3
結連理	結	連理	1
結訓	結	訓	1
結言	結	言	1
結帳	結	帳	1
解釋	解	釋	500536
解決	解	決	501191
解答	解	答	326445
解除	解	除	319190
解析	解	析	269580
解放	解	放	247360
解讀	解	讀	166830
解脫	解	脫	138715
解放軍	解	放軍	128730
解說	解	說	111065
解散	解	散	99430
解開	解	開	91050
解碼	解	碼	86160
解決辦法	解	決辦法	82035
解題	解	題	76170
解剖	解	剖	68775
解毒	解	毒	55390
解救	解	救	50900
解碼器	解	碼器	48255
解聘	解	聘	40930
解決不了	解	決不了	33680
解體	解	體	32375
解放出來	解	放出來	22850
解凍	解	凍	22490
解雇	解	雇	22400
解僱	解	僱	22400
解析度	解	析度	22095
解法	解	法	21960
解圍	解	圍	21455
解藥	解	藥	21255
解剖學	解	剖學	20355
解渴	解	渴	19220
解酒	解	酒	16070
解惑	解	惑	15705
解約	解	約	14820
解悶	解	悶	8885
解夢	解	夢	8680
解套	解	套	6135
解謎	解	謎	5320
解職	解	職	3895
解難	解	難	3460
解毒劑	解	毒劑	2585
解囊	解	囊	2215
解下	解	下	2034
解任	解	任	1965
解嘲	解	嘲	1560
解甲歸田	解	甲歸田	1305
解送	解	送	1150
解鈴還須繫鈴人	解	鈴還須繫鈴人	840
解放陣線	解	放陣線	815
解衣推食	解	衣推食	260
解危	解	危	218
解頤	解	頤	9
解元	解	元	4
解纜	解	纜	2
解嚴	解	嚴	1
解人	解	人	1
解縣	解	縣	1
解像	解	像	1
解像度	解	像度	1
警察	警	察	398305
警告	警	告	312495
警方	警	方	245235
警惕	警	惕	110885
警示	警	示	100175
警報	警	報	56245
警官	警	官	54745
警車	警	車	50395
警衛	警	衛	45235
警戒	警	戒	43900
警覺	警	覺	33725
警務	警	務	33165
警察局	警	察局	25580
警鐘	警	鐘	21000
警員	警	員	20815
警醒	警	醒	17685
警局	警	局	15670
警戒線	警	戒線	14130
警報器	警	報器	14060
警犬	警	犬	12670
警備	警	備	11570
警長	警	長	10850
警探	警	探	9790
警句	警	句	9090
警力	警	力	8351
警號	警	號	7730
警署	警	署	5860
警笛	警	笛	5140
警世	警	世	4910
警訊	警	訊	4440
警覺性	警	覺性	4210
警棍	警	棍	4195
警鈴	警	鈴	3945
警察局長	警	察局長	3135
警備隊	警	備隊	2540
警衛室	警	衛室	2495
警笛聲	警	笛聲	2410
警察廳	警	察廳	2405
警語	警	語	2125
警察學校	警	察學校	1845
警告牌	警	告牌	1610
警覺到	警	覺到	1485
警察機關	警	察機關	1270
警總	警	總	1111
警官學校	警	官學校	800
警察隊	警	察隊	750
警覺心	警	覺心	545
警備車	警	備車	465
警界	警	界	428
警崗	警	崗	1
警廣	警	廣	1
警所	警	所	1
警網	警	網	1
警兆	警	兆	1
警政	警	政	1
警務處	警	務處	1
警政署	警	政署	1
警備總部	警	備總部	1
警惕作用	警	惕作用	1
警政署長	警	政署長	1
體會	體	會	418395
體驗	體	驗	500407
體重	體	重	362095
體系	體	系	500781
體現	體	現	500438
體育	體	育	500333
體制	體	制	500286
體內	體	內	402145
體力	體	力	333520
體積	體	積	314285
體檢	體	檢	201755
體質	體	質	159800
體會到	體	會到	111780
體現出	體	現出	110900
體育館	體	育館	95645
體溫	體	溫	93540
體貼	體	貼	89590
體育場	體	育場	82435
體形	體	形	58570
體能	體	能	57005
體操	體	操	48400
體驗到	體	驗到	47755
體諒	體	諒	43450
體位	體	位	37310
體面	體	面	34925
體態	體	態	34015
體液	體	液	31760
體裁	體	裁	31250
體魄	體	魄	28025
體格	體	格	25640
體壇	體	壇	22715
體罰	體	罰	22205
體察	體	察	12275
體恤	體	恤	10755
體認	體	認	8075
體育界	體	育界	8035
體無完膚	體	無完膚	7840
體溫計	體	溫計	7370
體貼入微	體	貼入微	6960
體毛	體	毛	6525
體味	體	味	4471
體育會	體	育會	4170
體腔	體	腔	3060
體統	體	統	2820
體臭	體	臭	2550
體式	體	式	2299
體認到	體	認到	1445
體膚	體	膚	1340
體重計	體	重計	1150
體念	體	念	970
體協	體	協	657
體型	體	型	66
體己	體	己	11
體例	體	例	2
體認出	體	認出	1
體法	體	法	1
體色	體	色	1
體用	體	用	1
體專	體	專	1
體內美容	體	內美容	1
古典	古	典	183740
古典音樂	古	典音樂	26205
古代	古	代	342415
古老	古	老	233085
古人	古	人	158690
古希臘	古	希臘	77960
古今	古	今	75160
古樸	古	樸	69465
古怪	古	怪	54515
古董	古	董	51960
古巴	古	巴	49745
古跡	古	跡	43820
古蹟	古	蹟	43820
古籍	古	籍	38680
古文	古	文	38015
古箏	古	箏	32950
古今中外	古	今中外	30075
古詩	古	詩	29930
古裝	古	裝	28390
古都	古	都	27515
古色古香	古	色古香	20770
古往今來	古	往今來	19545
古風	古	風	17515
古琴	古	琴	17415
古剎	古	剎	17285
古蘭經	古	蘭經	15915
古寺	古	寺	14385
古來	古	來	12960
古舊	古	舊	12030
古語	古	語	11960
古國	古	國	11545
古訓	古	訓	10605
古銅色	古	銅色	8415
古廟	古	廟	8325
古法	古	法	8190
古雅	古	雅	8060
古典主義	古	典主義	7775
古板	古	板	7695
古物	古	物	7385
古玩	古	玩	5264
古意	古	意	5045
古文字	古	文字	4420
古稀	古	稀	4180
古道	古	道	4038
古錢	古	錢	4020
古堡	古	堡	3970
古代史	古	代史	3525
古時	古	時	3261
古體詩	古	體詩	2255
古道熱腸	古	道熱腸	2005
古意盎然	古	意盎然	1330
古諺	古	諺	1325
古柯鹼	古	柯鹼	1055
古早	古	早	128
古晉	古	晉	111
古亭區	古	亭區	1
古典芭蕾	古	典芭蕾	1
古靈精怪	古	靈精怪	1
古亭國小	古	亭國小	1
商量	商	量	157150
商品	商	品	502008
商店街	商	店街	888
商店	商	店	305260
商業	商	業	500571
商務	商	務	500412
商家	商	家	500383
商標	商	標	500381
商場	商	場	397165
商人	商	人	243965
商務部	商	務部	228055
商用	商	用	127820
商學院	商	學院	102085
商圈	商	圈	93725
商議	商	議	66365
商業化	商	業化	61920
商界	商	界	52095
商行	商	行	52015
商定	商	定	47025
商談	商	談	43080
商討	商	討	41990
商情	商	情	39185
商業區	商	業區	38830
商標權	商	標權	33890
商品化	商	品化	33790
商旅	商	旅	31055
商榷	商	榷	23085
商販	商	販	22090
商賈	商	賈	18395
商法	商	法	18240
商船	商	船	14155
商社	商	社	13880
商科	商	科	12050
商朝	商	朝	8320
商隊	商	隊	8275
商號	商	號	7700
商洽	商	洽	6910
商路	商	路	5950
商數	商	數	4775
商團	商	團	4230
商展	商	展	4145
商王	商	王	2890
商港	商	港	2590
商譽	商	譽	2328
商會	商	會	1852
商專	商	專	1465
商事法	商	事法	945
商代	商	代	763
商酌	商	酌	545
商學系	商	學系	405
商權	商	權	111
商埠	商	埠	2
商訂	商	訂	1
商輪	商	輪	1
商擬	商	擬	1
商銀	商	銀	1
商職	商	職	1
商品條碼	商	品條碼	1
商務仲裁	商	務仲裁	1
排名	排	名	500359
排除	排	除	315500
排列	排	列	290740
排序	排	序	243705
排行	排	行	242995
排放	排	放	230335
排出	排	出	128455
排水	排	水	120595
排隊	排	隊	115920
排斥	排	斥	108645
排版	排	版	76540
排泄	排	泄	45695
排洩	排	洩	45695
排卵	排	卵	45400
排骨	排	骨	44275
排氣	排	氣	43780
排長	排	長	41100
排練	排	練	40040
排球	排	球	34990
排尿	排	尿	29920
排擠	排	擠	23900
排行榜	排	行榜	22373
排成	排	成	21680
排到	排	到	19620
排氣管	排	氣管	15165
排解	排	解	14880
排泄物	排	泄物	14520
排他性	排	他性	13040
排水量	排	水量	12975
排水管	排	水管	11360
排場	排	場	11325
排山倒海	排	山倒海	11050
排檔	排	檔	10180
排定	排	定	9815
排演	排	演	9780
排水溝	排	水溝	8385
排比	排	比	7365
排開	排	開	7365
排課	排	課	7090
排上	排	上	7080
排外	排	外	6895
排除萬難	排	除萬難	4910
排列成	排	列成	4890
排班	排	班	4195
排印	排	印	3660
排水口	排	水口	3280
排球隊	排	球隊	3185
排球賽	排	球賽	2550
排下	排	下	2330
排戲	排	戲	2070
排風機	排	風機	1340
排排坐	排	排坐	1265
排字	排	字	999
排筆	排	筆	985
排頭	排	頭	711
排遣	排	遣	555
排難解紛	排	難解紛	52
排灣	排	灣	1
排灣族	排	灣族	1
改札	改	札	888
改成	改	成	120150
改變	改	變	500843
改革	改	革	4468819
改善	改	善	500600
改造	改	造	500406
改進	改	進	500382
改正	改	正	400210
改為	改	為	399395
改制	改	制	176970
改裝	改	裝	140445
改良	改	良	124175
改編	改	編	123290
改動	改	動	117740
改建	改	建	117635
改名	改	名	99025
改版	改	版	82085
改組	改	組	48140
改寫	改	寫	46150
改觀	改	觀	43990
改天	改	天	20590
改行	改	行	18915
改錯	改	錯	16970
改過	改	過	16965
改頭換面	改	頭換面	16260
改換	改	換	16130
改期	改	期	15145
改判	改	判	14060
改過自新	改	過自新	12163
改編為	改	編為	10950
改口	改	口	9975
改嫁	改	嫁	9465
改不了	改	不了	7270
改邪歸正	改	邪歸正	5760
改朝換代	改	朝換代	5625
改元	改	元	5500
改道	改	道	5037
改姓	改	姓	5015
改日	改	日	4980
改變成	改	變成	4410
改過來	改	過來	3770
改小	改	小	3130
改革派	改	革派	2690
改弦更張	改	弦更張	2395
改向	改	向	2105
改弦易轍	改	弦易轍	1685
改名換姓	改	名換姓	1590
改訂	改	訂	1545
改良品種	改	良品種	1460
改選	改	選	1407
改葬	改	葬	800
改良種	改	良種	255
改良場	改	良場	225
改作	改	作	108
改編劇本	改	編劇本	1
改途	改	途	1
改修	改	修	1
改面革心	改	面革心	1
改正過來	改	正過來	1
龍頭	龍	頭	230040
龍門	龍	門	61535
龍王	龍	王	52200
龍潭	龍	潭	44535
龍華	龍	華	43680
龍骨	龍	骨	37705
龍鳳	龍	鳳	36710
龍蝦	龍	蝦	35485
龍珠	龍	珠	35075
龍馬	龍	馬	34270
龍捲風	龍	捲風	28430
龍井	龍	井	27165
龍舟	龍	舟	20815
龍宮	龍	宮	18600
龍女	龍	女	13395
龍脈	龍	脈	13360
龍柏	龍	柏	11245
龍的傳人	龍	的傳人	11145
龍子	龍	子	9055
龍門石窟	龍	門石窟	9050
龍頭老大	龍	頭老大	8355
龍鳳呈祥	龍	鳳呈祥	8050
龍船	龍	船	7045
龍燈	龍	燈	6670
龍眼	龍	眼	6363
龍袍	龍	袍	6010
龍套	龍	套	5710
龍鬚	龍	鬚	5635
龍飛鳳舞	龍	飛鳳舞	5605
龍虎鬥	龍	虎鬥	5052
龍爭虎鬥	龍	爭虎鬥	4045
龍年	龍	年	3560
龍舌蘭	龍	舌蘭	3320
龍顏	龍	顏	3240
龍穴	龍	穴	3130
龍騰虎躍	龍	騰虎躍	3080
龍舟競渡	龍	舟競渡	2315
龍舟賽	龍	舟賽	2305
龍蛇混雜	龍	蛇混雜	1580
龍潭虎穴	龍	潭虎穴	1575
龍鬚菜	龍	鬚菜	1532
龍涎	龍	涎	1530
龍鍾	龍	鍾	1515
龍行虎步	龍	行虎步	1490
龍床	龍	床	1470
龍王爺	龍	王爺	1365
龍馬精神	龍	馬精神	1195
龍吟虎嘯	龍	吟虎嘯	955
龍山寺	龍	山寺	930
龍山區	龍	山區	870
龍吐珠	龍	吐珠	795
龍泉	龍	泉	479
龍鳳餅	龍	鳳餅	113
龍崎	龍	崎	1
龍銀	龍	銀	1
龍肝鳳髓	龍	肝鳳髓	1
龍困淺灘	龍	困淺灘	1
龍蟠虎踞	龍	蟠虎踞	1
龍蛇雜處	龍	蛇雜處	1
愛情	愛	情	500643
愛心	愛	心	336925
愛好	愛	好	253780
愛人	愛	人	169685
愛國	愛	國	146835
愛上	愛	上	126345
愛護	愛	護	125590
愛國主義	愛	國主義	82985
愛爾蘭	愛	爾蘭	73610
愛因斯坦	愛	因斯坦	55090
愛美	愛	美	49865
愛撫	愛	撫	46750
愛戀	愛	戀	41010
愛戴	愛	戴	39895
愛慕	愛	慕	33450
愛德華	愛	德華	33195
愛不釋手	愛	不釋手	32605
愛惜	愛	惜	30240
愛樂	愛	樂	20570
愛犬	愛	犬	20275
愛神	愛	神	17435
愛玩	愛	玩	16015
愛迪生	愛	迪生	15400
愛憐	愛	憐	14595
愛恨	愛	恨	13945
愛妻	愛	妻	12690
愛女	愛	女	12265
愛才	愛	才	11565
愛琴海	愛	琴海	10015
愛群	愛	群	8660
愛理不理	愛	理不理	6700
愛屋及烏	愛	屋及烏	5140
愛卿	愛	卿	5025
愛憎	愛	憎	4950
愛莫能助	愛	莫能助	4555
愛國運動	愛	國運動	4530
愛國心	愛	國心	3725
愛侶	愛	侶	2954
愛管閒事	愛	管閒事	2425
愛妾	愛	妾	2130
愛現	愛	現	1765
愛達荷州	愛	達荷州	1515
愛荷華州	愛	荷華州	1310
愛民如子	愛	民如子	1225
愛河	愛	河	1221
愛子	愛	子	1175
愛苗	愛	苗	815
愛克斯光	愛	克斯光	105
愛顧	愛	顧	1
愛睏	愛	睏	1
愛力	愛	力	1
愛起	愛	起	1
愛物	愛	物	1
愛滋病	愛	滋病	1
愛阿華州	愛	阿華州	1
愛國獎券	愛	國獎券	1
愛恨交織	愛	恨交織	1
愛國者飛彈	愛	國者飛彈	1
時候	時	候	502960
時間	時	間	504677
時代	時	代	500719
時尚	時	尚	500532
時期	時	期	500458
時刻	時	刻	500311
時區	時	區	300252
時光	時	光	235575
時機	時	機	206845
時空	時	空	179195
時限	時	限	177525
時常	時	常	174000
時裝	時	裝	147795
時段	時	段	142285
時鐘	時	鐘	135695
時時	時	時	124830
時艱	時	艱	99999
時節	時	節	76655
時速	時	速	76320
時事	時	事	70000
時間表	時	間表	66275
時效	時	效	59805
時分	時	分	51970
時髦	時	髦	50025
時辰	時	辰	43650
時效性	時	效性	39845
時日	時	日	36415
時時刻刻	時	時刻刻	34390
時序	時	序	27695
時差	時	差	23375
時政	時	政	22635
時代性	時	代性	18715
時態	時	態	18405
時刻表	時	刻表	18325
時間性	時	間性	12580
時局	時	局	12030
時興	時	興	9655
時宜	時	宜	9385
時勢	時	勢	9280
時而	時	而	7777
時下	時	下	7595
時運	時	運	6970
時務	時	務	4390
時來運轉	時	來運轉	3481
時鮮	時	鮮	3300
時運不濟	時	運不濟	2220
時論	時	論	2005
時令	時	令	1871
時裝業	時	裝業	1685
時報	時	報	1049
時價	時	價	959
時弊	時	弊	306
時人	時	人	1
時風	時	風	1
時框	時	框	1
時羞	時	羞	1
時間差攻擊	時	間差攻擊	1
時報廣告金像獎	時	報廣告金像獎	1
理由	理	由	500418
理論	理	論	500857
理解	理	解	500760
理念	理	念	500419
理想	理	想	500312
理性	理	性	409995
理財	理	財	260015
理事會	理	事會	173755
理科	理	科	142605
理智	理	智	134330
理事	理	事	132640
理工	理	工	92080
理會	理	會	82135
理所當然	理	所當然	73985
理事長	理	事長	71995
理賠	理	賠	69235
理應	理	應	49575
理髮	理	髮	32010
理直氣壯	理	直氣壯	31550
理工學院	理	工學院	25095
理論家	理	論家	22450
理睬	理	睬	22035
理工科	理	工科	19070
理該	理	該	19065
理想主義	理	想主義	18560
理想化	理	想化	16185
理學院	理	學院	14310
理髮店	理	髮店	13680
理論性	理	論性	12535
理解力	理	解力	12530
理髮師	理	髮師	12355
理當	理	當	8100
理學家	理	學家	8020
理學	理	學	7857
理出	理	出	7470
理財專家	理	財專家	7350
理虧	理	虧	4415
理路	理	路	3220
理法	理	法	3185
理家	理	家	2030
理事國	理	事國	1445
理喻	理	喻	1220
理論科學	理	論科學	1160
理容	理	容	1065
理屈	理	屈	760
理監事	理	監事	755
理髮廳	理	髮廳	615
理頭髮	理	頭髮	555
理短	理	短	350
理容院	理	容院	140
理頭	理	頭	111
理化	理	化	4
理平頭	理	平頭	1
理則	理	則	1
理髮院	理	髮院	1
理容師	理	容師	1
理想國	理	想國	1
理不直氣不壯	理	不直氣不壯	1
立委	立	委	1230
立即	立	即	500678
立場	立	場	500433
立刻	立	刻	500295
立法	立	法	337460
立體	立	體	236400
立方米	立	方米	219365
立足	立	足	200175
立案	立	案	94235
立志	立	志	69395
立時	立	時	67375
立下	立	下	41005
立意	立	意	35270
立功	立	功	27130
立體感	立	體感	25745
立方	立	方	25625
立竿見影	立	竿見影	21695
立國	立	國	19430
立足點	立	足點	19320
立業	立	業	16590
立法機關	立	法機關	16370
立論	立	論	14710
立法權	立	法權	14705
立體化	立	體化	14380
立秋	立	秋	12575
立正	立	正	12005
立憲	立	憲	11965
立春	立	春	11930
立身	立	身	11035
立誓	立	誓	9485
立方體	立	方體	9295
立法院	立	法院	8340
立住	立	住	8220
立定	立	定	7260
立冬	立	冬	7205
立碑	立	碑	7045
立夏	立	夏	6875
立體影像	立	體影像	5075
立命	立	命	5060
立說	立	說	4485
立德	立	德	4444
立約	立	約	2875
立法委員	立	法委員	2810
立名	立	名	2680
立櫃	立	櫃	2135
立體電影	立	體電影	1595
立異	立	異	1530
立嗣	立	嗣	880
立體音響	立	體音響	755
立方根	立	方根	615
立言	立	言	611
立契	立	契	1
立人	立	人	1
立院	立	院	1
立可白	立	可白	1
立方公尺	立	方公尺	1
立方公分	立	方公分	1
立體停車場	立	體停車場	1
防止	防	止	500446
防火牆	防	火牆	329920
防禦	防	禦	272695
防範	防	範	266565
防護	防	護	262445
防水	防	水	208955
防火	防	火	195145
防守	防	守	151455
防腐	防	腐	87385
防洪	防	洪	84045
防線	防	線	81640
防疫	防	疫	60290
防潮	防	潮	58995
防腐劑	防	腐劑	58724
防盜	防	盜	55445
防塵	防	塵	46810
防空	防	空	45745
防盜器	防	盜器	44745
防災	防	災	41640
防風	防	風	40255
防備	防	備	38035
防震	防	震	28505
防毒	防	毒	26160
防區	防	區	17530
防癌	防	癌	17400
防不勝防	防	不勝防	17220
防身	防	身	16475
防彈	防	彈	8920
防微杜漸	防	微杜漸	7380
防毒面具	防	毒面具	6550
防彈衣	防	彈衣	6220
防空洞	防	空洞	5965
防衛	防	衛	5146
防治	防	治	5002
防禦工事	防	禦工事	4850
防濕	防	濕	3290
防波堤	防	波堤	2915
防務	防	務	2504
防禦戰	防	禦戰	2500
防患未然	防	患未然	2420
防水布	防	水布	2205
防身術	防	身術	2045
防彈背心	防	彈背心	1950
防癆	防	癆	1320
防風林	防	風林	910
防衛性	防	衛性	795
防空壕	防	空壕	220
防空演習	防	空演習	143
防火巷	防	火巷	60
防地	防	地	24
防堵	防	堵	1
防颱	防	颱	1
防制	防	制	1
防阻	防	阻	1
防護團	防	護團	1
防身器	防	身器	1
防弊除害	防	弊除害	1
防火設備	防	火設備	1
定位	定	位	500383
定義	定	義	500358
定期	定	期	500317
定價	定	價	487690
定時	定	時	158010
定向	定	向	155290
定額	定	額	133005
定量	定	量	114255
定為	定	為	112855
定製	定	製	99999
定律	定	律	88390
定居	定	居	76225
定型	定	型	64635
定理	定	理	52955
定下	定	下	48465
定論	定	論	35745
定點	定	點	19952
定期存款	定	期存款	18795
定然	定	然	17340
定名為	定	名為	16440
定使	定	使	15800
定力	定	力	14015
定數	定	數	12455
定案	定	案	11935
定都	定	都	10835
定時炸彈	定	時炸彈	10165
定評	定	評	9999
定心	定	心	9999
定時器	定	時器	9999
定下來	定	下來	9415
定名	定	名	9305
定心丸	定	心丸	9115
定局	定	局	8845
定神	定	神	7595
定情	定	情	7590
定住	定	住	7570
定罪	定	罪	7343
定形	定	形	5700
定則	定	則	5230
定奪	定	奪	3560
定存	定	存	3160
定法	定	法	3150
定期存單	定	期存單	2615
定規	定	規	2395
定見	定	見	2360
定例	定	例	1785
定裝	定	裝	965
定錢	定	錢	540
定讞	定	讞	2
定出	定	出	1
定貨	定	貨	1
定省	定	省	1
定約	定	約	1
定定的	定	定的	1
定南針	定	南針	1
定裝照	定	裝照	1
定型化契約條款	定	型化契約條款	1
苦笑	苦	笑	103180
苦惱	苦	惱	95470
苦難	苦	難	85145
苦澀	苦	澀	53510
苦瓜	苦	瓜	39200
苦悶	苦	悶	32900
苦於	苦	於	29840
苦心	苦	心	27525
苦練	苦	練	26425
苦頭	苦	頭	23125
苦痛	苦	痛	20400
苦衷	苦	衷	19035
苦不堪言	苦	不堪言	16675
苦味	苦	味	16175
苦力	苦	力	15665
苦戰	苦	戰	14620
苦果	苦	果	12710
苦幹	苦	幹	12505
苦海	苦	海	11585
苦楚	苦	楚	11295
苦中作樂	苦	中作樂	10676
苦行	苦	行	10400
苦撐	苦	撐	9999
苦口	苦	口	9999
苦命	苦	命	9740
苦水	苦	水	8785
苦等	苦	等	8205
苦修	苦	修	7370
苦行僧	苦	行僧	6800
苦苦哀求	苦	苦哀求	6650
苦學	苦	學	5875
苦盡甘來	苦	盡甘來	5660
苦日子	苦	日子	4895
苦功	苦	功	4860
苦工	苦	工	4515
苦差事	苦	差事	3900
苦役	苦	役	3810
苦酒	苦	酒	3735
苦肉計	苦	肉計	3675
苦口婆心	苦	口婆心	3611
苦戀	苦	戀	3523
苦主	苦	主	3333
苦處	苦	處	3250
苦勸	苦	勸	2245
苦海無邊	苦	海無邊	2040
苦心孤詣	苦	心孤詣	1880
苦樂	苦	樂	1084
苦思	苦	思	831
苦苦相逼	苦	苦相逼	805
苦心積慮	苦	心積慮	385
苦感	苦	感	185
苦刑	苦	刑	9
苦茶油	苦	茶油	1
苦哈哈	苦	哈哈	1
苦茶	苦	茶	1
苦旱	苦	旱	1
苦缺	苦	缺	1
裝備	裝	備	500442
裝修	裝	修	500409
裝置	裝	置	500348
裝飾	裝	飾	500298
裝配	裝	配	113965
裝潢	裝	潢	98720
裝有	裝	有	86600
裝卸	裝	卸	83795
裝載	裝	載	76720
裝扮	裝	扮	70240
裝上	裝	上	69060
裝甲	裝	甲	57635
裝訂	裝	訂	56310
裝飾品	裝	飾品	47310
裝滿	裝	滿	42180
裝作	裝	作	41935
裝運	裝	運	40700
裝好	裝	好	34325
裝船	裝	船	30110
裝出	裝	出	29105
裝束	裝	束	28095
裝點	裝	點	26215
裝裱	裝	裱	18745
裝貨	裝	貨	18600
裝飾性	裝	飾性	16970
裝甲車	裝	甲車	13480
裝成	裝	成	13290
裝設	裝	設	12290
裝傻	裝	傻	10785
裝模作樣	裝	模作樣	10704
裝袋	裝	袋	9275
裝填	裝	填	7860
裝扮成	裝	扮成	7390
裝甲師	裝	甲師	7020
裝腔作勢	裝	腔作勢	6880
裝下	裝	下	6130
裝箱	裝	箱	5555
裝不下	裝	不下	4325
裝病	裝	病	4185
裝神弄鬼	裝	神弄鬼	3920
裝甲兵	裝	甲兵	3895
裝彈	裝	彈	3725
裝聾作啞	裝	聾作啞	3325
裝蒜	裝	蒜	2925
裝瘋賣傻	裝	瘋賣傻	2875
裝起來	裝	起來	2695
裝罐	裝	罐	2165
裝車	裝	車	1785
裝配廠	裝	配廠	1675
裝門面	裝	門面	1085
裝框	裝	框	785
裝殮	裝	殮	685
裝子彈	裝	子彈	565
裝璜	裝	璜	1
裝起	裝	起	1
裝為	裝	為	1
裝做	裝	做	1
頭髮	頭	髮	455135
頭銜	頭	銜	501033
頭部	頭	部	182665
頭腦	頭	腦	181275
頭痛	頭	痛	178015
頭頂	頭	頂	112065
頭疼	頭	疼	81670
頭暈	頭	暈	76845
頭盔	頭	盔	64825
頭皮	頭	皮	50675
頭顱	頭	顱	42940
頭目	頭	目	35590
頭號	頭	號	32670
頭寸	頭	寸	28315
頭巾	頭	巾	26910
頭緒	頭	緒	26835
頭兒	頭	兒	23985
頭飾	頭	飾	22970
頭骨	頭	骨	19940
頭等	頭	等	19415
頭子	頭	子	18620
頭大	頭	大	18260
頭昏	頭	昏	17540
頭領	頭	領	16460
頭版	頭	版	16240
頭等艙	頭	等艙	11900
頭暈目眩	頭	暈目眩	11615
頭頭是道	頭	頭是道	10055
頭尾	頭	尾	9050
頭獎	頭	獎	8565
頭皮屑	頭	皮屑	7205
頭暈眼花	頭	暈眼花	6370
頭蓋骨	頭	蓋骨	6320
頭套	頭	套	6010
頭條新聞	頭	條新聞	5995
頭腦簡單	頭	腦簡單	5680
頭昏眼花	頭	昏眼花	5360
頭重腳輕	頭	重腳輕	5160
頭昏腦脹	頭	昏腦脹	4410
頭罩	頭	罩	4170
頭蓋	頭	蓋	4120
頭籌	頭	籌	3745
頭臉	頭	臉	3725
頭角	頭	角	3625
頭紗	頭	紗	2785
頭彩	頭	彩	2460
頭陣	頭	陣	2222
頭份	頭	份	1900
頭七	頭	七	1725
頭家	頭	家	1690
頭路	頭	路	999
頭蝨	頭	蝨	425
頭角崢嶸	頭	角崢嶸	390
頭城	頭	城	1
頭額	頭	額	1
頭腦體操	頭	腦體操	1
頭破血流	頭	破血流	1
死亡	死	亡	500381
死者	死	者	123250
死去	死	去	91670
死刑	死	刑	89215
死神	死	神	85820
死亡率	死	亡率	66280
死掉	死	掉	36595
死活	死	活	31225
死角	死	角	30710
死因	死	因	23295
死地	死	地	21770
死黨	死	黨	21555
死心	死	心	19695
死屍	死	屍	16615
死前	死	前	16000
死去活來	死	去活來	13960
死板	死	板	13605
死守	死	守	12205
死寂	死	寂	11295
死心塌地	死	心塌地	11120
死命	死	命	11055
死灰復燃	死	灰復燃	10760
死水	死	水	10255
死裡逃生	死	裡逃生	9645
死胡同	死	胡同	9620
死罪	死	罪	9580
死氣沉沉	死	氣沉沉	9375
死光	死	光	8820
死期	死	期	8155
死結	死	結	7000
死敵	死	敵	6830
死訊	死	訊	6750
死對頭	死	對頭	6590
死於非命	死	於非命	6475
死難	死	難	6330
死鬼	死	鬼	6185
死相	死	相	6080
死而後已	死	而後已	5890
死囚	死	囚	5835
死路	死	路	5765
死灰	死	灰	5385
死刑犯	死	刑犯	5225
死不瞑目	死	不瞑目	4775
死皮賴臉	死	皮賴臉	4115
死纏	死	纏	2790
死硬	死	硬	2195
死背	死	背	1860
死有餘辜	死	有餘辜	1780
死等	死	等	1535
死馬當活馬醫	死	馬當活馬醫	1345
死火山	死	火山	1165
死硬派	死	硬派	600
死巷	死	巷	565
死心眼兒	死	心眼兒	420
死文字	死	文字	1
死亡學	死	亡學	1
消費	消	費	500601
消費者	消	費者	501081
消息	消	息	500486
消除	消	除	500287
消失	消	失	387545
消耗	消	耗	386175
消防	消	防	316170
消毒	消	毒	302610
消滅	消	滅	215475
消費品	消	費品	134445
消化	消	化	116950
消極	消	極	89745
消炎	消	炎	49965
消退	消	退	44795
消化道	消	化道	42985
消瘦	消	瘦	40270
消逝	消	逝	37260
消遣	消	遣	36955
消毒劑	消	毒劑	29125
消散	消	散	28595
消防車	消	防車	26515
消耗量	消	耗量	26085
消腫	消	腫	25395
消沉	消	沉	21405
消磨	消	磨	20605
消防隊	消	防隊	20190
消災	消	災	12555
消暑	消	暑	12080
消火栓	消	火栓	12030
消防員	消	防員	10755
消耗品	消	耗品	9860
消費額	消	費額	9640
消閒	消	閒	7580
消音	消	音	7480
消長	消	長	7290
消磁	消	磁	6460
消受	消	受	5800
消弭	消	弭	5480
消防栓	消	防栓	4890
消化器官	消	化器官	4330
消氣	消	氣	3250
消愁	消	愁	2815
消耗戰	消	耗戰	2495
消失掉	消	失掉	2435
消費者保護法	消	費者保護法	1820
消夜	消	夜	2
消火氣	消	火氣	1
消毀	消	毀	1
消魂	消	魂	1
消沈	消	沈	1
消遙	消	遙	1
消毒水	消	毒水	1
消化器	消	化器	1
消渴症	消	渴症	1
消聲匿跡	消	聲匿跡	1
消費者運動	消	費者運動	1
門診	門	診	161975
門票	門	票	293820
門派	門	派	502063
門戶	門	戶	237785
門窗	門	窗	173110
門檻	門	檻	170695
門類	門	類	81675
門面	門	面	57625
門禁	門	禁	29965
門診部	門	診部	28875
門路	門	路	26755
門市部	門	市部	24285
門板	門	板	23595
門鈴	門	鈴	21180
門徒	門	徒	20180
門框	門	框	18875
門人	門	人	17405
門樓	門	樓	16565
門道	門	道	14215
門牌	門	牌	14075
門柱	門	柱	14040
門簾	門	簾	13650
門神	門	神	12560
門洞	門	洞	11330
門牙	門	牙	10885
門燈	門	燈	9999
門市	門	市	9999
門縫	門	縫	9850
門外漢	門	外漢	9340
門楣	門	楣	9310
門第	門	第	8690
門生	門	生	8615
門子	門	子	8500
門當戶對	門	當戶對	8125
門扇	門	扇	7910
門庭	門	庭	7790
門房	門	房	7285
門徑	門	徑	7055
門兒	門	兒	6420
門庭若市	門	庭若市	6080
門聯	門	聯	5920
門廊	門	廊	5685
門可羅雀	門	可羅雀	4190
門閥	門	閥	4185
門閂	門	閂	3670
門扉	門	扉	3570
門牆	門	牆	2970
門額	門	額	2805
門戶之見	門	戶之見	2755
門風	門	風	2240
門環	門	環	2150
門戶開放政策	門	戶開放政策	500
門柄	門	柄	1
門法	門	法	1
門券	門	券	1
門栓	門	栓	1
領導	領	導	500975
領域	領	域	500941
領取	領	取	432830
領先	領	先	369610
領導人	領	導人	183300
領袖	領	袖	169620
領導者	領	導者	161295
領隊	領	隊	108290
領會	領	會	89910
領略	領	略	89600
領悟	領	悟	82800
領土	領	土	76050
領帶	領	帶	63725
領地	領	地	59570
領到	領	到	40730
領軍	領	軍	35885
領獎	領	獎	31705
領養	領	養	29960
領主	領	主	27695
領事	領	事	27395
領事館	領	事館	25875
領頭	領	頭	24305
領班	領	班	24170
領銜	領	銜	22905
領教	領	教	19330
領口	領	口	18210
領兵	領	兵	15385
領航	領	航	15095
領海	領	海	14645
領悟到	領	悟到	14255
領子	領	子	14050
領回	領	回	12825
領航員	領	航員	12279
領導權	領	導權	10880
領賞	領	賞	8888
領罪	領	罪	8888
領情	領	情	7450
領空	領	空	7295
領袖人物	領	袖人物	7195
領路	領	路	6265
領結	領	結	6100
領走	領	走	4070
領會到	領	會到	4035
領唱	領	唱	3825
領帶夾	領	帶夾	3070
領巾	領	巾	2900
領款	領	款	1695
領章	領	章	1610
領導性	領	導性	1490
領受	領	受	1037
領導有方	領	導有方	790
領圈	領	圈	7
領悟出	領	悟出	1
領單	領	單	1
領檯	領	檯	1
領先群倫	領	先群倫	1
化學	化	學	500274
化工	化	工	445245
化妝品	化	妝品	400000
化妝	化	妝	164320
化解	化	解	156595
化為	化	為	121640
化學品	化	學品	103470
化合物	化	合物	83435
化石	化	石	77785
化名	化	名	65505
化身	化	身	62835
化作	化	作	61870
化成	化	成	59255
化驗	化	驗	56355
化學反應	化	學反應	35765
化學工業	化	學工業	34225
化學工程	化	學工程	19800
化裝	化	裝	19775
化膿性	化	膿性	16545
化油器	化	油器	15250
化學纖維	化	學纖維	11595
化學分析	化	學分析	11205
化膿	化	膿	10205
化為烏有	化	為烏有	9560
化整為零	化	整為零	9145
化開	化	開	9030
化學變化	化	學變化	8595
化險為夷	化	險為夷	8250
化緣	化	緣	6805
化學元素	化	學元素	6085
化糞池	化	糞池	5735
化工業	化	工業	5230
化學公司	化	學公司	4665
化境	化	境	4640
化學作用	化	學作用	4210
化繁為簡	化	繁為簡	4200
化學肥料	化	學肥料	4060
化學鍵	化	學鍵	3425
化外	化	外	3300
化敵為友	化	敵為友	3145
化干戈為玉帛	化	干戈為玉帛	2845
化學治療	化	學治療	2480
化裝舞會	化	裝舞會	1775
化除	化	除	1765
化妝台	化	妝台	1410
化合	化	合	1285
化學戰	化	學戰	945
化學工廠	化	學工廠	645
化外之民	化	外之民	255
化育	化	育	35
化武	化	武	1
化子	化	子	1
化做	化	做	1
化暗為明	化	暗為明	1
化學戰劑	化	學戰劑	1
草原	草	原	267770
草案	草	案	203745
草地	草	地	87315
草莓	草	莓	85780
草坪	草	坪	77950
草根	草	根	51960
草木	草	木	47230
草藥	草	藥	33455
草草	草	草	31805
草本	草	本	29345
草堂	草	堂	27365
草魚	草	魚	23528
草書	草	書	22940
草圖	草	圖	22225
草稿	草	稿	20815
草率	草	率	19785
草叢	草	叢	17795
草帽	草	帽	15650
草本植物	草	本植物	14735
草皮	草	皮	14730
草酸	草	酸	14570
草鞋	草	鞋	14165
草民	草	民	10500
草莽	草	莽	10330
草菇	草	菇	7665
草蓆	草	蓆	6440
草堆	草	堆	5680
草包	草	包	5635
草繩	草	繩	4765
草棚	草	棚	4700
草綠色	草	綠色	4300
草木皆兵	草	木皆兵	4265
草紙	草	紙	3760
草芥	草	芥	3330
草創	草	創	3125
草類	草	類	3105
草菅人命	草	菅人命	2800
草草了事	草	草了事	2565
草簽	草	簽	2490
草雞	草	雞	2455
草擬	草	擬	2171
草蝦	草	蝦	1180
草約	草	約	1111
草莽英雄	草	莽英雄	1095
草率從事	草	率從事	1025
草屯	草	屯	455
草寫	草	寫	385
草人	草	人	272
草行	草	行	1
草菅	草	菅	1
草具	草	具	1
草笠	草	笠	1
草山	草	山	1
草根大使	草	根大使	1
草食性動物	草	食性動物	1
關於	關	於	501823
關係	關	係	501488
關聯	關	聯	203640
關注	關	注	500876
關鍵	關	鍵	500517
關閉	關	閉	500488
關心	關	心	500344
關懷	關	懷	212560
關愛	關	愛	185455
關節	關	節	157895
關機	關	機	138565
關稅	關	稅	114085
關掉	關	掉	69425
關上	關	上	59735
關門	關	門	59645
關口	關	口	58420
關切	關	切	58040
關羽	關	羽	51205
關照	關	照	48085
關卡	關	卡	41730
關節炎	關	節炎	37225
關鍵性	關	鍵性	33350
關中	關	中	33200
關外	關	外	23385
關東	關	東	23340
關公	關	公	22995
關頭	關	頭	17615
關山	關	山	17330
關西	關	西	13385
關燈	關	燈	11870
關進	關	進	10895
關島	關	島	9980
關帝廟	關	帝廟	8595
關係人	關	係人	7960
關隘	關	隘	6030
關緊	關	緊	5735
關起來	關	起來	5500
關子	關	子	5135
關起	關	起	4275
關門大吉	關	門大吉	4110
關係企業	關	係企業	3685
關入	關	入	1975
關說	關	說	1960
關防	關	防	1955
關廟	關	廟	1515
關禁閉	關	禁閉	1000
關員	關	員	81
關丹	關	丹	1
關刀	關	刀	1
關渡	關	渡	1
關連	關	連	1
關棧	關	棧	1
關懷面	關	懷面	1
關鍵球	關	鍵球	1
關子嶺	關	子嶺	1
香港	香	港	500902
香腸	香	腸	54730
香蕉	香	蕉	213220
香水	香	水	211735
香味	香	味	152745
香菸	香	菸	117835
香煙	香	煙	117835
香氣	香	氣	106015
香菇	香	菇	90300
香料	香	料	76500
香格里拉	香	格里拉	70850
香草	香	草	65497
香菜	香	菜	51824
香油	香	油	42310
香精	香	精	37795
香甜	香	甜	32750
香檳	香	檳	32690
香皂	香	皂	29770
香火	香	火	28800
香爐	香	爐	19585
香港人	香	港人	18915
香豔	香	豔	14140
香樟	香	樟	13905
香醇	香	醇	12735
香檳酒	香	檳酒	12144
香客	香	客	10520
香花	香	花	10145
香瓜	香	瓜	8415
香茶	香	茶	8295
香脆	香	脆	7935
香燭	香	燭	6205
香案	香	案	5340
香囊	香	囊	5185
香包	香	包	4710
香粉	香	粉	4690
香山	香	山	4139
香蕉皮	香	蕉皮	3470
香噴噴	香	噴噴	3175
香閨	香	閨	3070
香港隊	香	港隊	2925
香汗	香	汗	2650
香片	香	片	1815
香消玉殞	香	消玉殞	1755
香港腳	香	港腳	1705
香灰	香	灰	1505
香亭	香	亭	1485
香肉	香	肉	1365
香紙	香	紙	895
香蠟	香	蠟	555
香液	香	液	510
香巢	香	巢	410
香油錢	香	油錢	370
香袋	香	袋	211
香錢	香	錢	1
香郁	香	郁	1
魚肉	魚	肉	40120
魚排	魚	排	2690
魚丸	魚	丸	20880
魚片	魚	片	14715
魚刺	魚	刺	7935
魚翅	魚	翅	22620
魚類	魚	類	137579
魚兒	魚	兒	60300
魚鱗	魚	鱗	43165
魚雷	魚	雷	26565
魚缸	魚	缸	24545
魚塘	魚	塘	21320
魚蝦	魚	蝦	19010
魚子醬	魚	子醬	13485
魚苗	魚	苗	12540
魚尾	魚	尾	11350
魚池	魚	池	11255
魚肝油	魚	肝油	9725
魚餌	魚	餌	8990
魚米之鄉	魚	米之鄉	8730
魚骨	魚	骨	8620
魚群	魚	群	8470
魚目混珠	魚	目混珠	6920
魚尾紋	魚	尾紋	5825
魚子	魚	子	4195
魚叉	魚	叉	4005
魚貫	魚	貫	3780
魚水之歡	魚	水之歡	3660
魚卵	魚	卵	2780
魚鰭	魚	鰭	2750
魚市	魚	市	2495
魚雷艇	魚	雷艇	2315
魚肚白	魚	肚白	1915
魚販	魚	販	1725
魚鬆	魚	鬆	1621
魚市場	魚	市場	1530
魚鰾	魚	鰾	1425
魚簍	魚	簍	1360
魚雁	魚	雁	690
魚白	魚	白	505
魚貫而行	魚	貫而行	405
魚肉鄉民	魚	肉鄉民	175
魚膾	魚	膾	155
魚眼鏡頭	魚	眼鏡頭	1
魚產	魚	產	1
魚場	魚	場	1
魚船	魚	船	1
魚村	魚	村	1
魚竿	魚	竿	1
魚介	魚	介	1
魚拓	魚	拓	1
魚網	魚	網	1
魚塭	魚	塭	1
魚業	魚	業	1
魚鱗癬	魚	鱗癬	1
來了	來	了	888
來源	來	源	501119
來到	來	到	500414
來電	來	電	361675
來不及	來	不及	70860
來信	來	信	237755
來自於	來	自於	184835
來臨	來	臨	149665
來回	來	回	148490
來訪	來	訪	141010
來往	來	往	91230
來賓	來	賓	86820
來人	來	人	81180
來得及	來	得及	72455
來歷	來	歷	60335
來此	來	此	48575
來年	來	年	44615
來函	來	函	36550
來世	來	世	34950
來之不易	來	之不易	33600
來去	來	去	33305
來生	來	生	30190
來客	來	客	30170
來者	來	者	24950
來得	來	得	22222
來意	來	意	21025
來龍去脈	來	龍去脈	20130
來來往往	來	來往往	19085
來襲	來	襲	18390
來路	來	路	16025
來由	來	由	13575
來頭	來	頭	13425
來勢	來	勢	11455
來日	來	日	9770
來歷不明	來	歷不明	9305
來勁	來	勁	8080
來者不拒	來	者不拒	7625
來處	來	處	7600
來勢洶洶	來	勢洶洶	7055
來去匆匆	來	去匆匆	5630
來犯	來	犯	5510
來路不明	來	路不明	5460
來歸	來	歸	3995
來日方長	來	日方長	3010
來去自如	來	去自如	2805
來攻	來	攻	1111
來者可追	來	者可追	41
來著	來	著	1
來福槍	來	福槍	1
來福搶	來	福搶	1
來福線	來	福線	1
來回票	來	回票	1
來去分明	來	去分明	1
來者不善，善者不來	來	者不善，善者不來	1
倒是	倒	是	244675
倒下	倒	下	71990
倒霉	倒	霉	66105
倒塌	倒	塌	44150
倒閉	倒	閉	43830
倒地	倒	地	40990
倒退	倒	退	40110
倒影	倒	影	30285
倒車	倒	車	25050
倒數	倒	數	22125
倒立	倒	立	20320
倒不如	倒	不如	19215
倒置	倒	置	17490
倒掛	倒	掛	16295
倒出	倒	出	15690
倒流	倒	流	14695
倒轉	倒	轉	11260
倒頭	倒	頭	10175
倒嗓	倒	嗓	9999
倒扣	倒	扣	8175
倒映	倒	映	7905
倒戈	倒	戈	6155
倒貼	倒	貼	5245
倒滿	倒	滿	4565
倒懸	倒	懸	4125
倒灌	倒	灌	4030
倒敘	倒	敘	3490
倒胃口	倒	胃口	3195
倒行逆施	倒	行逆施	3160
倒帶	倒	帶	3150
倒裝句	倒	裝句	2460
倒斃	倒	斃	2455
倒臥	倒	臥	2390
倒錯	倒	錯	2340
倒反	倒	反	1950
倒運	倒	運	1840
倒數計時	倒	數計時	1540
倒閣	倒	閣	885
倒掛金鉤	倒	掛金鉤	855
倒栽蔥	倒	栽蔥	765
倒胃	倒	胃	760
倒彩	倒	彩	570
倒坍	倒	坍	540
倒果為因	倒	果為因	305
倒吃甘蔗	倒	吃甘蔗	265
倒店	倒	店	1
倒吊	倒	吊	1
倒會	倒	會	1
倒楣	倒	楣	1
倒債	倒	債	1
倒帳	倒	帳	1
倒楣相	倒	楣相	1
倒頭就睡	倒	頭就睡	1
倒抽一口氣	倒	抽一口氣	1
吃飯	吃	飯	422140
吃麵	吃	麵	888
吃藥	吃	藥	888
吃飽	吃	飽	32850
吃過	吃	過	1
吃驚	吃	驚	120045
吃完	吃	完	80210
吃到	吃	到	65365
吃虧	吃	虧	59975
吃掉	吃	掉	54420
吃力	吃	力	46270
吃苦	吃	苦	38360
吃上	吃	上	29465
吃起來	吃	起來	27050
吃醋	吃	醋	25570
吃喝玩樂	吃	喝玩樂	22755
吃下	吃	下	21525
吃素	吃	素	20735
吃草	吃	草	15880
吃水	吃	水	15035
吃火鍋	吃	火鍋	14055
吃緊	吃	緊	12155
吃不消	吃	不消	11675
吃下去	吃	下去	10685
吃不開	吃	不開	9999
吃茶	吃	茶	7710
吃不了	吃	不了	7410
吃不下	吃	不下	5985
吃力不討好	吃	力不討好	5185
吃味	吃	味	4444
吃豆腐	吃	豆腐	3080
吃香	吃	香	2555
吃齋	吃	齋	2535
吃錯藥	吃	錯藥	2470
吃去	吃	去	2225
吃宵夜	吃	宵夜	2060
吃得消	吃	得消	1970
吃官司	吃	官司	1345
吃軟不吃硬	吃	軟不吃硬	1310
吃食	吃	食	1269
吃重	吃	重	1170
吃苦頭	吃	苦頭	1115
吃得起	吃	得起	1010
吃飯傢伙	吃	飯傢伙	280
吃鴨蛋	吃	鴨蛋	220
吃螺絲	吃	螺絲	1
吃排頭	吃	排頭	1
吃人不吐骨	吃	人不吐骨	1
吃案	吃	案	1
吃錢	吃	錢	1
吃乾醋	吃	乾醋	1
吃裡扒外	吃	裡扒外	1
吃喝拉撒睡	吃	喝拉撒睡	1
吃不完兜著走	吃	不完兜著走	1
直接	直	接	501807
直到	直	到	500411
直轄市	直	轄市	500314
直徑	直	徑	295170
直銷	直	銷	283340
直線	直	線	197325
直屬	直	屬	162770
直觀	直	觀	106580
直流	直	流	106065
直達	直	達	100095
直覺	直	覺	83890
直升機	直	升機	76905
直昇機	直	昇機	76905
直撥	直	撥	55895
直抵	直	抵	51167
直角	直	角	46620
直立	直	立	45760
直通	直	通	41605
直腸	直	腸	34835
直行	直	行	31886
直射	直	射	28935
直言	直	言	28450
直系親屬	直	系親屬	26335
直率	直	率	22210
直視	直	視	21390
直說	直	說	21375
直截了當	直	截了當	20365
直飛	直	飛	19205
直營	直	營	16820
直隸	直	隸	16490
直轄	直	轄	16005
直言不諱	直	言不諱	10985
直升	直	升	10590
直下	直	下	10125
直爽	直	爽	9650
直流電	直	流電	9005
直系	直	系	7630
直落	直	落	6605
直挺挺	直	挺挺	6235
直搗	直	搗	5680
直呼其名	直	呼其名	2830
直來直往	直	來直往	2115
直陳	直	陳	2105
直接稅	直	接稅	1775
直達車	直	達車	1745
直講	直	講	1680
直須	直	須	1640
直搗黃龍	直	搗黃龍	1540
直性子	直	性子	920
直躺	直	躺	1
直條	直	條	1
直系親	直	系親	1
直播衛星	直	播衛星	1
直排輪刀鞋	直	排輪刀鞋	1
眼睛	眼	睛	500531
眼鏡	眼	鏡	225340
眼熟	眼	熟	15035
眼前	眼	前	486015
眼神	眼	神	343235
眼淚	眼	淚	308110
眼球	眼	球	138630
眼光	眼	光	99999
眼看	眼	看	96850
眼下	眼	下	95675
眼部	眼	部	89770
眼角	眼	角	67025
眼科	眼	科	58730
眼見	眼	見	53300
眼影	眼	影	45400
眼眶	眼	眶	42860
眼界	眼	界	42145
眼皮	眼	皮	37480
眼瞼	眼	瞼	29235
眼線	眼	線	27685
眼眸	眼	眸	27645
眼珠	眼	珠	27240
眼袋	眼	袋	25340
眼簾	眼	簾	24930
眼睜睜	眼	睜睜	23370
眼圈	眼	圈	21845
眼色	眼	色	21360
眼力	眼	力	20520
眼紅	眼	紅	16855
眼花	眼	花	16385
眼珠子	眼	珠子	12210
眼藥水	眼	藥水	11750
眼罩	眼	罩	11310
眼鏡蛇	眼	鏡蛇	10505
眼窩	眼	窩	9670
眼巴巴	眼	巴巴	9530
眼波	眼	波	9215
眼高手低	眼	高手低	7425
眼目	眼	目	7100
眼中釘	眼	中釘	5845
眼睫毛	眼	睫毛	5390
眼福	眼	福	4790
眼角膜	眼	角膜	4500
眼白	眼	白	4105
眼尖	眼	尖	3475
眼瞳	眼	瞳	3405
眼明手快	眼	明手快	2755
眼結膜	眼	結膜	2745
眼不見為淨	眼	不見為淨	1620
眼拙	眼	拙	1145
眼看著	眼	看著	1
眼臉	眼	臉	1
眼明人	眼	明人	1
眼花撩亂	眼	花撩亂	1
代表	代	表	501288
代理	代	理	500660
代碼	代	碼	500611
代理商	代	理商	358200
代替	代	替	301945
代價	代	價	228620
代理人	代	理人	179120
代表團	代	表團	163985
代謝	代	謝	160955
代辦	代	辦	124935
代號	代	號	123245
代為	代	為	88495
代表性	代	表性	82655
代表作	代	表作	79470
代言	代	言	71210
代言人	代	言人	57205
代名詞	代	名詞	49615
代表隊	代	表隊	43775
代數	代	數	29965
代管	代	管	26950
代工	代	工	26085
代表人	代	表人	25015
代步	代	步	17050
代用	代	用	13700
代勞	代	勞	13050
代溝	代	溝	10800
代代相傳	代	代相傳	10790
代用品	代	用品	8590
代理行	代	理行	6035
代課	代	課	5380
代筆	代	筆	5090
代議制	代	議制	4880
代墊	代	墊	3850
代表權	代	表權	2385
代銷商	代	銷商	2165
代替品	代	替品	1870
代耕	代	耕	1785
代打	代	打	1225
代母	代	母	995
代領	代	領	637
代銷	代	銷	555
代金	代	金	1
代班	代	班	1
代唱	代	唱	1
代電	代	電	1
代書	代	書	1
代糖	代	糖	1
代表會	代	表會	1
代議士	代	議士	1
代代相承	代	代相承	1
代謝作用	代	謝作用	1
代議政治	代	議政治	1
代罪羔羊	代	罪羔羊	1
引流	引	流	888
引起	引	起	500698
引誘	引	誘	59650
引用	引	用	500784
引導	引	導	500500
引進	引	進	500346
引發	引	發	413670
引擎	引	擎	348640
引入	引	入	296300
引領	引	領	168195
引來	引	來	93665
引出	引	出	67205
引言	引	言	49220
引人	引	人	44880
引力	引	力	40005
引爆	引	爆	37925
引得	引	得	32120
引人入勝	引	人入勝	30260
引申	引	申	26700
引線	引	線	22285
引路	引	路	20405
引子	引	子	19680
引號	引	號	19065
引荐	引	荐	18155
引薦	引	薦	18155
引述	引	述	16670
引渡	引	渡	11070
引見	引	見	10675
引證	引	證	10620
引致	引	致	9999
引燃	引	燃	9685
引人矚目	引	人矚目	9115
引為	引	為	7695
引開	引	開	7425
引以為傲	引	以為傲	7230
引經據典	引	經據典	7070
引信	引	信	5060
引退	引	退	4925
引擎蓋	引	擎蓋	4900
引火	引	火	4765
引狼入室	引	狼入室	3100
引道	引	道	2435
引介	引	介	1945
引咎	引	咎	1615
引以為鑑	引	以為鑑	1315
引以自豪	引	以自豪	1110
引吭	引	吭	560
引接	引	接	1
引據	引	據	1
引港費	引	港費	1
引人側目	引	人側目	1
引人非議	引	人非議	1
引人遐思	引	人遐思	1
歸還	歸	還	174946
歸納	歸	納	135910
歸屬	歸	屬	122865
歸檔	歸	檔	108925
歸類	歸	類	62695
歸宿	歸	宿	58135
歸於	歸	於	52650
歸于	歸	于	52650
歸入	歸	入	38035
歸國	歸	國	30335
歸咎於	歸	咎於	16730
歸屬於	歸	屬於	15245
歸納起來	歸	納起來	14915
歸結	歸	結	13180
歸隱	歸	隱	11070
歸途	歸	途	10830
歸併	歸	併	10235
歸因於	歸	因於	10180
歸功	歸	功	9999
歸西	歸	西	9999
歸真	歸	真	9999
歸隊	歸	隊	9980
歸案	歸	案	9595
歸到	歸	到	9455
歸附	歸	附	7615
歸順	歸	順	7590
歸位	歸	位	7570
歸化	歸	化	7525
歸因	歸	因	7260
歸結到	歸	結到	7110
歸期	歸	期	5680
歸心	歸	心	4860
歸罪於	歸	罪於	4845
歸納法	歸	納法	4500
歸咎	歸	咎	3830
歸天	歸	天	3760
歸宗	歸	宗	3665
歸程	歸	程	3610
歸鄉	歸	鄉	3595
歸向	歸	向	2785
歸心似箭	歸	心似箭	2480
歸寧	歸	寧	1690
歸罪	歸	罪	1625
歸人	歸	人	439
歸老	歸	老	124
歸依	歸	依	9
歸根究底	歸	根究底	5
歸根	歸	根	2
歸陰	歸	陰	1
歸仁	歸	仁	1
歸正	歸	正	1
歸諸	歸	諸	1
歸根究柢	歸	根究柢	1
臨時	臨	時	500283
臨床	臨	床	475490
臨近	臨	近	129150
臨江	臨	江	27590
臨床經驗	臨	床經驗	27000
臨時工	臨	時工	25870
臨摹	臨	摹	24305
臨界	臨	界	23440
臨終	臨	終	21640
臨走	臨	走	19015
臨場	臨	場	17475
臨行	臨	行	16350
臨死	臨	死	13805
臨界點	臨	界點	11595
臨陣	臨	陣	8135
臨床實驗	臨	床實驗	7960
臨別	臨	別	7860
臨到	臨	到	7790
臨頭	臨	頭	5225
臨了	臨	了	5060
臨時抱佛腳	臨	時抱佛腳	4575
臨危受命	臨	危受命	4340
臨門	臨	門	3960
臨門一腳	臨	門一腳	3910
臨危	臨	危	3775
臨陣脫逃	臨	陣脫逃	3485
臨危不亂	臨	危不亂	3455
臨盆	臨	盆	3210
臨去	臨	去	2970
臨場感	臨	場感	2585
臨陣磨槍	臨	陣磨槍	2485
臨睡	臨	睡	2410
臨帖	臨	帖	2135
臨溪	臨	溪	2130
臨檢	臨	檢	2035
臨風	臨	風	1195
臨時動議	臨	時動議	1065
臨機應變	臨	機應變	780
臨難	臨	難	775
臨安	臨	安	316
臨渴掘井	臨	渴掘井	300
臨末	臨	末	134
臨危授命	臨	危授命	84
臨淵	臨	淵	14
臨沂	臨	沂	2
臨界線	臨	界線	1
臨時會	臨	時會	1
臨別依依	臨	別依依	1
臨去秋波	臨	去秋波	1
臨深履薄	臨	深履薄	1
臨時條款	臨	時條款	1
臨事以懼	臨	事以懼	1
臨淵履薄	臨	淵履薄	1
陰極	陰	極	19725
陰謀	陰	謀	472552
陰道	陰	道	219450
陰莖	陰	莖	198080
陰影	陰	影	171395
陰陽	陰	陽	161465
陰性	陰	性	49890
陰部	陰	部	39310
陰天	陰	天	32475
陰沉	陰	沉	30215
陰囊	陰	囊	28435
陰涼	陰	涼	25430
陰霾	陰	霾	22985
陰雨	陰	雨	22275
陰森	陰	森	21745
陰唇	陰	唇	18545
陰氣	陰	氣	18015
陰曆	陰	曆	16240
陰險	陰	險	16085
陰毛	陰	毛	14905
陰冷	陰	冷	14320
陰間	陰	間	12035
陰暗	陰	暗	9999
陰鬱	陰	鬱	9170
陰森森	陰	森森	8255
陰乾	陰	乾	6395
陰平	陰	平	6130
陰毒	陰	毒	5945
陰溼	陰	溼	5255
陰濕	陰	濕	5255
陰陽怪氣	陰	陽怪氣	5040
陰宅	陰	宅	5015
陰魂	陰	魂	4860
陰溝	陰	溝	4710
陰核	陰	核	3985
陰錯陽差	陰	錯陽差	3625
陰晴不定	陰	晴不定	3320
陰司	陰	司	3140
陰狠	陰	狠	2800
陰曹地府	陰	曹地府	2505
陰翳	陰	翳	2115
陰盛陽衰	陰	盛陽衰	1990
陰陽家	陰	陽家	1900
陰門	陰	門	1730
陰陽眼	陰	陽眼	1665
陰溝裡翻船	陰	溝裡翻船	1035
陰私	陰	私	990
陰戶	陰	戶	76
陰地	陰	地	55
陰德	陰	德	4
陰文	陰	文	2
陰沈	陰	沈	1
陰沈沈	陰	沈沈	1
五行	五	行	101895
五官	五	官	44830
五花八門	五	花八門	42430
五彩	五	彩	42405
五代	五	代	37730
五色	五	色	32590
五台山	五	台山	32220
五彩繽紛	五	彩繽紛	26800
五顏六色	五	顏六色	26275
五臟	五	臟	24470
五子棋	五	子棋	23000
五指	五	指	21735
五折	五	折	21175
五味	五	味	19970
五湖四海	五	湖四海	18650
五金	五	金	17903
五穀	五	穀	16970
五常	五	常	15805
五四運動	五	四運動	14195
五光十色	五	光十色	12645
五香	五	香	12165
五臟六腑	五	臟六腑	12055
五更	五	更	10820
五指山	五	指山	10340
五里霧	五	里霧	9999
五大洲	五	大洲	9895
五體投地	五	體投地	9120
五福	五	福	7760
五線譜	五	線譜	7540
五音	五	音	6255
五戒	五	戒	5555
五月花	五	月花	4180
五經	五	經	3715
五福臨門	五	福臨門	3585
五音不全	五	音不全	3245
五言詩	五	言詩	2540
五十步笑百步	五	十步笑百步	1185
五倫	五	倫	1111
五月節	五	月節	650
五權憲法	五	權憲法	585
五葷	五	葷	440
五方雜處	五	方雜處	305
五股	五	股	5
五堵	五	堵	1
五峰	五	峰	1
五輕	五	輕	1
五權	五	權	1
五育	五	育	1
五專	五	專	1
五角大廈	五	角大廈	1
五內如焚	五	內如焚	1
五度制調值標記法	五	度制調值標記法	1
建議	建	議	501289
建設	建	設	502611
建立	建	立	501593
建築	建	築	500767
建成	建	成	500267
建材	建	材	390480
建築物	建	築物	315350
建造	建	造	284850
建立起	建	立起	210475
建築業	建	築業	122630
建構	建	構	94675
建築師	建	築師	76380
建設局	建	設局	73875
建軍	建	軍	45780
建廠	建	廠	39455
建安	建	安	37385
建好	建	好	32220
建交	建	交	30290
建黨	建	黨	29915
建設性	建	設性	28475
建樹	建	樹	20650
建檔	建	檔	20085
建立起來	建	立起來	20045
建國	建	國	15855
建功	建	功	11875
建設公司	建	設公司	11435
建築商	建	築商	7745
建都	建	都	6143
建議案	建	議案	4985
建國北路	建	國北路	4005
建制	建	制	3823
建設廳	建	設廳	2780
建蘭	建	蘭	2590
建台	建	台	1515
建造成	建	造成	920
建教合作	建	教合作	335
建坪	建	坪	160
建言	建	言	108
建國大綱	建	國大綱	1
建地	建	地	1
建醮	建	醮	1
建商	建	商	1
建物	建	物	1
建照	建	照	1
建中	建	中	1
建蔽率	建	蔽率	1
建材行	建	材行	1
建立成	建	立成	1
建設成	建	設成	1
建設所	建	設所	1
建國工專	建	國工專	1
建設廳長	建	設廳長	1
得到	得	到	501238
得分	得	分	382440
得知	得	知	300040
得了	得	了	276085
得出	得	出	255675
得很	得	很	248545
得不到	得	不到	171120
得意	得	意	144455
得罪	得	罪	87455
得天獨厚	得	天獨厚	64300
得當	得	當	62515
得來	得	來	58495
得力	得	力	56805
得失	得	失	51180
得體	得	體	47190
得名	得	名	43675
得心應手	得	心應手	42825
得手	得	手	40965
得票	得	票	39205
得獎	得	獎	35170
得不償失	得	不償失	29455
得逞	得	逞	25320
得病	得	病	22650
得道	得	道	20780
得勝	得	勝	20535
得救	得	救	18300
得力助手	得	力助手	12850
得悉	得	悉	11760
得意揚揚	得	意揚揚	11165
得數	得	數	9999
得意忘形	得	意忘形	9735
得過且過	得	過且過	9400
得勢	得	勢	7535
得志	得	志	6755
得寸進尺	得	寸進尺	6155
得慌	得	慌	6060
得票率	得	票率	5430
得寵	得	寵	4655
得以	得	以	3674
得時	得	時	3650
得來不易	得	來不易	2925
得利	得	利	2613
得道成仙	得	道成仙	2115
得便	得	便	1875
得標	得	標	1870
得法	得	法	1156
得獎人	得	獎人	1145
得隴望蜀	得	隴望蜀	760
得魚忘筌	得	魚忘筌	510
得宜	得	宜	9
得標人	得	標人	1
得意洋洋	得	意洋洋	1
急行	急	行	888
急性	急	性	187720
急需	急	需	160000
急忙	急	忙	138075
急救	急	救	96945
急於	急	於	91710
急劇	急	劇	80800
急速	急	速	75515
急事	急	事	66780
急切	急	切	51125
急促	急	促	41100
急診	急	診	39535
急功近利	急	功近利	36585
急待	急	待	32404
急躁	急	躁	27870
急匆匆	急	匆匆	18520
急於求成	急	於求成	16225
急迫	急	迫	15100
急用	急	用	14495
急轉	急	轉	14285
急流	急	流	12655
急症	急	症	10375
急務	急	務	9999
急診室	急	診室	9065
急病	急	病	7080
急轉直下	急	轉直下	6545
急中生智	急	中生智	6400
急轉彎	急	轉彎	6020
急先鋒	急	先鋒	5635
急驟	急	驟	5275
急性子	急	性子	5265
急壞	急	壞	5125
急奔	急	奔	4340
急件	急	件	3430
急遽	急	遽	3055
急電	急	電	3020
急行軍	急	行軍	2970
急流勇退	急	流勇退	1900
急起直追	急	起直追	1765
急變	急	變	1425
急就章	急	就章	1155
急湍	急	湍	900
急公好義	急	公好義	860
急進	急	進	569
急如星火	急	如星火	470
急難	急	難	59
急煞	急	煞	2
急驚風	急	驚風	1
急智	急	智	1
急駛	急	駛	1
急水溪	急	水溪	1
急診處	急	診處	1
惡意	惡	意	236510
惡心	惡	心	153960
惡魔	惡	魔	126935
惡劣	惡	劣	117180
惡化	惡	化	106870
惡感	惡	感	99999
惡性	惡	性	67420
惡性循環	惡	性循環	35810
惡人	惡	人	29735
惡夢	惡	夢	28770
惡作劇	惡	作劇	28020
惡毒	惡	毒	26735
惡狠狠	惡	狠狠	26630
惡習	惡	習	21055
惡臭	惡	臭	19300
惡果	惡	果	19170
惡行	惡	行	14345
惡鬼	惡	鬼	14250
惡霸	惡	霸	11695
惡名	惡	名	9710
惡棍	惡	棍	9330
惡戰	惡	戰	9330
惡勢力	惡	勢力	8960
惡俗	惡	俗	8695
惡鬥	惡	鬥	6350
惡補	惡	補	5890
惡言	惡	言	3910
惡報	惡	報	3725
惡徒	惡	徒	3665
惡法	惡	法	3333
惡少	惡	少	3130
惡疾	惡	疾	3055
惡有惡報	惡	有惡報	3005
惡風	惡	風	2860
惡語	惡	語	2855
惡貫滿盈	惡	貫滿盈	2325
惡犬	惡	犬	1915
惡瘡	惡	瘡	1630
惡名昭彰	惡	名昭彰	1195
惡漢	惡	漢	1005
惡言惡語	惡	言惡語	605
惡癖	惡	癖	315
惡耗	惡	耗	1
惡極	惡	極	1
惡客	惡	客	1
惡例	惡	例	1
惡訊	惡	訊	1
惡因	惡	因	1
惡運	惡	運	1
惡兆	惡	兆	1
惡終	惡	終	1
惡性補習	惡	性補習	1
短期	短	期	260140
短暫	短	暫	177315
短缺	短	缺	116690
短線	短	線	114470
短片	短	片	73275
短路	短	路	66415
短語	短	語	63050
短文	短	文	61495
短時間	短	時間	38075
短褲	短	褲	36225
短髮	短	髮	32055
短篇	短	篇	28555
短裙	短	裙	27825
短期投資	短	期投資	26440
短小	短	小	22625
短篇小說	短	篇小說	22265
短處	短	處	18190
短命	短	命	16145
短促	短	促	15880
短袖	短	袖	14815
短波	短	波	14200
短視	短	視	12460
短距離	短	距離	11810
短句	短	句	10440
短訊	短	訊	9999
短劇	短	劇	9765
短刀	短	刀	8825
短程	短	程	8520
短跑	短	跑	8195
短小精悍	短	小精悍	7520
短兵相接	短	兵相接	6675
短少	短	少	6195
短工	短	工	4900
短腿	短	腿	4785
短評	短	評	4755
短長	短	長	4730
短詩	短	詩	3575
短打	短	打	3395
短裝	短	裝	2680
短時期	短	時期	2545
短襪	短	襪	2545
短淺	短	淺	2450
短見	短	見	1450
短大衣	短	大衣	1410
短音	短	音	1170
短簡	短	簡	285
短絀	短	絀	1
短腳	短	腳	1
短漏	短	漏	1
短氣	短	氣	1
短命鬼	短	命鬼	1
短視近利	短	視近利	1
舊址	舊	址	43845
舊金山	舊	金山	38050
舊時	舊	時	26725
舊日	舊	日	14595
舊事	舊	事	12735
舊式	舊	式	12620
舊書	舊	書	12210
舊居	舊	居	11435
舊情	舊	情	9110
舊約	舊	約	8745
舊人	舊	人	8185
舊制	舊	制	5285
舊部	舊	部	5055
舊稱	舊	稱	4955
舊石器時代	舊	石器時代	4885
舊作	舊	作	4805
舊法	舊	法	3900
舊聞	舊	聞	3770
舊年	舊	年	3370
舊地	舊	地	3365
舊曆	舊	曆	3265
舊衣	舊	衣	3250
舊俗	舊	俗	2920
舊業	舊	業	2455
舊債	舊	債	2070
舊貨	舊	貨	2049
舊思想	舊	思想	2010
舊習	舊	習	1999
舊都	舊	都	1900
舊地重遊	舊	地重遊	1605
舊歲	舊	歲	1425
舊交	舊	交	1300
舊案	舊	案	1005
舊好	舊	好	880
舊書攤	舊	書攤	730
舊屬	舊	屬	725
舊觀	舊	觀	631
舊情綿綿	舊	情綿綿	455
舊曆年	舊	曆年	425
舊疾復發	舊	疾復發	395
舊雨新知	舊	雨新知	305
舊調重彈	舊	調重彈	41
舊大陸	舊	大陸	1
舊道德	舊	道德	1
舊衣服	舊	衣服	1
舊金山市	舊	金山市	1
舊金山灣	舊	金山灣	1
舊教	舊	教	1
舊創	舊	創	1
舊市	舊	市	1
舊型	舊	型	1
舊帳	舊	帳	1
華航	華	航	3470
華夏	華	夏	204920
華僑	華	僑	97255
華盛頓	華	盛頓	81335
華人	華	人	219430
華麗	華	麗	200710
華北	華	北	110800
華南	華	南	109935
華山	華	山	82770
華語	華	語	62130
華中	華	中	60765
華西	華	西	53110
華爾街	華	爾街	37520
華裔	華	裔	33120
華貴	華	貴	29595
華工	華	工	14290
華髮	華	髮	13340
華東	華	東	12346
華而不實	華	而不實	12165
華嚴經	華	嚴經	11645
華蓋	華	蓋	10830
華爾茲	華	爾茲	9080
華誕	華	誕	8735
華燈初上	華	燈初上	6820
華燈	華	燈	5725
華文	華	文	3834
華埠	華	埠	2735
華沙公約	華	沙公約	1350
華府	華	府	963
華格納	華	格納	665
華屋	華	屋	14
華美	華	美	2
華沙	華	沙	1
華德	華	德	1
華殿	華	殿	1
華岡	華	岡	1
華崗	華	崗	1
華陵	華	陵	1
華榮	華	榮	1
華廈	華	廈	1
華聲	華	聲	1
華氏	華	氏	1
華視	華	視	1
華新	華	新	1
華興	華	興	1
華陰	華	陰	1
華爾滋	華	爾滋	1
華麗的	華	麗的	1
華佗再世	華	佗再世	1
華陀在世	華	陀在世	1
華夏工專	華	夏工專	1
華語學校	華	語學校	1
遠程	遠	程	325320
遠離	遠	離	242415
遠處	遠	處	142255
遠方	遠	方	99695
遠大	遠	大	61550
遠去	遠	去	60380
遠近	遠	近	54760
遠遠的	遠	遠的	48730
遠景	遠	景	48375
遠古	遠	古	44560
遠眺	遠	眺	39910
遠洋	遠	洋	33080
遠征	遠	征	30785
遠行	遠	行	28890
遠山	遠	山	28325
遠見	遠	見	26060
遠望	遠	望	22965
遠不如	遠	不如	18670
遠航	遠	航	16465
遠赴	遠	赴	15945
遠射	遠	射	15450
遠足	遠	足	12635
遠超過	遠	超過	10505
遠走	遠	走	10260
遠視	遠	視	10215
遠志	遠	志	10110
遠地	遠	地	8310
遠道	遠	道	7580
遠遊	遠	遊	7480
遠古時代	遠	古時代	7390
遠東	遠	東	6581
遠播	遠	播	6505
遠走高飛	遠	走高飛	6460
遠勝	遠	勝	5970
遠達	遠	達	5840
遠門	遠	門	5295
遠隔	遠	隔	5075
遠路	遠	路	4980
遠房	遠	房	4245
遠到	遠	到	3830
遠親	遠	親	3055
遠渡重洋	遠	渡重洋	2890
遠祖	遠	祖	2635
遠慮	遠	慮	2025
遠近馳名	遠	近馳名	1695
遠東區	遠	東區	385
遠因	遠	因	3
遠矚	遠	矚	1
遠端會議	遠	端會議	1
遠近知名	遠	近知名	1
遠期外匯	遠	期外匯	1
遠遠落後	遠	遠落後	1
先生	先	生	501152
先天	先	天	102105
先後	先	後	500379
先進	先	進	500365
先鋒	先	鋒	220185
先行	先	行	140685
先前	先	前	134520
先機	先	機	45485
先知	先	知	42345
先天性	先	天性	42270
先期	先	期	38760
先驅	先	驅	37570
先河	先	河	34030
先導	先	導	32335
先發	先	發	30740
先例	先	例	30220
先人	先	人	26590
先民	先	民	25675
先決條件	先	決條件	24115
先祖	先	祖	17945
先輩	先	輩	17885
先烈	先	烈	17390
先兆	先	兆	16790
先王	先	王	15850
先天不足	先	天不足	13620
先發制人	先	發制人	13570
先入為主	先	入為主	13415
先賢	先	賢	12815
先睹為快	先	睹為快	11820
先師	先	師	8775
先哲	先	哲	7875
先令	先	令	7530
先聲奪人	先	聲奪人	6265
先見	先	見	6255
先下手為強	先	下手為強	6250
先聲	先	聲	6160
先見之明	先	見之明	5735
先達	先	達	5555
先知先覺	先	知先覺	5180
先決	先	決	4115
先頭	先	頭	3165
先覺	先	覺	2980
先斬後奏	先	斬後奏	2920
先考	先	考	2815
先父	先	父	1315
先禮後兵	先	禮後兵	1200
先遣部隊	先	遣部隊	1060
先夫	先	夫	815
先妣	先	妣	495
先小人，後君子	先	小人，後君子	1
先府君	先	府君	1
方面	方	面	501743
方便	方	便	500621
方向	方	向	500764
方式	方	式	502607
方法	方	法	502196
方案	方	案	500755
方針	方	針	367650
方正	方	正	99910
方言	方	言	96995
方向盤	方	向盤	94675
方才	方	才	79210
方圓	方	圓	71780
方形	方	形	61530
方法論	方	法論	60675
方程	方	程	58850
方略	方	略	53500
方塊	方	塊	44215
方丈	方	丈	34950
方舟	方	舟	32245
方程式	方	程式	24065
方陣	方	陣	23750
方興未艾	方	興未艾	19060
方子	方	子	17140
方寸	方	寸	14430
方向舵	方	向舵	9999
方尺	方	尺	9915
方位	方	位	9387
方士	方	士	8395
方桌	方	桌	6370
方始	方	始	5470
方便之門	方	便之門	4695
方位角	方	位角	3865
方外	方	外	3775
方頭	方	頭	3315
方寸之間	方	寸之間	2710
方塊字	方	塊字	2380
方格	方	格	2135
方盒	方	盒	1520
方根	方	根	1485
方且	方	且	1260
方向燈	方	向燈	1125
方巾	方	巾	651
方字	方	字	550
方竹	方	竹	234
方今	方	今	2
方家	方	家	1
方型	方	型	1
方域	方	域	1
方整	方	整	1
方志	方	志	1
方城之戰	方	城之戰	1
絕對	絕	對	500437
絕望	絕	望	152275
絕緣	絕	緣	106060
絕無	絕	無	64485
絕非	絕	非	57250
絕招	絕	招	47990
絕技	絕	技	46675
絕世	絕	世	41925
絕佳	絕	佳	36655
絕妙	絕	妙	33715
絕倫	絕	倫	33560
絕色	絕	色	29970
絕對值	絕	對值	22820
絕頂	絕	頂	21220
絕活	絕	活	18465
絕壁	絕	壁	17520
絕跡	絕	跡	17235
絕境	絕	境	17210
絕版	絕	版	17190
絕學	絕	學	16620
絕情	絕	情	16145
絕地	絕	地	13470
絕症	絕	症	12865
絕不	絕	不	11800
絕句	絕	句	11470
絕熱	絕	熱	11180
絕路	絕	路	11085
絕代	絕	代	10710
絕食	絕	食	9840
絕唱	絕	唱	9040
絕無僅有	絕	無僅有	8225
絕配	絕	配	8060
絕緣體	絕	緣體	7265
絕命	絕	命	6820
絕種	絕	種	6645
絕交	絕	交	4605
絕後	絕	後	4250
絕滅	絕	滅	4150
絕品	絕	品	4015
絕處逢生	絕	處逢生	3855
絕藝	絕	藝	3160
絕筆	絕	筆	3065
絕響	絕	響	3055
絕對多數	絕	對多數	2385
絕頂聰明	絕	頂聰明	2070
絕口	絕	口	1170
絕域	絕	域	940
絕子絕孫	絕	子絕孫	505
絕才	絕	才	1
絕緣物	絕	緣物	1
絕妙好辭	絕	妙好辭	1
酒店	酒	店	500818
酒精	酒	精	156790
酒樓	酒	樓	91595
酒類	酒	類	70655
酒杯	酒	杯	65015
酒瓶	酒	瓶	40635
酒會	酒	會	33430
酒泉	酒	泉	25135
酒量	酒	量	21835
酒席	酒	席	21465
酒館	酒	館	21170
酒醉	酒	醉	20255
酒鬼	酒	鬼	18335
酒窩	酒	窩	12500
酒菜	酒	菜	12410
酒宴	酒	宴	8945
酒保	酒	保	8100
酒色	酒	色	7505
酒足飯飽	酒	足飯飽	7115
酒瘋	酒	瘋	6970
酒糟	酒	糟	6510
酒櫃	酒	櫃	6135
酒精燈	酒	精燈	6055
酒力	酒	力	5825
酒精中毒	酒	精中毒	5700
酒意	酒	意	5615
酒器	酒	器	5410
酒錢	酒	錢	5060
酒肆	酒	肆	5005
酒仙	酒	仙	4615
酒家	酒	家	4430
酒桶	酒	桶	4220
酒坊	酒	坊	3850
酒過三巡	酒	過三巡	3550
酒吧	酒	吧	3405
酒興	酒	興	2965
酒令	酒	令	2900
酒徒	酒	徒	2550
酒友	酒	友	2400
酒癮	酒	癮	1885
酒肉朋友	酒	肉朋友	1710
酒酣耳熱	酒	酣耳熱	1500
酒旗	酒	旗	1313
酒囊飯袋	酒	囊飯袋	1000
酒話	酒	話	885
酒母	酒	母	1
酒女	酒	女	1
酒舖	酒	舖	1
酒渦	酒	渦	1
酒家女	酒	家女	1
酒後失態	酒	後失態	1
乾淨	乾	淨	345755
乾酪	乾	酪	9415
乾燥	乾	燥	341635
乾脆	乾	脆	177600
乾隆	乾	隆	102625
乾旱	乾	旱	81115
乾坤	乾	坤	65100
乾乾淨淨	乾	乾淨淨	34740
乾洗	乾	洗	26105
乾枯	乾	枯	25810
乾涸	乾	涸	25805
乾糧	乾	糧	23000
乾粉	乾	粉	17490
乾果	乾	果	16200
乾杯	乾	杯	15070
乾爽	乾	爽	14540
乾草	乾	草	11780
乾電池	乾	電池	10265
乾親家	乾	親家	9999
乾笑	乾	笑	9800
乾癟	乾	癟	8985
乾爹	乾	爹	8840
乾燥劑	乾	燥劑	8330
乾媽	乾	媽	7725
乾渴	乾	渴	7550
乾冰	乾	冰	7545
乾等	乾	等	6340
乾女兒	乾	女兒	4180
乾菜	乾	菜	3670
乾兒子	乾	兒子	3655
乾嘔	乾	嘔	3000
乾冷	乾	冷	2955
乾瞪眼	乾	瞪眼	2545
乾飯	乾	飯	2535
乾柴烈火	乾	柴烈火	2445
乾衣機	乾	衣機	2280
乾股	乾	股	2020
乾餾	乾	餾	1705
乾季	乾	季	1340
乾咳	乾	咳	1043
乾麵	乾	麵	999
乾嚎	乾	嚎	810
乾草堆	乾	草堆	525
乾燥花	乾	燥花	445
乾薪	乾	薪	255
乾燥機	乾	燥機	2
乾著急	乾	著急	1
乾材	乾	材	1
乾耗	乾	耗	1
乾淨俐落	乾	淨俐落	1
以下	以	下	50204
以為	以	為	500270
以前	以	前	500747
以是	以	是	1
以降	以	降	8835
以及	以	及	503319
以上	以	上	503078
以後	以	後	501238
以來	以	來	500724
以便	以	便	500290
以內	以	內	455825
以往	以	往	412625
以免	以	免	394340
以此	以	此	267290
以致	以	致	232245
以色列	以	色列	151715
以至	以	至	132245
以至於	以	至於	116450
以防	以	防	116035
以南	以	南	55965
以外	以	外	45318
以東	以	東	42775
以西	以	西	39210
以身作則	以	身作則	36435
以太	以	太	35375
以此類推	以	此類推	19440
以資	以	資	10335
以次	以	次	8450
以偏概全	以	偏概全	7155
以北	以	北	5641
以貌取人	以	貌取人	5450
以身相許	以	身相許	5170
以毒攻毒	以	毒攻毒	4475
以柔克剛	以	柔克剛	4335
以逸待勞	以	逸待勞	4320
以訛傳訛	以	訛傳訛	4245
以身試法	以	身試法	4145
以德服人	以	德服人	3310
以禮相待	以	禮相待	2715
以德報怨	以	德報怨	2550
以卵擊石	以	卵擊石	2150
以儆效尤	以	儆效尤	1594
以牙還牙	以	牙還牙	1251
以德報德	以	德報德	595
以寡擊眾	以	寡擊眾	315
以直報怨	以	直報怨	186
以管窺天	以	管窺天	135
以蠡測海	以	蠡測海	1
以小人之心，度君子之腹	以	小人之心，度君子之腹	1
以一警百	以	一警百	1
信用卡	信	用卡	230745
信託	信	託	154390
信用	信	用	405775
信任	信	任	419005
信號	信	號	500312
信心	信	心	480305
信息	信	息	504449
信譽	信	譽	377735
信仰	信	仰	242635
信念	信	念	222655
信賴	信	賴	155890
信件	信	件	124515
信封	信	封	85495
信徒	信	徒	55050
信奉	信	奉	52890
信箱	信	箱	32882
信得過	信	得過	26375
信服	信	服	25120
信條	信	條	24610
信鴿	信	鴿	22096
信號燈	信	號燈	20455
信使	信	使	18810
信紙	信	紙	18770
信守	信	守	17785
信義	信	義	17600
信誓旦旦	信	誓旦旦	16390
信物	信	物	14340
信以為真	信	以為真	10705
信手	信	手	10230
信用額度	信	用額度	9400
信箋	信	箋	8995
信手拈來	信	手拈來	8670
信口開河	信	口開河	6900
信函	信	函	5520
信號彈	信	號彈	3200
信從	信	從	2875
信口雌黃	信	口雌黃	2740
信札	信	札	2570
信差	信	差	1505
信步	信	步	1200
信女	信	女	1075
信史	信	史	999
信文	信	文	905
信號台	信	號台	645
信步而行	信	步而行	415
信託局	信	託局	250
信陽	信	陽	40
信實	信	實	1
信任案	信	任案	1
信用狀	信	用狀	1
從此	從	此	469670
從業	從	業	141075
從容不迫	從	容不迫	13985
從今以後	從	今以後	12810
從早到晚	從	早到晚	8995
從事	從	事	501017
從而	從	而	500798
從中	從	中	325140
從業人員	從	業人員	268355
從小	從	小	209965
從未	從	未	200850
從前	從	前	184940
從不	從	不	176865
從來	從	來	135260
從容	從	容	107625
從嚴	從	嚴	48510
從頭	從	頭	42075
從頭到尾	從	頭到尾	29295
從優	從	優	27370
從政	從	政	23220
從天而降	從	天而降	22620
從商	從	商	19715
從軍	從	軍	18415
從屬	從	屬	17090
從速	從	速	16515
從犯	從	犯	14410
從簡	從	簡	11850
從命	從	命	7470
從旁	從	旁	7325
從頭至尾	從	頭至尾	7030
從母	從	母	6165
從父	從	父	5655
從寬	從	寬	5520
從良	從	良	5515
從一而終	從	一而終	5000
從影	從	影	4480
從長計議	從	長計議	4060
從略	從	略	3030
從中作梗	從	中作梗	2420
從善如流	從	善如流	2300
從業員	從	業員	2170
從實招來	從	實招來	1520
從輕發落	從	輕發落	1105
從俗	從	俗	1035
從容就義	從	容就義	745
從公	從	公	705
從緩	從	緩	570
從兄弟	從	兄弟	565
從中斡旋	從	中斡旋	500
從缺	從	缺	1
活動	活	動	502834
活力	活	力	408775
活躍	活	躍	395720
活潑	活	潑	118905
活塞	活	塞	66210
活動中心	活	動中心	49195
活化	活	化	43895
活下去	活	下去	37625
活性炭	活	性炭	33965
活佛	活	佛	31210
活活	活	活	28410
活人	活	人	25825
活該	活	該	22160
活性	活	性	18968
活體	活	體	16155
活動性	活	動性	15095
活期	活	期	14175
活水	活	水	14175
活用	活	用	14065
活命	活	命	13440
活像	活	像	12165
活絡	活	絡	11975
活期存款	活	期存款	11300
活生生	活	生生	10265
活蹦亂跳	活	蹦亂跳	8495
活寶	活	寶	7670
活頁	活	頁	7485
活埋	活	埋	6990
活路	活	路	6955
活不下去	活	不下去	6260
活不了	活	不了	5370
活口	活	口	5335
活動力	活	動力	5070
活性劑	活	性劑	4735
活泉	活	泉	3405
活門	活	門	2770
活火山	活	火山	2435
活頁夾	活	頁夾	2135
活見鬼	活	見鬼	1780
活受罪	活	受罪	1695
活龍活現	活	龍活現	620
活到老學到老	活	到老學到老	369
活頁紙	活	頁紙	190
活神活現	活	神活現	1
活儲	活	儲	1
活存	活	存	1
活會	活	會	1
活樹	活	樹	1
活性碳	活	性碳	1
活血化瘀	活	血化瘀	1
玉山	玉	山	2
玉籃	玉	籃	888
玉米	玉	米	401395
玉器	玉	器	73545
玉石	玉	石	67510
玉女	玉	女	24745
玉環	玉	環	22625
玉佩	玉	佩	17785
玉門	玉	門	17135
玉手	玉	手	11080
玉皇大帝	玉	皇大帝	10740
玉帝	玉	帝	10515
玉兔	玉	兔	9750
玉峰	玉	峰	9585
玉樹臨風	玉	樹臨風	9555
玉皇	玉	皇	8705
玉璽	玉	璽	7630
玉簪	玉	簪	7305
玉面	玉	面	7050
玉佛	玉	佛	6275
玉鐲	玉	鐲	6020
玉體	玉	體	5855
玉門關	玉	門關	4995
玉照	玉	照	4920
玉盤	玉	盤	4680
玉質	玉	質	4215
玉碎	玉	碎	3570
玉瓶	玉	瓶	3225
玉蘭花	玉	蘭花	2970
玉石俱焚	玉	石俱焚	2820
玉米田	玉	米田	2050
玉樹	玉	樹	1873
玉蘭	玉	蘭	1790
玉衡	玉	衡	1745
玉池	玉	池	1575
玉音	玉	音	1085
玉蜀黍	玉	蜀黍	1045
玉人	玉	人	969
玉潔冰清	玉	潔冰清	960
玉釵	玉	釵	919
玉米花	玉	米花	815
玉液瓊漿	玉	液瓊漿	765
玉鐲子	玉	鐲子	360
玉成	玉	成	2
玉階	玉	階	1
玉井	玉	井	1
玉里	玉	里	1
玉珮	玉	珮	1
玉展	玉	展	1
玉不琢，不成器	玉	不琢，不成器	1
留言	留	言	500772
留下	留	下	500382
留學	留	學	279185
留意	留	意	161030
留學生	留	學生	136740
留給	留	給	131605
留言板	留	言板	111475
留住	留	住	84785
留有	留	有	69460
留存	留	存	56995
留戀	留	戀	56745
留下來	留	下來	52345
留心	留	心	45410
留守	留	守	39000
留言簿	留	言簿	30035
留念	留	念	23255
留影	留	影	18495
留置	留	置	16080
留不住	留	不住	15820
留用	留	用	13345
留待	留	待	12315
留神	留	神	11605
留作	留	作	11475
留宿	留	宿	11410
留情	留	情	10140
留名	留	名	9665
留意到	留	意到	8485
留白	留	白	8340
留級	留	級	7185
留職	留	職	7150
留任	留	任	6525
留校察看	留	校察看	6160
留洋	留	洋	6000
留聲機	留	聲機	5110
留駐	留	駐	4425
留步	留	步	4205
留取	留	取	3765
留一手	留	一手	1735
留起	留	起	1495
留職停薪	留	職停薪	1440
留滯	留	滯	1380
留後路	留	後路	1230
留話	留	話	1035
留難	留	難	165
留頭髮	留	頭髮	1
留退步	留	退步	1
留連	留	連	1
留言冊	留	言冊	1
留芳百世	留	芳百世	1
留連忘返	留	連忘返	1
細胞	細	胞	500270
細菌	細	菌	223645
細節	細	節	500267
細問	細	問	888
細緻	細	緻	258405
細膩	細	膩	206945
細分	細	分	156805
細則	細	則	125060
細心	細	心	111795
細微	細	微	80005
細小	細	小	79895
細雨	細	雨	43670
細長	細	長	34310
細看	細	看	33545
細嫩	細	嫩	32140
細密	細	密	25055
細紋	細	紋	23340
細胞膜	細	胞膜	16890
細碎	細	碎	15760
細想	細	想	15730
細說	細	說	14365
細線	細	線	10860
細語	細	語	9915
細沙	細	沙	9650
細水長流	細	水長流	8280
細目	細	目	8195
細軟	細	軟	8155
細枝末節	細	枝末節	6030
細流	細	流	5345
細毛	細	毛	5135
細菌戰	細	菌戰	4340
細聲	細	聲	4280
細究	細	究	3950
細縫	細	縫	3120
細作	細	作	3040
細述	細	述	2940
細查	細	查	2570
細察	細	察	2490
細柔	細	柔	2095
細活	細	活	2090
細巧	細	巧	1770
細枝	細	枝	1670
細部	細	部	1610
細瓷	細	瓷	1190
細微末節	細	微末節	860
細故	細	故	650
細事	細	事	1
細姨	細	姨	1
細字	細	字	1
細嚼慢嚥	細	嚼慢嚥	1
觀察	觀	察	500431
觀念	觀	念	500413
觀眾	觀	眾	500378
觀看	觀	看	500276
觀點	觀	點	500620
觀光	觀	光	133840
觀測	觀	測	113065
觀音	觀	音	93785
觀賞	觀	賞	186600
觀摩	觀	摩	87490
觀察到	觀	察到	33685
觀賞魚	觀	賞魚	20610
觀察力	觀	察力	18260
觀音菩薩	觀	音菩薩	16785
觀感	觀	感	16300
觀察員	觀	察員	15850
觀海	觀	海	13850
觀察者	觀	察者	13715
觀戰	觀	戰	13670
觀世音	觀	世音	12090
觀察家	觀	察家	11100
觀日	觀	日	9555
觀望	觀	望	9496
觀光客	觀	光客	8045
觀測站	觀	測站	5550
觀禮	觀	禮	5255
觀音山	觀	音山	3905
觀象	觀	象	2925
觀光區	觀	光區	2785
觀色	觀	色	2680
觀止	觀	止	2265
觀光局	觀	光局	1680
觀光團	觀	光團	1655
觀察入微	觀	察入微	975
觀台	觀	台	960
觀光業	觀	光業	750
觀測員	觀	測員	725
觀察出來	觀	察出來	625
觀火	觀	火	430
觀瞻	觀	瞻	415
觀光事業	觀	光事業	285
觀者如堵	觀	者如堵	240
觀照	觀	照	1
觀護	觀	護	1
觀光季	觀	光季	1
觀光科	觀	光科	1
觀護人	觀	護人	1
觀光旅館	觀	光旅館	1
觀光勝地	觀	光勝地	1
觀音大士	觀	音大士	1
超級	超	級	500398
超過	超	過	500954
超音波	超	音波	1
超市	超	市	500266
超大	超	大	888
超越	超	越	343940
超出	超	出	218645
超值	超	值	106935
超人	超	人	90190
超載	超	載	50520
超時	超	時	48970
超額	超	額	35855
超速	超	速	34970
超凡	超	凡	30855
超車	超	車	28705
超群	超	群	26675
超脫	超	脫	25830
超乎	超	乎	25380
超導	超	導	24635
超然	超	然	22620
超大型	超	大型	22250
超級市場	超	級市場	20505
超音速	超	音速	20120
超文本	超	文本	15900
超度	超	度	12985
超生	超	生	12825
超支	超	支	12285
超自然	超	自然	11290
超卓	超	卓	6000
超現實	超	現實	5390
超新星	超	新星	5360
超等	超	等	4580
超齡	超	齡	4505
超收	超	收	4110
超導體	超	導體	3505
超短波	超	短波	3245
超媒體	超	媒體	2740
超凡入聖	超	凡入聖	2580
超然物外	超	然物外	1970
超拔	超	拔	1765
超強	超	強	1189
超人一等	超	人一等	805
超逸	超	逸	2
超次	超	次	1
超貸	超	貸	1
超渡	超	渡	1
超額貸款	超	額貸款	1
超群絕倫	超	群絕倫	1
超文本傳輸協定	超	文本傳輸協定	1
超文本描述語言	超	文本描述語言	1
點心	點	心	345920
點亮	點	亮	888
點點	點	點	888
點數	點	數	226885
點券	點	券	494080
點頭	點	頭	185735
點播	點	播	123880
點點頭	點	點頭	121580
點上	點	上	107820
點燃	點	燃	100245
點綴	點	綴	97100
點兒	點	兒	86405
點火	點	火	62835
點滴	點	滴	61605
點起	點	起	53910
點子	點	子	52460
點歌	點	歌	49160
點鐘	點	鐘	45750
點名	點	名	35520
點出	點	出	33420
點菜	點	菜	31410
點將	點	將	15470
點穴	點	穴	13970
點燈	點	燈	12455
點明	點	明	10330
點清	點	清	9999
點睛	點	睛	9915
點化	點	化	7765
點破	點	破	7390
點石成金	點	石成金	7390
點到為止	點	到為止	6235
點檢	點	檢	4665
點醒	點	醒	4335
點字	點	字	3310
點收	點	收	2385
點唱	點	唱	2245
點頭之交	點	頭之交	745
點穿	點	穿	555
點名簿	點	名簿	155
點鐵成金	點	鐵成金	135
點交	點	交	119
點算	點	算	1
點閱	點	閱	1
點召	點	召	1
點主	點	主	1
點著	點	著	1
點滴器	點	滴器	1
點將錄	點	將錄	1
點召令	點	召令	1
點土成金	點	土成金	1
病人	病	人	500366
病歷	病	歷	51070
病毒	病	毒	500433
病情	病	情	226530
病變	病	變	145490
病例	病	例	144635
病因	病	因	100200
病房	病	房	98175
病理	病	理	86970
病症	病	症	70425
病蟲害	病	蟲害	68530
病菌	病	菌	51570
病原體	病	原體	35060
病態	病	態	33040
病床	病	床	31165
病痛	病	痛	30905
病死	病	死	27815
病原	病	原	26610
病逝	病	逝	21965
病理學	病	理學	21405
病魔	病	魔	19830
病危	病	危	19215
病患	病	患	19030
病重	病	重	18385
病故	病	故	17240
病假	病	假	11990
病原菌	病	原菌	11575
病害	病	害	9999
病源	病	源	9115
病根	病	根	8955
病倒	病	倒	8375
病癒	病	癒	8145
病兒	病	兒	6505
病榻	病	榻	5795
病院	病	院	5515
病狀	病	狀	5140
病體	病	體	4945
病入膏肓	病	入膏肓	4755
病從口入	病	從口入	4730
病況	病	況	4710
病號	病	號	4590
病容	病	容	2640
病徵	病	徵	1275
病理學家	病	理學家	1255
病蟲	病	蟲	111
病夫	病	夫	4
病媒	病	媒	2
病名	病	名	1
病歷表	病	歷表	1
破裂	破	裂	111260
破掉	破	掉	888
破壞	破	壞	500340
破解	破	解	348135
破產	破	產	160905
破案	破	案	131289
破碎	破	碎	96805
破損	破	損	78165
破舊	破	舊	41205
破除	破	除	36090
破滅	破	滅	33775
破綻	破	綻	31475
破壞性	破	壞性	30905
破爛	破	爛	25785
破獲	破	獲	21070
破格	破	格	19295
破口大罵	破	口大罵	16540
破壞力	破	壞力	15680
破例	破	例	15055
破敗	破	敗	14485
破財	破	財	11285
破天荒	破	天荒	9435
破釜沉舟	破	釜沉舟	8295
破傷風	破	傷風	7780
破廟	破	廟	7310
破洞	破	洞	6885
破曉	破	曉	6755
破費	破	費	6360
破口	破	口	5610
破落	破	落	5465
破題	破	題	5240
破布	破	布	5030
破涕為笑	破	涕為笑	4730
破戒	破	戒	4490
破土	破	土	4205
破門而入	破	門而入	4065
破浪	破	浪	3920
破陣	破	陣	3810
破鏡重圓	破	鏡重圓	3345
破折號	破	折號	2925
破相	破	相	2920
破紀錄	破	紀錄	2505
破銅爛鐵	破	銅爛鐵	1520
破落戶	破	落戶	940
破膽	破	膽	895
破音字	破	音字	10
破嗓子	破	嗓子	1
破水	破	水	1
破繭而出	破	繭而出	1
補充	補	充	500385
補貼	補	貼	374395
補償	補	償	332185
補助	補	助	216385
補丁	補	丁	175140
補給	補	給	99999
補助費	補	助費	52445
補正	補	正	46935
補救	補	救	42190
補發	補	發	39870
補上	補	上	37885
補課	補	課	37525
補考	補	考	37290
補足	補	足	36685
補助金	補	助金	27895
補習	補	習	24290
補報	補	報	20730
補品	補	品	18345
補貨	補	貨	16715
補習班	補	習班	12250
補漏	補	漏	10200
補藥	補	藥	9465
補缺	補	缺	8160
補稅	補	稅	7195
補遺	補	遺	5060
補票	補	票	4920
補胎	補	胎	4535
補綴	補	綴	4444
補血	補	血	3630
補習學校	補	習學校	2725
補注	補	注	2640
補給品	補	給品	2420
補白	補	白	2060
補助款	補	助款	1950
補給線	補	給線	1915
補給站	補	給站	1900
補修	補	修	1681
補短	補	短	1465
補假	補	假	1110
補洞	補	洞	590
補空	補	空	13
補空位	補	空位	1
補葺	補	葺	1
補述	補	述	1
補校	補	校	1
補拙	補	拙	1
補充兵	補	充兵	1
補血針	補	血針	1
補習教育	補	習教育	1
見到	見	到	500270
見面	見	面	267135
見解	見	解	133235
見習	見	習	113180
見證	見	證	97795
見識	見	識	75615
見效	見	效	75580
見得	見	得	41910
見諒	見	諒	38195
見聞	見	聞	31805
見長	見	長	31190
見義勇為	見	義勇為	27865
見鬼	見	鬼	20380
見地	見	地	18970
見方	見	方	16855
見報	見	報	15845
見利忘義	見	利忘義	11970
見怪	見	怪	11335
見多識廣	見	多識廣	11260
見怪不怪	見	怪不怪	11145
見仁見智	見	仁見智	9550
見笑	見	笑	8720
見面禮	見	面禮	7735
見外	見	外	7345
見死不救	見	死不救	6965
見慣	見	慣	6585
見異思遷	見	異思遷	5660
見分曉	見	分曉	5260
見客	見	客	5000
見好就收	見	好就收	4925
見不得人	見	不得人	4295
見機	見	機	3630
見機行事	見	機行事	3275
見錢眼開	見	錢眼開	2625
見賢思齊	見	賢思齊	2565
見過世面	見	過世面	2560
見告	見	告	1220
見天日	見	天日	1180
見棄	見	棄	605
見背	見	背	550
見高低	見	高低	320
見報率	見	報率	275
見獵心喜	見	獵心喜	158
見風轉舵	見	風轉舵	32
見稱	見	稱	4
見不著	見	不著	1
見愛	見	愛	1
見覆	見	覆	1
見真章	見	真章	1
遺址	遺	址	118845
遺產	遺	產	503460
遺憾	遺	憾	223940
遺傳	遺	傳	143645
遺忘	遺	忘	105415
遺失	遺	失	88610
遺漏	遺	漏	82140
遺跡	遺	跡	76465
遺留	遺	留	48555
遺囑	遺	囑	48280
遺體	遺	體	46415
遺棄	遺	棄	41390
遺物	遺	物	28130
遺傳學	遺	傳學	22325
遺精	遺	精	21540
遺書	遺	書	21150
遺產稅	遺	產稅	15263
遺言	遺	言	13310
遺風	遺	風	13090
遺傳性	遺	傳性	12600
遺傳病	遺	傳病	11130
遺像	遺	像	9420
遺落	遺	落	9180
遺骸	遺	骸	6190
遺志	遺	志	5575
遺骨	遺	骨	4990
遺恨	遺	恨	4880
遺孀	遺	孀	4875
遺民	遺	民	4730
遺尿	遺	尿	4660
遺作	遺	作	4366
遺下	遺	下	4175
遺孤	遺	孤	3825
遺臭萬年	遺	臭萬年	3286
遺毒	遺	毒	3125
遺訓	遺	訓	2665
遺傳工程	遺	傳工程	2575
遺稿	遺	稿	2195
遺著	遺	著	1905
遺愛	遺	愛	1735
遺世獨立	遺	世獨立	1685
遺腹子	遺	腹子	1410
遺族	遺	族	1345
遺墨	遺	墨	1050
遺臣	遺	臣	670
遺缺	遺	缺	530
遺容	遺	容	275
遺命	遺	命	2
遺教	遺	教	1
招待	招	待	74415
招標	招	標	1024560
招聘	招	聘	500506
招生	招	生	500275
招收	招	收	212500
招募	招	募	122525
招呼	招	呼	114435
招牌	招	牌	102305
招租	招	租	99235
招考	招	考	94545
招待所	招	待所	54530
招數	招	數	50510
招式	招	式	49165
招來	招	來	46085
招手	招	手	39445
招致	招	致	32125
招貼	招	貼	24425
招攬	招	攬	23135
招惹	招	惹	20595
招架	招	架	14390
招股	招	股	14275
招搖	招	搖	12820
招徠	招	徠	12595
招集	招	集	11246
招到	招	到	11070
招待會	招	待會	10630
招兵買馬	招	兵買馬	9525
招安	招	安	8195
招魂	招	魂	7930
招搖撞騙	招	搖撞騙	5940
招財進寶	招	財進寶	5640
招引	招	引	5360
招架不住	招	架不住	4405
招供	招	供	4320
招親	招	親	4055
招降	招	降	3360
招撫	招	撫	2865
招兵	招	兵	2710
招認	招	認	2585
招呼站	招	呼站	2250
招領	招	領	2185
招蜂引蝶	招	蜂引蝶	1465
招贅	招	贅	1175
招福	招	福	995
招風耳	招	風耳	990
招待券	招	待券	355
招喚	招	喚	1
招怨	招	怨	1
暗示	暗	示	169535
暗中	暗	中	73520
暗自	暗	自	64265
暗戀	暗	戀	45210
暗殺	暗	殺	38315
暗淡	暗	淡	37135
暗器	暗	器	32510
暗箭	暗	箭	26800
暗地裡	暗	地裡	19840
暗算	暗	算	19625
暗藏	暗	藏	19060
暗想	暗	想	18450
暗號	暗	號	15060
暗香	暗	香	13395
暗處	暗	處	12120
暗紅	暗	紅	11620
暗暗	暗	暗	10350
暗紅色	暗	紅色	10150
暗色	暗	色	10095
暗忖	暗	忖	9995
暗地	暗	地	9825
暗訪	暗	訪	8240
暗流	暗	流	7825
暗含	暗	含	7650
暗室	暗	室	7305
暗房	暗	房	5910
暗語	暗	語	5370
暗喻	暗	喻	4720
暗度陳倉	暗	度陳倉	4365
暗無天日	暗	無天日	4160
暗褐色	暗	褐色	3515
暗合	暗	合	3333
暗記	暗	記	2335
暗礁	暗	礁	2055
暗潮	暗	潮	1990
暗藏玄機	暗	藏玄機	1970
暗渠	暗	渠	1390
暗鬥	暗	鬥	1245
暗潮洶湧	暗	潮洶湧	1205
暗箭難防	暗	箭難防	1155
暗溝	暗	溝	1075
暗盤	暗	盤	999
暗碼	暗	碼	890
暗疾	暗	疾	665
暗藏春色	暗	藏春色	1
暗吃一驚	暗	吃一驚	1
暗室不欺	暗	室不欺	1
暗自竊喜	暗	自竊喜	1
牛肉	牛	肉	144230
牛肉麵	牛	肉麵	35230
牛排	牛	排	28550
牛奶	牛	奶	708129
牛仔褲	牛	仔褲	82365
牛仔	牛	仔	62120
牛皮	牛	皮	50105
牛頓	牛	頓	44000
牛乳	牛	乳	24808
牛頭	牛	頭	23220
牛油	牛	油	17754
牛角	牛	角	17320
牛郎	牛	郎	13980
牛群	牛	群	13505
牛馬	牛	馬	11665
牛車	牛	車	11515
牛尾	牛	尾	11258
牛犢	牛	犢	10275
牛郎織女	牛	郎織女	9320
牛皮紙	牛	皮紙	8990
牛蛙	牛	蛙	5745
牛蒡	牛	蒡	5730
牛腩	牛	腩	5200
牛鼻子	牛	鼻子	4985
牛毛	牛	毛	4855
牛肉湯	牛	肉湯	4355
牛鬼蛇神	牛	鬼蛇神	4210
牛耳	牛	耳	4175
牛欄	牛	欄	3715
牛舍	牛	舍	3465
牛刀小試	牛	刀小試	3210
牛津	牛	津	3201
牛刀	牛	刀	2995
牛仔裝	牛	仔裝	2495
牛頭馬面	牛	頭馬面	2145
牛年	牛	年	2025
牛飲	牛	飲	1955
牛脾氣	牛	脾氣	1815
牛頭不對馬嘴	牛	頭不對馬嘴	1605
牛痘	牛	痘	1500
牛小排	牛	小排	650
牛舌餅	牛	舌餅	110
牛奶瓶	牛	奶瓶	1
牛步	牛	步	1
牛步化	牛	步化	1
牛肉場	牛	肉場	1
牛肉秀	牛	肉秀	1
牛山濯濯	牛	山濯濯	1
真的	真	的	500619
真人	真	人	121700
真正	真	正	501095
真是	真	是	500467
真實性	真	實性	500275
真誠	真	誠	259560
真理	真	理	210475
真心	真	心	165560
真空	真	空	159100
真相	真	相	146435
真情	真	情	142695
真皮	真	皮	87670
真偽	真	偽	73065
真摯	真	摯	60660
真假	真	假	56650
真切	真	切	54675
真實	真	實	50036
真品	真	品	28670
真話	真	話	26445
真言	真	言	19845
真善美	真	善美	16825
真跡	真	跡	16105
真蹟	真	蹟	16105
真心話	真	心話	15365
真面目	真	面目	12690
真傳	真	傳	11930
真知	真	知	11495
真性	真	性	11090
真知灼見	真	知灼見	11055
真意	真	意	10545
真才實學	真	才實學	10415
真空管	真	空管	10394
真相大白	真	相大白	9525
真個	真	個	9085
真箇	真	箇	9085
真真假假	真	真假假	5970
真諦	真	諦	5578
真人真事	真	人真事	5315
真義	真	義	5085
真不少	真	不少	3330
真確	真	確	2795
真率	真	率	1950
真似	真	似	1500
真金不怕火煉	真	金不怕火煉	1035
真數	真	數	405
真摰	真	摰	1
真除	真	除	1
真珠	真	珠	1
私人	私	人	275785
私營	私	營	83230
私下	私	下	81905
私自	私	自	72415
私有	私	有	56220
私通	私	通	45550
私家	私	家	29810
私事	私	事	19565
私房	私	房	19030
私塾	私	塾	17145
私心	私	心	17090
私有制	私	有制	16585
私奔	私	奔	16140
私生活	私	生活	15285
私慾	私	慾	12460
私處	私	處	11675
私底下	私	底下	11440
私立	私	立	9998
私利	私	利	8999
私生子	私	生子	8840
私情	私	情	8015
私藏	私	藏	6135
私房錢	私	房錢	5285
私語	私	語	5159
私交	私	交	4845
私章	私	章	3150
私貨	私	貨	2060
私吞	私	吞	1885
私會	私	會	1820
私刑	私	刑	1690
私益	私	益	1670
私怨	私	怨	1425
私闖	私	闖	1285
私訪	私	訪	1280
私囊	私	囊	1215
私販	私	販	1030
私法	私	法	827
私鬥	私	鬥	785
私見	私	見	615
私話	私	話	435
私函	私	函	115
私梟	私	梟	111
私有地	私	有地	70
私酒	私	酒	49
私淑	私	淑	2
私娼	私	娼	1
私大	私	大	1
私校保險	私	校保險	1
英文	英	文	500367
英語	英	語	500724
英國	英	國	500522
英寸	英	寸	469165
英鎊	英	鎊	114525
英格蘭	英	格蘭	70770
英雄	英	雄	500286
英俊	英	俊	75785
英才	英	才	65180
英尺	英	尺	52375
英國人	英	國人	47775
英里	英	里	42895
英勇	英	勇	33505
英明	英	明	28600
英豪	英	豪	24125
英倫	英	倫	22350
英姿	英	姿	15065
英畝	英	畝	12170
英華	英	華	11920
英烈	英	烈	11015
英語系	英	語系	9795
英制	英	制	8745
英文字	英	文字	7305
英名	英	名	6970
英氣	英	氣	6250
英靈	英	靈	6055
英年	英	年	3430
英人	英	人	3365
英魂	英	魂	3305
英傑	英	傑	3238
英吉利	英	吉利	2225
英雄無用武之地	英	雄無用武之地	2215
英雄氣短	英	雄氣短	2020
英文系	英	文系	1490
英姿煥發	英	姿煥發	1200
英武	英	武	1111
英雄末路	英	雄末路	955
英噸	英	噸	145
英偉	英	偉	3
英國協	英	國協	1
英磅	英	磅	1
英呎	英	呎	1
英吋	英	吋	1
英哩	英	哩	1
英士	英	士	1
英挺	英	挺	1
英烈千秋	英	烈千秋	1
英氣勃勃	英	氣勃勃	1
藥品	藥	品	500447
藥物	藥	物	500382
藥費	藥	費	1
藥局	藥	局	2870
藥名	藥	名	888
藥師	藥	師	51955
藥店	藥	店	140830
藥材	藥	材	108155
藥劑	藥	劑	63130
藥用	藥	用	59210
藥房	藥	房	49495
藥水	藥	水	48800
藥效	藥	效	36550
藥廠	藥	廠	35200
藥方	藥	方	30275
藥丸	藥	丸	20420
藥典	藥	典	17220
藥膏	藥	膏	17050
藥片	藥	片	16830
藥理學	藥	理學	16720
藥性	藥	性	14645
藥酒	藥	酒	12885
藥草	藥	草	12595
藥量	藥	量	10985
藥箱	藥	箱	9970
藥商	藥	商	9285
藥力	藥	力	8915
藥粉	藥	粉	8280
藥瓶	藥	瓶	8205
藥劑師	藥	劑師	7525
藥學	藥	學	6586
藥味	藥	味	5595
藥包	藥	包	5395
藥渣	藥	渣	3315
藥行	藥	行	3295
藥棉	藥	棉	3245
藥到病除	藥	到病除	3015
藥液	藥	液	2650
藥膳	藥	膳	2512
藥餌	藥	餌	2285
藥單	藥	單	2245
藥石	藥	石	2200
藥引	藥	引	1905
藥王	藥	王	1236
藥罐子	藥	罐子	1115
藥罐	藥	罐	264
藥錠	藥	錠	5
藥石罔效	藥	石罔效	1
要不要	要	不要	300000
要來	要	來	300000
要去	要	去	1
要求	要	求	504204
要是	要	是	451000
要素	要	素	367885
要點	要	點	272425
要麼	要	麼	236655
要不	要	不	196190
要好	要	好	115330
要不然	要	不然	67085
要不是	要	不是	64490
要件	要	件	62223
要緊	要	緊	56220
要塞	要	塞	49285
要領	要	領	48795
要命	要	命	42750
要害	要	害	36650
要強	要	強	35610
要聞	要	聞	26700
要人	要	人	25110
要訣	要	訣	20210
要得	要	得	19590
要挾	要	挾	18855
要義	要	義	16450
要價	要	價	16335
要事	要	事	15680
要衝	要	衝	13025
要員	要	員	10490
要道	要	道	10445
要目	要	目	10240
要地	要	地	10170
要旨	要	旨	9355
要職	要	職	8920
要犯	要	犯	7095
要不得	要	不得	6390
要略	要	略	5940
要務	要	務	5705
要則	要	則	2275
要路	要	路	1745
要津	要	津	1625
要港	要	港	1
要角	要	角	1
要口	要	口	1
要區	要	區	1
要項	要	項	1
要脅	要	脅	1
要政	要	政	1
預約	預	約	162620
預訂	預	訂	9999
預覽	預	覽	300000
預計	預	計	500387
預防	預	防	500360
預測	預	測	500348
預算	預	算	449025
預期	預	期	365310
預警	預	警	126700
預先	預	先	121265
預報	預	報	110140
預備	預	備	109060
預言	預	言	92520
預留	預	留	91125
預售	預	售	78165
預設	預	設	74375
預料	預	料	62025
預付	預	付	61260
預告	預	告	59240
預見	預	見	56260
預感	預	感	36565
預知	預	知	34935
預審	預	審	33325
預想	預	想	31590
預賽	預	賽	30440
預習	預	習	30365
預估	預	估	29350
預祝	預	祝	28355
預防接種	預	防接種	25905
預購	預	購	24020
預告片	預	告片	21065
預繳	預	繳	16980
預兆	預	兆	15820
預備隊	預	備隊	15710
預演	預	演	10570
預謀	預	謀	9745
預料到	預	料到	8820
預產期	預	產期	8035
預展	預	展	6940
預言家	預	言家	5960
預防針	預	防針	4295
預支	預	支	3925
預借	預	借	3730
預算案	預	算案	2440
預卜	預	卜	915
預定	預	定	111
預想到	預	想到	1
預備金	預	備金	1
半島	半	島	76635
半天	半	天	254400
半導體	半	導體	152925
半夜	半	夜	104815
半晌	半	晌	68450
半徑	半	徑	67975
半數	半	數	63401
半球	半	球	55685
半成品	半	成品	50500
半空	半	空	29465
半身	半	身	25615
半路	半	路	23675
半價	半	價	23465
半自動	半	自動	23410
半截	半	截	21515
半山	半	山	21510
半壁江山	半	壁江山	18185
半圓	半	圓	17000
半途而廢	半	途而廢	15530
半死	半	死	15445
半殖民地	半	殖民地	15370
半生	半	生	14025
半信半疑	半	信半疑	13390
半封建	半	封建	12035
半夜裡	半	夜裡	10450
半山腰	半	山腰	10375
半途	半	途	9515
半仙	半	仙	9120
半衰期	半	衰期	8995
半工半讀	半	工半讀	8940
半圓形	半	圓形	7340
半夜三更	半	夜三更	7180
半死不活	半	死不活	5110
半身不遂	半	身不遂	4635
半推半就	半	推半就	4380
半路出家	半	路出家	4120
半壁	半	壁	3610
半票	半	票	3575
半斤八兩	半	斤八兩	3225
半百	半	百	3120
半吊子	半	吊子	2200
半子	半	子	1111
半瓶醋	半	瓶醋	440
半規管	半	規管	33
半私營	半	私營	1
半政府	半	政府	1
半生不熟	半	生不熟	1
夜晚	夜	晚	223145
夜間	夜	間	179165
夜裡	夜	裡	134270
夜景	夜	景	60845
夜色	夜	色	59860
夜空	夜	空	58275
夜總會	夜	總會	55160
夜市	夜	市	26145
夜幕	夜	幕	22120
夜班	夜	班	21495
夜半	夜	半	21125
夜光	夜	光	20535
夜生活	夜	生活	19365
夜遊	夜	遊	16215
夜叉	夜	叉	15675
夜行	夜	行	13340
夜深	夜	深	13060
夜校	夜	校	9620
夜場	夜	場	9600
夜以繼日	夜	以繼日	9495
夜來香	夜	來香	8820
夜鶯	夜	鶯	8805
夜明珠	夜	明珠	7985
夜曲	夜	曲	7800
夜貓子	夜	貓子	7005
夜光杯	夜	光杯	6658
夜襲	夜	襲	5270
夜闌	夜	闌	3850
夜郎自大	夜	郎自大	3780
夜航	夜	航	3250
夜長夢多	夜	長夢多	3115
夜盲症	夜	盲症	2870
夜車	夜	車	2305
夜壺	夜	壺	2145
夜闌人靜	夜	闌人靜	1880
夜幕低垂	夜	幕低垂	1785
夜盲	夜	盲	1740
夜不閉戶	夜	不閉戶	1650
夜貓	夜	貓	1111
夜勤	夜	勤	495
夜作	夜	作	475
夜間部	夜	間部	385
夜工	夜	工	360
夜校生	夜	校生	40
夜警	夜	警	1
夜間班	夜	間班	1
夜視設備	夜	視設備	1
感覺	感	覺	501347
感冒	感	冒	190735
感謝	感	謝	500391
感人	感	人	81085
感到	感	到	500538
感受	感	受	500450
感情	感	情	500436
感染	感	染	500301
感動	感	動	333970
感覺到	感	覺到	304420
感受到	感	受到	252450
感興趣	感	興趣	193980
感激	感	激	158115
感慨	感	慨	140760
感嘆	感	嘆	137310
感歎	感	歎	137310
感悟	感	悟	134035
感應	感	應	120225
感性	感	性	111575
感官	感	官	77950
感恩	感	恩	75785
感想	感	想	55715
感化	感	化	51325
感光	感	光	47690
感言	感	言	28965
感應器	感	應器	24815
感召	感	召	17675
感恩節	感	恩節	16110
感慨萬千	感	慨萬千	15765
感懷	感	懷	10455
感傷	感	傷	9999
感情用事	感	情用事	8420
感同身受	感	同身受	8280
感念	感	念	7045
感人肺腑	感	人肺腑	7010
感覺出	感	覺出	6760
感觸	感	觸	5970
感激涕零	感	激涕零	4405
感受力	感	受力	4255
感覺神經	感	覺神經	3070
感佩	感	佩	2515
感嘆詞	感	嘆詞	1590
感恩圖報	感	恩圖報	1145
感喟	感	喟	1
感訓	感	訓	1
感光紙	感	光紙	1
感化院	感	化院	1
政府	政	府	1617499
政治	政	治	500598
政策	政	策	501119
政權	政	權	158210
政務	政	務	144555
政治部	政	治部	126458
政黨	政	黨	113115
政績	政	績	73865
政委	政	委	56430
政治家	政	治家	53320
政治學	政	治學	44535
政局	政	局	25295
政事	政	事	24140
政體	政	體	22820
政變	政	變	21380
政客	政	客	19220
政壇	政	壇	15475
政治局	政	治局	15085
政令	政	令	14740
政要	政	要	14525
政治性	政	治性	14345
政教	政	教	12875
政經	政	經	8915
政風	政	風	7777
政府軍	政	府軍	7415
政論	政	論	5685
政通人和	政	通人和	4430
政敵	政	敵	4420
政見	政	見	4220
政治犯	政	治犯	4035
政通	政	通	2850
政商	政	商	2065
政綱	政	綱	1965
政情	政	情	1270
政界	政	界	897
政略	政	略	860
政制	政	制	755
政治庇護	政	治庇護	635
政治界	政	治界	575
政大	政	大	185
政財界	政	財界	1
政潮	政	潮	1
政途	政	途	1
政見會	政	見會	1
政務官	政	務官	1
政戰部	政	戰部	1
政躬康泰	政	躬康泰	1
現在	現	在	503182
現金	現	金	500958
現實	現	實	500323
現場	現	場	500714
現象	現	象	500865
現代	現	代	500701
現有	現	有	500519
現狀	現	狀	500251
現代化	現	代化	464330
現已	現	已	233945
現任	現	任	170545
現行	現	行	166430
現貨	現	貨	152495
現階段	現	階段	99240
現存	現	存	99005
現今	現	今	98330
現成	現	成	66385
現出	現	出	65660
現代人	現	代人	65290
現身	現	身	63435
現時	現	時	58600
現代藝術	現	代藝術	46205
現役	現	役	35230
現年	現	年	33170
現役軍人	現	役軍人	21685
現世	現	世	17935
現款	現	款	17115
現代感	現	代感	15885
現實性	現	實性	14050
現身說法	現	身說法	13755
現況	現	況	10385
現代舞	現	代舞	9605
現代史	現	代史	7420
現形	現	形	7285
現錢	現	錢	4480
現代詩	現	代詩	4230
現眼	現	眼	2290
現行法	現	行法	1690
現行犯	現	行犯	1245
現鈔	現	鈔	367
現勢	現	勢	65
現職	現	職	5
現值	現	值	4
現址	現	址	1
現代芭蕾	現	代芭蕾	1
現代主義	現	代主義	1
現買現賣	現	買現賣	1
知道	知	道	501255
知會	知	會	11540
知識	知	識	309969
知名	知	名	318515
知名度	知	名度	229305
知識分子	知	識分子	149510
知情	知	情	83225
知曉	知	曉	69020
知己	知	己	65390
知音	知	音	52895
知覺	知	覺	52625
知悉	知	悉	30045
知府	知	府	29135
知心	知	心	27505
知性	知	性	24990
知足	知	足	24180
知己知彼	知	己知彼	22160
知了	知	了	19250
知人	知	人	13315
知足常樂	知	足常樂	9595
知本	知	本	8855
知趣	知	趣	8150
知難而退	知	難而退	7350
知恥	知	恥	7255
知人善任	知	人善任	5070
知無不言	知	無不言	4775
知行合一	知	行合一	4745
知命	知	命	3865
知縣	知	縣	3714
知法犯法	知	法犯法	1966
知心話	知	心話	1935
知遇	知	遇	1830
知易行難	知	易行難	1560
知更鳥	知	更鳥	1395
知過	知	過	1270
知人之明	知	人之明	800
知過必改	知	過必改	270
知交	知	交	33
知禮	知	禮	1
知能	知	能	1
知事	知	事	1
知友	知	友	1
知錯能改	知	錯能改	1
知難行易	知	難行易	1
知書達禮	知	書達禮	1
知性之旅	知	性之旅	1
知其不可而為	知	其不可而為	1
翻譯	翻	譯	500331
翻身	翻	身	70985
翻新	翻	新	62935
翻開	翻	開	60495
翻唱	翻	唱	58245
翻轉	翻	轉	44350
翻閱	翻	閱	40710
翻滾	翻	滾	38075
翻過	翻	過	31120
翻越	翻	越	31065
翻出	翻	出	24745
翻天覆地	翻	天覆地	22160
翻版	翻	版	21840
翻騰	翻	騰	20995
翻臉	翻	臉	17895
翻動	翻	動	16195
翻來覆去	翻	來覆去	15765
翻飛	翻	飛	11985
翻車	翻	車	11160
翻修	翻	修	9665
翻書	翻	書	9480
翻起	翻	起	9110
翻兩番	翻	兩番	8500
翻過來	翻	過來	8445
翻印	翻	印	8325
翻山越嶺	翻	山越嶺	8035
翻出來	翻	出來	7690
翻倒	翻	倒	7010
翻江倒海	翻	江倒海	6175
翻案	翻	案	5690
翻箱倒櫃	翻	箱倒櫃	5515
翻白眼	翻	白眼	5185
翻雲覆雨	翻	雲覆雨	4825
翻船	翻	船	4225
翻供	翻	供	2785
翻覆	翻	覆	2520
翻入	翻	入	2325
翻跟頭	翻	跟頭	2080
翻本	翻	本	2030
翻筋斗	翻	筋斗	1801
翻譯官	翻	譯官	1645
翻弄	翻	弄	1185
翻掉	翻	掉	1065
翻作	翻	作	995
翻印必究	翻	印必究	415
翻箱倒篋	翻	箱倒篋	21
翻跟斗	翻	跟斗	1
聽音樂	聽	音樂	888
聽到	聽	到	500375
聽說	聽	說	385740
聽力	聽	力	203100
聽取	聽	取	197705
聽證	聽	證	193210
聽見	聽	見	184235
聽得	聽	得	126830
聽眾	聽	眾	126530
聽課	聽	課	101025
聽起來	聽	起來	86260
聽完	聽	完	74540
聽覺	聽	覺	59125
聽話	聽	話	57410
聽從	聽	從	54190
聽證會	聽	證會	46640
聽來	聽	來	29535
聽出	聽	出	29520
聽聞	聽	聞	24220
聽者	聽	者	23130
聽寫	聽	寫	21255
聽不見	聽	不見	17240
聽筒	聽	筒	16055
聽信	聽	信	14085
聽錯	聽	錯	10780
聽講	聽	講	9999
聽得懂	聽	得懂	9960
聽任	聽	任	8765
聽天由命	聽	天由命	7945
聽障	聽	障	7454
聽診	聽	診	5855
聽候	聽	候	5510
聽命	聽	命	5285
聽診器	聽	診器	4975
聽憑	聽	憑	4140
聽出來	聽	出來	3685
聽戲	聽	戲	3090
聽慣	聽	慣	3065
聽下去	聽	下去	2865
聽審	聽	審	1550
聽差	聽	差	1420
聽其自然	聽	其自然	32
聽道	聽	道	1
聽起	聽	起	1
聽訓	聽	訓	1
聽友	聽	友	1
聽見了	聽	見了	1
記帳	記	帳	1
記錄	記	錄	500879
記得	記	得	500290
記者	記	者	501537
記憶	記	憶	500274
記住	記	住	418715
記載	記	載	358245
記性	記	性	313240
記下	記	下	64445
記事本	記	事本	56980
記錄下來	記	錄下來	48300
記入	記	入	44395
記起	記	起	40300
記事	記	事	37860
記號	記	號	35885
記述	記	述	35375
記過	記	過	24090
記憶猶新	記	憶猶新	23845
記憶體	記	憶體	21695
記大過	記	大過	21325
記名	記	名	17375
記者會	記	者會	17090
記分	記	分	16960
記不住	記	不住	16535
記下來	記	下來	16510
記不清	記	不清	12755
記不得	記	不得	12560
記敘	記	敘	12495
記敘文	記	敘文	11790
記錯	記	錯	10465
記恨	記	恨	9999
記法	記	法	7605
記功	記	功	4830
記牢	記	牢	4390
記仇	記	仇	4110
記事簿	記	事簿	3940
記掛	記	掛	3770
記誦	記	誦	2425
記名投票	記	名投票	2395
記不起來	記	不起來	2280
記載下來	記	載下來	1380
記大功	記	大功	1235
記取	記	取	711
記憶力	記	憶力	682
記念	記	念	1
記趣	記	趣	1
記分板	記	分板	1
和平	和	平	365335
和諧	和	諧	500369
和尚	和	尚	208485
和解	和	解	55780
和睦	和	睦	44505
和美	和	美	41105
和好	和	好	37455
和合	和	合	35365
和氣	和	氣	29215
和聲	和	聲	27700
和風	和	風	26750
和藹	和	藹	25715
和數	和	數	24350
和親	和	親	23910
和善	和	善	20770
和服	和	服	20450
和約	和	約	17165
和局	和	局	17125
和順	和	順	15205
和藹可親	和	藹可親	12515
和談	和	談	11690
和緩	和	緩	9605
和顏悅色	和	顏悅色	6370
和盤托出	和	盤托出	5786
和煦	和	煦	5200
和平街	和	平街	5055
和議	和	議	4415
和風細雨	和	風細雨	4215
和暖	和	暖	3805
和衷共濟	和	衷共濟	3750
和平鴿	和	平鴿	3740
和悅	和	悅	3370
和氣生財	和	氣生財	2895
和事佬	和	事佬	2415
和稀泥	和	稀泥	1675
和平醫院	和	平醫院	1605
和平共存	和	平共存	1130
和樂	和	樂	999
和婉	和	婉	99
和平溪	和	平溪	1
和穆	和	穆	1
和協	和	協	1
和平島	和	平島	1
和事老	和	事老	1
和平攻勢	和	平攻勢	1
和諧無間	和	諧無間	1
官方	官	方	374180
官員	官	員	353920
官司	官	司	75535
官僚	官	僚	43850
官府	官	府	41255
官場	官	場	39925
官吏	官	吏	37570
官職	官	職	29420
官人	官	人	14655
官窯	官	窯	13380
官邸	官	邸	12935
官服	官	服	12710
官軍	官	軍	10635
官位	官	位	9970
官兵	官	兵	7777
官辦	官	辦	7165
官話	官	話	6815
官宦	官	宦	6720
官家	官	家	6700
官能	官	能	6290
官銜	官	銜	6140
官制	官	制	6025
官價	官	價	5999
官兒	官	兒	5975
官運	官	運	4525
官印	官	印	4430
官名	官	名	4325
官廳	官	廳	4255
官差	官	差	3830
官腔	官	腔	3445
官階	官	階	3330
官田	官	田	2385
官氣	官	氣	1590
官官相護	官	官相護	1495
官馬	官	馬	1415
官倒	官	倒	1145
官舍	官	舍	1065
官樣文章	官	樣文章	1005
官派	官	派	550
官校	官	校	490
官長	官	長	370
官運亨通	官	運亨通	340
官書	官	書	1
官署	官	署	1
官等	官	等	1
官史	官	史	1
樂園	樂	園	215080
樂天	樂	天	27900
樂趣	樂	趣	330785
樂隊	樂	隊	227235
樂觀	樂	觀	162955
樂器	樂	器	161600
樂於	樂	於	88385
樂曲	樂	曲	84060
樂意	樂	意	69065
樂團	樂	團	61610
樂章	樂	章	48770
樂此不疲	樂	此不疲	25870
樂手	樂	手	21300
樂迷	樂	迷	19835
樂譜	樂	譜	19655
樂於助人	樂	於助人	18375
樂理	樂	理	15025
樂府	樂	府	14600
樂事	樂	事	13505
樂土	樂	土	13500
樂在其中	樂	在其中	13140
樂聲	樂	聲	12000
樂音	樂	音	9999
樂業	樂	業	7700
樂師	樂	師	7465
樂子	樂	子	6370
樂天派	樂	天派	6015
樂善好施	樂	善好施	5765
樂不可支	樂	不可支	4720
樂壇	樂	壇	4624
樂觀主義	樂	觀主義	4510
樂不思蜀	樂	不思蜀	4315
樂極生悲	樂	極生悲	3745
樂壞了	樂	壞了	3475
樂而忘返	樂	而忘返	2360
樂善	樂	善	1770
樂天知命	樂	天知命	1620
樂陶陶	樂	陶陶	1370
樂聖	樂	聖	1085
樂捐	樂	捐	510
樂歌	樂	歌	111
樂工	樂	工	29
樂利	樂	利	1
樂群	樂	群	1
樂育	樂	育	1
樂觀其成	樂	觀其成	1
比較	比	較	501534
比薩	比	薩	888
比賽	比	賽	500668
比例	比	例	500647
比率	比	率	129715
比如	比	如	500817
比重	比	重	373425
比起	比	起	154325
比喻	比	喻	115900
比利時	比	利時	83755
比爾	比	爾	68330
比照	比	照	46660
比丘	比	丘	44515
比不上	比	不上	39625
比比皆是	比	比皆是	38890
比起來	比	起來	35580
比方說	比	方說	34925
比值	比	值	33620
比擬	比	擬	32240
比為	比	為	26570
比價	比	價	22710
比方	比	方	21560
比試	比	試	20320
比肩	比	肩	19465
比美	比	美	16110
比基尼	比	基尼	14975
比例尺	比	例尺	14535
比較起來	比	較起來	11565
比對	比	對	9999
比翼鳥	比	翼鳥	9999
比高	比	高	9215
比鄰	比	鄰	8135
比丘尼	比	丘尼	7810
比得上	比	得上	7335
比目魚	比	目魚	6366
比翼	比	翼	4335
比武	比	武	4279
比翼雙飛	比	翼雙飛	4075
比手畫腳	比	手畫腳	73
比數	比	數	2
比年	比	年	1
比國	比	國	1
比劃	比	劃	1
比做	比	做	1
比較文學	比	較文學	1
比鄰而居	比	鄰而居	1
登錄	登	錄	501936
登記	登	記	500597
登入	登	入	9999
登出	登	出	9999
登上	登	上	151450
登山	登	山	149870
登場	登	場	86345
登載	登	載	43135
登機	登	機	27170
登台	登	台	24560
登臺	登	臺	24560
登門	登	門	20065
登基	登	基	16445
登臨	登	臨	15400
登山隊	登	山隊	13230
登記卡	登	記卡	12040
登峰造極	登	峰造極	11935
登樓	登	樓	7680
登堂入室	登	堂入室	7645
登報	登	報	7565
登山協會	登	山協會	6995
登天	登	天	6490
登門拜訪	登	門拜訪	6290
登岸	登	岸	5760
登船	登	船	5755
登陸	登	陸	5005
登廣告	登	廣告	4710
登革熱	登	革熱	4500
登高望遠	登	高望遠	3610
登高	登	高	3186
登陸艇	登	陸艇	3035
登報聲明	登	報聲明	2635
登徒子	登	徒子	2400
登高一呼	登	高一呼	960
登時	登	時	333
登科	登	科	2
登州	登	州	1
登龍	登	龍	1
登帳	登	帳	1
登機室	登	機室	1
登機證	登	機證	1
登嘉樓	登	嘉樓	1
登陸熱	登	陸熱	1
登山口	登	山口	1
登報作廢	登	報作廢	1
登門造訪	登	門造訪	1
聖誕	聖	誕	218800
聖誕節	聖	誕節	148110
聖人	聖	人	100240
聖經	聖	經	84410
聖地	聖	地	70380
聖誕老人	聖	誕老人	41255
聖母	聖	母	27990
聖賢	聖	賢	27300
聖殿	聖	殿	25955
聖靈	聖	靈	24765
聖潔	聖	潔	23145
聖保羅	聖	保羅	22815
聖誕樹	聖	誕樹	21570
聖女	聖	女	19800
聖旨	聖	旨	18365
聖火	聖	火	18175
聖者	聖	者	15620
聖戰	聖	戰	15475
聖水	聖	水	13615
聖上	聖	上	10375
聖手	聖	手	10370
聖誕夜	聖	誕夜	9920
聖城	聖	城	8535
聖徒	聖	徒	7850
聖明	聖	明	6970
聖德	聖	德	6725
聖像	聖	像	6520
聖歌	聖	歌	4350
聖典	聖	典	3980
聖壇	聖	壇	3355
聖體	聖	體	2960
聖代	聖	代	2300
聖詩	聖	詩	2235
聖廟	聖	廟	1985
聖諭	聖	諭	1840
聖母院	聖	母院	1510
聖雄	聖	雄	1290
聖教	聖	教	840
聖誕紅	聖	誕紅	730
聖哲	聖	哲	277
聖恩	聖	恩	1
聖功	聖	功	1
聖禮	聖	禮	1
聖保祿	聖	保祿	1
聖手仁心	聖	手仁心	1
聖嬰現象	聖	嬰現象	1
表示	表	示	501400
表達	表	達	500302
表現	表	現	500759
表格	表	格	383070
表明	表	明	500405
表面	表	面	500354
表情	表	情	500315
表演	表	演	500314
表現出	表	現出	275230
表彰	表	彰	238130
表揚	表	揚	135675
表決	表	決	107075
表態	表	態	69500
表白	表	白	68495
表層	表	層	53245
表皮	表	皮	51280
表象	表	象	48125
表決權	表	決權	42495
表率	表	率	42050
表現出來	表	現出來	41925
表哥	表	哥	34045
表妹	表	妹	29440
表徵	表	徵	28615
表達出來	表	達出來	28285
表姐	表	姐	27095
表露	表	露	25020
表裡	表	裡	20865
表弟	表	弟	20605
表示出	表	示出	15730
表面張力	表	面張力	6810
表兄	表	兄	5940
表演賽	表	演賽	5930
表裡如一	表	裡如一	5265
表露出	表	露出	5230
表面化	表	面化	4760
表示出來	表	示出來	4620
表相	表	相	2525
表兄弟	表	兄弟	2390
表親	表	親	2160
表舅	表	舅	1745
表裡一致	表	裡一致	420
表姊	表	姊	287
表件	表	件	1
表章	表	章	1
表達出	表	達出	1
表面工夫	表	面工夫	1
追求	追	求	500504
追究	追	究	227040
追蹤	追	蹤	132325
追逐	追	逐	115675
追問	追	問	88050
追趕	追	趕	72540
追加	追	加	67485
追尋	追	尋	59815
追隨	追	隨	56730
追殺	追	殺	51085
追回	追	回	40545
追擊	追	擊	39305
追溯	追	溯	38520
追上	追	上	37905
追查	追	查	37560
追溯到	追	溯到	35180
追捕	追	捕	34390
追憶	追	憶	33390
追繳	追	繳	28405
追到	追	到	25835
追肥	追	肥	21045
追隨者	追	隨者	20550
追索	追	索	18070
追訴	追	訴	14150
追認	追	認	14145
追討	追	討	13710
追兵	追	兵	11775
追不上	追	不上	8690
追悼會	追	悼會	8635
追悼	追	悼	8325
追思	追	思	6985
追打	追	打	5925
追星族	追	星族	5505
追悔	追	悔	4295
追述	追	述	4060
追過	追	過	3795
追念	追	念	2120
追贈	追	贈	1990
追剿	追	剿	1815
追贓	追	贓	1455
追求到	追	求到	1220
追懷	追	懷	1025
追訴權	追	訴權	750
追遠	追	遠	500
追撞	追	撞	1
追根究柢	追	根究柢	1
驚訝	驚	訝	240795
驚喜	驚	喜	262645
驚人	驚	人	119955
驚奇	驚	奇	75775
驚嘆	驚	嘆	54165
驚呼	驚	呼	52370
驚醒	驚	醒	49430
驚天動地	驚	天動地	49250
驚慌	驚	慌	46710
驚恐	驚	恐	39890
驚心動魄	驚	心動魄	39800
驚異	驚	異	38895
驚險	驚	險	38225
驚嚇	驚	嚇	31765
驚詫	驚	詫	26260
驚動	驚	動	25980
驚魂	驚	魂	22260
驚愕	驚	愕	19700
驚慌失措	驚	慌失措	18940
驚覺	驚	覺	12435
驚世駭俗	驚	世駭俗	12300
驚疑	驚	疑	11215
驚濤駭浪	驚	濤駭浪	10370
驚懼	驚	懼	9455
驚心	驚	心	9440
驚鴻	驚	鴻	8930
驚擾	驚	擾	8710
驚起	驚	起	7805
驚駭	驚	駭	7110
驚濤	驚	濤	7060
驚嘆不已	驚	嘆不已	7030
驚歎不已	驚	歎不已	7030
驚蟄	驚	蟄	4965
驚悸	驚	悸	4785
驚弓之鳥	驚	弓之鳥	4605
驚嘆號	驚	嘆號	4515
驚為天人	驚	為天人	4380
驚鴻一瞥	驚	鴻一瞥	4040
驚風	驚	風	3740
驚倒	驚	倒	615
驚覺到	驚	覺到	615
驚惶	驚	惶	9
驚惶失措	驚	惶失措	2
驚弓	驚	弓	1
驚戒	驚	戒	1
驚惶失色	驚	惶失色	1
做什麼？	做	什麼？	888
做事	做	事	240405
做出	做	出	500456
做好	做	好	500688
做票	做	票	888
做到	做	到	500501
做法	做	法	500367
做成	做	成	195045
做人	做	人	182380
做愛	做	愛	167885
做起	做	起	129985
做工	做	工	119870
做飯	做	飯	103395
做夢	做	夢	91650
做生意	做	生意	89470
做完	做	完	83660
做官	做	官	27830
做起來	做	起來	27270
做錯	做	錯	25810
做作	做	作	21275
做主	做	主	20095
做出來	做	出來	15915
做上	做	上	15680
做活	做	活	10080
做得到	做	得到	10005
做客	做	客	9999
做買賣	做	買賣	8630
做戲	做	戲	4645
做股票	做	股票	3640
做手腳	做	手腳	3320
做東	做	東	3315
做禮拜	做	禮拜	2545
做壽	做	壽	1740
做生日	做	生日	1375
做人情	做	人情	695
做七	做	七	7
做東道	做	東道	1
做案	做	案	1
做答	做	答	1
做假	做	假	1
做臉	做	臉	1
做聲	做	聲	1
做為	做	為	1
做莊	做	莊	1
做人處事	做	人處事	1
應該	應	該	501106
應當	應	當	502359
應用	應	用	501136
應對	應	對	404915
應聘	應	聘	335070
應急	應	急	260570
應付	應	付	235130
應試	應	試	91945
應屆	應	屆	78870
應邀	應	邀	63955
應答	應	答	55735
應運而生	應	運而生	52615
應酬	應	酬	51385
應有盡有	應	有盡有	48085
應徵	應	徵	45655
應變	應	變	45070
應用到	應	用到	43645
應考	應	考	31425
應聲	應	聲	28035
應選	應	選	21650
應用性	應	用性	21005
應用文	應	用文	17225
應驗	應	驗	15070
應和	應	和	14725
應戰	應	戰	14580
應允	應	允	13625
應時	應	時	10330
應接不暇	應	接不暇	10085
應否	應	否	9055
應許	應	許	8085
應景	應	景	5700
應召	應	召	5550
應付自如	應	付自如	4870
應手	應	手	3830
應諾	應	諾	3345
應援	應	援	2740
應承	應	承	2465
應召女郎	應	召女郎	1260
應聲蟲	應	聲蟲	1120
應聲而倒	應	聲而倒	920
應付裕如	應	付裕如	585
應門	應	門	340
應對如流	應	對如流	23
應市	應	市	2
應訊	應	訊	1
月台	月	台	10855
月份	月	份	500488
月底	月	底	355000
月下	月	下	888
月薪	月	薪	236790
月亮	月	亮	223045
月初	月	初	175925
月光	月	光	136590
月經	月	經	123365
月餅	月	餅	110395
月球	月	球	58610
月租	月	租	47160
月色	月	色	34325
月夜	月	夜	29190
月報	月	報	19390
月票	月	票	18270
月圓	月	圓	17440
月牙	月	牙	15145
月入	月	入	13600
月考	月	考	12770
月曆	月	曆	12630
月臺	月	臺	10855
月子	月	子	9995
月老	月	老	8860
月形	月	形	6170
月刊	月	刊	5752
月食	月	食	5275
月琴	月	琴	4390
月黑風高	月	黑風高	4320
月輪	月	輪	3560
月明星稀	月	明星稀	1870
月事	月	事	1865
月息	月	息	1670
月盈	月	盈	1490
月下老人	月	下老人	1375
月暈	月	暈	1170
月桂	月	桂	757
月俸	月	俸	735
月圓花好	月	圓花好	300
月宮	月	宮	126
月氏	月	氏	50
月白風清	月	白風清	29
月眉	月	眉	1
月分	月	分	1
月蝕	月	蝕	1
查房	查	房	21945
查看	查	看	501084
查詢	查	詢	500787
查閱	查	閱	226715
查驗	查	驗	85915
查出	查	出	79425
查獲	查	獲	78697
查明	查	明	77095
查封	查	封	67770
查到	查	到	57245
查辦	查	辦	47305
查證	查	證	36425
查清	查	清	32665
查訪	查	訪	14590
查扣	查	扣	10490
查尋	查	尋	9170
查對	查	對	8295
查核	查	核	8240
查字典	查	字典	7925
查問	查	問	7615
查禁	查	禁	6830
查表	查	表	6365
查出來	查	出來	6075
查案	查	案	5140
查抄	查	抄	3490
查緝	查	緝	3465
查號台	查	號台	3340
查理	查	理	2250
查究	查	究	2225
查戶口	查	戶口	1545
查勤	查	勤	1465
查報	查	報	1065
查考	查	考	999
查無實據	查	無實據	990
查哨	查	哨	600
查勘	查	勘	33
查報表	查	報表	1
查照	查	照	1
查價	查	價	1
查卷	查	卷	1
查覺	查	覺	1
查修	查	修	1
查訊	查	訊	1
查帳	查	帳	1
查覺到	查	覺到	1
求職	求	職	481035
求助	求	助	201900
求得	求	得	63465
求婚	求	婚	50035
求救	求	救	42095
求生	求	生	32805
求證	求	證	28870
求解	求	解	27960
求知	求	知	25935
求教	求	教	23790
求新	求	新	23720
求出	求	出	21270
求愛	求	愛	21150
求醫	求	醫	19995
求和	求	和	16315
求援	求	援	14805
求變	求	變	14740
求情	求	情	13645
求見	求	見	13045
求饒	求	饒	13035
求學	求	學	9999
求同存異	求	同存異	9845
求之不得	求	之不得	9255
求全	求	全	9080
求助者	求	助者	9075
求取	求	取	7885
求勝	求	勝	7365
求神	求	神	6130
求才	求	才	5085
求診	求	診	4760
求偶	求	偶	4090
求子	求	子	4010
求賢若渴	求	賢若渴	3725
求全責備	求	全責備	3655
求雨	求	雨	3505
求親	求	親	3055
求籤	求	籤	2640
求償	求	償	2500
求售	求	售	1500
求好心切	求	好心切	755
求才若渴	求	才若渴	735
求仁得仁	求	仁得仁	530
求神問卜	求	神問卜	530
求過於供	求	過於供	31
求新求變	求	新求變	1
異常	異	常	478850
異地	異	地	141055
異性	異	性	132860
異議	異	議	127750
異味	異	味	72045
異樣	異	樣	55825
異物	異	物	46300
異國	異	國	34895
異形	異	形	33985
異化	異	化	31870
異鄉	異	鄉	27845
異域	異	域	22410
異軍突起	異	軍突起	22175
異同	異	同	22145
異口同聲	異	口同聲	21660
異曲同工	異	曲同工	18745
異類	異	類	18090
異族	異	族	17950
異動	異	動	16535
異見	異	見	14999
異想天開	異	想天開	13930
異端	異	端	13300
異彩	異	彩	12210
異構	異	構	10710
異質	異	質	9720
異教徒	異	教徒	6825
異己	異	己	6745
異狀	異	狀	5570
異姓	異	姓	3985
異日	異	日	3690
異數	異	數	3345
異鄉人	異	鄉人	3310
異心	異	心	3310
異邦	異	邦	2745
異母	異	母	1595
異說	異	說	1370
異言	異	言	740
異人	異	人	525
異稟	異	稟	1
異父	異	父	1
異教	異	教	1
異事	異	事	1
異態	異	態	1
異音	異	音	1
異志	異	志	1
管理	管	理	503565
管理員	管	理員	500895
管制	管	制	139905
管線	管	線	103290
管路	管	路	37885
管弦	管	弦	7225
管樂	管	樂	7745
管理者	管	理者	362380
管道	管	道	334400
管理局	管	理局	318385
管轄	管	轄	247665
管理處	管	理處	124190
管理人	管	理人	120310
管委會	管	委會	110850
管理費	管	理費	107215
管理學院	管	理學院	72715
管家	管	家	68175
管理師	管	理師	56435
管轄權	管	轄權	45250
管理費用	管	理費用	44155
管子	管	子	39755
管用	管	用	36960
管教	管	教	34060
管理權	管	理權	30940
管理站	管	理站	24080
管壁	管	壁	19960
管事	管	事	19305
管家婆	管	家婆	19120
管不了	管	不了	16135
管束	管	束	10635
管狀	管	狀	10045
管弦樂	管	弦樂	8860
管絃樂	管	絃樂	8860
管管	管	管	8240
管區	管	區	7515
管絃	管	絃	7225
管不住	管	不住	6845
管制員	管	制員	3290
管窺	管	窺	2540
管見	管	見	2240
管樂器	管	樂器	2040
管中窺豹	管	中窺豹	1955
管不著	管	不著	1
管訓	管	訓	1
管制品	管	制品	1
聲音	聲	音	500860
聲明	聲	明	500351
聲望	聲	望	208365
聲譽	聲	譽	147820
聲稱	聲	稱	118010
聲響	聲	響	92165
聲樂	聲	樂	47955
聲勢	聲	勢	39780
聲名	聲	名	30555
聲調	聲	調	29955
聲討	聲	討	22410
聲學	聲	學	22380
聲聞	聲	聞	21330
聲波	聲	波	20975
聲勢浩大	聲	勢浩大	18650
聲色	聲	色	18590
聲帶	聲	帶	16535
聲母	聲	母	15805
聲援	聲	援	11695
聲嘶力竭	聲	嘶力竭	11605
聲浪	聲	浪	8555
聲情並茂	聲	情並茂	7980
聲光	聲	光	7685
聲張	聲	張	6775
聲言	聲	言	6615
聲威	聲	威	6415
聲韻	聲	韻	5880
聲東擊西	聲	東擊西	5755
聲淚俱下	聲	淚俱下	5665
聲頻	聲	頻	4850
聲名遠播	聲	名遠播	4830
聲名狼藉	聲	名狼藉	4125
聲色俱厲	聲	色俱厲	3110
聲律	聲	律	2790
聲名大噪	聲	名大噪	2735
聲色犬馬	聲	色犬馬	2700
聲量	聲	量	1505
聲息	聲	息	1046
聲樂家	聲	樂家	535
聲韻學	聲	韻學	135
聲寶	聲	寶	1
聲納	聲	納	1
聲請	聲	請	1
聲氣相求	聲	氣相求	1
聲氣相投	聲	氣相投	1
良好	良	好	500372
良性	良	性	117825
良種	良	種	92840
良心	良	心	79255
良久	良	久	55685
良機	良	機	41715
良知	良	知	41005
良藥	良	藥	25660
良莠不齊	良	莠不齊	20905
良方	良	方	20355
良田	良	田	15885
良策	良	策	12745
良多	良	多	11795
良民	良	民	11130
良心話	良	心話	9999
良友	良	友	8815
良善	良	善	6790
良緣	良	緣	6680
良辰	良	辰	5545
良師	良	師	5160
良家婦女	良	家婦女	4935
良辰美景	良	辰美景	4726
良心發現	良	心發現	4415
良將	良	將	4400
良家	良	家	4320
良宵	良	宵	4205
良言	良	言	3595
良伴	良	伴	2185
良辰吉日	良	辰吉日	1610
良家女子	良	家女子	1195
良藥苦口	良	藥苦口	1040
良能	良	能	930
良知良能	良	知良能	620
良人	良	人	578
良駒	良	駒	247
良機勿失	良	機勿失	115
良家子弟	良	家子弟	1
良幣	良	幣	1
良港	良	港	1
良日	良	日	1
良深	良	深	1
良窳	良	窳	1
良性瘤	良	性瘤	1
良心何在	良	心何在	1
良性競爭	良	性競爭	1
跳動	跳	動	66615
跳舞	跳	舞	149890
跳躍	跳	躍	110675
跳槽	跳	槽	102895
跳出	跳	出	75025
跳過	跳	過	50370
跳下	跳	下	46130
跳水	跳	水	44050
跳樓	跳	樓	29815
跳出來	跳	出來	23290
跳繩	跳	繩	22580
跳進	跳	進	21345
跳上	跳	上	21280
跳蚤	跳	蚤	20050
跳蚤市場	跳	蚤市場	19550
跳板	跳	板	18790
跳傘	跳	傘	15460
跳高	跳	高	13705
跳下去	跳	下去	13215
跳遠	跳	遠	9025
跳台	跳	台	6230
跳脫	跳	脫	6000
跳棋	跳	棋	5010
跳開	跳	開	5005
跳馬	跳	馬	4200
跳票	跳	票	3240
跳腳	跳	腳	3205
跳海	跳	海	3115
跳神	跳	神	3055
跳級	跳	級	2845
跳牆	跳	牆	2595
跳越	跳	越	1630
跳梁小丑	跳	梁小丑	1565
跳房子	跳	房子	1485
跳行	跳	行	1345
跳船	跳	船	590
跳號	跳	號	580
跳機	跳	機	580
跳表	跳	表	495
跳錶	跳	錶	495
跳箱	跳	箱	495
跳踉	跳	踉	85
跳電	跳	電	1
跳豆	跳	豆	1
跳加官	跳	加官	1
身材	身	材	237765
身體	身	體	500772
身高	身	高	353055
身分證	身	分證	1
身份	身	份	500458
身分	身	分	1
身心	身	心	196135
身心障礙	身	心障礙	1
身份證	身	份證	352445
身子	身	子	261310
身後	身	後	256555
身影	身	影	235775
身為	身	為	150920
身軀	身	軀	89445
身形	身	形	79720
身處	身	處	75905
身穿	身	穿	75195
身價	身	價	66900
身亡	身	亡	45190
身手	身	手	44075
身世	身	世	43200
身故	身	故	37560
身體力行	身	體力行	28460
身段	身	段	24475
身臨其境	身	臨其境	24255
身法	身	法	23650
身長	身	長	18930
身不由己	身	不由己	18355
身家	身	家	17960
身受	身	受	15620
身兼	身	兼	12025
身外	身	外	11170
身孕	身	孕	10935
身無分文	身	無分文	10395
身居	身	居	9620
身懷絕技	身	懷絕技	6505
身敗名裂	身	敗名裂	6225
身外之物	身	外之物	5245
身手不凡	身	手不凡	5000
身輕如燕	身	輕如燕	2430
身懷六甲	身	懷六甲	1925
身教	身	教	1732
身毒	身	毒	1
身歷聲	身	歷聲	1
身價非凡	身	價非凡	1
運動	運	動	500677
運輸	運	輸	500362
運費	運	費	204580
運氣	運	氣	139760
運作	運	作	500311
運用	運	用	500627
運行	運	行	500768
運動員	運	動員	246570
運轉	運	轉	186045
運算	運	算	120660
運送	運	送	95710
運動會	運	動會	87525
運河	運	河	57615
運到	運	到	39635
運輸業	運	輸業	37870
運動場	運	動場	26435
運動量	運	動量	24910
運載	運	載	19230
運動服	運	動服	18610
運輸機	運	輸機	17480
運銷	運	銷	16285
運籌帷幄	運	籌帷幄	15505
運輸費	運	輸費	13070
運出	運	出	12510
運功	運	功	10515
運用上	運	用上	8840
運貨	運	貨	7750
運筆	運	筆	6815
運動器材	運	動器材	6740
運糧	運	糧	4755
運入	運	入	4175
運輸艦	運	輸艦	3590
運動衣	運	動衣	2760
運動褲	運	動褲	2495
運動史	運	動史	2265
運命	運	命	2195
運作者	運	作者	1640
運數	運	數	1555
運動精神	運	動精神	1515
運動家	運	動家	1205
運貨車	運	貨車	805
運搬	運	搬	585
運祚	運	祚	1
運筆如飛	運	筆如飛	1
運動傷害	運	動傷害	1
事情	事	情	500900
事實	事	實	510349
事先	事	先	287975
事項	事	項	500396
事件	事	件	500566
事業	事	業	500633
事故	事	故	500305
事物	事	物	441245
事務	事	務	396055
事宜	事	宜	257430
事後	事	後	199970
事務所	事	務所	109275
事跡	事	跡	102500
事蹟	事	蹟	102500
事業部	事	業部	99305
事前	事	前	66270
事由	事	由	58085
事事	事	事	56099
事半功倍	事	半功倍	54930
事態	事	態	35755
事業心	事	業心	32710
事變	事	變	27075
事與願違	事	與願違	18281
事主	事	主	13415
事理	事	理	11615
事例	事	例	11150
事倍功半	事	倍功半	10675
事務性	事	務性	10290
事兒	事	兒	8888
事端	事	端	8840
事必躬親	事	必躬親	5565
事權	事	權	5475
事在人為	事	在人為	4845
事出有因	事	出有因	4630
事不宜遲	事	不宜遲	3200
事功	事	功	2955
事略	事	略	2200
事務官	事	務官	690
事過境遷	事	過境遷	174
事機	事	機	1
事勢	事	勢	1
事體	事	體	1
事務局	事	務局	1
事務員	事	務員	1
二姊	二	姊	888
二樓	二	樓	888
二手	二	手	308160
二者	二	者	179225
二氧化碳	二	氧化碳	77530
二氧化硫	二	氧化硫	50665
二來	二	來	44340
二元	二	元	37565
二胡	二	胡	36860
二話不說	二	話不說	18110
二百五	二	百五	10405
二等兵	二	等兵	9710
二次大戰	二	次大戰	8645
二手貨	二	手貨	7340
二郎神	二	郎神	6670
二郎腿	二	郎腿	6035
二年生	二	年生	5640
二分法	二	分法	5256
二十四史	二	十四史	4835
二心	二	心	4760
二手煙	二	手煙	4175
二副	二	副	4150
二氧化錳	二	氧化錳	3830
二十四節氣	二	十四節氣	3810
二黃	二	黃	3080
二房東	二	房東	2955
二重唱	二	重唱	2910
二重奏	二	重奏	2455
二專	二	專	1750
二部曲	二	部曲	1450
二極體	二	極體	1190
二愣子	二	愣子	985
二行程	二	行程	465
二八佳人	二	八佳人	435
二部制	二	部制	150
二壘手	二	壘手	50
二哥大	二	哥大	30
二氧化	二	氧化	1
二二八事件	二	二八事件	1
二水	二	水	1
二極	二	極	1
二次全倒	二	次全倒	1
二輪電影	二	輪電影	1
二手傳播	二	手傳播	1
修改	修	改	500806
修復	修	復	454880
修訂	修	訂	322190
修正	修	正	278405
修理	修	理	208800
修建	修	建	198955
修煉	修	煉	168895
修養	修	養	152055
修行	修	行	137270
修飾	修	飾	100155
修補	修	補	85850
修剪	修	剪	70770
修長	修	長	47115
修繕	修	繕	44790
修好	修	好	37665
修護	修	護	36610
修築	修	築	33505
修身	修	身	33485
修正案	修	正案	32395
修路	修	路	30360
修整	修	整	30200
修辭	修	辭	25725
修女	修	女	21270
修道院	修	道院	15700
修道	修	道	13145
修造	修	造	11635
修士	修	士	11555
修身養性	修	身養性	11435
修訂本	修	訂本	10845
修葺	修	葺	10725
修理費	修	理費	9350
修憲	修	憲	8295
修業	修	業	3275
修治	修	治	2825
修指甲	修	指甲	1785
修面	修	面	1760
修繕費	修	繕費	1535
修齊	修	齊	925
修習	修	習	795
修己	修	己	90
修持	修	持	2
修定	修	定	1
修練	修	練	1
修正液	修	正液	1
假日	假	日	129540
假如	假	如	282010
假設	假	設	235440
假期	假	期	145535
假的	假	的	90250
假冒	假	冒	79975
假定	假	定	78195
假裝	假	裝	75940
假若	假	若	29475
假象	假	象	28685
假山	假	山	26100
假使	假	使	22860
假說	假	說	22470
假想	假	想	17705
假釋	假	釋	16900
假借	假	借	16815
假髮	假	髮	14650
假名	假	名	13720
假扮	假	扮	12920
假牙	假	牙	12705
假面	假	面	10295
假意	假	意	9985
假性	假	性	8580
假動作	假	動作	6670
假以時日	假	以時日	6105
假惺惺	假	惺惺	5780
假人	假	人	5090
假想敵	假	想敵	4900
假公濟私	假	公濟私	4395
假面具	假	面具	3805
假寐	假	寐	2865
假戲真做	假	戲真做	2705
假造	假	造	2680
假作	假	作	2465
假手	假	手	2445
假性近視	假	性近視	1775
假道學	假	道學	805
假手他人	假	手他人	470
假扣押	假	扣押	285
假道	假	道	253
假執行	假	執行	1
假仙	假	仙	1
假日花市	假	日花市	1
假以顏色	假	以顏色	1
包裹	包	裹	179650
包包	包	包	888
包子	包	子	288537
包裝	包	裝	500554
包括	包	括	502382
包含	包	含	500383
包容	包	容	91550
包圍	包	圍	89990
包頭	包	頭	74060
包袱	包	袱	71505
包皮	包	皮	49040
包廂	包	廂	45575
包車	包	車	38185
包紮	包	紮	34865
包換	包	換	29130
包給	包	給	24190
包攬	包	攬	21855
包庇	包	庇	21010
包公	包	公	18610
包辦	包	辦	17650
包涵	包	涵	15065
包羅萬象	包	羅萬象	14295
包裝紙	包	裝紙	12340
包租	包	租	11575
包抄	包	抄	8735
包青天	包	青天	7705
包工	包	工	7030
包羅	包	羅	5560
包機	包	機	4444
包圍起來	包	圍起來	3670
包夾	包	夾	3468
包心菜	包	心菜	2555
包管	包	管	2310
包銷	包	銷	2222
包船	包	船	1815
包打聽	包	打聽	1445
包飯	包	飯	1435
包藏	包	藏	999
包藏禍心	包	藏禍心	870
包起	包	起	9
包商	包	商	1
包班制	包	班制	1
包種茶	包	種茶	1
包裹表決	包	裹表決	1
意思	意	思	500314
意義	意	義	500575
意見	意	見	500984
意識	意	識	500520
意大利	意	大利	500264
意外	意	外	323325
意志	意	志	257495
意向	意	向	247860
意識到	意	識到	243720
意願	意	願	189225
意圖	意	圖	147335
意味	意	味	104675
意境	意	境	100315
意象	意	象	79000
意念	意	念	66090
意見書	意	見書	37275
意料	意	料	36320
意志力	意	志力	23520
意外險	意	外險	22885
意猶未盡	意	猶未盡	21805
意氣	意	氣	18130
意氣風發	意	氣風發	17160
意淫	意	淫	13525
意外事件	意	外事件	12880
意趣	意	趣	12640
意譯	意	譯	9659
意中人	意	中人	8445
意會	意	會	6580
意氣用事	意	氣用事	5990
意志消沉	意	志消沉	4115
意態	意	態	3340
意欲	意	欲	2382
意興闌珊	意	興闌珊	2180
意興	意	興	2125
意下	意	下	1630
意在言外	意	在言外	680
意表	意	表	570
意料到	意	料到	560
意謂	意	謂	1
意想	意	想	1
意旨	意	旨	1
意見領袖	意	見領袖	1
意識型態	意	識型態	1
意識流電影	意	識流電影	1
斷裂	斷	裂	94835
斷電	斷	電	49925
斷面	斷	面	43080
斷定	斷	定	42060
斷言	斷	言	36785
斷線	斷	線	35805
斷層	斷	層	33405
斷斷續續	斷	斷續續	29330
斷絕	斷	絕	29280
斷奶	斷	奶	25110
斷然	斷	然	21420
斷腸	斷	腸	17080
斷續	斷	續	12175
斷頭台	斷	頭台	12058
斷頭臺	斷	頭臺	12058
斷送	斷	送	11970
斷路	斷	路	10080
斷崖	斷	崖	9715
斷氣	斷	氣	8970
斷後	斷	後	8565
斷章取義	斷	章取義	8050
斷頭	斷	頭	8030
斷水	斷	水	6510
斷魂	斷	魂	5525
斷交	斷	交	4495
斷案	斷	案	4195
斷手	斷	手	2885
斷語	斷	語	2765
斷肢	斷	肢	2680
斷糧	斷	糧	2430
斷壁殘垣	斷	壁殘垣	2290
斷根	斷	根	2210
斷落	斷	落	1515
斷線風箏	斷	線風箏	1090
斷層掃描	斷	層掃描	985
斷袖	斷	袖	970
斷炊	斷	炊	960
斷垣殘壁	斷	垣殘壁	800
斷掌	斷	掌	705
斷片	斷	片	1
斷念	斷	念	1
斷簡殘編	斷	簡殘編	1
斷簡殘篇	斷	簡殘篇	1
斷絕來往	斷	絕來往	1
橫向	橫	向	130250
橫行	橫	行	41255
橫幅	橫	幅	40965
橫跨	橫	跨	33500
橫掃	橫	掃	29550
橫梁	橫	梁	24425
橫樑	橫	樑	24425
橫貫	橫	貫	14900
橫濱	橫	濱	11900
橫豎	橫	豎	11455
橫生	橫	生	10930
橫流	橫	流	10085
橫衝直撞	橫	衝直撞	9425
橫渡	橫	渡	9090
橫切	橫	切	7970
橫財	橫	財	7700
橫亙	橫	亙	7525
橫斷	橫	斷	7475
橫七豎八	橫	七豎八	6285
橫行霸道	橫	行霸道	6020
橫紋	橫	紋	5765
橫斷面	橫	斷面	5075
橫溢	橫	溢	3745
橫越	橫	越	3485
橫禍	橫	禍	3395
橫死	橫	死	3385
橫陳	橫	陳	3325
橫木	橫	木	3255
橫列	橫	列	3245
橫笛	橫	笛	2845
橫刀奪愛	橫	刀奪愛	2415
橫加	橫	加	2390
橫躺	橫	躺	2310
橫肉	橫	肉	1860
橫膈膜	橫	膈膜	1400
橫逆	橫	逆	1385
橫披	橫	披	1200
橫寫	橫	寫	800
橫生枝節	橫	生枝節	705
橫剖面	橫	剖面	535
橫眉豎目	橫	眉豎目	510
橫山	橫	山	222
橫貫公路	橫	貫公路	110
橫說豎說	橫	說豎說	1
王子	王	子	248805
王國	王	國	179600
王朝	王	朝	131575
王者	王	者	76795
王牌	王	牌	55800
王爺	王	爺	50520
王道	王	道	37995
王宮	王	宮	32830
王妃	王	妃	27475
王室	王	室	25940
王安石	王	安石	22275
王位	王	位	21730
王學	王	學	18810
王羲之	王	羲之	17640
王八蛋	王	八蛋	17260
王冠	王	冠	16305
王八	王	八	13425
王母	王	母	11930
王權	王	權	11610
王老五	王	老五	9810
王孫	王	孫	9685
王法	王	法	8510
王昭君	王	昭君	8345
王族	王	族	8165
王座	王	座	7995
王陽明	王	陽明	7585
王永慶	王	永慶	7555
王府	王	府	6740
王儲	王	儲	5830
王充	王	充	5390
王師	王	師	4525
王水	王	水	4145
王后	王	后	3718
王公	王	公	2016
王侯	王	侯	841
王政	王	政	6
王維	王	維	2
王父	王	父	1
王事	王	事	1
王相	王	相	1
王祥	王	祥	1
王業	王	業	1
王荊公	王	荊公	1
王貞治	王	貞治	1
脫離	脫	離	223930
脫落	脫	落	107755
脫穎而出	脫	穎而出	105275
脫水	脫	水	59990
脫下	脫	下	50730
脫產	脫	產	38150
脫掉	脫	掉	36630
脫節	脫	節	35650
脫口而出	脫	口而出	30715
脫身	脫	身	27690
脫俗	脫	俗	25020
脫皮	脫	皮	22730
脫毛	脫	毛	20575
脫胎換骨	脫	胎換骨	20560
脫衣	脫	衣	20465
脫去	脫	去	19405
脫手	脫	手	17210
脫殼	脫	殼	15075
脫脂	脫	脂	13370
脫險	脫	險	11675
脫胎	脫	胎	10965
脫困	脫	困	10760
脫位	脫	位	9630
脫逃	脫	逃	8240
脫光	脫	光	8135
脫鞋	脫	鞋	7835
脫口秀	脫	口秀	6435
脫水機	脫	水機	6250
脫兔	脫	兔	5935
脫不了	脫	不了	5780
脫衣舞	脫	衣舞	5425
脫臼	脫	臼	5370
脫氧	脫	氧	5320
脫卸	脫	卸	3060
脫稿	脫	稿	2570
脫黨	脫	黨	2485
脫罪	脫	罪	1700
脫班	脫	班	365
脫韁之馬	脫	韁之馬	340
脫售	脫	售	220
脫序	脫	序	95
脫腸	脫	腸	1
脫臭	脫	臭	1
脫水食品	脫	水食品	1
腦袋	腦	袋	247400
腦筋	腦	筋	42410
腦神經	腦	神經	12400
腦震盪	腦	震盪	5220
腦中風	腦	中風	6565
腦出血	腦	出血	1
腦子	腦	子	94535
腦海	腦	海	37720
腦部	腦	部	33215
腦後	腦	後	27350
腦力	腦	力	23030
腦細胞	腦	細胞	20985
腦門	腦	門	19910
腦膜炎	腦	膜炎	13465
腦組織	腦	組織	11085
腦殼	腦	殼	10485
腦筋急轉彎	腦	筋急轉彎	9890
腦炎	腦	炎	8750
腦幹	腦	幹	7455
腦電圖	腦	電圖	6910
腦瘤	腦	瘤	6310
腦膜	腦	膜	5370
腦漿	腦	漿	5030
腦際	腦	際	4905
腦腫瘤	腦	腫瘤	4295
腦髓	腦	髓	3295
腦袋瓜	腦	袋瓜	2820
腦汁	腦	汁	2810
腦下垂體	腦	下垂體	2590
腦力激盪	腦	力激盪	1955
腦勺	腦	勺	1370
腦滿腸肥	腦	滿腸肥	1085
腦挫傷	腦	挫傷	256
腦波	腦	波	66
腦充血	腦	充血	1
腦中樞	腦	中樞	1
腦神經衰弱	腦	神經衰弱	1
腦血管栓塞	腦	血管栓塞	1
腦量	腦	量	1
腦死	腦	死	1
腦學	腦	學	1
腦壓	腦	壓	1
腦溢血	腦	溢血	1
腦性麻痺	腦	性麻痺	1
野蠻	野	蠻	55695
野獸	野	獸	70110
野生動物	野	生動物	114800
野生	野	生	109345
野外	野	外	89675
野馬	野	馬	64462
野貓	野	貓	62065
野心	野	心	61440
野人	野	人	40745
野豬	野	豬	40485
野花	野	花	30630
野營	野	營	28795
野牛	野	牛	27896
野戰	野	戰	25755
野草	野	草	25735
野性	野	性	25305
野菜	野	菜	24855
野兔	野	兔	15750
野味	野	味	15330
野狗	野	狗	13385
野餐	野	餐	13315
野雞	野	雞	13095
野火	野	火	10760
野心勃勃	野	心勃勃	10125
野史	野	史	8450
野地	野	地	7160
野百合	野	百合	5195
野犬	野	犬	4678
野心家	野	心家	4325
野鳥	野	鳥	3605
野菊	野	菊	3155
野孩子	野	孩子	2765
野種	野	種	2000
野柳	野	柳	1710
野食	野	食	850
野鴛鴦	野	鴛鴦	450
野宴	野	宴	395
野雞車	野	雞車	280
野手	野	手	1
野台	野	台	1
野臺戲	野	臺戲	1
野戰砲	野	戰砲	1
野人獻曝	野	人獻曝	1
野手選擇	野	手選擇	1
銀行	銀	行	500769
銀子	銀	子	150425
銀色	銀	色	126975
銀幣	銀	幣	125330
銀行業	銀	行業	111370
銀河	銀	河	98185
銀杏	銀	杏	66710
銀兩	銀	兩	52660
銀幕	銀	幕	40100
銀牌	銀	牌	31195
銀耳	銀	耳	22900
銀白色	銀	白色	21430
銀座	銀	座	19985
銀行家	銀	行家	19260
銀灰色	銀	灰色	18800
銀光	銀	光	16770
銀票	銀	票	12895
銀髮	銀	髮	12180
銀白	銀	白	11925
銀彈	銀	彈	9999
銀花	銀	花	9435
銀粉	銀	粉	5910
銀根	銀	根	5580
銀錢	銀	錢	5490
銀行界	銀	行界	4490
銀盾	銀	盾	4095
銀樓	銀	樓	2990
銀漢	銀	漢	2865
銀輝	銀	輝	2705
銀圓	銀	圓	2165
銀婚	銀	婚	1545
銀紅	銀	紅	1455
銀器	銀	器	903
銀山	銀	山	893
銀行團	銀	行團	695
銀髮族	銀	髮族	645
銀貨兩訖	銀	貨兩訖	285
銀黃	銀	黃	12
銀釧	銀	釧	1
銀元	銀	元	1
銀紙	銀	紙	1
銀絲卷	銀	絲卷	1
銀髮產業	銀	髮產業	1
銀河倒瀉	銀	河倒瀉	1
離開	離	開	500504
離線	離	線	501795
離婚	離	婚	273330
離去	離	去	168310
離不開	離	不開	158265
離職	離	職	103295
離子	離	子	98915
離世	離	世	78380
離別	離	別	59265
離家	離	家	46690
離地	離	地	45815
離合器	離	合器	44920
離異	離	異	41225
離奇	離	奇	40425
離心	離	心	33250
離校	離	校	27665
離家出走	離	家出走	27385
離散	離	散	25505
離譜	離	譜	23120
離岸	離	岸	22565
離合	離	合	20635
離任	離	任	13805
離境	離	境	11580
離騷	離	騷	9560
離心力	離	心力	8670
離愁	離	愁	8255
離島	離	島	7955
離宮	離	宮	6245
離棄	離	棄	6075
離間	離	間	6000
離不了	離	不了	5320
離席	離	席	4945
離鄉	離	鄉	4880
離經叛道	離	經叛道	4380
離題	離	題	4250
離群	離	群	4075
離情	離	情	3605
離座	離	座	3390
離鄉背井	離	鄉背井	2415
離群索居	離	群索居	2375
離心離德	離	心離德	1240
離奇失蹤	離	奇失蹤	1220
離身	離	身	653
離情依依	離	情依依	395
兩者	兩	者	282730
兩岸	兩	岸	207045
兩極	兩	極	124930
兩手	兩	手	84530
兩端	兩	端	78905
兩旁	兩	旁	75385
兩性	兩	性	61690
兩樣	兩	樣	56015
兩難	兩	難	31185
兩翼	兩	翼	28110
兩口子	兩	口子	13920
兩棲	兩	棲	13325
兩漢	兩	漢	12715
兩敗俱傷	兩	敗俱傷	12000
兩廣	兩	廣	11990
兩頰	兩	頰	11210
兩用	兩	用	9999
兩面光	兩	面光	9999
兩性關係	兩	性關係	9780
兩全其美	兩	全其美	9595
兩全	兩	全	8330
兩情相悅	兩	情相悅	7775
兩碼事	兩	碼事	7465
兩袖清風	兩	袖清風	5875
兩小無猜	兩	小無猜	4600
兩下子	兩	下子	3960
兩棲類	兩	棲類	3650
兩極化	兩	極化	2890
兩面派	兩	面派	2750
兩可	兩	可	2540
兩段式	兩	段式	2330
兩伊	兩	伊	1475
兩造	兩	造	1435
兩不相欠	兩	不相欠	620
兩虎相爭	兩	虎相爭	610
兩邊倒	兩	邊倒	400
兩廂情願	兩	廂情願	352
兩三下	兩	三下	1
兩把刷子	兩	把刷子	1
兩鬢飛霜	兩	鬢飛霜	1
兩極觀點	兩	極觀點	1
兩棲部隊	兩	棲部隊	1
兩相情願	兩	相情願	1
圓形	圓	形	143965
圓滿	圓	滿	139105
圓潤	圓	潤	42210
圓明園	圓	明園	40255
圓柱	圓	柱	33905
圓圈	圓	圈	32160
圓滑	圓	滑	27720
圓弧	圓	弧	25900
圓錐	圓	錐	24385
圓盤	圓	盤	21120
圓通	圓	通	19510
圓桌	圓	桌	17040
圓夢	圓	夢	16810
圓心	圓	心	16180
圓環	圓	環	15475
圓球	圓	球	13775
圓筒	圓	筒	12330
圓周	圓	周	11295
圓寂	圓	寂	11015
圓月	圓	月	10575
圓融	圓	融	9765
圓舞曲	圓	舞曲	9010
圓頂	圓	頂	8505
圓柱體	圓	柱體	8335
圓桌會議	圓	桌會議	6690
圓木	圓	木	6060
圓領	圓	領	5885
圓錐形	圓	錐形	5640
圓周率	圓	周率	4880
圓規	圓	規	4715
圓餅	圓	餅	4345
圓成	圓	成	3830
圓石	圓	石	2525
圓錐體	圓	錐體	2220
圓熟	圓	熟	2185
圓整	圓	整	2170
圓渾	圓	渾	1370
圓山	圓	山	1352
圓房	圓	房	1160
圓筒狀	圓	筒狀	1100
圓謊	圓	謊	935
圓光	圓	光	212
圓鍬	圓	鍬	1
微笑	微	笑	411065
微微	微	微	216095
微生物	微	生物	153110
微型	微	型	102520
微波爐	微	波爐	57480
微米	微	米	41965
微不足道	微	不足道	41455
微妙	微	妙	41155
微小	微	小	38350
微電子	微	電子	35540
微量	微	量	35455
微弱	微	弱	32770
微電腦	微	電腦	31260
微微的	微	微的	27320
微乎其微	微	乎其微	20620
微細	微	細	18130
微積分	微	積分	15740
微塵	微	塵	15255
微光	微	光	14260
微薄	微	薄	13690
微粒	微	粒	12990
微波	微	波	9395
微縮	微	縮	9035
微風	微	風	6522
微服	微	服	5565
微醺	微	醺	4200
微言	微	言	2855
微詞	微	詞	2670
微卷	微	卷	2475
微言大義	微	言大義	2350
微粒子	微	粒子	2005
微末	微	末	1730
微分	微	分	1241
微晶片	微	晶片	115
微點	微	點	2
微血管	微	血管	1
微中子	微	中子	1
微差	微	差	1
微辭	微	辭	1
微少	微	少	1
微婉	微	婉	1
微曦	微	曦	1
微波食品	微	波食品	1
探索	探	索	500353
探討	探	討	463910
探究	探	究	187890
探測	探	測	138505
探險	探	險	102475
探測器	探	測器	83195
探頭	探	頭	73175
探望	探	望	47025
探尋	探	尋	34950
探求	探	求	31685
探出	探	出	27170
探訪	探	訪	26860
探查	探	查	16195
探花	探	花	15955
探險家	探	險家	15665
探路	探	路	14870
探視	探	視	13920
探員	探	員	11715
探詢	探	詢	11450
探戈	探	戈	11205
探險隊	探	險隊	10805
探照燈	探	照燈	8820
探聽	探	聽	8120
探知	探	知	7960
探長	探	長	7725
探底	探	底	5960
探班	探	班	5565
探問	探	問	4595
探源	探	源	4455
探親	探	親	4239
探病	探	病	4210
探頭探腦	探	頭探腦	3765
探案	探	案	3635
探身	探	身	2625
探監	探	監	2445
探看	探	看	2170
探囊取物	探	囊取物	2135
探勘	探	勘	900
探子	探	子	743
探悉	探	悉	595
探測船	探	測船	460
探友	探	友	290
探取	探	取	222
救國團	救	國團	440
救援	救	援	315250
救助	救	助	259800
救濟	救	濟	90085
救治	救	治	79780
救災	救	災	77485
救護	救	護	50140
救護車	救	護車	48645
救出	救	出	41300
救命	救	命	37145
救贖	救	贖	22305
救火	救	火	18455
救世主	救	世主	17385
救國	救	國	15070
救星	救	星	13460
救世	救	世	11770
救起	救	起	10450
救窮	救	窮	9999
救急	救	急	9165
救生衣	救	生衣	8370
救命恩人	救	命恩人	7010
救主	救	主	6785
救生圈	救	生圈	6295
救出來	救	出來	6220
救兵	救	兵	6095
救生員	救	生員	5550
救苦救難	救	苦救難	5070
救生艇	救	生艇	4805
救國救民	救	國救民	3330
救難	救	難	2860
救亡圖存	救	亡圖存	2290
救助者	救	助者	1910
救活	救	活	1412
救火車	救	火車	1175
救生船	救	生船	990
救火隊	救	火隊	900
救火員	救	火員	645
救護站	救	護站	560
救濟院	救	濟院	445
救濟品	救	濟品	255
救溺	救	溺	1
救總	救	總	1
救世軍	救	世軍	1
核心	核	心	500425
核准	核	准	304935
核實	核	實	241120
核定	核	定	195560
核桃	核	桃	166694
核對	核	對	153955
核發	核	發	133685
核銷	核	銷	59030
核電	核	電	51930
核武器	核	武器	46575
核算	核	算	23790
核能	核	能	23315
核彈	核	彈	14265
核減	核	減	11980
核驗	核	驗	11325
核電廠	核	電廠	9340
核燃料	核	燃料	8235
核爆	核	爆	3325
核果	核	果	2730
核仁	核	仁	2415
核戰	核	戰	2410
核汙染	核	汙染	2405
核酸	核	酸	1983
核廢料	核	廢料	1770
核分裂	核	分裂	1250
核計	核	計	1225
核辦	核	辦	1220
核能發電	核	能發電	885
核子	核	子	612
核融合	核	融合	1
核子彈	核	子彈	1
核子彈頭	核	子彈頭	1
核備	核	備	1
核覆	核	覆	1
核可	核	可	1
核派	核	派	1
核示	核	示	1
核四	核	四	1
核下	核	下	1
核閱	核	閱	1
核子潛艇	核	子潛艇	1
核子武器	核	子武器	1
核子戰爭	核	子戰爭	1
沒有	沒	有	504685
沒關係	沒	關係	107615
沒問題	沒	問題	888
沒事	沒	事	888
沒想到	沒	想到	373390
沒什麼	沒	什麼	335160
沒收	沒	收	298385
沒辦法	沒	辦法	152740
沒錯	沒	錯	149220
沒法	沒	法	96430
沒用	沒	用	74385
沒落	沒	落	28485
沒完沒了	沒	完沒了	28235
沒意思	沒	意思	22205
沒空	沒	空	18895
沒勁	沒	勁	15480
沒出息	沒	出息	11630
沒命	沒	命	11525
沒好氣	沒	好氣	10740
沒轍	沒	轍	8840
沒道理	沒	道理	8290
沒來由	沒	來由	7415
沒良心	沒	良心	7240
沒法子	沒	法子	6725
沒頭沒腦	沒	頭沒腦	6215
沒趣	沒	趣	5775
沒把握	沒	把握	5170
沒譜	沒	譜	3640
沒精打采	沒	精打采	3385
沒事人	沒	事人	3255
沒種	沒	種	2920
沒大沒小	沒	大沒小	2905
沒奈何	沒	奈何	2590
沒指望	沒	指望	1905
沒見識	沒	見識	1640
沒規矩	沒	規矩	985
沒骨氣	沒	骨氣	915
沒齒難忘	沒	齒難忘	860
沒主意	沒	主意	850
沒志氣	沒	志氣	815
沒著落	沒	著落	1
沒沒	沒	沒	1
沒沒無聞	沒	沒無聞	1
為什麼	為	什麼	500907
為何	為	何	320975
為止	為	止	216275
為人	為	人	190770
為期	為	期	133955
為榮	為	榮	121790
為首	為	首	109810
為宜	為	宜	107880
為難	為	難	75685
為限	為	限	42430
為題	為	題	35395
為例	為	例	30430
為害	為	害	26090
為學	為	學	25075
為證	為	證	24465
為人師表	為	人師表	21265
為公	為	公	18920
為善	為	善	18430
為政	為	政	15585
為所欲為	為	所欲為	15570
為伍	為	伍	14160
為己	為	己	12340
為私	為	私	9710
為時已晚	為	時已晚	9575
為患	為	患	9110
為數	為	數	8490
為國爭光	為	國爭光	5640
為非作歹	為	非作歹	5330
為生	為	生	5137
為憑	為	憑	4435
為國捐軀	為	國捐軀	3450
為民請命	為	民請命	2125
為虎作倀	為	虎作倀	2055
為幸	為	幸	1055
為今之計	為	今之計	950
為人作嫁	為	人作嫁	830
為主	為	主	685
為業	為	業	147
為甚麼	為	甚麼	1
為甚	為	甚	1
為要	為	要	1
為德不卒	為	德不卒	1
為民喉舌	為	民喉舌	1
路線	路	線	421315
路名	路	名	888
路上	路	上	394415
路徑	路	徑	334060
路口	路	口	256910
路面	路	面	165960
路過	路	過	164860
路段	路	段	143525
路程	路	程	93740
路子	路	子	71595
路燈	路	燈	63095
路人	路	人	62240
路況	路	況	57195
路途	路	途	52765
路基	路	基	37700
路德	路	德	25906
路標	路	標	21710
路易斯	路	易斯	20260
路透社	路	透社	16120
路費	路	費	10000
路數	路	數	8595
路障	路	障	7620
路肩	路	肩	5365
路見不平	路	見不平	5090
路邊攤	路	邊攤	4825
路局	路	局	3040
路軌	路	軌	2790
路遙知馬力	路	遙知馬力	2090
路不拾遺	路	不拾遺	1510
路加福音	路	加福音	1445
路條	路	條	845
路試	路	試	423
路祭	路	祭	325
路警	路	警	260
路見不平，拔刀相助	路	見不平，拔刀相助	1
路地	路	地	1
路隊	路	隊	1
路加	路	加	1
路跑	路	跑	1
路樹	路	樹	1
路竹	路	竹	1
路易士	路	易士	1
路遙知馬力，日久見人心	路	遙知馬力，日久見人心	1
近年	近	年	157205
近年來	近	年來	500344
近期	近	期	500305
近代	近	代	155615
近來	近	來	143630
近乎	近	乎	85115
近似	近	似	77700
近視	近	視	58730
近距離	近	距離	50100
近在咫尺	近	在咫尺	29045
近郊	近	郊	25945
近海	近	海	22515
近世	近	世	21000
近處	近	處	20215
近況	近	況	19195
近代史	近	代史	18960
近視眼	近	視眼	15390
近於	近	於	14710
近鄰	近	鄰	12750
近親	近	親	11670
近日	近	日	8888
近在眼前	近	在眼前	6745
近日來	近	日來	5520
近因	近	因	4805
近水樓台	近	水樓台	3650
近水樓臺	近	水樓臺	3650
近朱者赤	近	朱者赤	3340
近作	近	作	3000
近視眼鏡	近	視眼鏡	2975
近體詩	近	體詩	2560
近路	近	路	2315
近情	近	情	645
近鄉情怯	近	鄉情怯	390
近悅遠來	近	悅遠來	340
近情理	近	情理	1
近畿	近	畿	1
近利	近	利	1
近歲	近	歲	1
近海漁業	近	海漁業	1
近年以來	近	年以來	1
近情近理	近	情近理	1
近日以來	近	日以來	1
近朱者赤，近墨者黑	近	朱者赤，近墨者黑	1
道路	道	路	500439
道德	道	德	500286
道理	道	理	381125
道具	道	具	179780
道歉	道	歉	134980
道教	道	教	75525
道場	道	場	35365
道上	道	上	34930
道義	道	義	31955
道光	道	光	29760
道行	道	行	26095
道別	道	別	23110
道出	道	出	22135
道謝	道	謝	21170
道來	道	來	18085
道德經	道	德經	16110
道觀	道	觀	15740
道德觀	道	德觀	15020
道地	道	地	9820
道士	道	士	8967
道學	道	學	8580
道貌岸然	道	貌岸然	8025
道袍	道	袍	6725
道家	道	家	6237
道人	道	人	6129
道統	道	統	6030
道藏	道	藏	5475
道白	道	白	4875
道賀	道	賀	4675
道姑	道	姑	4535
道喜	道	喜	3680
道長	道	長	3674
道破	道	破	3555
道德哲學	道	德哲學	2880
道路網	道	路網	2640
道義責任	道	義責任	1000
道林紙	道	林紙	290
道道地地	道	道地地	1
道不同，不相為謀	道	不同，不相為謀	1
道里	道	里	1
道述	道	述	1
道聽塗說	道	聽塗說	1
道高一尺，魔高一丈	道	高一尺，魔高一丈	1
選擇	選	擇	502551
選用	選	用	404170
選手	選	手	360020
選舉	選	舉	311540
選購	選	購	300720
選拔	選	拔	235320
選取	選	取	174575
選定	選	定	172030
選出	選	出	126735
選擇題	選	擇題	123065
選民	選	民	73475
選擇性	選	擇性	72730
選區	選	區	70430
選派	選	派	67660
選修	選	修	56845
選配	選	配	47405
選票	選	票	40165
選材	選	材	39540
選課	選	課	32935
選號	選	號	27710
選集	選	集	25625
選美	選	美	21600
選拔賽	選	拔賽	19760
選讀	選	讀	17785
選礦	選	礦	17385
選舉權	選	舉權	14330
選入	選	入	9030
選種	選	種	7120
選舉人	選	舉人	6410
選本	選	本	3800
選粹	選	粹	1360
選播	選	播	915
選賢與能	選	賢與能	640
選舉票	選	舉票	430
選拔會	選	拔會	135
選罷法	選	罷法	70
選萃	選	萃	1
選風	選	風	1
選情	選	情	1
選填	選	填	1
選務	選	務	1
選舉區	選	舉區	1
選務所	選	務所	1
雞肉	雞	肉	60670
雞巴	雞	巴	888
雞掰	雞	掰	888
雞蛋	雞	蛋	343015
雞腿	雞	腿	19920
雞排	雞	排	1
峻塊	雞	塊	1
雞尾酒	雞	尾酒	50476
雞湯	雞	湯	33715
雞肋	雞	肋	19095
雞鳴	雞	鳴	15350
雞姦	雞	姦	11111
雞爪	雞	爪	9999
雞頭	雞	頭	9970
雞毛蒜皮	雞	毛蒜皮	9640
雞舍	雞	舍	9410
雞皮疙瘩	雞	皮疙瘩	9045
雞冠	雞	冠	8530
雞犬不寧	雞	犬不寧	5780
雞絲	雞	絲	5295
雞皮	雞	皮	4940
雞叫	雞	叫	4935
雞飛狗跳	雞	飛狗跳	4700
雞籠	雞	籠	4655
雞眼	雞	眼	4490
雞尾	雞	尾	4445
雞尾酒會	雞	尾酒會	3450
雞冠花	雞	冠花	3150
雞鴨魚肉	雞	鴨魚肉	3005
雞婆	雞	婆	2860
雞胸	雞	胸	2245
雞犬升天	雞	犬升天	2205
雞鳴狗盜	雞	鳴狗盜	1840
雞瘟	雞	瘟	1730
雞蛋裡挑骨頭	雞	蛋裡挑骨頭	1665
雞蛋糕	雞	蛋糕	1580
雞零狗碎	雞	零狗碎	1025
雞犬不留	雞	犬不留	885
雞皮鶴髮	雞	皮鶴髮	505
雞隻	雞	隻	1
雞口牛後	雞	口牛後	1
雞毛撢子	雞	毛撢子	1
雞同鴨講	雞	同鴨講	1
音樂	音	樂	501059
音量	音	量	94190
音頻	音	頻	286640
音響	音	響	221875
音效	音	效	111175
音質	音	質	98865
音色	音	色	78045
音樂會	音	樂會	68435
音符	音	符	62425
音樂家	音	樂家	49590
音調	音	調	28230
音節	音	節	27410
音樂廳	音	樂廳	26965
音樂劇	音	樂劇	26730
音譯	音	譯	21195
音樂節	音	樂節	19015
音速	音	速	16810
音樂盒	音	樂盒	16110
音標	音	標	14800
音階	音	階	13885
音訊	音	訊	12395
音律	音	律	11720
音樂界	音	樂界	9370
音樂系	音	樂系	9195
音樂台	音	樂台	9165
音信	音	信	7015
音樂史	音	樂史	5740
音素	音	素	4615
音樂性	音	樂性	3755
音帶	音	帶	3720
音波	音	波	3620
音叉	音	叉	2770
音韻	音	韻	2455
音容	音	容	2305
音樂片	音	樂片	1590
音感	音	感	1525
音容宛在	音	容宛在	220
音品	音	品	1
音栓	音	栓	1
音界號	音	界號	1
音效卡	音	效卡	1
音樂營	音	樂營	1
音樂治療	音	樂治療	1
停車	停	車	200370
停車場	停	車場	161960
停用	停	用	39895
停止	停	止	500337
停留	停	留	255255
停下	停	下	106155
停下來	停	下來	74330
停產	停	產	71265
停電	停	電	69665
停頓	停	頓	61705
停放	停	放	53360
停住	停	住	44415
停機	停	機	44215
停業	停	業	43345
停滯	停	滯	36695
停工	停	工	35105
停靠	停	靠	31020
停職	停	職	18907
停歇	停	歇	17380
停水	停	水	15435
停辦	停	辦	13625
停戰	停	戰	11695
停息	停	息	10575
停課	停	課	9780
停火	停	火	8995
停經	停	經	8885
停駛	停	駛	6970
停機坪	停	機坪	5760
停駐	停	駐	4075
停泊	停	泊	2543
停板	停	板	2510
停屍	停	屍	2300
停擺	停	擺	2265
停薪	停	薪	1210
停靈	停	靈	725
停妥	停	妥	705
停泊費	停	泊費	545
停話	停	話	1
停會	停	會	1
停蹄	停	蹄	1
停徵	停	徵	1
停置	停	置	1
勞動	勞	動	500321
勞動者	勞	動者	410205
勞動力	勞	動力	283140
勞務	勞	務	153435
勞累	勞	累	52185
勞工	勞	工	46785
勞力	勞	力	34990
勞作	勞	作	31595
勞資	勞	資	19940
勞保	勞	保	18010
勞苦	勞	苦	11805
勞民傷財	勞	民傷財	8615
勞心	勞	心	7890
勞改	勞	改	7485
勞頓	勞	頓	7370
勞資關係	勞	資關係	7275
勞碌	勞	碌	6805
勞力士	勞	力士	6215
勞動節	勞	動節	5775
勞神	勞	神	5360
勞資糾紛	勞	資糾紛	5180
勞役	勞	役	4770
勞駕	勞	駕	4190
勞煩	勞	煩	3850
勞而無功	勞	而無功	2565
勞燕分飛	勞	燕分飛	2065
勞苦功高	勞	苦功高	1995
勞師動眾	勞	師動眾	1455
勞保局	勞	保局	1180
勞碌命	勞	碌命	980
勞方	勞	方	890
勞民	勞	民	785
勞改營	勞	改營	485
勞工保險	勞	工保險	465
勞力士錶	勞	力士錶	460
勞基法	勞	基法	450
勞軍	勞	軍	14
勞績	勞	績	9
勞形	勞	形	1
勞動階級	勞	動階級	1
勞逸不均	勞	逸不均	1
勞動基準法	勞	動基準法	1
奇怪	奇	怪	353915
奇蹟	奇	蹟	236845
奇特	奇	特	133320
奇妙	奇	妙	99375
奇幻	奇	幻	60060
奇觀	奇	觀	53100
奇異	奇	異	41400
奇才	奇	才	33275
奇數	奇	數	22935
奇景	奇	景	19800
奇異果	奇	異果	18250
奇兵	奇	兵	17170
奇遇	奇	遇	16970
奇葩	奇	葩	16810
奇效	奇	效	12420
奇聞	奇	聞	11085
奇形怪狀	奇	形怪狀	9565
奇趣	奇	趣	9185
奇事	奇	事	9180
奇人	奇	人	8777
奇偉	奇	偉	7480
奇襲	奇	襲	7125
奇門遁甲	奇	門遁甲	6095
奇癢	奇	癢	6065
奇麗	奇	麗	5448
奇恥大辱	奇	恥大辱	4755
奇想	奇	想	4740
奇裝異服	奇	裝異服	3875
奇謀	奇	謀	3620
奇巖	奇	巖	3395
奇貨可居	奇	貨可居	3275
奇談	奇	談	2345
奇緣	奇	緣	2183
奇技	奇	技	1925
奇功	奇	功	664
奇風異俗	奇	風異俗	640
奇人異士	奇	人異士	111
奇大無比	奇	大無比	1
奇萊	奇	萊	1
奇熱	奇	熱	1
奇萊山	奇	萊山	1
奇幻迷離	奇	幻迷離	1
守法	守	法	3056429
守護	守	護	97660
守則	守	則	87040
守衛	守	衛	58425
守候	守	候	46325
守信	守	信	33410
守望	守	望	33190
守住	守	住	32750
守門員	守	門員	25950
守護神	守	護神	21175
守軍	守	軍	19675
守城	守	城	18700
守備	守	備	13105
守門	守	門	11100
守舊	守	舊	9545
守株待兔	守	株待兔	9335
守時	守	時	8795
守紀	守	紀	7620
守將	守	將	6615
守口如瓶	守	口如瓶	6110
守成	守	成	5995
守夜	守	夜	5750
守紀律	守	紀律	5355
守寡	守	寡	4645
守約	守	約	4525
守歲	守	歲	4435
守節	守	節	4045
守勢	守	勢	4005
守望相助	守	望相助	3898
守財奴	守	財奴	3370
守靈	守	靈	2865
守身如玉	守	身如玉	2735
守孝	守	孝	1920
守貞	守	貞	1475
守制	守	制	990
守分	守	分	790
守喪	守	喪	770
守密	守	密	590
守宮	守	宮	1
守份	守	份	1
守備率	守	備率	1
守正不阿	守	正不阿	1
少年	少	年	460620
少女	少	女	365385
少數	少	數	309685
少量	少	量	233145
少於	少	於	171920
少許	少	許	134640
少有	少	有	99975
少見	少	見	97750
少爺	少	爺	83760
少林	少	林	73225
少婦	少	婦	62975
少將	少	將	53575
少林寺	少	林寺	50255
少尉	少	尉	47775
少不了	少	不了	47150
少校	少	校	41405
少時	少	時	15315
少男	少	男	10875
少來	少	來	8080
少奶奶	少	奶奶	7055
少不得	少	不得	6625
少年犯	少	年犯	4560
少年人	少	年人	4485
少壯	少	壯	4320
少小	少	小	4150
少年隊	少	年隊	3850
少年組	少	年組	3810
少佐	少	佐	2990
少年法庭	少	年法庭	2670
少林拳	少	林拳	2445
少不更事	少	不更事	2325
少見多怪	少	見多怪	2070
少年老成	少	年老成	1850
少壯派	少	壯派	1805
少年郎	少	年郎	1725
少間	少	間	1125
少女裝	少	女裝	860
少棒	少	棒	265
少東	少	東	1
少棒隊	少	棒隊	1
少棒賽	少	棒賽	1
少女情懷	少	女情懷	1
朝鮮	朝	鮮	223585
朝陽	朝	陽	198365
朝廷	朝	廷	122345
朝向	朝	向	86670
朝代	朝	代	33760
朝氣	朝	氣	27985
朝鮮半島	朝	鮮半島	25470
朝暉	朝	暉	23255
朝氣蓬勃	朝	氣蓬勃	22235
朝上	朝	上	22075
朝霞	朝	霞	21550
朝天	朝	天	21105
朝拜	朝	拜	20980
朝下	朝	下	19535
朝政	朝	政	17560
朝聖	朝	聖	17545
朝夕	朝	夕	16155
朝外	朝	外	15095
朝野	朝	野	12985
朝日	朝	日	11455
朝覲	朝	覲	8240
朝山	朝	山	7405
朝思暮想	朝	思暮想	6410
朝露	朝	露	6285
朝朝	朝	朝	5315
朝朝暮暮	朝	朝暮暮	5035
朝貢	朝	貢	4940
朝三暮四	朝	三暮四	4815
朝令夕改	朝	令夕改	4735
朝服	朝	服	4655
朝日新聞	朝	日新聞	4385
朝會	朝	會	3205
朝暮	朝	暮	2955
朝不保夕	朝	不保夕	2710
朝前	朝	前	1761
朝秦暮楚	朝	秦暮楚	1370
朝曦	朝	曦	1015
朝生暮死	朝	生暮死	615
朝發夕至	朝	發夕至	420
朝聘	朝	聘	1
朝儀	朝	儀	1
朝聖團	朝	聖團	1
校園	校	園	500257
校長	校	長	478240
校區	校	區	162655
校友	校	友	119265
校外	校	外	69885
校對	校	對	66945
校正	校	正	66400
校準	校	準	53090
校門	校	門	46740
校方	校	方	43740
校服	校	服	32365
校友會	校	友會	31865
校風	校	風	25355
校務	校	務	25025
校花	校	花	24395
校訓	校	訓	16170
校址	校	址	16060
校車	校	車	15310
校規	校	規	13975
校本部	校	本部	13775
校長室	校	長室	10965
校刊	校	刊	7225
校隊	校	隊	6955
校勘	校	勘	6775
校慶	校	慶	6445
校舍	校	舍	5960
校歌	校	歌	5145
校醫	校	醫	4940
校訂	校	訂	3760
校官	校	官	2605
校際	校	際	1578
校閱	校	閱	1445
校警	校	警	1250
校稿	校	稿	1180
校監	校	監	1015
校旗	校	旗	975
校勘學	校	勘學	270
校編	校	編	1
校工	校	工	1
校譽	校	譽	1
校運	校	運	1
校園倫理	校	園倫理	1
洗澡	洗	澡	175105
洗好	洗	好	888
洗衣	洗	衣	68780
洗淨	洗	淨	172540
洗衣機	洗	衣機	132775
洗臉	洗	臉	70480
洗手間	洗	手間	56940
洗禮	洗	禮	54175
洗浴	洗	浴	50880
洗手	洗	手	38190
洗衣粉	洗	衣粉	31000
洗衣服	洗	衣服	29140
洗頭	洗	頭	28280
洗碗	洗	碗	25205
洗去	洗	去	22940
洗錢	洗	錢	20735
洗刷	洗	刷	20325
洗掉	洗	掉	17825
洗腦	洗	腦	11655
洗面	洗	面	11135
洗衣店	洗	衣店	10800
洗脫	洗	脫	8915
洗滌	洗	滌	8888
洗碗機	洗	碗機	8220
洗劫	洗	劫	7870
洗臉盆	洗	臉盆	5380
洗耳恭聽	洗	耳恭聽	4825
洗清	洗	清	4600
洗心革面	洗	心革面	4585
洗塵	洗	塵	3190
洗濯	洗	濯	2130
洗燙	洗	燙	1935
洗頭髮	洗	頭髮	1885
洗雪	洗	雪	1185
洗衣費	洗	衣費	1100
洗腎	洗	腎	999
洗手不幹	洗	手不幹	795
洗不清	洗	不清	720
洗照片	洗	照片	540
洗鍊	洗	鍊	1
洗罪	洗	罪	1
洗溝球	洗	溝球	1
溫度	溫	度	500372
溫暖	溫	暖	465130
溫州	溫	州	393635
溫柔	溫	柔	385980
溫馨	溫	馨	275700
溫泉	溫	泉	249770
溫和	溫	和	165045
溫情	溫	情	62215
溫水	溫	水	51230
溫室	溫	室	48285
溫熱	溫	熱	44890
溫飽	溫	飽	34560
溫差	溫	差	33280
溫度計	溫	度計	30715
溫潤	溫	潤	24045
溫哥華	溫	哥華	23135
溫存	溫	存	19550
溫帶	溫	帶	17615
溫順	溫	順	16675
溫婉	溫	婉	16245
溫開水	溫	開水	15450
溫床	溫	床	15050
溫習	溫	習	11380
溫室效應	溫	室效應	8680
溫馴	溫	馴	7190
溫泉浴	溫	泉浴	6010
溫雅	溫	雅	5570
溫厚	溫	厚	3745
溫良	溫	良	3575
溫故知新	溫	故知新	3170
溫煦	溫	煦	3015
溫書	溫	書	2735
溫酒	溫	酒	2670
溫文儒雅	溫	文儒雅	2160
溫柔鄉	溫	柔鄉	2130
溫和派	溫	和派	1850
溫故	溫	故	1655
溫純	溫	純	1
溫美	溫	美	1
溫文	溫	文	1
溫顏	溫	顏	1
溫潤如玉	溫	潤如玉	1
用餐	用	餐	124470
用途	用	途	465225
用戶	用	戶	502836
用來	用	來	500250
用品	用	品	384625
用地	用	地	356450
用力	用	力	237915
用水	用	水	227885
用法	用	法	220830
用心	用	心	205920
用以	用	以	139075
用人	用	人	133185
用到	用	到	115125
用作	用	作	107480
用具	用	具	104780
用語	用	語	93255
用詞	用	詞	83844
用料	用	料	71120
用處	用	處	63870
用上	用	上	62775
用完	用	完	58615
用意	用	意	43845
用功	用	功	30935
用為	用	為	27965
用兵	用	兵	24390
用不了	用	不了	21470
用光	用	光	18245
用去	用	去	15790
用場	用	場	11945
用心良苦	用	心良苦	10800
用情	用	情	9650
用掉	用	掉	7950
用之不竭	用	之不竭	6940
用計	用	計	6840
用膳	用	膳	5310
用不完	用	不完	5170
用刑	用	刑	2830
用武	用	武	2660
用畢	用	畢	1925
用事	用	事	8
用不著	用	不著	1
用得著	用	得著	1
養殖	養	殖	292820
養成	養	成	215970
養護	養	護	159605
養老	養	老	146430
養生	養	生	100815
養老金	養	老金	72375
養分	養	分	57890
養豬	養	豬	48665
養育	養	育	40675
養活	養	活	30485
養雞	養	雞	19650
養鳥	養	鳥	17050
養蠶	養	蠶	11800
養老院	養	老院	11075
養傷	養	傷	10365
養廉	養	廉	9999
養家	養	家	9830
養料	養	料	9800
養父	養	父	9425
養子	養	子	9305
養病	養	病	9145
養豬場	養	豬場	8765
養性	養	性	7430
養女	養	女	6975
養雞場	養	雞場	6680
養神	養	神	6570
養尊處優	養	尊處優	6550
養精蓄銳	養	精蓄銳	5550
養氣	養	氣	5475
養母	養	母	5235
養不起	養	不起	4100
養身	養	身	3090
養肥	養	肥	1775
養兵	養	兵	1360
養魚池	養	魚池	1140
養家活口	養	家活口	625
養癰成患	養	癰成患	95
養虎遺患	養	虎遺患	60
養珠	養	珠	1
養樂多	養	樂多	1
養生送死	養	生送死	1
養殖漁業	養	殖漁業	1
世界	世	界	501464
世代	世	代	47025
世紀	世	紀	500574
世間	世	間	196150
世人	世	人	138265
世上	世	上	131170
世界觀	世	界觀	105495
世尊	世	尊	62140
世家	世	家	62005
世俗	世	俗	61450
世界級	世	界級	48420
世事	世	事	41355
世外桃源	世	外桃源	32975
世界貿易組織	世	界貿易組織	29430
世界大戰	世	界大戰	23635
世界性	世	界性	23040
世道	世	道	16870
世襲	世	襲	14290
世面	世	面	13820
世世代代	世	世代代	13360
世故	世	故	12820
世居	世	居	6955
世態炎涼	世	態炎涼	5795
世態	世	態	4900
世風日下	世	風日下	4095
世說	世	說	3225
世交	世	交	2895
世事難料	世	事難料	2680
世仇	世	仇	2400
世界大同	世	界大同	2130
世運	世	運	1035
世局	世	局	745
世系	世	系	737
世代交替	世	代交替	665
世侄	世	侄	660
世兄	世	兄	214
世宗	世	宗	2
世盟	世	盟	1
世務	世	務	1
世界運動會	世	界運動會	1
世界展望會	世	界展望會	1
利用	利	用	501412
利益	利	益	500742
利潤	利	潤	500444
利於	利	於	291030
利息	利	息	241810
利率	利	率	225585
利害關係	利	害關係	69625
利器	利	器	57825
利物浦	利	物浦	37985
利尿	利	尿	24905
利息收入	利	息收入	21790
利弊	利	弊	21620
利空	利	空	19380
利比亞	利	比亞	18160
利刃	利	刃	16225
利息支出	利	息支出	13855
利多	利	多	12425
利己	利	己	10940
利害	利	害	9999
利他	利	他	9550
利尿劑	利	尿劑	9500
利誘	利	誘	8890
利得	利	得	5555
利令智昏	利	令智昏	3637
利息費用	利	息費用	3185
利慾	利	慾	2765
利市	利	市	2565
利人	利	人	2526
利祿	利	祿	2105
利他主義	利	他主義	1855
利人利己	利	人利己	1660
利害得失	利	害得失	1165
利益輸送	利	益輸送	1120
利益均霑	利	益均霑	711
利己利人	利	己利人	555
利錢	利	錢	104
利馬	利	馬	5
利多於弊	利	多於弊	1
利便	利	便	1
利源	利	源	1
利慾薰心	利	慾薰心	1
常常	常	常	500295
常用詞	常	用詞	888
常見	常	見	464715
常規	常	規	344145
常年	常	年	186745
常務	常	務	183125
常識	常	識	167720
常委會	常	委會	145990
常人	常	人	75020
常會	常	會	62350
常務理事	常	務理事	59895
常委	常	委	36735
常駐	常	駐	34525
常態	常	態	32760
常溫	常	溫	30680
常數	常	數	29650
常務委員	常	務委員	28340
常客	常	客	27525
常理	常	理	25260
常設	常	設	16910
常綠	常	綠	14840
常備	常	備	14435
常言道	常	言道	12140
常服	常	服	7615
常春藤	常	春藤	6960
常青樹	常	青樹	6215
常事	常	事	5128
常言	常	言	4075
常情	常	情	3425
常務董事	常	務董事	3115
常談	常	談	2115
常軌	常	軌	1999
常例	常	例	1755
常勝軍	常	勝軍	1380
常綠樹	常	綠樹	1280
常價	常	價	1000
常務監事	常	務監事	240
常德	常	德	1
常川	常	川	1
常備兵	常	備兵	1
常態分班	常	態分班	1
編輯	編	輯	501054
編號	編	號	500911
編制	編	制	500354
編製	編	製	500354
編寫	編	寫	432150
編碼	編	碼	326805
編譯	編	譯	151535
編輯部	編	輯部	111545
編劇	編	劇	93240
編排	編	排	87875
編織	編	織	83915
編著	編	著	71685
編導	編	導	54230
編曲	編	曲	44130
編者	編	者	39050
編纂	編	纂	37955
編造	編	造	36400
編成	編	成	33270
編印	編	印	26010
編隊	編	隊	24195
編撰	編	撰	23760
編組	編	組	14185
編修	編	修	11195
編為	編	為	10385
編錄	編	錄	9670
編輯室	編	輯室	5860
編審	編	審	5555
編年史	編	年史	4930
編班	編	班	3560
編結	編	結	3325
編列	編	列	3170
編入	編	入	3086
編訂	編	訂	2975
編年體	編	年體	2195
編書	編	書	2165
編織品	編	織品	1745
編次	編	次	1685
編派	編	派	9
編練	編	練	1
編配	編	配	1
編譯館	編	譯館	1
肉棒	肉	棒	888
肉穴	肉	穴	888
肉鬆	肉	鬆	7320
肉燥飯	肉	燥飯	1
肉圓	肉	圓	1
肉包	肉	包	3265
肉羹	肉	羹	1
肉飯	肉	飯	888
肉眼	肉	眼	107745
肉體	肉	體	104895
肉類	肉	類	94135
肉質	肉	質	42720
肉乾	肉	乾	36094
肉牛	肉	牛	33620
肉雞	肉	雞	31980
肉身	肉	身	25335
肉食	肉	食	23575
肉絲	肉	絲	20175
肉片	肉	片	19695
肉桂	肉	桂	19040
肉麻	肉	麻	15465
肉瘤	肉	瘤	13225
肉湯	肉	湯	13180
肉餡	肉	餡	13175
肉搏	肉	搏	12540
肉色	肉	色	10580
肉慾	肉	慾	7275
肉餅	肉	餅	7260
肉醬	肉	醬	6275
肉丁	肉	丁	5415
肉感	肉	感	4185
肉汁	肉	汁	3840
肉搏戰	肉	搏戰	3540
肉包子	肉	包子	3340
肉粽	肉	粽	2605
肉刑	肉	刑	2585
肉店	肉	店	2155
肉中刺	肉	中刺	1095
肉票	肉	票	755
肉販	肉	販	680
肉舖	肉	舖	1
遊戲	遊	戲	501509
遊樂園	遊	樂園	19635
遊覽車	遊	覽車	3475
遊戲場	遊	戲場	1805
遊客	遊	客	500661
遊覽	遊	覽	352535
遊人	遊	人	120840
遊玩	遊	玩	81430
遊記	遊	記	66145
遊艇	遊	艇	46430
遊行	遊	行	44495
遊走	遊	走	43355
遊蕩	遊	蕩	36425
遊盪	遊	盪	36425
遊子	遊	子	35950
遊刃有餘	遊	刃有餘	28945
遊歷	遊	歷	26830
遊說	遊	說	25325
遊擊	遊	擊	24660
遊樂場	遊	樂場	22120
遊俠	遊	俠	17873
遊牧	遊	牧	17075
遊園	遊	園	14280
遊學	遊	學	13750
遊山玩水	遊	山玩水	12515
遊藝	遊	藝	11845
遊魂	遊	魂	11610
遊手好閒	遊	手好閒	9535
遊騎兵	遊	騎兵	6305
遊絲	遊	絲	5990
遊街	遊	街	4455
遊興	遊	興	3530
遊戲人間	遊	戲人間	3440
遊民	遊	民	3253
遊園會	遊	園會	3150
遊逛	遊	逛	3025
遊蹤	遊	蹤	2360
遊憩	遊	憩	836
遊藝會	遊	藝會	220
遊樂	遊	樂	34
遊星	遊	星	1
阿姨	阿	姨	143215
阿根廷	阿	根廷	105480
阿拉伯	阿	拉伯	77710
阿彌陀佛	阿	彌陀佛	64425
阿富汗	阿	富汗	54219
阿波羅	阿	波羅	25625
阿拉伯數字	阿	拉伯數字	21935
阿飛	阿	飛	19945
阿拉斯加	阿	拉斯加	19270
阿拉伯語	阿	拉伯語	16615
阿修羅	阿	修羅	16335
阿婆	阿	婆	15210
阿爾卑斯	阿	爾卑斯	13740
阿拉伯人	阿	拉伯人	13340
阿媽	阿	媽	9840
阿門	阿	門	9835
阿伯	阿	伯	9310
阿訇	阿	訇	8340
阿里山	阿	里山	7395
阿爸	阿	爸	6170
阿米巴	阿	米巴	5380
阿拉伯文	阿	拉伯文	4525
阿公	阿	公	4360
阿叔	阿	叔	3555
阿諛	阿	諛	2630
阿母	阿	母	2520
阿肯色州	阿	肯色州	2140
阿貓	阿	貓	2080
阿狗	阿	狗	1670
阿拉伯海	阿	拉伯海	1605
阿兵哥	阿	兵哥	1205
阿米巴痢疾	阿	米巴痢疾	1010
阿拉	阿	拉	431
阿摩尼亞	阿	摩尼亞	420
阿寶	阿	寶	13
阿岡	阿	岡	1
阿莎力	阿	莎力	1
阿拉真主	阿	拉真主	1
阿姆斯壯	阿	姆斯壯	1
阿斯匹靈	阿	斯匹靈	1
阿茨海默症	阿	茨海默症	1
雜物	雜	物	52850
雜亂	雜	亂	37835
雜誌	雜	誌	500388
雜誌社	雜	誌社	104175
雜質	雜	質	76795
雜交	雜	交	60060
雜草	雜	草	48250
雜費	雜	費	37585
雜碎	雜	碎	30171
雜技	雜	技	30100
雜文	雜	文	30050
雜音	雜	音	23205
雜念	雜	念	18825
雜糧	雜	糧	17220
雜貨	雜	貨	16355
雜亂無章	雜	亂無章	16100
雜牌	雜	牌	13885
雜色	雜	色	13030
雜項	雜	項	12810
雜貨店	雜	貨店	12645
雜種	雜	種	12030
雜七雜八	雜	七雜八	10450
雜事	雜	事	9999
雜記	雜	記	8465
雜劇	雜	劇	8080
雜耍	雜	耍	6845
雜居	雜	居	6155
雜草叢生	雜	草叢生	5625
雜燴	雜	燴	4760
雜役	雜	役	4505
雜務	雜	務	4170
雜感	雜	感	3410
雜錄	雜	錄	2410
雜陳	雜	陳	2000
雜處	雜	處	1940
雜沓	雜	沓	1770
雜拌兒	雜	拌兒	400
雜錯	雜	錯	1
雜遝	雜	遝	1
雜訊	雜	訊	1
雜支	雜	支	1
廣告	廣	告	501618
廣州	廣	州	500887
廣東	廣	東	500656
廣大	廣	大	500528
廣泛	廣	泛	500429
廣場	廣	場	500379
廣東省	廣	東省	500368
廣州市	廣	州市	500304
廣西	廣	西	500281
廣播	廣	播	351540
廣闊	廣	闊	249400
廣播電視	廣	播電視	175550
廣義	廣	義	59700
廣播電台	廣	播電台	50385
廣告費	廣	告費	38790
廣告業	廣	告業	29050
廣度	廣	度	28340
廣博	廣	博	25245
廣告人	廣	告人	21645
廣廈	廣	廈	20400
廣交	廣	交	19215
廣東話	廣	東話	16735
廣播公司	廣	播公司	12640
廣西省	廣	西省	12445
廣島	廣	島	12410
廣播站	廣	播站	11530
廣播節目	廣	播節目	9375
廣播網	廣	播網	8675
廣布	廣	布	4185
廣東菜	廣	東菜	3514
廣結	廣	結	3470
廣州話	廣	州話	3445
廣結善緣	廣	結善緣	3030
廣漠	廣	漠	2315
廣開門路	廣	開門路	930
廣播界	廣	播界	700
廣告社	廣	告社	290
廣加	廣	加	1
廣受好評	廣	受好評	1
廣播歌仔戲	廣	播歌仔戲	1
標點	標	點	25715
標的	標	的	11
標準	標	準	502189
標題	標	題	501300
標籤	標	籤	500462
標誌	標	誌	500411
標記	標	記	295535
標明	標	明	156930
標本	標	本	91250
標示	標	示	79115
標致	標	致	65465
標緻	標	緻	65465
標語	標	語	65255
標價	標	價	52720
標兵	標	兵	46610
標榜	標	榜	35345
標槍	標	槍	30930
標尺	標	尺	26585
標出	標	出	25735
標線	標	線	22565
標點符號	標	點符號	21675
標高	標	高	17775
標新立異	標	新立異	16860
標識	標	識	10000
標準制	標	準制	8260
標準桿	標	準桿	6635
標準舞	標	準舞	3150
標準局	標	準局	2930
標準鏡頭	標	準鏡頭	2705
標靶	標	靶	1755
標題音樂	標	題音樂	665
標界	標	界	310
標單	標	單	1
標竿	標	竿	1
標購	標	購	1
標會	標	會	1
標舉	標	舉	1
標售	標	售	1
標幟	標	幟	1
標的物	標	的物	1
殺手	殺	手	207140
殺死	殺	死	164105
殺菌	殺	菌	88005
殺害	殺	害	62685
殺掉	殺	掉	52845
殺傷力	殺	傷力	41930
殺戮	殺	戮	37275
殺蟲劑	殺	蟲劑	35350
殺傷	殺	傷	33780
殺氣	殺	氣	33080
殺菌劑	殺	菌劑	22270
殺機	殺	機	18770
殺敵	殺	敵	18405
殺生	殺	生	17175
殺人犯	殺	人犯	12010
殺青	殺	青	11725
殺光	殺	光	11645
殺價	殺	價	9465
殺身之禍	殺	身之禍	6755
殺頭	殺	頭	6175
殺人滅口	殺	人滅口	6085
殺人不眨眼	殺	人不眨眼	3980
殺雞取卵	殺	雞取卵	3870
殺伐	殺	伐	3790
殺出重圍	殺	出重圍	3520
殺身	殺	身	3150
殺人如麻	殺	人如麻	2615
殺人罪	殺	人罪	2300
殺一儆百	殺	一儆百	1962
殺戒	殺	戒	1615
殺身成仁	殺	身成仁	1200
殺虫藥	殺	虫藥	1125
殺蟲藥	殺	蟲藥	1125
殺雞儆猴	殺	雞儆猴	940
殺雞焉用牛刀	殺	雞焉用牛刀	465
殺風景	殺	風景	1
殺人不見血	殺	人不見血	1
殺低	殺	低	1
殺草劑	殺	草劑	1
殺聲震天	殺	聲震天	1
毛澤東	毛	澤東	396080
毛巾	毛	巾	127795
毛病	毛	病	126550
毛孔	毛	孔	84475
毛衣	毛	衣	73700
毛髮	毛	髮	62475
毛毛蟲	毛	毛蟲	48631
毛利	毛	利	43805
毛利率	毛	利率	34285
毛皮	毛	皮	30530
毛坯	毛	坯	29010
毛筆	毛	筆	26605
毛骨悚然	毛	骨悚然	21300
毛毯	毛	毯	19950
毛片	毛	片	19765
毛豆	毛	豆	19495
毛線	毛	線	17850
毛氈	毛	氈	15695
毛刷	毛	刷	13150
毛蟲	毛	蟲	8680
毛細管	毛	細管	8080
毛料	毛	料	7525
毛遂自薦	毛	遂自薦	6760
毛毛雨	毛	毛雨	4590
毛筆字	毛	筆字	4485
毛蟹	毛	蟹	4343
毛紡廠	毛	紡廠	2905
毛手毛腳	毛	手毛腳	2375
毛躁	毛	躁	2300
毛茸茸	毛	茸茸	1625
毛織品	毛	織品	1560
毛線衣	毛	線衣	1295
毛紡	毛	紡	1112
毛襪	毛	襪	935
毛瑟槍	毛	瑟槍	500
毛筆畫	毛	筆畫	165
毛豬	毛	豬	1
毛額	毛	額	1
毛坑	毛	坑	1
毛細管現象	毛	細管現象	1
沙發	沙	發	235615
沙漠	沙	漠	162425
沙拉	沙	拉	121544
沙灘	沙	灘	120895
沙龍	沙	龍	113545
沙丘	沙	丘	24775
沙門	沙	門	22835
沙場	沙	場	17785
沙土	沙	土	16315
沙洲	沙	洲	16145
沙皇	沙	皇	15610
沙盤	沙	盤	14760
沙塵	沙	塵	13295
沙石	沙	石	9999
沙坑	沙	坑	9880
沙粒	沙	粒	9415
沙袋	沙	袋	8965
沙包	沙	包	8205
沙丁魚	沙	丁魚	8165
沙礫	沙	礫	7785
沙子	沙	子	7295
沙漏	沙	漏	6600
沙彌	沙	彌	6200
沙鷗	沙	鷗	3985
沙堆	沙	堆	3980
沙金	沙	金	2422
沙沙	沙	沙	2120
沙發椅	沙	發椅	1930
沙文主義	沙	文主義	1895
沙河	沙	河	1111
沙啞	沙	啞	1032
沙茶	沙	茶	980
沙鹿	沙	鹿	190
沙巴	沙	巴	2
沙田	沙	田	2
沙鍋	沙	鍋	1
沙林	沙	林	1
沙拉油	沙	拉油	1
沙勞越	沙	勞越	1
沙盤推演	沙	盤推演	1
皮膚	皮	膚	500503
皮革	皮	革	143060
皮鞋	皮	鞋	98230
皮帶	皮	帶	72385
皮膚病	皮	膚病	52230
皮毛	皮	毛	46100
皮包	皮	包	33285
皮質	皮	質	31825
皮球	皮	球	30185
皮膚科	皮	膚科	25245
皮脂	皮	脂	23960
皮疹	皮	疹	23855
皮肉	皮	肉	17125
皮衣	皮	衣	16600
皮脂腺	皮	脂腺	15985
皮蛋	皮	蛋	14780
皮層	皮	層	12705
皮箱	皮	箱	11280
皮靴	皮	靴	10655
皮件	皮	件	6850
皮下注射	皮	下注射	6795
皮影戲	皮	影戲	6750
皮囊	皮	囊	6265
皮笑肉不笑	皮	笑肉不笑	3840
皮袋	皮	袋	3300
皮夾克	皮	夾克	2985
皮條	皮	條	2565
皮鼓	皮	鼓	2330
皮開肉綻	皮	開肉綻	2275
皮製品	皮	製品	1885
皮黃	皮	黃	1825
皮包骨	皮	包骨	1765
皮相	皮	相	1700
皮夾子	皮	夾子	1640
皮夾	皮	夾	1258
皮癢	皮	癢	1115
皮爾遜	皮	爾遜	1005
皮雕	皮	雕	1
皮膜	皮	膜	1
皮舟	皮	舟	1
茶葉	茶	葉	358575
茶館	茶	館	78970
茶水	茶	水	52070
茶樓	茶	樓	41670
茶具	茶	具	40570
茶杯	茶	杯	38610
茶几	茶	几	32430
茶壺	茶	壺	30085
茶道	茶	道	26285
茶藝	茶	藝	23960
茶市	茶	市	22222
茶座	茶	座	17375
茶山	茶	山	13950
茶色	茶	色	13930
茶點	茶	點	13165
茶餘飯後	茶	餘飯後	13030
茶室	茶	室	12495
茶莊	茶	莊	12425
茶坊	茶	坊	12035
茶會	茶	會	9999
茶商	茶	商	9860
茶話會	茶	話會	7055
茶油	茶	油	6920
茶藝館	茶	藝館	6630
茶葉蛋	茶	葉蛋	5645
茶園	茶	園	4828
茶包	茶	包	4415
茶花女	茶	花女	3370
茶飯不思	茶	飯不思	2815
茶飯	茶	飯	2595
茶棚	茶	棚	1955
茶磚	茶	磚	1670
茶花	茶	花	1468
茶末	茶	末	1360
茶褐色	茶	褐色	1095
茶葉末	茶	葉末	850
茶匙	茶	匙	243
茶青	茶	青	1
茶行	茶	行	1
茶酒	茶	酒	1
虛假	虛	假	311965
虛擬	虛	擬	311765
虛偽	虛	偽	71730
虛幻	虛	幻	58805
虛弱	虛	弱	58265
虛構	虛	構	54755
虛無	虛	無	47275
虛實	虛	實	35930
虛心	虛	心	35740
虛報	虛	報	33335
虛榮	虛	榮	31615
虛榮心	虛	榮心	23140
虛妄	虛	妄	17305
虛線	虛	線	14450
虛名	虛	名	14150
虛脫	虛	脫	12925
虛無縹緲	虛	無縹緲	7885
虛度	虛	度	7810
虛設	虛	設	7385
虛張聲勢	虛	張聲勢	7180
虛火	虛	火	5730
虛情假意	虛	情假意	4750
虛懷若谷	虛	懷若谷	4300
虛浮	虛	浮	4120
虛言	虛	言	4015
虛掩	虛	掩	3990
虛驚一場	虛	驚一場	3670
虛歲	虛	歲	2475
虛驚	虛	驚	2230
虛耗	虛	耗	1960
虛數	虛	數	1865
虛字	虛	字	1745
虛有其表	虛	有其表	1570
虛擲	虛	擲	1440
虛與委蛇	虛	與委蛇	1320
虛文	虛	文	875
虛晃一招	虛	晃一招	565
虛應故事	虛	應故事	420
虛空	虛	空	70
虛擬實境	虛	擬實境	27
講話	講	話	370555
講座	講	座	299695
講解	講	解	283440
講述	講	述	232285
講究	講	究	211780
講授	講	授	113020
講到	講	到	76615
講義	講	義	52850
講求	講	求	52180
講學	講	學	47280
講台	講	台	37650
講臺	講	臺	37650
講演	講	演	28090
講起	講	起	24175
講給	講	給	21520
講評	講	評	19410
講出	講	出	18090
講師	講	師	17767
講明	講	明	17475
講壇	講	壇	17105
講堂	講	堂	15150
講法	講	法	11690
講理	講	理	11020
講稿	講	稿	10595
講道	講	道	10115
講交情	講	交情	9999
講出來	講	出來	9260
講價	講	價	9015
講和	講	和	5630
講起來	講	起來	3600
講題	講	題	3540
講習	講	習	3410
講習所	講	習所	3220
講習班	講	習班	3050
講下去	講	下去	2885
講情	講	情	2310
講經	講	經	1209
講習會	講	習會	770
講詞	講	詞	1
講書	講	書	1
賣場	賣	場	300000
賣家	賣	家	300000
賣出	賣	出	158670
賣方	賣	方	129170
賣給	賣	給	99245
賣掉	賣	掉	64590
賣淫	賣	淫	47605
賣到	賣	到	42120
賣力	賣	力	27510
賣出去	賣	出去	18945
賣弄	賣	弄	16455
賣價	賣	價	14800
賣完	賣	完	14625
賣座	賣	座	14385
賣國賊	賣	國賊	13815
賣主	賣	主	13200
賣身	賣	身	12845
賣不出去	賣	不出去	12305
賣藝	賣	藝	11430
賣命	賣	命	10740
賣錢	賣	錢	9550
賣國	賣	國	7535
賣空	賣	空	6445
賣唱	賣	唱	5755
賣光	賣	光	4955
賣不掉	賣	不掉	3540
賣關子	賣	關子	3330
賣乖	賣	乖	2990
賣身契	賣	身契	1880
賣春	賣	春	1560
賣笑	賣	笑	1515
賣友求榮	賣	友求榮	505
賣身投靠	賣	身投靠	335
賣超	賣	超	2
賣面子	賣	面子	1
賣人情	賣	人情	1
賣斷	賣	斷	1
賣帳	賣	帳	1
賣藝者	賣	藝者	1
賣主求榮	賣	主求榮	1
除外	除	外	402370
除非	除	非	249375
除此之外	除	此之外	138535
除去	除	去	121770
除了	除	了	50106
除以	除	以	44180
除掉	除	掉	38435
除塵	除	塵	38005
除夕	除	夕	24815
除名	除	名	24515
除此以外	除	此以外	23165
除草劑	除	草劑	21685
除草	除	草	21240
除溼	除	溼	19230
除濕	除	濕	19230
除臭	除	臭	19180
除濕機	除	濕機	18455
除法	除	法	16675
除害	除	害	10035
除弊	除	弊	9999
除霜	除	霜	7490
除卻	除	卻	7400
除數	除	數	5845
除根	除	根	4445
除蟲菊	除	蟲菊	3865
除惡	除	惡	3385
除暴安良	除	暴安良	2875
除邪	除	邪	1665
除惡務盡	除	惡務盡	1418
除暴	除	暴	1070
除舊布新	除	舊布新	1050
除舊佈新	除	舊佈新	1050
除災	除	災	820
除籍	除	籍	375
除蟲劑	除	蟲劑	345
除權	除	權	10
除役	除	役	1
除病	除	病	1
除官	除	官	1
除清	除	清	1
靈活	靈	活	472705
靈魂	靈	魂	412360
靈感	靈	感	158745
靈敏	靈	敏	73035
靈敏度	靈	敏度	57615
靈氣	靈	氣	55355
靈芝	靈	芝	54620
靈性	靈	性	45330
靈動	靈	動	41995
靈巧	靈	巧	37405
靈異	靈	異	33860
靈通	靈	通	33195
靈力	靈	力	23180
靈光	靈	光	23130
靈機一動	靈	機一動	15910
靈堂	靈	堂	12095
靈驗	靈	驗	11925
靈丹妙藥	靈	丹妙藥	11035
靈台	靈	台	8225
靈藥	靈	藥	8100
靈柩	靈	柩	7760
靈丹	靈	丹	6420
靈符	靈	符	6175
靈長類	靈	長類	5310
靈隱寺	靈	隱寺	4805
靈車	靈	車	4160
靈位	靈	位	3935
靈前	靈	前	3655
靈物	靈	物	2870
靈界	靈	界	2222
靈肉	靈	肉	1765
靈犀	靈	犀	1242
靈長目	靈	長目	1140
靈效	靈	效	560
靈媒	靈	媒	287
靈櫬	靈	櫬	135
靈骨塔	靈	骨塔	1
靈魂人物	靈	魂人物	1
靈魂之窗	靈	魂之窗	1
靈犀相通	靈	犀相通	1
亂跳	亂	跳	888
亂七八糟	亂	七八糟	52675
亂世	亂	世	36970
亂倫	亂	倫	23025
亂髮	亂	髮	21325
亂說	亂	說	19280
亂動	亂	動	15785
亂來	亂	來	11870
亂飛	亂	飛	11110
亂子	亂	子	7545
亂成一團	亂	成一團	6885
亂丟	亂	丟	6305
亂寫	亂	寫	5585
亂哄哄	亂	哄哄	5480
亂真	亂	真	4945
亂塗	亂	塗	4895
亂軍	亂	軍	4835
亂花	亂	花	4320
亂闖	亂	闖	3645
亂麻	亂	麻	3020
亂流	亂	流	2880
亂性	亂	性	1700
亂離	亂	離	1540
亂數	亂	數	1390
亂紛紛	亂	紛紛	1305
亂臣賊子	亂	臣賊子	1205
亂葬崗	亂	葬崗	1110
亂國	亂	國	1085
亂行	亂	行	905
亂紀	亂	紀	760
亂事	亂	事	660
亂弄	亂	弄	300
亂集團	亂	集團	1
亂刀	亂	刀	1
亂蓋	亂	蓋	1
亂視	亂	視	1
亂源	亂	源	1
亂烘烘	亂	烘烘	1
亂中有序	亂	中有序	1
冰箱	冰	箱	214190
冰淇淋	冰	淇淋	55760
冰雪	冰	雪	126130
冰冷	冰	冷	120830
冰川	冰	川	79970
冰點	冰	點	69573
冰涼	冰	涼	57190
冰凍	冰	凍	37045
冰塊	冰	塊	36490
冰山	冰	山	34745
冰糖	冰	糖	34630
冰河	冰	河	29795
冰封	冰	封	26515
冰雹	冰	雹	21030
冰島	冰	島	19750
冰水	冰	水	18785
冰天雪地	冰	天雪地	15570
冰上	冰	上	12415
冰霜	冰	霜	12215
冰山一角	冰	山一角	9780
冰雕	冰	雕	9140
冰球	冰	球	8290
冰清玉潔	冰	清玉潔	7405
冰棒	冰	棒	6075
冰袋	冰	袋	5100
冰窖	冰	窖	4845
冰刀	冰	刀	4670
冰人	冰	人	4555
冰柱	冰	柱	4340
冰釋	冰	釋	2790
冰糕	冰	糕	2400
冰肌玉骨	冰	肌玉骨	1015
冰炭	冰	炭	915
冰消瓦解	冰	消瓦解	430
冰店	冰	店	205
冰鞋	冰	鞋	194
冰雪聰明	冰	雪聰明	69
冰帽	冰	帽	1
冰凍三尺，非一日之寒	冰	凍三尺，非一日之寒	1
市場	市	場	1053266
市民	市	民	500356
市政府	市	政府	500262
市區	市	區	362440
市場占有率	市	場占有率	237293
市長	市	長	220165
市內	市	內	149795
市政	市	政	145485
市中心	市	中心	95780
市容	市	容	63445
市場調查	市	場調查	63110
市價	市	價	51895
市面	市	面	41255
市郊	市	郊	24410
市鎮	市	鎮	23875
市井	市	井	21850
市委	市	委	14709
市集	市	集	13130
市立	市	立	11875
市政廳	市	政廳	9575
市道	市	道	6675
市況	市	況	5765
市府	市	府	2961
市儈	市	儈	2875
市議會	市	議會	2465
市議員	市	議員	1455
市井小民	市	井小民	970
市運會	市	運會	850
市井無賴	市	井無賴	535
市黨部	市	黨部	350
市招	市	招	5
市聲	市	聲	4
市公所	市	公所	1
市農會	市	農會	1
市場區隔	市	場區隔	1
市地	市	地	1
市街	市	街	1
市運	市	運	1
市民農園	市	民農園	1
抽屜	抽	屜	45885
抽插	抽	插	1
抽菸	抽	菸	107725
抽籤	抽	籤	34415
抽筋	抽	筋	25015
抽查	抽	查	125700
抽象	抽	象	122345
抽煙	抽	煙	107725
抽出	抽	出	102270
抽樣	抽	樣	85205
抽取	抽	取	70410
抽獎	抽	獎	57065
抽調	抽	調	51885
抽搐	抽	搐	35355
抽空	抽	空	25145
抽動	抽	動	19325
抽油煙機	抽	油煙機	17990
抽身	抽	身	13675
抽血	抽	血	12060
抽驗	抽	驗	11670
抽稅	抽	稅	9999
抽打	抽	打	7505
抽點	抽	點	5640
抽水馬桶	抽	水馬桶	5320
抽去	抽	去	4230
抽絲	抽	絲	4000
抽頭	抽	頭	3515
抽水機	抽	水機	3445
抽考	抽	考	1845
抽換	抽	換	1735
抽泣	抽	泣	1203
抽抽噎噎	抽	抽噎噎	1165
抽芽	抽	芽	1090
抽球	抽	球	1075
抽風機	抽	風機	915
抽象主義	抽	象主義	835
抽噎	抽	噎	2
抽砂	抽	砂	1
抽絲剝繭	抽	絲剝繭	1
春天	春	天	287610
春節	春	節	269220
春假	春	假	1375
春季	春	季	136340
春秋	春	秋	150610
春聯	春	聯	19610
春風	春	風	107120
春雨	春	雨	39360
春光	春	光	36550
春色	春	色	28520
春秋戰國	春	秋戰國	26550
春日	春	日	25615
春暖花開	春	暖花開	20870
春曉	春	曉	20265
春捲	春	捲	15691
春藥	春	藥	13555
春耕	春	耕	12320
春夢	春	夢	11345
春風得意	春	風得意	11010
春分	春	分	7450
春風化雨	春	風化雨	5595
春裝	春	裝	5530
春情	春	情	5125
春秋時代	春	秋時代	5120
春餅	春	餅	4105
春宮	春	宮	3910
春酒	春	酒	3615
春景	春	景	3295
春宵	春	宵	2995
春寒料峭	春	寒料峭	2305
春華	春	華	2197
春風滿面	春	風滿面	1620
春霖	春	霖	1430
春宮畫	春	宮畫	805
春分點	春	分點	525
春暉	春	暉	222
春神	春	神	1
春訊	春	訊	1
春元演習	春	元演習	1
暴力	暴	力	235705
暴露	暴	露	139575
暴風	暴	風	99999
暴雨	暴	雨	65320
暴利	暴	利	57895
暴露出	暴	露出	38985
暴發	暴	發	34210
暴漲	暴	漲	32350
暴動	暴	動	23670
暴跌	暴	跌	21840
暴風雨	暴	風雨	21290
暴躁	暴	躁	21065
暴君	暴	君	17335
暴行	暴	行	17135
暴風雪	暴	風雪	12660
暴飲暴食	暴	飲暴食	12610
暴發戶	暴	發戶	12375
暴富	暴	富	11430
暴怒	暴	怒	10785
暴政	暴	政	10160
暴徒	暴	徒	9680
暴亂	暴	亂	9385
暴虐	暴	虐	9010
暴跳如雷	暴	跳如雷	8055
暴戾	暴	戾	6980
暴烈	暴	烈	6395
暴增	暴	增	4775
暴民	暴	民	3675
暴殄天物	暴	殄天物	2945
暴斃	暴	斃	2750
暴病	暴	病	1610
暴漲暴跌	暴	漲暴跌	1195
暴露狂	暴	露狂	1050
暴卒	暴	卒	600
暴牙	暴	牙	31
暴投	暴	投	1
暴風圈	暴	風圈	1
暴風半徑	暴	風半徑	1
暴虎馮河	暴	虎馮河	1
武器	武	器	500262
武漢	武	漢	500383
武昌	武	昌	86800
武夷山	武	夷山	50350
武則天	武	則天	32060
武功	武	功	206435
武林	武	林	147360
武裝	武	裝	136075
武術	武	術	127220
武俠	武	俠	105350
武力	武	力	54360
武將	武	將	43760
武學	武	學	32145
武帝	武	帝	30435
武藝	武	藝	27830
武打	武	打	16800
武斷	武	斷	14550
武士	武	士	10195
武鬥	武	鬥	9280
武大郎	武	大郎	8295
武當派	武	當派	7080
武師	武	師	6745
武宗	武	宗	6515
武俠片	武	俠片	5935
武士道	武	士道	5030
武生	武	生	4920
武夫	武	夫	4520
武人	武	人	4205
武備	武	備	4090
武術指導	武	術指導	3640
武戲	武	戲	3580
武威	武	威	2460
武陵	武	陵	1732
武場	武	場	1665
武行	武	行	1490
武官	武	官	1249
武旦	武	旦	930
武后	武	后	2
武界	武	界	1
男人	男	人	500958
男生	男	生	316715
男孩	男	孩	406835
男性	男	性	500309
男朋友	男	朋友	156845
男子	男	子	500253
男女	男	女	445305
男士	男	士	163980
男孩子	男	孩子	77770
男方	男	方	76020
男主角	男	主角	72530
男裝	男	裝	64480
男女平等	男	女平等	35179
男子漢	男	子漢	33945
男兒	男	兒	28865
男男女女	男	男女女	15060
男童	男	童	9905
男星	男	星	9615
男女老幼	男	女老幼	7990
男配角	男	配角	7275
男權	男	權	7085
男性化	男	性化	7070
男高音	男	高音	6730
男家	男	家	6100
男歡女愛	男	歡女愛	5335
男中音	男	中音	4000
男伴	男	伴	3835
男尊女卑	男	尊女卑	3730
男女有別	男	女有別	3060
男人婆	男	人婆	2490
男耕女織	男	耕女織	2300
男低音	男	低音	2225
男扮女裝	男	扮女裝	2150
男廁	男	廁	2065
男工	男	工	1985
男女授受不親	男	女授受不親	1840
男校	男	校	1530
男盜女娼	男	盜女娼	1530
男儐相	男	儐相	615
省錢	省	錢	84205
省道	省	道	40730
省政府	省	政府	269900
省份	省	份	204750
省會	省	會	89100
省略	省	略	54215
省級	省	級	50344
省下	省	下	41200
省城	省	城	40010
省力	省	力	31010
省事	省	事	28160
省轄市	省	轄市	25140
省時	省	時	24015
省得	省	得	21225
省立	省	立	11910
省運會	省	運會	10535
省卻	省	卻	10215
省府	省	府	8875
省掉	省	掉	8400
省去	省	去	7777
省委	省	委	7712
省區	省	區	6761
省長	省	長	6671
省籍	省	籍	5625
省政	省	政	4885
省親	省	親	4840
省油的燈	省	油的燈	4020
省察	省	察	2495
省下來	省	下來	1500
省議會	省	議會	1230
省主席	省	主席	1150
省黨部	省	黨部	475
省議員	省	議員	345
省油燈	省	油燈	330
省庫	省	庫	260
省視	省	視	11
省思	省	思	2
省分	省	分	1
省悟	省	悟	1
義美	義	美	888
義務	義	務	500384
義氣	義	氣	228610
義務教育	義	務教育	200130
義不容辭	義	不容辭	26345
義無反顧	義	無反顧	24350
義和團	義	和團	18020
義診	義	診	17720
義賣	義	賣	16490
義父	義	父	12260
義齒	義	齒	9965
義憤填膺	義	憤填膺	9730
義演	義	演	9620
義勇軍	義	勇軍	8315
義舉	義	舉	8040
義士	義	士	7425
義工	義	工	7035
義憤	義	憤	5470
義子	義	子	4890
義勇	義	勇	4885
義理	義	理	4420
義正詞嚴	義	正詞嚴	4280
義學	義	學	3025
義女	義	女	2050
義弟	義	弟	1915
義母	義	母	1635
義行	義	行	1555
義軍	義	軍	1456
義俠	義	俠	1200
義肢	義	肢	1110
義結金蘭	義	結金蘭	1060
義民	義	民	2
義國	義	國	1
義警	義	警	1
義犬	義	犬	1
義師	義	師	1
義田	義	田	1
義大利	義	大利	1
義薄雲天	義	薄雲天	1
言語	言	語	163295
言論	言	論	500300
言行	言	行	82340
言辭	言	辭	37450
言情小說	言	情小說	25525
言情	言	情	19550
言論自由	言	論自由	15235
言談	言	談	14830
言簡意賅	言	簡意賅	12625
言談舉止	言	談舉止	11065
言下之意	言	下之意	9810
言及	言	及	9750
言歸正傳	言	歸正傳	9255
言外之意	言	外之意	7055
言聽計從	言	聽計從	6340
言不由衷	言	不由衷	6005
言教	言	教	5980
言過其實	言	過其實	5960
言明	言	明	5755
言之有物	言	之有物	5100
言而無信	言	而無信	4260
言之鑿鑿	言	之鑿鑿	3640
言重	言	重	3575
言之成理	言	之成理	3465
言下	言	下	3230
言而有信	言	而有信	3050
言多必失	言	多必失	2320
言官	言	官	2130
言外	言	外	2120
言出必行	言	出必行	1990
言猶在耳	言	猶在耳	1880
言歸於好	言	歸於好	1620
言之過早	言	之過早	1355
言不及義	言	不及義	875
言行錄	言	行錄	540
言語無味	言	語無味	375
言必有據	言	必有據	25
言行相悖	言	行相悖	5
言詞	言	詞	1
財富	財	富	500401
財產	財	產	500334
財務	財	務	500266
財政	財	政	500298
財政部	財	政部	269380
財經	財	經	181639
財物	財	物	179815
財力	財	力	125580
財稅	財	稅	98085
財政局	財	政局	96720
財務報表	財	務報表	66210
財產權	財	產權	51030
財政廳	財	政廳	49675
財運	財	運	48095
財神	財	神	46130
財團	財	團	25905
財寶	財	寶	17460
財主	財	主	15210
財權	財	權	10340
財迷	財	迷	9999
財政部長	財	政部長	9510
財源滾滾	財	源滾滾	9045
財大氣粗	財	大氣粗	8840
財氣	財	氣	5625
財產稅	財	產稅	5400
財神爺	財	神爺	4780
財帛	財	帛	4690
財閥	財	閥	4395
財團法人	財	團法人	3750
財貨	財	貨	3340
財源	財	源	3001
財務結構	財	務結構	1990
財迷心竅	財	迷心竅	1515
財界	財	界	705
財稅界	財	稅界	1
財產目錄	財	產目錄	1
財經首長	財	經首長	1
財經專家	財	經專家	1
財政廳長	財	政廳長	1
順利	順	利	481230
順便	順	便	164865
順心	順	心	19150
順序	順	序	350170
順暢	順	暢	85315
順應	順	應	82595
順手	順	手	67170
順勢	順	勢	48245
順理成章	順	理成章	35020
順從	順	從	34705
順其自然	順	其自然	25600
順差	順	差	23600
順治	順	治	21220
順風	順	風	20105
順路	順	路	18750
順眼	順	眼	15335
順口	順	口	13900
順道	順	道	11135
順民	順	民	8735
順境	順	境	7680
順水推舟	順	水推舟	6370
順水	順	水	6140
順位	順	位	5780
順流	順	流	5585
順手牽羊	順	手牽羊	4835
順時	順	時	4260
順遂	順	遂	4125
順乎	順	乎	3750
順耳	順	耳	3480
順延	順	延	3450
順應潮流	順	應潮流	3065
順風耳	順	風耳	2940
順當	順	當	2425
順水人情	順	水人情	1735
順命	順	命	500
順性	順	性	1
順風轉舵	順	風轉舵	1
順心遂意	順	心遂意	1
順應民心	順	應民心	1
八卦	八	卦	128015
八字	八	字	66340
八成	八	成	57355
八方	八	方	37350
八哥	八	哥	23550
八仙	八	仙	22555
八景	八	景	21390
八里	八	里	17815
八寶	八	寶	16610
八寶飯	八	寶飯	16555
八仙過海	八	仙過海	13740
八國聯軍	八	國聯軍	11165
八旗	八	旗	10890
八寶粥	八	寶粥	10044
八股	八	股	8080
八音	八	音	6240
八面玲瓏	八	面玲瓏	5885
八年抗戰	八	年抗戰	3940
八股文	八	股文	3845
八戒	八	戒	3519
八陣圖	八	陣圖	2670
八面威風	八	面威風	1420
八字鬍	八	字鬍	1185
八百壯士	八	百壯士	765
八拜之交	八	拜之交	525
八行書	八	行書	335
八掌溪	八	掌溪	130
八堵	八	堵	115
八珍	八	珍	110
八通關	八	通關	12
八佾舞	八	佾舞	1
八德	八	德	1
八斗子	八	斗子	1
八卦山	八	卦山	1
八家將	八	家將	1
八號分機	八	號分機	1
八二三炮戰	八	二三炮戰	1
八一七公報	八	一七公報	1
共同	共	同	500824
共有	共	有	500672
共享	共	享	500507
共產黨員	共	產黨員	381175
共計	共	計	219160
共識	共	識	161800
共產黨	共	產黨	158400
共和國	共	和國	126250
共用	共	用	113725
共產主義	共	產主義	90735
共性	共	性	74025
共鳴	共	鳴	73780
共產	共	產	72805
共同體	共	同體	64075
共和	共	和	41820
共存	共	存	41435
共事	共	事	27190
共度	共	度	24935
共振	共	振	22815
共處	共	處	21935
共通	共	通	17180
共謀	共	謀	14035
共和黨	共	和黨	13125
共生	共	生	9460
共同基金	共	同基金	7340
共管	共	管	6505
共同性	共	同性	5870
共犯	共	犯	5505
共同市場	共	同市場	4690
共聚一堂	共	聚一堂	3340
共主	共	主	2465
共襄盛舉	共	襄盛舉	2390
共乘	共	乘	2222
共通性	共	通性	1905
共和軍	共	和軍	1905
共濟會	共	濟會	825
共濟一堂	共	濟一堂	1
共享軟體	共	享軟體	1
印好	印	好	888
印刷	印	刷	500285
印度	印	度	500274
印象	印	象	492315
印花稅	印	花稅	268800
印章	印	章	154551
印發	印	發	147335
印花	印	花	76130
印證	印	證	61795
印製	印	製	55430
印刷品	印	刷品	52685
印記	印	記	42825
印刷廠	印	刷廠	40830
印刷機	印	刷機	38935
印度洋	印	度洋	26900
印第安	印	第安	17455
印度人	印	度人	17455
印出	印	出	11125
印尼	印	尼	10469
印象派	印	象派	9015
印刷術	印	刷術	8985
印痕	印	痕	7905
印行	印	行	6850
印泥	印	泥	6240
印成	印	成	5985
印染	印	染	5393
印鑑	印	鑑	5300
印花布	印	花布	4640
印本	印	本	4130
印刷工	印	刷工	1245
印模	印	模	415
印出來	印	出來	358
印刷電路板	印	刷電路板	220
印堂	印	堂	127
印信	印	信	42
印石	印	石	1
印表機	印	表機	1
印地安	印	地安	1
參加	參	加	501382
參與	參	與	501001
參數	參	數	500416
參考	參	考	500391
參觀	參	觀	469785
參照	參	照	311705
參展	參	展	303375
參賽	參	賽	264895
參見	參	見	161580
參謀	參	謀	80405
參考書	參	考書	48780
參加者	參	加者	45615
參閱	參	閱	44210
參謀長	參	謀長	39930
參觀者	參	觀者	39830
參差不齊	參	差不齊	32735
參戰	參	戰	31955
參選	參	選	24950
參議院	參	議院	20950
參拜	參	拜	19500
參政	參	政	19400
參天	參	天	16910
參差	參	差	16360
參議員	參	議員	15450
參看	參	看	9999
參贊	參	贊	9695
參禪	參	禪	9085
參透	參	透	6250
參事	參	事	6150
參半	參	半	5735
參議	參	議	5455
參雜	參	雜	2930
參與感	參	與感	2735
參謀總長	參	謀總長	2655
參酌	參	酌	1420
參院	參	院	1290
參政權	參	政權	1
參預	參	預	1
台灣	台	灣	500583
台南	台	南	133
台北	台	北	126640
台中	台	中	22625
台語	台	語	888
台新	台	新	888
台階	台	階	141390
台上	台	上	111995
台風	台	風	95495
台下	台	下	65860
台詞	台	詞	50300
台商	台	商	49930
台式	台	式	45030
台燈	台	燈	34330
台灣省	台	灣省	30390
台北市	台	北市	27995
台地	台	地	20340
台灣人	台	灣人	17100
台幣	台	幣	16585
台子	台	子	12965
台大	台	大	12755
台中市	台	中市	7252
台南市	台	南市	5855
台北縣	台	北縣	5695
台灣區	台	灣區	3120
台中縣	台	中縣	1950
台南縣	台	南縣	1875
台西	台	西	1760
台端	台	端	495
台銀	台	銀	390
台駕	台	駕	90
台東	台	東	12
台電	台	電	1
台金	台	金	1
台鋁	台	鋁	1
台省	台	省	1
台視	台	視	1
台灣玉	台	灣玉	1
密碼	密	碼	500852
密度	密	度	227255
密切	密	切	145980
密集	密	集	126455
密封	密	封	49395
密不可分	密	不可分	37715
密閉	密	閉	36505
密密麻麻	密	密麻麻	31125
密室	密	室	25325
密布	密	布	25010
密佈	密	佈	25010
密林	密	林	23820
密宗	密	宗	23320
密雲	密	雲	21840
密友	密	友	14615
密謀	密	謀	13480
密集區	密	集區	13215
密探	密	探	9125
密密	密	密	7995
密不透風	密	不透風	6365
密植	密	植	5590
密令	密	令	4605
密合	密	合	3845
密談	密	談	3715
密蘇里	密	蘇里	3425
密報	密	報	2790
密電	密	電	2465
密使	密	使	2270
密件	密	件	2175
密約	密	約	1605
密函	密	函	1440
密特朗	密	特朗	842
密商	密	商	650
密訪	密	訪	420
密告	密	告	145
密醫	密	醫	1
密爾頓	密	爾頓	1
密西根	密	西根	1
星期	星	期	147220
星巴克	星	巴克	888
星光	星	光	283843
星座	星	座	270135
星星	星	星	198920
星空	星	空	103480
星期四	星	期四	100620
星象	星	象	99999
星期一	星	期一	99145
星期日	星	期日	84915
星球	星	球	80555
星際	星	際	72875
星期天	星	期天	66770
星辰	星	辰	62645
星火	星	火	47310
星系	星	系	42055
星雲	星	雲	33960
星河	星	河	25415
星月	星	月	22635
星夜	星	夜	17570
星羅棋布	星	羅棋布	15130
星團	星	團	11895
星形	星	形	10985
星子	星	子	10230
星星之火	星	星之火	9840
星斗	星	斗	8165
星相	星	相	7155
星等	星	等	5760
星洲	星	洲	4625
星狀	星	狀	4530
星火燎原	星	火燎原	3480
星宿	星	宿	2800
星群	星	群	2765
星條旗	星	條旗	2280
星移斗轉	星	移斗轉	990
星馬	星	馬	2
星馳	星	馳	1
星主	星	主	1
社會	社	會	9999
社區	社	區	501034
社會主義	社	會主義	500368
社團	社	團	218030
社會保險	社	會保險	209620
社會化	社	會化	151680
社會科學	社	會科學	147065
社交	社	交	93665
社會學	社	會學	87155
社區服務	社	區服務	71410
社會福利	社	會福利	65765
社長	社	長	65470
社員	社	員	54060
社會性	社	會性	40330
社會工作	社	會工作	37145
社會救助	社	會救助	29935
社論	社	論	16615
社稷	社	稷	15810
社會教育	社	會教育	15630
社會心理	社	會心理	15020
社工	社	工	10030
社會黨	社	會黨	5540
社教	社	教	4535
社交界	社	交界	2010
社隊	社	隊	1475
社會部	社	會部	1365
社務	社	務	1340
社友	社	友	1280
社會局	社	會局	745
社區意識	社	區意識	570
社頭	社	頭	415
社址	社	址	138
社交舞	社	交舞	112
社寮	社	寮	1
社子	社	子	1
社會處	社	會處	1
社教館	社	教館	1
社教司	社	教司	1
竹筍	竹	筍	24540
竹山	竹	山	1
竹筒飯	竹	筒飯	2529
竹子	竹	子	49010
竹林	竹	林	47745
竹竿	竹	竿	20885
竹筏	竹	筏	19175
竹葉	竹	葉	14650
竹筒	竹	筒	12760
竹簡	竹	簡	11480
竹籤	竹	籤	8890
竹影	竹	影	8415
竹節	竹	節	8395
竹材	竹	材	7245
竹片	竹	片	7190
竹籃	竹	籃	6030
竹葉青	竹	葉青	5305
竹簾	竹	簾	5240
竹枝詞	竹	枝詞	3860
竹管	竹	管	3085
竹器	竹	器	2890
竹簍	竹	簍	2805
竹椅	竹	椅	2725
竹林七賢	竹	林七賢	2380
竹籬	竹	籬	2375
竹籠	竹	籠	1835
竹槓	竹	槓	1435
竹架	竹	架	900
竹東	竹	東	465
竹南	竹	南	460
竹圍	竹	圍	420
竹書	竹	書	43
竹蜻蜓	竹	蜻蜓	1
竹北	竹	北	1
竹扉	竹	扉	1
竹工	竹	工	1
竹竿舞	竹	竿舞	1
竹子湖	竹	子湖	1
興奮	興	奮	303935
興趣	興	趣	500328
興起	興	起	169915
興建	興	建	142100
興辦	興	辦	77590
興隆	興	隆	69260
興旺	興	旺	59795
興致	興	致	46335
興緻	興	緻	46335
興盛	興	盛	40470
興致勃勃	興	致勃勃	32280
興高采烈	興	高采烈	31290
興衰	興	衰	30665
興奮劑	興	奮劑	26345
興沖沖	興	沖沖	15125
興嘆	興	嘆	10720
興歎	興	歎	10720
興風作浪	興	風作浪	7890
興邦	興	邦	7495
興味	興	味	5135
興學	興	學	5045
興國	興	國	4859
興工	興	工	4600
興師動眾	興	師動眾	4155
興修	興	修	3900
興師問罪	興	師問罪	3430
興頭	興	頭	2780
興替	興	替	2070
興中會	興	中會	1960
興利除弊	興	利除弊	1905
興味盎然	興	味盎然	1460
興築	興	築	415
興革	興	革	62
興安	興	安	2
興匆匆	興	匆匆	1
興德	興	德	1
興復	興	復	1
興訟	興	訟	1
舉辦	舉	辦	500536
舉行	舉	行	500536
舉措	舉	措	156545
舉動	舉	動	140440
舉發	舉	發	99999
舉起	舉	起	89260
舉例	舉	例	83360
舉止	舉	止	62170
舉足輕重	舉	足輕重	52595
舉手	舉	手	51770
舉杯	舉	杯	28720
舉一反三	舉	一反三	26650
舉重	舉	重	25425
舉出	舉	出	23905
舉世聞名	舉	世聞名	19720
舉手之勞	舉	手之勞	15360
舉手投足	舉	手投足	14415
舉家	舉	家	13645
舉步維艱	舉	步維艱	13240
舉荐	舉	荐	11780
舉薦	舉	薦	11780
舉國	舉	國	11295
舉步	舉	步	10495
舉債	舉	債	9740
舉世	舉	世	7777
舉凡	舉	凡	7540
舉棋不定	舉	棋不定	6640
舉槍	舉	槍	6265
舉國上下	舉	國上下	5640
舉兵	舉	兵	5235
舉人	舉	人	4061
舉頭	舉	頭	3865
舉目無親	舉	目無親	3530
舉案齊眉	舉	案齊眉	2340
舉事	舉	事	2222
舉目	舉	目	1417
舉義	舉	義	715
舉目可見	舉	目可見	1
試試看	試	試看	888
試驗	試	驗	500321
試試	試	試	425505
試題	試	題	395540
試卷	試	卷	311870
試圖	試	圖	303865
試聽	試	聽	256250
試看	試	看	83380
試劑	試	劑	66890
試想	試	想	56930
試探	試	探	46455
試車	試	車	35130
試問	試	問	33460
試管	試	管	30825
試飛	試	飛	26815
試驗室	試	驗室	20110
試紙	試	紙	19525
試用	試	用	19435
試穿	試	穿	14235
試鏡	試	鏡	9625
試金石	試	金石	9515
試煉	試	煉	9315
試銷	試	銷	8665
試飛員	試	飛員	8640
試辦	試	辦	8000
試管嬰兒	試	管嬰兒	7575
試探性	試	探性	6835
試驗場	試	驗場	6345
試驗性	試	驗性	5235
試婚	試	婚	4340
試播	試	播	3590
試映	試	映	3020
試航	試	航	2870
試裝	試	裝	2245
試算表	試	算表	595
試場	試	場	9
試教	試	教	1
試晬	試	晬	1
送風	送	風	14505
送到	送	到	295735
送達	送	達	275065
送給	送	給	256600
送貨	送	貨	183470
送上	送	上	104475
送去	送	去	72325
送出	送	出	67855
送禮	送	禮	66780
送回	送	回	53400
送交	送	交	52085
送走	送	走	30120
送人	送	人	26295
送行	送	行	23935
送別	送	別	21380
送錢	送	錢	13700
送死	送	死	13285
送客	送	客	12235
送信	送	信	12160
送醫	送	醫	7825
送子	送	子	6670
送葬	送	葬	6560
送還	送	還	5995
送命	送	命	5430
送貨員	送	貨員	5080
送親	送	親	4545
送氣	送	氣	4495
送終	送	終	3465
送報	送	報	3285
送掉	送	掉	2360
送神	送	神	1500
送款	送	款	1155
送殯	送	殯	1100
送秋波	送	秋波	1080
送人情	送	人情	655
送舊迎新	送	舊迎新	475
送往迎來	送	往迎來	475
送報生	送	報生	1
偏差	偏	差	119205
偏偏	偏	偏	117380
偏低	偏	低	96720
偏高	偏	高	77920
偏好	偏	好	69225
偏離	偏	離	56590
偏愛	偏	愛	53875
偏見	偏	見	52975
偏僻	偏	僻	51130
偏向	偏	向	39455
偏重	偏	重	37530
偏遠	偏	遠	36130
偏移	偏	移	28470
偏激	偏	激	27760
偏重於	偏	重於	21540
偏方	偏	方	21455
偏執	偏	執	20180
偏要	偏	要	17960
偏心	偏	心	17085
偏食	偏	食	15335
偏頗	偏	頗	14925
偏袒	偏	袒	11395
偏頭痛	偏	頭痛	10690
偏旁	偏	旁	6190
偏執狂	偏	執狂	3520
偏廢	偏	廢	2985
偏狹	偏	狹	2710
偏光鏡	偏	光鏡	2670
偏安	偏	安	2530
偏倚	偏	倚	2235
偏巧	偏	巧	2230
偏房	偏	房	2190
偏私	偏	私	2165
偏鋒	偏	鋒	1195
偏失	偏	失	775
偏勞	偏	勞	310
偏蝕	偏	蝕	1
切實	切	實	500311
切換	切	換	212825
切割	切	割	109750
切除	切	除	96365
切成	切	成	87760
切忌	切	忌	85515
切勿	切	勿	80650
切記	切	記	76820
切斷	切	斷	68740
切片	切	片	54510
切入	切	入	46065
切口	切	口	45750
切開	切	開	37225
切磋	切	磋	37220
切削	切	削	36695
切合	切	合	26350
切割機	切	割機	24725
切身	切	身	22780
切莫	切	莫	20995
切面	切	面	10910
切線	切	線	8780
切掉	切	掉	6080
切割成	切	割成	4905
切去	切	去	4660
切腹	切	腹	4444
切齒	切	齒	3995
切要	切	要	3780
切膚之痛	切	膚之痛	3605
切肉	切	肉	2255
切脈	切	脈	1150
切中時弊	切	中時弊	1045
切盼	切	盼	870
切片檢查	切	片檢查	850
切腹自殺	切	腹自殺	620
切結	切	結	1
切碎	切	碎	1
切結書	切	結書	1
千代田	千	代田	1
千萬	千	萬	257545
千瓦	千	瓦	136230
千方百計	千	方百計	88980
千古	千	古	58885
千金	千	金	51030
千瓦時	千	瓦時	41750
千里馬	千	里馬	38860
千秋	千	秋	35370
千變萬化	千	變萬化	29000
千斤頂	千	斤頂	28702
千篇一律	千	篇一律	28460
千辛萬苦	千	辛萬苦	20470
千奇百怪	千	奇百怪	16350
千軍萬馬	千	軍萬馬	15755
千載難逢	千	載難逢	15300
千言萬語	千	言萬語	14135
千千萬萬	千	千萬萬	12925
千山萬水	千	山萬水	11755
千鈞一髮	千	鈞一髮	10070
千赫	千	赫	9999
千真萬確	千	真萬確	9070
千頭萬緒	千	頭萬緒	8495
千瘡百孔	千	瘡百孔	8275
千錘百鍊	千	錘百鍊	7105
千嬌百媚	千	嬌百媚	5685
千呼萬喚	千	呼萬喚	5005
千古絕唱	千	古絕唱	4780
千里眼	千	里眼	4245
千鳥	千	鳥	4145
千佛洞	千	佛洞	3560
千刀萬剮	千	刀萬剮	3340
千秋萬世	千	秋萬世	655
千巖競秀	千	巖競秀	340
千依百順	千	依百順	37
千慮一失	千	慮一失	1
千挑萬選	千	挑萬選	1
孤獨	孤	獨	312030
孤立	孤	立	76485
孤兒	孤	兒	62675
孤寂	孤	寂	29970
孤島	孤	島	22505
孤僻	孤	僻	22070
孤傲	孤	傲	15490
孤兒院	孤	兒院	13570
孤身	孤	身	13535
孤注一擲	孤	注一擲	10340
孤單	孤	單	9999
孤零零	孤	零零	9680
孤舟	孤	舟	8930
孤芳自賞	孤	芳自賞	7585
孤陋寡聞	孤	陋寡聞	7360
孤城	孤	城	6625
孤家寡人	孤	家寡人	5725
孤魂野鬼	孤	魂野鬼	5495
孤苦	孤	苦	5475
孤寡	孤	寡	4760
孤女	孤	女	3880
孤苦伶仃	孤	苦伶仃	3815
孤本	孤	本	3570
孤軍	孤	軍	3090
孤苦無依	孤	苦無依	1815
孤掌難鳴	孤	掌難鳴	1745
孤子	孤	子	1645
孤雲野鶴	孤	雲野鶴	1270
孤單單	孤	單單	940
孤陋	孤	陋	835
孤哀子	孤	哀子	50
孤離	孤	離	1
孤癖	孤	癖	1
孤伶伶	孤	伶伶	1
孤臣孽子	孤	臣孽子	1
孤高自許	孤	高自許	1
孤立主義	孤	立主義	1
支付	支	付	500650
支持	支	持	894755
支撐	支	撐	477435
支出	支	出	469780
支援	支	援	176545
支配	支	配	118135
支隊	支	隊	102325
支架	支	架	92035
支柱	支	柱	88705
支票	支	票	82975
支吾	支	吾	77215
支流	支	流	37250
支氣管	支	氣管	35600
支點	支	點	34665
支線	支	線	33415
支離破碎	支	離破碎	18985
支局	支	局	17120
支部	支	部	8755
支支吾吾	支	支吾吾	8540
支隊長	支	隊長	6820
支助	支	助	5015
支派	支	派	4610
支使	支	使	3265
支會	支	會	3005
支持力	支	持力	2990
支用	支	用	2925
支撐架	支	撐架	1755
支應	支	應	1735
支店	支	店	880
支票簿	支	票簿	705
支吾其詞	支	吾其詞	440
支取	支	取	242
支那	支	那	2
支幹	支	幹	1
支解	支	解	1
支領	支	領	1
支薪	支	薪	1
早安。	早	安。	888
早餐	早	餐	272390
早上	早	上	370500
早起	早	起	36855
早晚	早	晚	102365
早已	早	已	484805
早期	早	期	411285
早晨	早	晨	189745
早日	早	日	126395
早點	早	點	101495
早年	早	年	70425
早飯	早	飯	39535
早報	早	報	36135
早熟	早	熟	33070
早春	早	春	23695
早先	早	先	21240
早些	早	些	18820
早產	早	產	18775
早一點	早	一點	14530
早到	早	到	13800
早安	早	安	13215
早退	早	退	10840
早產兒	早	產兒	9620
早操	早	操	8525
早出晚歸	早	出晚歸	8340
早逝	早	逝	8275
早市	早	市	6445
早婚	早	婚	5560
早班	早	班	5470
早朝	早	朝	4950
早洩	早	洩	4588
早一些	早	一些	3735
早點兒	早	點兒	1975
早稻田	早	稻田	1460
早歲	早	歲	1185
早夭	早	夭	1
早知今日，何必當初	早	知今日，何必當初	1
波動	波	動	241775
波蘭	波	蘭	85145
波長	波	長	62355
波浪	波	浪	53805
波斯	波	斯	44940
波及	波	及	39135
波士頓	波	士頓	33865
波瀾	波	瀾	32230
波濤	波	濤	26400
波紋	波	紋	24355
波折	波	折	23080
波瀾壯闊	波	瀾壯闊	15270
波光	波	光	12510
波幅	波	幅	12485
波羅的海	波	羅的海	12065
波濤洶湧	波	濤洶湧	11500
波羅蜜	波	羅蜜	9999
波斯灣	波	斯灣	8190
波光粼粼	波	光粼粼	7220
波霸	波	霸	6325
波多黎各	波	多黎各	5920
波希米亞	波	希米亞	4470
波茨坦	波	茨坦	4195
波蘭人	波	蘭人	3070
波谷	波	谷	2905
波斯菊	波	斯菊	1690
波哥大	波	哥大	1185
波濤起伏	波	濤起伏	930
波譎雲詭	波	譎雲詭	845
波昂	波	昂	220
波速	波	速	123
波爾	波	爾	3
波國	波	國	1
波河	波	河	1
波流	波	流	1
波羅	波	羅	1
波光蕩漾	波	光蕩漾	1
照片	照	片	500629
照相	照	相	81630
照理	照	理	4195
照顧	照	顧	370115
照明	照	明	246890
照樣	照	樣	92290
照相機	照	相機	73650
照射	照	射	71595
照亮	照	亮	43545
照料	照	料	39210
照常	照	常	31385
照耀	照	耀	30305
照例	照	例	25325
照應	照	應	21435
照度	照	度	15865
照相館	照	相館	12770
照舊	照	舊	12315
照辦	照	辦	10950
照出	照	出	9915
照到	照	到	9690
照會	照	會	7825
照面	照	面	7540
照本宣科	照	本宣科	5790
照單全收	照	單全收	4615
照實	照	實	3385
照說	照	說	2430
照准	照	准	2260
照妖鏡	照	妖鏡	2215
照明彈	照	明彈	2200
照貓畫虎	照	貓畫虎	1840
照後鏡	照	後鏡	1705
照付	照	付	1445
照拂	照	拂	1165
照繳	照	繳	1
照像	照	像	1
照映	照	映	1
照像機	照	像機	1
紙張	紙	張	127305
紙幣	紙	幣	97590
紙鳶	紙	鳶	43075
紙條	紙	條	42270
紙板	紙	板	36825
紙巾	紙	巾	34910
紙盒	紙	盒	34090
紙片	紙	片	21120
紙袋	紙	袋	17970
紙醉金迷	紙	醉金迷	17612
紙上談兵	紙	上談兵	14045
紙牌	紙	牌	13290
紙屑	紙	屑	12965
紙尿褲	紙	尿褲	7025
紙錢	紙	錢	6825
紙老虎	紙	老虎	5930
紙花	紙	花	3630
紙扇	紙	扇	3365
紙版	紙	版	3245
紙菸	紙	菸	2670
紙傘	紙	傘	1770
紙馬	紙	馬	1515
紙頭	紙	頭	1230
紙包不住火	紙	包不住火	1220
紙背	紙	背	1010
紙漿廠	紙	漿廠	970
紙婚	紙	婚	735
紙漿	紙	漿	727
紙業	紙	業	308
紙夾	紙	夾	9
紙黏土	紙	黏土	1
紙尿布	紙	尿布	1
紙彈	紙	彈	1
紙工	紙	工	1
紙色	紙	色	1
紙衣	紙	衣	1
紙短情長	紙	短情長	1
綠色	綠	色	500424
綠化	綠	化	286055
綠茶	綠	茶	115445
綠地	綠	地	104975
綠洲	綠	洲	56865
綠葉	綠	葉	55860
綠豆	綠	豆	50055
綠燈	綠	燈	23555
綠卡	綠	卡	22625
綠水	綠	水	22545
綠豆湯	綠	豆湯	20591
綠色植物	綠	色植物	18555
綠蔭	綠	蔭	17455
綠野	綠	野	15770
綠林	綠	林	11500
綠意	綠	意	10435
綠色消費	綠	色消費	10105
綠油油	綠	油油	9315
綠草如茵	綠	草如茵	6605
綠野仙蹤	綠	野仙蹤	6475
綠肥	綠	肥	6030
綠竹	綠	竹	5780
綠籬	綠	籬	4970
綠意盎然	綠	意盎然	3640
綠芽	綠	芽	3355
綠藻	綠	藻	2995
綠色和平	綠	色和平	2490
綠帽	綠	帽	1470
綠林好漢	綠	林好漢	1230
綠島	綠	島	1029
綠十字	綠	十字	700
綠茸茸	綠	茸茸	455
綠葉成蔭	綠	葉成蔭	21
綠人	綠	人	1
綠油精	綠	油精	1
綠色電腦	綠	色電腦	1
綠衣使者	綠	衣使者	1
船舶	船	舶	351115
船員	船	員	130499
船長	船	長	71880
船隻	船	隻	67530
船隊	船	隊	25650
船票	船	票	20905
船頭	船	頭	20505
船廠	船	廠	18000
船艙	船	艙	17115
船體	船	體	15130
船務	船	務	14050
船夫	船	夫	9845
船運	船	運	9575
船塢	船	塢	9155
船名	船	名	8200
船期	船	期	7665
船舷	船	舷	7640
船尾	船	尾	7580
船身	船	身	7420
船板	船	板	7295
船工	船	工	6865
船家	船	家	5670
船主	船	主	5420
船底	船	底	4630
船貨	船	貨	4260
船艦	船	艦	4065
船首	船	首	3210
船位	船	位	1780
船到橋頭自然直	船	到橋頭自然直	1630
船齡	船	齡	1580
船籍	船	籍	1100
船桅	船	桅	880
船錨	船	錨	810
船埠	船	埠	430
船客	船	客	360
船歌	船	歌	310
船伕	船	伕	1
買到	買	到	138385
買回	買	回	41245
買回來	買	回來	888
買賣	買	賣	350875
買入	買	入	144700
買方	買	方	133015
買來	買	來	70420
買下	買	下	50565
買進	買	進	47400
買單	買	單	46985
買票	買	票	34975
買不到	買	不到	34600
買主	買	主	33280
買不起	買	不起	27995
買菜	買	菜	26335
買書	買	書	21935
買得起	買	得起	17320
買走	買	走	12205
買價	買	價	10400
買下來	買	下來	9045
買給	買	給	8740
買辦	買	辦	7655
買通	買	通	6410
買一送一	買	一送一	5910
買去	買	去	4455
買醉	買	醉	3695
買成	買	成	3470
買春	買	春	1870
買起	買	起	1265
買空賣空	買	空賣空	1015
買櫝還珠	買	櫝還珠	935
買光	買	光	740
買賣成	買	賣成	180
買超	買	超	1
買客	買	客	1
買帳	買	帳	1
買賣業	買	賣業	1
鄉鎮	鄉	鎮	500262
鄉村	鄉	村	274875
鄉下	鄉	下	55690
鄉親	鄉	親	30610
鄉里	鄉	里	27575
鄉間	鄉	間	26675
鄉長	鄉	長	19125
鄉情	鄉	情	15855
鄉音	鄉	音	12160
鄉民	鄉	民	12115
鄉愁	鄉	愁	11940
鄉下人	鄉	下人	10850
鄉試	鄉	試	7000
鄉紳	鄉	紳	6885
鄉野	鄉	野	6175
鄉村音樂	鄉	村音樂	5635
鄉鎮長	鄉	鎮長	5200
鄉土	鄉	土	4669
鄉巴佬	鄉	巴佬	4500
鄉關	鄉	關	2340
鄉居	鄉	居	2280
鄉勇	鄉	勇	1490
鄉愿	鄉	愿	1165
鄉公所	鄉	公所	1160
鄉曲	鄉	曲	1115
鄉誼	鄉	誼	1075
鄉井	鄉	井	430
鄉下佬	鄉	下佬	420
鄉人	鄉	人	161
鄉黨	鄉	黨	50
鄉談	鄉	談	2
鄉會	鄉	會	1
鄉佬	鄉	佬	1
鄉心	鄉	心	1
鄉原	鄉	原	1
鄉村化	鄉	村化	1
鄉運會	鄉	運會	1
隱藏	隱	藏	410920
隱身	隱	身	214625
隱私	隱	私	160290
隱瞞	隱	瞞	106445
隱蔽	隱	蔽	94635
隱隱	隱	隱	89155
隱形	隱	形	75985
隱約	隱	約	66255
隱含	隱	含	48395
隱性	隱	性	46130
隱私權	隱	私權	45685
隱匿	隱	匿	44215
隱祕	隱	祕	35995
隱秘	隱	秘	35995
隱居	隱	居	35920
隱形眼鏡	隱	形眼鏡	32225
隱士	隱	士	22630
隱隱約約	隱	隱約約	22480
隱喻	隱	喻	17893
隱憂	隱	憂	13680
隱忍	隱	忍	13075
隱痛	隱	痛	11705
隱沒	隱	沒	9695
隱晦	隱	晦	8450
隱退	隱	退	8155
隱藏式	隱	藏式	7695
隱情	隱	情	6665
隱姓埋名	隱	姓埋名	6220
隱諱	隱	諱	6060
隱伏	隱	伏	4040
隱名	隱	名	3035
隱然	隱	然	2750
隱疾	隱	疾	1070
隱惡揚善	隱	惡揚善	645
隱語	隱	語	222
隱密	隱	密	1
隱隱地	隱	隱地	1
顯示	顯	示	501269
顯得	顯	得	500292
顯然	顯	然	500251
顯示器	顯	示器	367175
顯著	顯	著	287050
顯示出	顯	示出	147075
顯現	顯	現	118940
顯而易見	顯	而易見	63830
顯出	顯	出	60105
顯微鏡	顯	微鏡	49055
顯露	顯	露	44010
顯眼	顯	眼	39875
顯赫	顯	赫	31535
顯現出	顯	現出	30365
顯微	顯	微	27060
顯性	顯	性	22510
顯露出	顯	露出	19515
顯像	顯	像	13875
顯影	顯	影	13115
顯靈	顯	靈	9525
顯明	顯	明	8975
顯貴	顯	貴	8305
顯要	顯	要	4355
顯身手	顯	身手	3965
顯達	顯	達	2825
顯耀	顯	耀	2330
顯聖	顯	聖	2030
顯榮	顯	榮	1545
顯目	顯	目	1020
顯祖	顯	祖	495
顯花植物	顯	花植物	185
顯考	顯	考	175
顯見	顯	見	30
顯妣	顯	妣	1
顯名	顯	名	1
顯者	顯	者	1
顯微手術	顯	微手術	1
餘額	餘	額	163585
餘年	餘	年	124230
餘地	餘	地	85015
餘下	餘	下	46710
餘款	餘	款	34815
餘光	餘	光	16460
餘生	餘	生	14975
餘韻	餘	韻	14685
餘數	餘	數	12482
餘力	餘	力	10355
餘香	餘	香	9070
餘暉	餘	暉	8370
餘味	餘	味	7490
餘音	餘	音	6855
餘震	餘	震	6510
餘糧	餘	糧	6255
餘波	餘	波	5910
餘錢	餘	錢	4355
餘音繞梁	餘	音繞梁	3595
餘暇	餘	暇	2840
餘黨	餘	黨	2405
餘孽	餘	孽	2275
餘留	餘	留	1975
餘興	餘	興	1945
餘悸	餘	悸	1765
餘燼	餘	燼	1655
餘毒	餘	毒	1380
餘味無窮	餘	味無窮	1360
餘裕	餘	裕	1145
餘興節目	餘	興節目	690
餘威	餘	威	307
餘悸猶存	餘	悸猶存	300
餘波盪漾	餘	波盪漾	210
餘下來	餘	下來	160
餘日	餘	日	1
餘蔭	餘	蔭	1
餘額交割	餘	額交割	1
優秀	優	秀	500771
優勢	優	勢	500778
優惠	優	惠	500388
優質	優	質	500292
優先	優	先	500272
優點	優	點	500251
優雅	優	雅	254265
優良	優	良	192750
優美	優	美	140360
優越	優	越	109895
優於	優	於	92500
優劣	優	劣	70750
優異	優	異	58810
優先權	優	先權	48905
優越性	優	越性	43060
優待	優	待	40570
優缺點	優	缺點	34115
優越感	優	越感	17975
優厚	優	厚	12350
優柔寡斷	優	柔寡斷	11170
優先股	優	先股	10490
優遊	優	遊	9640
優游	優	游	9640
優等生	優	等生	7450
優等	優	等	7435
優裕	優	裕	4185
優勝	優	勝	2112
優生	優	生	1914
優渥	優	渥	1815
優生學	優	生學	1475
優勝隊	優	勝隊	370
優待券	優	待券	110
優勝劣敗	優	勝劣敗	21
優閒	優	閒	1
優生保健	優	生保健	1
優游自在	優	游自在	1
初中	初	中	395270
初級	初	級	343840
初期	初	期	303220
初始	初	始	131185
初一	初	一	118930
初審	初	審	116555
初學者	初	學者	85565
初衷	初	衷	72720
初戀	初	戀	65980
初學	初	學	62025
初試	初	試	50000
初步	初	步	44821
初稿	初	稿	30505
初生	初	生	24785
初賽	初	賽	22940
初選	初	選	22105
初夏	初	夏	17955
初春	初	春	16845
初等	初	等	16425
初冬	初	冬	16000
初秋	初	秋	13055
初版	初	版	10270
初乳	初	乳	7580
初診	初	診	5005
初犯	初	犯	3275
初露鋒芒	初	露鋒芒	2580
初階	初	階	2315
初露頭角	初	露頭角	1360
初更	初	更	1260
初交	初	交	1130
初虧	初	虧	1111
初度	初	度	1090
初旬	初	旬	630
初生之犢	初	生之犢	585
初生之犢不畏虎	初	生之犢不畏虎	305
初時	初	時	11
字典	字	典	62310
字體	字	體	500339
字符	字	符	339880
字數	字	數	238120
字母	字	母	189510
字幕	字	幕	141170
字眼	字	眼	57375
字跡	字	跡	54220
字形	字	形	52650
字畫	字	畫	36855
字串	字	串	25585
字面	字	面	24385
字句	字	句	24115
字裡行間	字	裡行間	19420
字頭	字	頭	19145
字樣	字	樣	17025
字條	字	條	15465
字音	字	音	11275
字根	字	根	11250
字元	字	元	8885
字義	字	義	8395
字帖	字	帖	6665
字據	字	據	6298
字字珠璣	字	字珠璣	3810
字正腔圓	字	正腔圓	3190
字斟句酌	字	斟句酌	2835
字彙	字	彙	2685
字碼	字	碼	2510
字紙	字	紙	2330
字首	字	首	1585
字號	字	號	1021
字幕機	字	幕機	885
字紙簍	字	紙簍	550
字書	字	書	3
字型	字	型	1
字幕匣	字	幕匣	1
整理	整	理	500347
整個	整	個	300000
整齊	整	齊	112060
整整	整	整	150605
整體	整	體	500652
整合	整	合	500387
整治	整	治	301895
整頓	整	頓	180160
整天	整	天	157005
整潔	整	潔	116475
整形	整	形	78790
整數	整	數	53245
整型	整	型	50329
整體性	整	體性	37315
整日	整	日	34300
整容	整	容	32750
整修	整	修	26710
整流	整	流	22460
整夜	整	夜	18000
整地	整	地	15255
整編	整	編	12715
整齊劃一	整	齊劃一	10700
整年	整	年	10395
整流器	整	流器	10310
整人	整	人	9860
整裝待發	整	裝待發	6980
整風	整	風	6666
整裝	整	裝	6090
整肅	整	肅	5655
整合性	整	合性	4585
整建	整	建	3960
整飭	整	飭	3290
整軍	整	軍	2120
整軍經武	整	軍經武	48
整整的	整	整的	1
整人遊戲	整	人遊戲	1
檢查	檢	查	580138
檢驗	檢	驗	500427
檢測	檢	測	500548
檢索	檢	索	296085
檢修	檢	修	95270
檢舉	檢	舉	70835
檢定	檢	定	61345
檢討	檢	討	60995
檢察官	檢	察官	56670
檢察	檢	察	46920
檢察長	檢	察長	30015
檢視	檢	視	26235
檢查站	檢	查站	22990
檢驗所	檢	驗所	22795
檢閱	檢	閱	20415
檢查人員	檢	查人員	19880
檢查員	檢	查員	19155
檢方	檢	方	8145
檢點	檢	點	7815
檢字	檢	字	3910
檢查官	檢	查官	3365
檢核	檢	核	3345
檢覈	檢	覈	3345
檢疫	檢	疫	1497
檢字法	檢	字法	535
檢討會	檢	討會	415
檢收	檢	收	295
檢定考試	檢	定考試	225
檢場	檢	場	11
檢覆	檢	覆	1
檢拾	檢	拾	1
檢肅	檢	肅	1
檢查法	檢	查法	1
檢查署	檢	查署	1
檢察處	檢	察處	1
檢驗機	檢	驗機	1
淡路	淡	路	300000
淡淡	淡	淡	137935
淡化	淡	化	70625
淡水	淡	水	65760
淡季	淡	季	56565
淡然	淡	然	43725
淡薄	淡	薄	40860
淡漠	淡	漠	31290
淡出	淡	出	25900
淡黃色	淡	黃色	25390
淡忘	淡	忘	23965
淡泊	淡	泊	21155
淡藍色	淡	藍色	16105
淡黃	淡	黃	12605
淡雅	淡	雅	9999
淡紫色	淡	紫色	9805
淡泊名利	淡	泊名利	9415
淡妝	淡	妝	9100
淡水魚	淡	水魚	8875
淡紅色	淡	紅色	8490
淡紅	淡	紅	8260
淡水湖	淡	水湖	6775
淡褐色	淡	褐色	3280
淡青色	淡	青色	2940
淡入	淡	入	2162
淡然處之	淡	然處之	1250
淡江大學	淡	江大學	1085
淡水河	淡	水河	795
淡水區	淡	水區	115
淡江	淡	江	1
淡大	淡	大	1
淡酒	淡	酒	1
淡漠的	淡	漠的	1
淡水鎮	淡	水鎮	1
淡然無味	淡	然無味	1
淡水工商	淡	水工商	1
爭取	爭	取	500251
爭議	爭	議	376885
爭執	爭	執	231789
爭論	爭	論	180555
爭奪	爭	奪	152655
爭相	爭	相	99999
爭吵	爭	吵	75370
爭鬥	爭	鬥	44735
爭端	爭	端	41685
爭先	爭	先	30570
爭辯	爭	辯	30485
爭霸	爭	霸	29460
爭取到	爭	取到	25135
爭先恐後	爭	先恐後	24010
爭奪戰	爭	奪戰	17300
爭光	爭	光	15835
爭氣	爭	氣	15010
爭鋒	爭	鋒	9999
爭奇鬥豔	爭	奇鬥豔	7875
爭雄	爭	雄	7625
爭風吃醋	爭	風吃醋	4710
爭權奪利	爭	權奪利	4415
爭勝	爭	勝	4390
爭權	爭	權	4225
爭寵	爭	寵	4180
爭利	爭	利	3915
爭霸戰	爭	霸戰	3135
爭強	爭	強	2140
爭名奪利	爭	名奪利	1680
爭逐	爭	逐	960
爭鳴	爭	鳴	144
爭輝	爭	輝	4
爭產	爭	產	1
爭名	爭	名	1
爭球	爭	球	1
爭功諉過	爭	功諉過	1
筆者	筆	者	500324
筆記本	筆	記本	454380
筆試	筆	試	195995
筆記	筆	記	164510
筆錄	筆	錄	80668
筆名	筆	名	58095
筆下	筆	下	53530
筆墨	筆	墨	47685
筆直	筆	直	38320
筆跡	筆	跡	22795
筆法	筆	法	21555
筆筒	筆	筒	14885
筆尖	筆	尖	12090
筆頭	筆	頭	10335
筆畫	筆	畫	9280
筆順	筆	順	8245
筆挺	筆	挺	8080
筆調	筆	調	6815
筆力	筆	力	6320
筆桿	筆	桿	6055
筆觸	筆	觸	5999
筆端	筆	端	5505
筆架	筆	架	5420
筆意	筆	意	5415
筆誤	筆	誤	5033
筆友	筆	友	4495
筆談	筆	談	4110
筆勢	筆	勢	3275
筆耕	筆	耕	3255
筆鋒	筆	鋒	1111
筆會	筆	會	874
筆戰	筆	戰	64
筆劃	筆	劃	1
筆仗	筆	仗	1
筆記書	筆	記書	1
筆記型電腦	筆	記型電腦	1
等一下	等	一下	28835
等等	等	等	500814
等一	等	一	300000
等級	等	級	503728
等待	等	待	500356
等到	等	到	301215
等於	等	於	267640
等候	等	候	116100
等同	等	同	48675
等值	等	值	41055
等次	等	次	29905
等上	等	上	22835
等價	等	價	18650
等量	等	量	16975
等分	等	分	13735
等速	等	速	13650
等第	等	第	13140
等號	等	號	11500
等閒	等	閒	9705
等不及	等	不及	7680
等高線	等	高線	7510
等一會兒	等	一會兒	6175
等一會	等	一會	5175
等比	等	比	5150
等距	等	距	4620
等式	等	式	4079
等差	等	差	3905
等閒視之	等	閒視之	3895
等量齊觀	等	量齊觀	1550
等而下之	等	而下之	1445
等角	等	角	840
等比級數	等	比級數	295
等高	等	高	6
等壓線	等	壓線	1
等侯	等	侯	1
等化	等	化	1
節目	節	目	500419
節省	節	省	500262
節日	節	日	291465
節約	節	約	268095
節奏	節	奏	247365
節制	節	制	142240
節假日	節	假日	128440
節拍	節	拍	34810
節儉	節	儉	28095
節食	節	食	25420
節氣	節	氣	19015
節目表	節	目表	15720
節流	節	流	14630
節餘	節	餘	10570
節目單	節	目單	9985
節育	節	育	9200
節稅	節	稅	8940
節錄	節	錄	6625
節令	節	令	5715
節操	節	操	4955
節骨眼	節	骨眼	4945
節衣縮食	節	衣縮食	4730
節節敗退	節	節敗退	4700
節外生枝	節	外生枝	4550
節慶	節	慶	3705
節省下	節	省下	3695
節哀	節	哀	2940
節目部	節	目部	1620
節省下來	節	省下來	1495
節烈	節	烈	1235
節略	節	略	1040
節哀順變	節	哀順變	690
節禮	節	禮	25
節義	節	義	1
節節攀高	節	節攀高	1
節節失利	節	節失利	1
耳機	耳	機	264325
耳朵	耳	朵	223880
耳熟	耳	熟	66666
耳環	耳	環	48675
耳目一新	耳	目一新	40245
耳光	耳	光	29715
耳鳴	耳	鳴	28175
耳聾	耳	聾	22675
耳目	耳	目	19455
耳聞	耳	聞	17705
耳根	耳	根	15765
耳語	耳	語	14060
耳垂	耳	垂	12210
耳鼻喉科	耳	鼻喉科	11585
耳膜	耳	膜	11145
耳濡目染	耳	濡目染	10265
耳際	耳	際	8330
耳蝸	耳	蝸	3525
耳聽八方	耳	聽八方	2735
耳輪	耳	輪	2565
耳邊風	耳	邊風	2330
耳聰目明	耳	聰目明	2260
耳提面命	耳	提面命	2225
耳鬢廝磨	耳	鬢廝磨	2145
耳順	耳	順	1880
耳垢	耳	垢	1530
耳刮子	耳	刮子	1510
耳力	耳	力	1125
耳福	耳	福	725
耳熱	耳	熱	705
耳順之年	耳	順之年	153
耳朵軟	耳	朵軟	115
耳門	耳	門	16
耳熟能詳	耳	熟能詳	1
耳根軟	耳	根軟	1
耳根清靜	耳	根清靜	1
舞浜	舞	浜	300000
舞台	舞	台	333070
舞臺	舞	臺	333070
舞蹈	舞	蹈	323075
舞曲	舞	曲	96690
舞會	舞	會	36485
舞動	舞	動	35510
舞弊	舞	弊	33325
舞廳	舞	廳	32880
舞步	舞	步	29585
舞姿	舞	姿	20750
舞獅	舞	獅	18230
舞台劇	舞	台劇	15785
舞臺劇	舞	臺劇	15785
舞池	舞	池	14755
舞女	舞	女	11630
舞蹈家	舞	蹈家	10930
舞伴	舞	伴	9525
舞龍	舞	龍	9120
舞孃	舞	孃	8455
舞場	舞	場	4825
舞文弄墨	舞	文弄墨	4660
舞技	舞	技	3910
舞者	舞	者	3865
舞鞋	舞	鞋	3590
舞蹈系	舞	蹈系	2555
舞弄	舞	弄	2470
舞藝	舞	藝	1855
舞迷	舞	迷	1035
舞團	舞	團	999
舞譜	舞	譜	610
舞蹈病	舞	蹈病	26
舞客	舞	客	1
舞星	舞	星	1
舞樂	舞	樂	1
舞蹈社	舞	蹈社	1
衣服	衣	服	500372
衣物	衣	物	122765
衣裳	衣	裳	53365
衣櫃	衣	櫃	52755
衣衫	衣	衫	31580
衣袖	衣	袖	28835
衣領	衣	領	24180
衣褲	衣	褲	23335
衣襟	衣	襟	21845
衣架	衣	架	20180
衣食住行	衣	食住行	19405
衣櫥	衣	櫥	18955
衣冠	衣	冠	18790
衣裙	衣	裙	12650
衣角	衣	角	12615
衣料	衣	料	12535
衣飾	衣	飾	11565
衣袋	衣	袋	9110
衣缽	衣	缽	7550
衣帽間	衣	帽間	7150
衣衫襤褸	衣	衫襤褸	6350
衣食父母	衣	食父母	5840
衣帽	衣	帽	5825
衣冠楚楚	衣	冠楚楚	5030
衣帶	衣	帶	4480
衣錦還鄉	衣	錦還鄉	3800
衣箱	衣	箱	3605
衣衫不整	衣	衫不整	3600
衣冠禽獸	衣	冠禽獸	2140
衣冠塚	衣	冠塚	1665
衣不蔽體	衣	不蔽體	1630
衣履	衣	履	1475
衣架子	衣	架子	665
衣著	衣	著	1
衣物箱	衣	物箱	1
衣錦榮歸	衣	錦榮歸	1
逃避	逃	避	131630
逃跑	逃	跑	80455
逃離	逃	離	64290
逃走	逃	走	61175
逃脫	逃	脫	60495
逃出	逃	出	48430
逃生	逃	生	40650
逃亡	逃	亡	35075
逃逸	逃	逸	30445
逃命	逃	命	20270
逃竄	逃	竄	15495
逃課	逃	課	15475
逃往	逃	往	14740
逃回	逃	回	12345
逃犯	逃	犯	12300
逃難	逃	難	10640
逃之夭夭	逃	之夭夭	10570
逃稅	逃	稅	10295
逃學	逃	學	9960
逃兵	逃	兵	8825
逃開	逃	開	7690
逃不出	逃	不出	6880
逃匿	逃	匿	5775
逃不了	逃	不了	5625
逃掉	逃	掉	5425
逃荒	逃	荒	3095
逃散	逃	散	2870
逃奔	逃	奔	2070
逃債	逃	債	1980
逃獄	逃	獄	1830
逃罪	逃	罪	210
逃漏稅	逃	漏稅	200
逃家	逃	家	1
逃漏	逃	漏	1
逃妻	逃	妻	1
逃生梯	逃	生梯	1
黨員	黨	員	500584
黨政	黨	政	128625
黨內	黨	內	117515
黨章	黨	章	111400
黨校	黨	校	87460
黨性	黨	性	42090
黨務	黨	務	39380
黨外	黨	外	28825
黨派	黨	派	25960
黨費	黨	費	21010
黨報	黨	報	17120
黨旗	黨	旗	16810
黨團	黨	團	12670
黨人	黨	人	11745
黨籍	黨	籍	11090
黨主席	黨	主席	7720
黨政軍	黨	政軍	6620
黨徽	黨	徽	6535
黨羽	黨	羽	5615
黨紀	黨	紀	3061
黨綱	黨	綱	2575
黨爭	黨	爭	2560
黨工	黨	工	2460
黨魁	黨	魁	2325
黨徒	黨	徒	1930
黨法	黨	法	1515
黨委	黨	委	1435
黨國	黨	國	1287
黨鞭	黨	鞭	1111
黨禁	黨	禁	720
黨部	黨	部	630
黨證	黨	證	510
黨棍	黨	棍	245
黨義	黨	義	1
黨友	黨	友	1
黨國元老	黨	國元老	1
依法	依	法	500793
依照	依	照	500469
依然	依	然	500380
依據	依	據	500320
依靠	依	靠	464480
依託	依	託	328360
依舊	依	舊	287415
依賴	依	賴	257190
依次	依	次	187645
依賴性	依	賴性	41920
依稀	依	稀	40685
依戀	依	戀	35455
依附	依	附	28175
依偎	依	偎	25055
依存	依	存	20835
依依不捨	依	依不捨	14960
依存度	依	存度	14245
依序	依	序	8310
依約	依	約	7910
依仗	依	仗	7445
依從	依	從	5920
依循	依	循	5635
依依	依	依	5145
依傍	依	傍	4715
依然如故	依	然如故	4715
依賴度	依	賴度	3135
依然故我	依	然故我	2760
依樣畫葫蘆	依	樣畫葫蘆	2265
依樣	依	樣	1935
依存性	依	存性	1430
依法炮製	依	法炮製	515
依歸	依	歸	50
依時	依	時	1
依物	依	物	1
依計行事	依	計行事	1
十分	十	分	500716
十足	十	足	150700
十字路口	十	字路口	39710
十字架	十	字架	28700
十二指腸	十	二指腸	24935
十全十美	十	全十美	20265
十字	十	字	17516
十二生肖	十	二生肖	17355
十成	十	成	16180
十字軍	十	字軍	14430
十之八九	十	之八九	7025
十八羅漢	十	八羅漢	6605
十萬火急	十	萬火急	4830
十惡不赦	十	惡不赦	4415
十三經	十	三經	4225
十字形	十	字形	4050
十八般武藝	十	八般武藝	3845
十拿九穩	十	拿九穩	3145
十誡	十	誡	2975
十三點	十	三點	2480
十里洋場	十	里洋場	2175
十四行詩	十	四行詩	2155
十二萬分	十	二萬分	2075
十傳百	十	傳百	1830
十項全能	十	項全能	1820
十全	十	全	562
十字路	十	字路	256
十信	十	信	1
十分寮	十	分寮	1
十進法	十	進法	1
十字花	十	字花	1
十二碼球	十	二碼球	1
十二項建設	十	二項建設	1
十字軍東征	十	字軍東征	1
十年樹木，百年樹人	十	年樹木，百年樹人	1
善於	善	於	320375
善良	善	良	148950
善意	善	意	79175
善待	善	待	41820
善用	善	用	37080
善解人意	善	解人意	28220
善根	善	根	22890
善心	善	心	16210
善變	善	變	15670
善人	善	人	14035
善後	善	後	12595
善行	善	行	12380
善哉	善	哉	9965
善舉	善	舉	9235
善本	善	本	8035
善男信女	善	男信女	6030
善加	善	加	5875
善言	善	言	4940
善罷甘休	善	罷甘休	4545
善書	善	書	4330
善終	善	終	4100
善事	善	事	4025
善惡	善	惡	3684
善思	善	思	3635
善辯	善	辯	2125
善化	善	化	1960
善報	善	報	1940
善才	善	才	1510
善忘	善	忘	1165
善導寺	善	導寺	165
善士	善	士	162
善緣	善	緣	111
善堂	善	堂	1
善罷干休	善	罷干休	1
善心人士	善	心人士	1
子維	子	維	2
子綸	子	綸	2
子句	子	句	888
子宮	子	宮	144165
子彈	子	彈	118195
子宮頸	子	宮頸	18005
子女	子	女	443325
子孫	子	孫	95145
子時	子	時	18700
子民	子	民	17875
子夜	子	夜	16035
子路	子	路	15940
子目	子	目	13210
子午線	子	午線	11080
子規	子	規	9999
子母	子	母	9555
子房	子	房	8570
子虛烏有	子	虛烏有	6920
子嗣	子	嗣	6075
子葉	子	葉	5450
子弟	子	弟	5427
子虛	子	虛	4605
子弟兵	子	弟兵	4585
子宮癌	子	宮癌	3610
子子孫孫	子	子孫孫	3575
子兒	子	兒	3565
子息	子	息	1705
子音	子	音	1220
子金	子	金	710
子宮外孕	子	宮外孕	625
子婿	子	婿	330
子健	子	健	1
子張	子	張	1
子弟戲	子	弟戲	1
子宮頸抹片檢查	子	宮頸抹片檢查	1
客人	客	人	500378
客廳	客	廳	190025
客戶	客	戶	501510
客觀	客	觀	335920
客房	客	房	231850
客運	客	運	145220
客車	客	車	125160
客氣	客	氣	75460
客棧	客	棧	74485
客家	客	家	56485
客觀性	客	觀性	34580
客隊	客	隊	33030
客機	客	機	31795
客座教授	客	座教授	26285
客串	客	串	21760
客家人	客	家人	16650
客座	客	座	10675
客套	客	套	10595
客船	客	船	9245
客輪	客	輪	8940
客艙	客	艙	8500
客官	客	官	7770
客家話	客	家話	6325
客滿	客	滿	5540
客居	客	居	4765
客觀化	客	觀化	3100
客卿	客	卿	2070
客室	客	室	1845
客商	客	商	1435
客貨兩用車	客	貨兩用車	1350
客隨主便	客	隨主便	1180
客席	客	席	1080
客體	客	體	649
客飯	客	飯	625
客地	客	地	1
寒冷	寒	冷	152065
寒假	寒	假	63525
寒風	寒	風	50320
寒冬	寒	冬	34200
寒氣	寒	氣	24250
寒光	寒	光	22955
寒暄	寒	暄	20465
寒流	寒	流	16795
寒暑	寒	暑	15270
寒山	寒	山	12805
寒酸	寒	酸	10480
寒心	寒	心	10440
寒窗	寒	窗	8565
寒梅	寒	梅	7405
寒霜	寒	霜	6610
寒露	寒	露	5770
寒帶	寒	帶	4980
寒門	寒	門	4770
寒舍	寒	舍	3785
寒毛	寒	毛	3090
寒意	寒	意	2935
寒微	寒	微	2920
寒蟬	寒	蟬	2580
寒噤	寒	噤	2135
寒來暑往	寒	來暑往	1805
寒氣襲人	寒	氣襲人	1670
寒食	寒	食	612
寒暑表	寒	暑表	485
寒慄	寒	慄	480
寒士	寒	士	438
寒衣	寒	衣	245
寒林	寒	林	11
寒顫	寒	顫	1
寒傖	寒	傖	1
寒喧	寒	喧	1
帶來	帶	來	500793
帶去	帶	去	43265
帶回來	帶	回來	300000
帶有	帶	有	464770
帶動	帶	動	439930
帶領	帶	領	314985
帶給	帶	給	185730
帶上	帶	上	153385
帶頭	帶	頭	148375
帶走	帶	走	97620
帶回	帶	回	96010
帶隊	帶	隊	52510
帶出	帶	出	46650
帶魚	帶	魚	38818
帶子	帶	子	25575
帶路	帶	路	20345
帶病	帶	病	19325
帶兵	帶	兵	18640
帶過	帶	過	15735
帶狀	帶	狀	15145
帶下	帶	下	10255
帶入	帶	入	6100
帶狀疱疹	帶	狀疱疹	5965
帶傷	帶	傷	5740
帶勁	帶	勁	5150
帶菌	帶	菌	4205
帶出去	帶	出去	4000
帶壞	帶	壞	3300
帶信	帶	信	1685
帶分數	帶	分數	655
帶球跑	帶	球跑	194
帶孝	帶	孝	1
帶動唱	帶	動唱	1
帶原者	帶	原者	1
帶球撞人	帶	球撞人	1
性奮	性	奮	888
性能	性	能	500575
性交	性	交	141855
性別	性	別	500564
性質	性	質	500445
性格	性	格	500282
性感	性	感	305555
性愛	性	愛	202710
性生活	性	生活	196955
性慾	性	慾	117295
性命	性	命	113700
性病	性	病	99900
性情	性	情	68325
性行為	性	行為	49480
性教育	性	教育	41665
性騷擾	性	騷擾	29240
性子	性	子	26880
性器官	性	器官	25175
性知識	性	知識	24290
性能力	性	能力	18750
性器	性	器	11180
性急	性	急	10465
性向	性	向	10265
性別歧視	性	別歧視	9610
性情中人	性	情中人	8165
性無能	性	無能	4865
性善	性	善	4375
性變態	性	變態	4190
性科學	性	科學	3795
性徵	性	徵	3355
性工作者	性	工作者	2605
性靈	性	靈	999
性命交關	性	命交關	450
性氣	性	氣	2
性冷感	性	冷感	1
悲哀	悲	哀	141385
悲傷	悲	傷	133105
悲觀	悲	觀	50970
悲痛	悲	痛	40255
悲壯	悲	壯	32700
悲慘	悲	慘	30270
悲涼	悲	涼	25080
悲情	悲	情	22450
悲歡離合	悲	歡離合	15490
悲愁	悲	愁	9999
悲苦	悲	苦	9999
悲劇	悲	劇	9880
悲喜	悲	喜	9845
悲憫	悲	憫	9545
悲愴	悲	愴	9175
悲歡	悲	歡	8430
悲痛欲絕	悲	痛欲絕	8360
悲鳴	悲	鳴	6835
悲天憫人	悲	天憫人	5500
悲嘆	悲	嘆	5320
悲憤	悲	憤	4760
悲泣	悲	泣	4615
悲切	悲	切	3910
悲慟	悲	慟	3725
悲從中來	悲	從中來	3360
悲喜交加	悲	喜交加	2125
悲歌	悲	歌	2095
悲觀主義	悲	觀主義	2005
悲啼	悲	啼	1245
悲思	悲	思	999
悲悼	悲	悼	610
悲憐	悲	憐	590
悲不自勝	悲	不自勝	275
悲喜交集	悲	喜交集	199
悲戚	悲	戚	4
營養	營	養	500314
營造	營	造	500262
營業	營	業	289190
營運	營	運	160470
營業稅	營	業稅	105560
營業部	營	業部	105025
營業額	營	業額	83795
營利	營	利	77777
營地	營	地	67605
營養素	營	養素	51655
營利性	營	利性	47595
營救	營	救	42795
營收	營	收	33345
營長	營	長	27255
營養學	營	養學	20225
營建	營	建	15945
營房	營	房	14960
營區	營	區	10415
營帳	營	帳	8225
營私舞弊	營	私舞弊	7135
營生	營	生	7030
營壘	營	壘	3790
營部	營	部	3375
營業處	營	業處	2415
營私	營	私	1650
營養部	營	養部	480
營造業	營	造業	345
營造廠	營	造廠	235
營造商	營	造商	235
營火	營	火	213
營建業	營	建業	110
營隊	營	隊	1
營求	營	求	1
營繕	營	繕	1
營利事業所得稅	營	利事業所得稅	1
福建	福	建	500297
福州	福	州	356265
福建省	福	建省	339870
福利	福	利	222365
福州市	福	州市	110105
福特	福	特	96215
福音	福	音	48345
福氣	福	氣	29115
福祉	福	祉	16365
福爾摩斯	福	爾摩斯	14600
福地	福	地	12920
福利社	福	利社	8250
福林	福	林	7777
福星	福	星	7280
福分	福	分	6325
福澤	福	澤	5270
福利國家	福	利國家	4075
福如東海	福	如東海	3375
福神	福	神	1870
福蔭	福	蔭	1740
福將	福	將	1435
福相	福	相	1410
福壽	福	壽	153
福德正神	福	德正神	150
福王	福	王	141
福隆	福	隆	111
福壽山	福	壽山	101
福晉	福	晉	85
福安	福	安	1
福份	福	份	1
福和	福	和	1
福華	福	華	1
福樂	福	樂	1
福利品	福	利品	1
福爾摩沙	福	爾摩沙	1
稱做	稱	做	1
稱為	稱	為	500317
稱號	稱	號	500263
稱呼	稱	呼	129215
稱讚	稱	讚	100235
稱作	稱	作	68775
稱謂	稱	謂	54310
稱得上	稱	得上	46205
稱職	稱	職	21040
稱霸	稱	霸	21015
稱心	稱	心	16550
稱雄	稱	雄	12930
稱心如意	稱	心如意	12910
稱頌	稱	頌	10380
稱王	稱	王	9965
稱意	稱	意	9510
稱譽	稱	譽	6030
稱兄道弟	稱	兄道弟	5835
稱謝	稱	謝	5310
稱臣	稱	臣	4495
稱道	稱	道	3332
稱羡	稱	羡	2980
稱羨	稱	羨	2980
稱許	稱	許	2760
稱曰	稱	曰	1820
稱善	稱	善	1610
稱快	稱	快	1190
稱述	稱	述	999
稱說	稱	說	999
稱身	稱	身	620
稱便	稱	便	570
稱願	稱	願	49
稱錢	稱	錢	1
稱慶	稱	慶	1
稱王封后	稱	王封后	1
航空	航	空	307890
航空公司	航	空公司	232970
航班	航	班	203590
航線	航	線	136910
航道	航	道	75345
航行	航	行	72255
航運	航	運	69165
航海	航	海	59610
航空器	航	空器	47370
航程	航	程	43330
航空母艦	航	空母艦	32835
航速	航	速	11780
航向	航	向	11720
航路	航	路	11385
航次	航	次	10655
航運公司	航	運公司	7240
航空隊	航	空隊	4510
航點	航	點	2795
航空工程	航	空工程	1650
航空站	航	空站	1595
航政	航	政	1555
航空界	航	空界	1350
航運界	航	運界	1255
航空法	航	空法	540
航政局	航	政局	1
航界	航	界	1
航器	航	器	1
航權	航	權	1
航太	航	太	1
航業	航	業	1
航至	航	至	1
航政司	航	政司	1
航發中心	航	發中心	1
航空郵件	航	空郵件	1
航業公司	航	業公司	1
認識	認	識	500696
認真	認	真	500517
認同	認	同	313235
認為	認	為	501762
認證	認	證	500664
認定	認	定	500386
認可	認	可	486805
認識到	認	識到	283340
認知	認	知	229325
認購	認	購	112990
認出	認	出	62570
認清	認	清	54765
認得	認	得	36675
認字	認	字	27010
認輸	認	輸	23990
認錯	認	錯	23685
認了	認	了	17080
認罪	認	罪	12790
認命	認	命	12700
認領	認	領	11005
認養	認	養	9999
認出來	認	出來	7295
認捐	認	捐	7150
認股	認	股	6525
認作	認	作	5405
認賬	認	賬	2235
認賊作父	認	賊作父	1550
認明	認	明	1445
認不清	認	不清	965
認祖歸宗	認	祖歸宗	940
認同卡	認	同卡	11
認破	認	破	1
認屍	認	屍	1
認帳	認	帳	1
認做	認	做	1
造成	造	成	501374
造型	造	型	500267
造訪	造	訪	139740
造價	造	價	122060
造就	造	就	119045
造紙	造	紙	83950
造林	造	林	82115
造假	造	假	51680
造船	造	船	48080
造福	造	福	41725
造詣	造	詣	38295
造出	造	出	35260
造化	造	化	34530
造反	造	反	33150
造勢	造	勢	27875
造像	造	像	27295
造冊	造	冊	17480
造作	造	作	16280
造紙廠	造	紙廠	15540
造物	造	物	15350
造句	造	句	14515
造船廠	造	船廠	13635
造謠	造	謠	13405
造形	造	形	10340
造物主	造	物主	7470
造船業	造	船業	6170
造字	造	字	4140
造孽	造	孽	4045
造次	造	次	3250
造橋	造	橋	2945
造物者	造	物者	2775
造詞	造	詞	2700
造謠生事	造	謠生事	2530
造謠惑眾	造	謠惑眾	1830
造園	造	園	1
附件	附	件	500480
附近	附	近	500409
附加	附	加	287070
附則	附	則	133945
附屬	附	屬	117865
附錄	附	錄	110505
附帶	附	帶	102785
附表	附	表	71160
附圖	附	圖	64200
附有	附	有	63090
附注	附	注	52015
附註	附	註	52015
附中	附	中	47230
附上	附	上	44795
附贈	附	贈	21645
附設	附	設	14720
附加價值	附	加價值	12395
附庸	附	庸	9380
附會	附	會	6090
附加稅	附	加稅	5625
附屬品	附	屬品	5590
附庸風雅	附	庸風雅	4530
附記	附	記	3985
附生	附	生	3315
附耳	附	耳	3185
附小	附	小	2519
附議	附	議	1600
附和	附	和	1312
附帶條件	附	帶條件	1020
附庸國	附	庸國	580
附著力	附	著力	1
附愛	附	愛	1
附添	附	添	1
附約	附	約	1
附著	附	著	1
副主席	副	主席	237820
副本	副	本	226040
副教授	副	教授	162570
副所長	副	所長	154850
副總裁	副	總裁	150480
副會長	副	會長	141135
副院長	副	院長	130985
副作用	副	作用	100385
副校長	副	校長	99185
副食	副	食	96335
副總	副	總	78785
副處長	副	處長	44225
副產品	副	產品	25360
副食品	副	食品	23275
副詞	副	詞	20800
副總統	副	總統	17465
副刊	副	刊	16375
副官	副	官	13970
副手	副	手	13015
副業	副	業	12005
副將	副	將	11615
副團長	副	團長	11430
副班長	副	班長	11170
副廠長	副	廠長	10015
副社長	副	社長	10005
副司令	副	司令	6505
副產物	副	產物	3980
副總司令	副	總司令	2250
副議長	副	議長	1925
副座	副	座	1625
副理	副	理	452
副機	副	機	11
副審	副	審	1
副署	副	署	1
嚴重	嚴	重	500491
嚴格	嚴	格	500268
嚴禁	嚴	禁	410920
嚴肅	嚴	肅	232840
嚴謹	嚴	謹	189470
嚴密	嚴	密	133490
嚴峻	嚴	峻	109825
嚴厲	嚴	厲	70760
嚴寒	嚴	寒	42430
嚴防	嚴	防	32190
嚴懲	嚴	懲	29805
嚴重性	嚴	重性	26625
嚴守	嚴	守	24180
嚴酷	嚴	酷	22970
嚴冬	嚴	冬	17115
嚴明	嚴	明	16535
嚴查	嚴	查	12390
嚴正	嚴	正	10520
嚴處	嚴	處	9999
嚴苛	嚴	苛	8700
嚴陣以待	嚴	陣以待	7385
嚴整	嚴	整	7150
嚴刑	嚴	刑	2935
嚴刑峻法	嚴	刑峻法	2605
嚴詞	嚴	詞	2215
嚴父	嚴	父	2060
嚴命	嚴	命	1999
嚴師	嚴	師	1885
嚴霜	嚴	霜	1730
嚴辦	嚴	辦	1360
嚴責	嚴	責	485
嚴斥	嚴	斥	295
嚴制	嚴	制	1
嚴家淦	嚴	家淦	1
圖片	圖	片	501564
圖書館	圖	書館	431720
圖書	圖	書	500366
圖像	圖	像	500314
圖形	圖	形	401970
圖案	圖	案	379675
圖文	圖	文	158135
圖紙	圖	紙	128140
圖畫	圖	畫	78595
圖示	圖	示	54575
圖表	圖	表	48492
圖騰	圖	騰	48105
圖文並茂	圖	文並茂	37935
圖解	圖	解	33965
圖樣	圖	樣	32830
圖譜	圖	譜	22265
圖書室	圖	書室	21050
圖謀	圖	謀	19550
圖說	圖	說	15960
圖冊	圖	冊	12365
圖章	圖	章	10305
圖板	圖	板	6475
圖畫書	圖	畫書	5000
圖釘	圖	釘	3860
圖利	圖	利	3545
圖謀不軌	圖	謀不軌	2950
圖們江	圖	們江	2265
圖紋	圖	紋	2222
圖記	圖	記	1820
圖窮匕見	圖	窮匕見	280
圖存	圖	存	124
圖畫紙	圖	畫紙	1
圖繪	圖	繪	1
圖式	圖	式	1
坐車	坐	車	47840
坐墊	坐	墊	13920
坐下	坐	下	139645
坐標	坐	標	114930
坐到	坐	到	62460
坐下來	坐	下來	54865
坐騎	坐	騎	33195
坐落	坐	落	17795
坐起來	坐	起來	17000
坐鎮	坐	鎮	15585
坐牢	坐	牢	15550
坐定	坐	定	15185
坐立不安	坐	立不安	9930
坐禪	坐	禪	7860
坐以待斃	坐	以待斃	6675
坐月子	坐	月子	6215
坐享其成	坐	享其成	6090
坐視	坐	視	4845
坐收	坐	收	4725
坐大	坐	大	4145
坐不住	坐	不住	3765
坐下去	坐	下去	3440
坐井觀天	坐	井觀天	3235
坐化	坐	化	2520
坐失良機	坐	失良機	2190
坐吃山空	坐	吃山空	2170
坐冷板凳	坐	冷板凳	1380
坐收漁利	坐	收漁利	1380
坐臥不寧	坐	臥不寧	1370
坐不穩	坐	不穩	760
坐擁書城	坐	擁書城	355
坐骨	坐	骨	317
坐位	坐	位	1
坐困愁城	坐	困愁城	1
壓力	壓	力	500576
壓縮	壓	縮	341720
壓抑	壓	抑	139825
壓迫	壓	迫	102235
壓制	壓	制	98715
壓縮機	壓	縮機	73765
壓低	壓	低	46045
壓榨	壓	榨	30450
壓倒	壓	倒	27540
壓住	壓	住	26040
壓下	壓	下	16410
壓歲錢	壓	歲錢	12070
壓軸	壓	軸	11755
壓根兒	壓	根兒	9940
壓驚	壓	驚	7777
壓線	壓	線	6705
壓印	壓	印	6360
壓扁	壓	扁	5520
壓出	壓	出	5355
壓碎	壓	碎	5125
壓平	壓	平	4970
壓垮	壓	垮	4315
壓境	壓	境	4230
壓倒性	壓	倒性	3645
壓下去	壓	下去	3460
壓不住	壓	不住	2730
壓陣	壓	陣	2515
壓服	壓	服	2410
壓箱底	壓	箱底	2100
壓軸戲	壓	軸戲	1595
壓著	壓	著	1
壓克力	壓	克力	1
壓條法	壓	條法	1
壓力團體	壓	力團體	1
就是	就	是	503947
就行	就	行	888
就打	就	打	888
就業	就	業	500540
就算	就	算	438765
就此	就	此	170645
就讀	就	讀	116305
就是說	就	是說	108985
就診	就	診	89990
就醫	就	醫	80310
就地	就	地	61945
就是了	就	是了	56210
就學	就	學	47225
就職	就	職	34685
就任	就	任	26135
就緒	就	緒	20610
就座	就	座	18100
就位	就	位	16785
就事論事	就	事論事	12820
就寢	就	寢	12345
就近	就	近	7815
就教	就	教	7725
就地取材	就	地取材	7720
就養	就	養	5510
就義	就	義	4105
就此打住	就	此打住	3735
就範	就	範	3700
就地解決	就	地解決	2580
就地正法	就	地正法	1735
就木	就	木	7
就逮	就	逮	1
就坐	就	坐	1
就此罷手	就	此罷手	1
就業輔導	就	業輔導	1
彈性	彈	性	258905
彈出	彈	出	222135
彈簧	彈	簧	94775
彈葯	彈	葯	48610
彈藥	彈	藥	48610
彈力	彈	力	35780
彈奏	彈	奏	31985
彈琴	彈	琴	22805
彈跳	彈	跳	14890
彈頭	彈	頭	14365
彈劾	彈	劾	11115
彈珠	彈	珠	9570
彈道	彈	道	9380
彈弓	彈	弓	8915
彈片	彈	片	7300
彈丸	彈	丸	6725
彈殼	彈	殼	5425
彈回	彈	回	3545
彈丸之地	彈	丸之地	3395
彈藥庫	彈	藥庫	2985
彈痕	彈	痕	2615
彈詞	彈	詞	2600
彈指	彈	指	2230
彈唱	彈	唱	1782
彈腿	彈	腿	1425
彈簧床	彈	簧床	870
彈子房	彈	子房	755
彈塗魚	彈	塗魚	565
彈盡援絕	彈	盡援絕	74
彈性工時	彈	性工時	1
彈道飛彈	彈	道飛彈	1
彈性放假	彈	性放假	1
彈性疲乏	彈	性疲乏	1
彈性上班	彈	性上班	1
未來	未	來	500612
未知	未	知	500301
未婚	未	婚	252890
未必	未	必	144290
未成年	未	成年	125800
未曾	未	曾	89250
未滿	未	滿	76245
未遂	未	遂	56179
未免	未	免	46530
未及	未	及	39130
未定	未	定	34255
未嘗	未	嘗	27960
未婚妻	未	婚妻	22795
未雨綢繆	未	雨綢繆	22015
未了	未	了	20565
未央	未	央	20455
未知數	未	知數	18970
未婚夫	未	婚夫	15145
未幾	未	幾	7990
未決	未	決	6795
未料	未	料	4505
未老先衰	未	老先衰	3455
未詳	未	詳	3245
未卜先知	未	卜先知	2785
未來主義	未	來主義	2265
未婚媽媽	未	婚媽媽	2125
未見得	未	見得	1185
未便	未	便	1165
未亡	未	亡	1045
未亡人	未	亡人	795
未了情	未	了情	775
未了緣	未	了緣	675
未可厚非	未	可厚非	280
未可限量	未	可限量	1
林業	林	業	288560
林木	林	木	135480
林肯	林	肯	100281
林地	林	地	73355
林立	林	立	56440
林場	林	場	46960
林區	林	區	45470
林彪	林	彪	45265
林子	林	子	42405
林黛玉	林	黛玉	21765
林間	林	間	19575
林則徐	林	則徐	17270
林蔭	林	蔭	13490
林林總總	林	林總總	11925
林語堂	林	語堂	9520
林下	林	下	8410
林產	林	產	4605
林蔭大道	林	蔭大道	2420
林邊	林	邊	2360
林壑	林	壑	1245
林園	林	園	754
林內	林	內	689
林務局	林	務局	465
林口	林	口	2
林森	林	森	2
林務	林	務	2
林野	林	野	2
林產物	林	產物	1
林班	林	班	1
林表	林	表	1
林泉	林	泉	1
林相	林	相	1
林清雲	林	清雲	1
林木森森	林	木森森	1
殘疾	殘	疾	209260
殘留	殘	留	114685
殘酷	殘	酷	92525
殘忍	殘	忍	90795
殘餘	殘	餘	35070
殘暴	殘	暴	25645
殘存	殘	存	24460
殘缺	殘	缺	23250
殘廢	殘	廢	22915
殘害	殘	害	16570
殘破	殘	破	16480
殘渣	殘	渣	15800
殘骸	殘	骸	15645
殘陽	殘	陽	12105
殘殺	殘	殺	12010
殘留物	殘	留物	10780
殘障	殘	障	8456
殘缺不全	殘	缺不全	8360
殘局	殘	局	8050
殘兵	殘	兵	3605
殘跡	殘	跡	3105
殘餘物	殘	餘物	2810
殘生	殘	生	1920
殘照	殘	照	1840
殘羹	殘	羹	1390
殘冬	殘	冬	1245
殘年	殘	年	1115
殘花敗柳	殘	花敗柳	1100
殘虐	殘	虐	885
殘屑	殘	屑	575
殘渣餘孽	殘	渣餘孽	370
殘弱	殘	弱	365
殘而不廢	殘	而不廢	1
殘障福利法	殘	障福利法	1
沈默	沈	默	222740
沈沒	沈	沒	31130
沈船	沈	船	14870
沈積	沈	積	5675
沈澱	沈	澱	1
沈疔	沈	疔	1
沈浮	沈	浮	1
沈寂	沈	寂	1
沈浸	沈	浸	1
沈靜	沈	靜	1
沈痾	沈	痾	1
沈淪	沈	淪	1
沈落	沈	落	1
沈悶	沈	悶	1
沈迷	沈	迷	1
沈湎	沈	湎	1
沈溺	沈	溺	1
沈睡	沈	睡	1
沈思	沈	思	1
沈痛	沈	痛	1
沈下	沈	下	1
沈陷	沈	陷	1
沈香	沈	香	1
沈吟	沈	吟	1
沈鬱	沈	鬱	1
沈冤	沈	冤	1
沈滯	沈	滯	1
沈重	沈	重	1
沈著	沈	著	1
沈醉	沈	醉	1
沈甸甸	沈	甸甸	1
沈澱法	沈	澱法	1
沈澱物	沈	澱物	1
沈劍虹	沈	劍虹	1
洋蔥	洋	蔥	94307
洋人	洋	人	33785
洋溢	洋	溢	26235
洋酒	洋	酒	15945
洋娃娃	洋	娃娃	14985
洋房	洋	房	13935
洋芋	洋	芋	10440
洋行	洋	行	9165
洋裝	洋	裝	9145
洋洋灑灑	洋	洋灑灑	8510
洋流	洋	流	5620
洋務	洋	務	4785
洋鬼子	洋	鬼子	4440
洋樓	洋	樓	4310
洋參	洋	參	2810
洋服	洋	服	2540
洋洋大觀	洋	洋大觀	1520
洋化	洋	化	1475
洋傘	洋	傘	1270
洋火	洋	火	835
洋菜	洋	菜	770
洋式	洋	式	680
洋灰	洋	灰	660
洋鐵	洋	鐵	405
洋洋	洋	洋	244
洋香瓜	洋	香瓜	1
洋船	洋	船	1
洋菇	洋	菇	1
洋菸	洋	菸	1
洋煙	洋	煙	1
洋銀	洋	銀	1
洋山芋	洋	山芋	1
洋洋得意	洋	洋得意	1
洋涇浜英語	洋	涇浜英語	1
烏龍	烏	龍	888
烏克蘭	烏	克蘭	64300
烏龜	烏	龜	61365
烏鴉	烏	鴉	57200
烏龍茶	烏	龍茶	40948
烏雲	烏	雲	39090
烏黑	烏	黑	33255
烏托邦	烏	托邦	20200
烏拉圭	烏	拉圭	15495
烏干達	烏	干達	9510
烏梅	烏	梅	7910
烏賊	烏	賊	7365
烏煙瘴氣	烏	煙瘴氣	6455
烏合之眾	烏	合之眾	5455
烏雲密布	烏	雲密布	4525
烏紗帽	烏	紗帽	4330
烏鴉嘴	烏	鴉嘴	3425
烏骨雞	烏	骨雞	3205
烏有	烏	有	3180
烏魚	烏	魚	2760
烏日	烏	日	1910
烏溜溜	烏	溜溜	1300
烏亮	烏	亮	915
烏豆	烏	豆	750
烏金	烏	金	618
烏來	烏	來	595
烏魚子	烏	魚子	325
烏江	烏	江	2
烏山頭	烏	山頭	1
烏坵	烏	坵	1
烏腳病	烏	腳病	1
烏拉山	烏	拉山	1
烏茲衝鋒槍	烏	茲衝鋒槍	1
烏拉圭回合談判	烏	拉圭回合談判	1
物品	物	品	500394
物質	物	質	500337
物理	物	理	495760
物體	物	體	275215
物料	物	料	171520
物價	物	價	99520
物種	物	種	84065
物理學	物	理學	66480
物件	物	件	65935
物力	物	力	53475
物流中心	物	流中心	45330
物語	物	語	34005
物美價廉	物	美價廉	31995
物資	物	資	27758
物產	物	產	23520
物證	物	證	23395
物化	物	化	22595
物色	物	色	21690
物理系	物	理系	18195
物象	物	象	13765
物欲	物	欲	11965
物慾	物	慾	11965
物價指數	物	價指數	11385
物以稀為貴	物	以稀為貴	6573
物理治療	物	理治療	6160
物極必反	物	極必反	6015
物盡其用	物	盡其用	5985
物以類聚	物	以類聚	5620
物資局	物	資局	2315
物歸原主	物	歸原主	2176
物換星移	物	換星移	1600
物類	物	類	1156
物競天擇	物	競天擇	272
物議	物	議	1
禮拜	禮	拜	67415
禮貌	禮	貌	105650
禮品	禮	品	453190
禮物	禮	物	311200
禮儀	禮	儀	191490
禮服	禮	服	54090
禮節	禮	節	44015
禮堂	禮	堂	36740
禮盒	禮	盒	32135
禮金	禮	金	17530
禮樂	禮	樂	14075
禮券	禮	券	14055
禮遇	禮	遇	13160
禮炮	禮	炮	11575
禮教	禮	教	11395
禮讓	禮	讓	11110
禮品店	禮	品店	9700
禮義	禮	義	8955
禮俗	禮	俗	6635
禮數	禮	數	6395
禮尚往來	禮	尚往來	6005
禮讚	禮	讚	5880
禮拜天	禮	拜天	5225
禮拜堂	禮	拜堂	3805
禮賢下士	禮	賢下士	2125
禮聘	禮	聘	1825
禮義廉恥	禮	義廉恥	1615
禮車	禮	車	1150
禮賓司	禮	賓司	1000
禮帽	禮	帽	524
禮制	禮	制	357
禮品書	禮	品書	56
禮砲	禮	砲	1
禮葬	禮	葬	1
考慮	考	慮	500740
考試	考	試	501195
考生	考	生	500768
考核	考	核	500526
考慮到	考	慮到	318315
考驗	考	驗	254460
考場	考	場	167705
考評	考	評	141375
考古	考	古	108430
考證	考	證	102390
考官	考	官	85365
考題	考	題	76805
考查	考	查	59999
考上	考	上	58420
考察	考	察	50033
考量	考	量	44470
考究	考	究	43890
考取	考	取	42710
考察團	考	察團	30830
考區	考	區	27110
考完	考	完	21135
考中	考	中	20695
考卷	考	卷	19275
考古學家	考	古學家	19225
考訂	考	訂	9999
考據	考	據	9135
考績	考	績	6666
考選	考	選	2765
考問	考	問	2645
考古題	考	古題	165
考選部	考	選部	140
考古學	考	古學	1
考試院	考	試院	1
考試院長	考	試院長	1
處方箋	處	方箋	888
處方	處	方	97790
處理	處	理	501532
處於	處	於	500532
處罰	處	罰	500269
處分	處	分	363150
處置	處	置	293970
處在	處	在	219340
處處	處	處	193185
處長	處	長	124960
處女	處	女	104405
處境	處	境	84125
處世	處	世	45000
處事	處	事	40945
處女膜	處	女膜	33165
處死	處	死	24540
處所	處	所	22340
處心積慮	處	心積慮	18115
處決	處	決	17485
處女作	處	女作	16915
處子	處	子	8435
處女地	處	女地	7410
處變不驚	處	變不驚	4270
處身	處	身	3770
處刑	處	刑	3420
處之泰然	處	之泰然	2040
處暑	處	暑	1880
處得來	處	得來	300
處斷	處	斷	1
處士	處	士	1
處理機	處	理機	1
處理器	處	理器	1
處置法	處	置法	1
處世待人	處	世待人	1
集團	集	團	501176
集中	集	中	500579
集體	集	體	500321
集成	集	成	500255
集合	集	合	222300
集成電路	集	成電路	107225
集聚	集	聚	71145
集資	集	資	66585
集團軍	集	團軍	48805
集錦	集	錦	48430
集結	集	結	45750
集郵	集	郵	45410
集會	集	會	45320
集散地	集	散地	31795
集訓	集	訓	30075
集中營	集	中營	25635
集權	集	權	23130
集散	集	散	22165
集思廣益	集	思廣益	19870
集於一身	集	於一身	6105
集大成	集	大成	4780
集合起來	集	合起來	3860
集體創作	集	體創作	3260
集體訴訟	集	體訴訟	2200
集腋成裘	集	腋成裘	1420
集會結社	集	會結社	335
集權國家	集	權國家	38
集貨	集	貨	12
集結成	集	結成	1
集團結婚	集	團結婚	1
集積	集	積	1
集散站	集	散站	1
集會自由	集	會自由	1
集權主義	集	權主義	1
雲端	雲	端	22860
雲南	雲	南	500279
雲南省	雲	南省	199525
雲集	雲	集	75000
雲霧	雲	霧	47645
雲海	雲	海	45335
雲彩	雲	彩	29730
雲層	雲	層	25885
雲煙	雲	煙	21115
雲霄	雲	霄	20720
雲霞	雲	霞	18115
雲朵	雲	朵	15795
雲遊	雲	遊	13330
雲雨	雲	雨	11535
雲梯	雲	梯	11480
雲嶺	雲	嶺	9840
雲氣	雲	氣	7375
雲門	雲	門	7035
雲淡風輕	雲	淡風輕	6790
雲雀	雲	雀	6590
雲影	雲	影	6020
雲漢	雲	漢	3710
雲鬢	雲	鬢	3090
雲霓	雲	霓	2985
雲英	雲	英	2740
雲霄飛車	雲	霄飛車	1965
雲母	雲	母	1430
雲量	雲	量	1375
雲林縣	雲	林縣	1275
雲髻	雲	髻	650
雲林	雲	林	621
雲消霧散	雲	消霧散	580
雲泥	雲	泥	1
雲母石	雲	母石	1
首頁	首	頁	500931
首先	首	先	500928
首都	首	都	232130
首席	首	席	181085
首飾	首	飾	129155
首創	首	創	94225
首位	首	位	84920
首領	首	領	77210
首長	首	長	52395
首相	首	相	45875
首度	首	度	38655
首映	首	映	29925
首腦	首	腦	28920
首屈一指	首	屈一指	25935
首當其衝	首	當其衝	23330
首輪	首	輪	20310
首尾	首	尾	13675
首座	首	座	12145
首肯	首	肯	10915
首要	首	要	9999
首級	首	級	9630
首富	首	富	6666
首府	首	府	5555
首倡	首	倡	3390
首善之區	首	善之區	3225
首開紀錄	首	開紀錄	2020
首惡	首	惡	1510
首犯	首	犯	1440
首功	首	功	1340
首映典禮	首	映典禮	630
首航	首	航	2
首謀	首	謀	1
首善	首	善	1
首輪片	首	輪片	1
創新	創	新	500864
創造	創	造	500567
創建	創	建	500522
創業	創	業	500462
創作	創	作	500355
創意	創	意	500254
創辦	創	辦	293485
創造性	創	造性	164985
創立	創	立	148445
創業者	創	業者	133015
創造力	創	造力	126905
創始人	創	始人	118585
創造出	創	造出	115290
創設	創	設	87490
創傷	創	傷	82185
創下	創	下	61370
創出	創	出	52335
創刊	創	刊	37110
創始	創	始	29095
創制	創	制	22180
創辦人	創	辦人	19670
創世紀	創	世紀	17940
創舉	創	舉	15825
創見	創	見	9160
創口	創	口	8850
創刊號	創	刊號	8330
創紀錄	創	紀錄	3750
創作力	創	作力	2800
創痛	創	痛	2345
創痕	創	痕	755
創業維艱	創	業維艱	330
創制權	創	制權	1
創意指導	創	意指導	1
在家	在	家	286055
在在	在	在	999
在一起	在	一起	500412
在於	在	於	500360
在內	在	內	387710
在外	在	外	176980
在下	在	下	169920
在職	在	職	138005
在意	在	意	125110
在乎	在	乎	116085
在場	在	場	83400
在學	在	學	65280
在座	在	座	59485
在先	在	先	48690
在行	在	行	43775
在即	在	即	41120
在世	在	世	40125
在位	在	位	31325
在所難免	在	所難免	28870
在朝	在	朝	13095
在野	在	野	12250
在逃	在	逃	12020
在案	在	案	9520
在所不惜	在	所不惜	8320
在望	在	望	8130
在天之靈	在	天之靈	6165
在野黨	在	野黨	4675
在商言商	在	商言商	1980
在家人	在	家人	1
在室	在	室	1
在堂	在	堂	1
在來米	在	來米	1
在家靠父母，出外靠朋友	在	家靠父母，出外靠朋友	1
寄出了。	寄	出了。	888
寄到	寄	到	888
寄託	寄	託	56750
寄出	寄	出	50930
寄給	寄	給	42215
寄生	寄	生	36105
寄生蟲	寄	生蟲	34110
寄來	寄	來	30980
寄語	寄	語	24010
寄予	寄	予	22255
寄宿	寄	宿	19750
寄存	寄	存	19565
寄養	寄	養	16860
寄居	寄	居	10005
寄信	寄	信	9600
寄望	寄	望	7835
寄情	寄	情	6645
寄主	寄	主	6540
寄人籬下	寄	人籬下	5260
寄售	寄	售	4916
寄居蟹	寄	居蟹	4100
寄放	寄	放	4060
寄件人	寄	件人	2815
寄回	寄	回	2670
寄賣	寄	賣	2415
寄發	寄	發	2063
寄交	寄	交	372
寄食	寄	食	9
寄籍	寄	籍	1
寄費	寄	費	1
寄身	寄	身	1
寄物處	寄	物處	1
寄生植物	寄	生植物	1
左右	左	右	501122
左邊	左	邊	132640
左手	左	手	191815
左側	左	側	172630
左腳	左	腳	51750
左轉	左	轉	25390
左上角	左	上角	24380
左翼	左	翼	23895
左傳	左	傳	22135
左臂	左	臂	18480
左下角	左	下角	16710
左面	左	面	14470
左右為難	左	右為難	13605
左右手	左	右手	11805
左掌	左	掌	11135
左方	左	方	10260
左顧右盼	左	顧右盼	10025
左鄰右舍	左	鄰右舍	9730
左右逢源	左	右逢源	8420
左撇子	左	撇子	7650
左傾	左	傾	4930
左思右想	左	思右想	4440
左近	左	近	3825
左右開弓	左	右開弓	3375
左擁右抱	左	擁右抱	2265
左舷	左	舷	2165
左道	左	道	2140
左輪	左	輪	2105
左營	左	營	2050
左派	左	派	1734
左支右絀	左	支右絀	1020
左輪槍	左	輪槍	480
左手掌	左	手掌	1
形狀	形	狀	318910
形容	形	容	156400
形成	形	成	501446
形式	形	式	501057
形象	形	象	500642
形勢	形	勢	438070
形態	形	態	394130
形體	形	體	82140
形容詞	形	容詞	44680
形形色色	形	形色色	42245
形似	形	似	37565
形而上	形	而上	24900
形同虛設	形	同虛設	16180
形影不離	形	影不離	12910
形同	形	同	10955
形式化	形	式化	10755
形貌	形	貌	10010
形態學	形	態學	6945
形跡可疑	形	跡可疑	5804
形式美	形	式美	5505
形跡	形	跡	5305
形而下	形	而下	4835
形單影隻	形	單影隻	3600
形聲	形	聲	3170
形影	形	影	3140
形骸	形	骸	3075
形成層	形	成層	1590
形色	形	色	65
形上學	形	上學	1
形相	形	相	1
形像	形	像	1
形蹤	形	蹤	1
形同具文	形	同具文	1
晚安。	晚	安。	888
晚餐	晚	餐	159950
晚上	晚	上	500491
晚點	晚	點	888
晚報	晚	報	90220
晚期	晚	期	85160
晚飯	晚	飯	75725
晚間	晚	間	64615
晚年	晚	年	62665
晚宴	晚	宴	38335
晚班	晚	班	29250
晚霞	晚	霞	26335
晚安	晚	安	24220
晚風	晚	風	16955
晚會	晚	會	15189
晚裝	晚	裝	13830
晚禮服	晚	禮服	12360
晚香玉	晚	香玉	9999
晚熟	晚	熟	8145
晚婚	晚	婚	7910
晚睡	晚	睡	7225
晚歸	晚	歸	6960
晚到	晚	到	6325
晚生	晚	生	4845
晚景	晚	景	3785
晚起	晚	起	3540
晚輩	晚	輩	3416
晚場	晚	場	1770
晚節	晚	節	1700
晚娘	晚	娘	1111
晚近	晚	近	20
晚世	晚	世	1
晚娘面孔	晚	娘面孔	1
果然	果	然	331980
果實	果	實	116775
果汁	果	汁	85270
果斷	果	斷	83515
果樹	果	樹	67150
果園	果	園	55460
果品	果	品	53425
果真	果	真	45630
果子	果	子	40250
果肉	果	肉	40084
果凍	果	凍	37820
果膠	果	膠	24303
果皮	果	皮	22640
果嶺	果	嶺	19340
果菜	果	菜	18635
果敢	果	敢	16110
果酸	果	酸	15355
果糖	果	糖	14635
果仁	果	仁	11290
果酒	果	酒	11045
果真如此	果	真如此	9290
果盤	果	盤	8650
果不其然	果	不其然	8260
果蠅	果	蠅	4550
果決	果	決	4525
果皮箱	果	皮箱	3935
果腹	果	腹	3735
果核	果	核	3720
果汁機	果	汁機	2270
果醬	果	醬	1999
果物	果	物	480
果子醬	果	子醬	165
果報	果	報	18
混合	混	合	374370
混亂	混	亂	282410
混凝土	混	凝土	195730
混淆	混	淆	72665
混沌	混	沌	57885
混蛋	混	蛋	48810
混合物	混	合物	36105
混雜	混	雜	34365
混混	混	混	27080
混入	混	入	27070
混戰	混	戰	25365
混音	混	音	21785
混為一談	混	為一談	14565
混跡	混	跡	12295
混血	混	血	11065
混到	混	到	8220
混成	混	成	7025
混不下去	混	不下去	2970
混子	混	子	2715
混下去	混	下去	2385
混淆不清	混	淆不清	1590
混濁	混	濁	1540
混為	混	為	1015
混充	混	充	810
混紡	混	紡	111
混球	混	球	1
混水	混	水	1
混夷	混	夷	1
混帳	混	帳	1
混血兒	混	血兒	1
混血種	混	血種	1
混身解數	混	身解數	1
混水摸魚	混	水摸魚	1
演出	演	出	500286
演員	演	員	387915
演唱	演	唱	348760
演講	演	講	250125
演示	演	示	244215
演繹	演	繹	187695
演奏	演	奏	152655
演變	演	變	119040
演練	演	練	86115
演藝	演	藝	68995
演化	演	化	61025
演技	演	技	51605
演進	演	進	47155
演戲	演	戲	40515
演說	演	說	39720
演習	演	習	33365
演變成	演	變成	25680
演義	演	義	24180
演奏家	演	奏家	18520
演藝圈	演	藝圈	16965
演繹出	演	繹出	11765
演藝界	演	藝界	10915
演算	演	算	10770
演講會	演	講會	7400
演說家	演	說家	6650
演奏會	演	奏會	3950
演劇	演	劇	3840
演藝人員	演	藝人員	2385
演成	演	成	2040
演奏廳	演	奏廳	1915
演講詞	演	講詞	1155
演變到	演	變到	1
演進到	演	進到	1
環球	環	球	186290
環境	環	境	501634
環球影城	環	球影城	888
環保	環	保	500423
環節	環	節	500343
環境保護	環	境保護	421265
環境污染	環	境污染	109960
環境汙染	環	境汙染	109960
環保局	環	保局	97100
環繞	環	繞	91410
環境衛生	環	境衛生	75180
環形	環	形	35825
環抱	環	抱	32000
環視	環	視	22180
環狀	環	狀	17935
環山	環	山	17120
環顧	環	顧	15710
環環相扣	環	環相扣	14585
環流	環	流	7870
環海	環	海	7765
環遊	環	遊	6655
環保署	環	保署	5185
環球小姐	環	球小姐	4095
環島	環	島	3910
環帶	環	帶	2250
環伺	環	伺	1895
環列	環	列	1435
環肥燕瘦	環	肥燕瘦	875
環幕電影	環	幕電影	445
環道	環	道	21
環河	環	河	1
環堵蕭然	環	堵蕭然	1
環繞喇叭	環	繞喇叭	1
盛大	盛	大	145355
盛會	盛	會	101630
盛行	盛	行	81250
盛世	盛	世	72885
盛開	盛	開	58665
盛宴	盛	宴	45150
盛產	盛	產	41975
盛名	盛	名	36105
盛裝	盛	裝	33595
盛夏	盛	夏	29115
盛典	盛	典	29045
盛事	盛	事	24285
盛況	盛	況	22590
盛傳	盛	傳	15190
盛情	盛	情	13770
盛衰	盛	衰	10295
盛放	盛	放	9912
盛譽	盛	譽	8920
盛況空前	盛	況空前	8355
盛氣凌人	盛	氣凌人	6480
盛年	盛	年	5270
盛極一時	盛	極一時	5245
盛怒	盛	怒	3920
盛飯	盛	飯	3725
盛情難卻	盛	情難卻	2360
盛舉	盛	舉	1820
盛筵	盛	筵	1690
盛暑	盛	暑	1280
盛意	盛	意	1140
盛氣	盛	氣	1010
盛極必衰	盛	極必衰	780
盛器	盛	器	314
盛衰榮枯	盛	衰榮枯	1
硬硬的	硬	硬的	888
硬起來	硬	起來	1615
硬度	硬	度	93275
硬化	硬	化	64540
硬幣	硬	幣	53090
硬性	硬	性	27670
硬朗	硬	朗	22290
硬生生	硬	生生	20160
硬漢	硬	漢	9795
硬性規定	硬	性規定	9080
硬木	硬	木	8430
硬仗	硬	仗	8105
硬塊	硬	塊	6020
硬骨頭	硬	骨頭	5120
硬說	硬	說	4330
硬碰硬	硬	碰硬	4275
硬水	硬	水	4020
硬撐	硬	撐	4000
硬邦邦	硬	邦邦	3960
硬闖	硬	闖	3280
硬體	硬	體	2222
硬紙板	硬	紙板	2200
硬逼	硬	逼	1605
硬碟	硬	碟	1111
硬幹	硬	幹	990
硬裡子	硬	裡子	1
硬脾氣	硬	脾氣	1
硬顎	硬	顎	1
硬給	硬	給	1
硬式	硬	式	1
硬式棒球	硬	式棒球	1
硬著頭皮	硬	著頭皮	1
硬式磁碟機	硬	式磁碟機	1
軟體	軟	體	66245
軟掉	軟	掉	1
軟軟的	軟	軟的	1
軟弱	軟	弱	50715
軟化	軟	化	50010
軟管	軟	管	34730
軟骨	軟	骨	31450
軟硬	軟	硬	24830
軟性	軟	性	20325
軟膏	軟	膏	18925
軟木	軟	木	17015
軟綿綿	軟	綿綿	12360
軟禁	軟	禁	8265
軟體動物	軟	體動物	7579
軟硬兼施	軟	硬兼施	7510
軟水	軟	水	4755
軟片	軟	片	4725
軟糖	軟	糖	4675
軟語	軟	語	3745
軟梯	軟	梯	3575
軟皮	軟	皮	3515
軟木塞	軟	木塞	2920
軟毛	軟	毛	2395
軟骨頭	軟	骨頭	1060
軟釘子	軟	釘子	710
軟風	軟	風	580
軟心腸	軟	心腸	375
軟腳	軟	腳	9
軟人才	軟	人才	1
軟顎	軟	顎	1
軟式	軟	式	1
軟式棒球	軟	式棒球	1
軟體工業園區	軟	體工業園區	1
零售	零	售	359625
零件	零	件	189305
零售價	零	售價	162020
零售商	零	售商	104430
零售業	零	售業	74860
零食	零	食	63810
零點	零	點	53865
零星	零	星	47205
零下	零	下	33185
零散	零	散	32240
零時	零	時	25070
零錢	零	錢	22175
零售店	零	售店	19165
零亂	零	亂	14135
零落	零	落	13145
零頭	零	頭	11845
零碎	零	碎	11500
零用錢	零	用錢	10610
零和	零	和	9999
零嘴	零	嘴	9999
零蛋	零	蛋	7665
零工	零	工	6020
零售點	零	售點	4485
零用	零	用	2980
零花	零	花	1830
零零散散	零	零散散	1530
零零落落	零	零落落	1405
零缺點	零	缺點	1310
零用金	零	用金	500
零付款	零	付款	1
零組件	零	組件	1
零丁	零	丁	1
零存整付	零	存整付	1
便當	便	當	17805
便宜	便	宜	360095
便是	便	是	424845
便於	便	於	321065
便利	便	利	283660
便捷	便	捷	204215
便祕	便	祕	88555
便秘	便	秘	88555
便有	便	有	78725
便民	便	民	62020
便道	便	道	24150
便利商店	便	利商店	14935
便條	便	條	11050
便裝	便	裝	10620
便衣	便	衣	10225
便便	便	便	9999
便所	便	所	9999
便服	便	服	7425
便士	便	士	5815
便宜貨	便	宜貨	5705
便箋	便	箋	5525
便車	便	車	4495
便飯	便	飯	3240
便衣警察	便	衣警察	2815
便餐	便	餐	1910
便條紙	便	條紙	1765
便中	便	中	1620
便橋	便	橋	1355
便宜行事	便	宜行事	1065
便帽	便	帽	945
便溺	便	溺	1
便衣人員	便	衣人員	1
兵力	兵	力	94520
兵器	兵	器	92810
兵團	兵	團	82645
兵種	兵	種	33150
兵法	兵	法	25065
兵馬	兵	馬	23320
兵刃	兵	刃	22610
兵營	兵	營	19260
兵士	兵	士	16745
兵役	兵	役	13125
兵部	兵	部	9485
兵工廠	兵	工廠	9455
兵家	兵	家	8655
兵權	兵	權	8330
兵變	兵	變	6840
兵丁	兵	丁	5490
兵兵	兵	兵	4470
兵荒馬亂	兵	荒馬亂	4355
兵卒	兵	卒	3260
兵役法	兵	役法	2993
兵符	兵	符	2960
兵源	兵	源	2360
兵戎相見	兵	戎相見	2140
兵不厭詐	兵	不厭詐	1530
兵災	兵	災	900
兵多將廣	兵	多將廣	650
兵工	兵	工	565
兵連禍結	兵	連禍結	385
兵科	兵	科	1
兵學	兵	學	1
兵不血刃	兵	不血刃	1
兵來將擋，水來土掩	兵	來將擋，水來土掩	1
取消	取	消	500327
取出	取	出	199205
取得	取	得	500909
取代	取	代	207790
取勝	取	勝	95830
取向	取	向	82195
取名	取	名	79130
取締	取	締	78640
取樣	取	樣	52255
取暖	取	暖	51900
取回	取	回	50915
取捨	取	捨	49310
取自	取	自	43460
取款	取	款	27765
取經	取	經	26760
取笑	取	笑	26005
取長補短	取	長補短	23905
取用	取	用	22040
取悅	取	悅	19465
取材	取	材	18940
取出來	取	出來	12555
取信	取	信	10400
取法	取	法	6855
取巧	取	巧	4820
取義	取	義	3275
取火	取	火	3140
取去	取	去	2795
取信於人	取	信於人	1465
取決	取	決	999
取樂	取	樂	792
取道	取	道	1
取開	取	開	1
周圍	周	圍	500385
周邊	周	邊	366875
周歲	周	歲	270700
周年	周	年	234440
周刊	周	刊	117990
周到	周	到	112420
周恩來	周	恩來	103930
周密	周	密	73860
周轉	周	轉	41410
周身	周	身	36305
周瑜	周	瑜	36120
周全	周	全	35505
周遭	周	遭	32775
周旋	周	旋	31185
周公	周	公	28645
周而復始	周	而復始	15865
周禮	周	禮	14060
周至	周	至	12250
周遊	周	遊	12085
周折	周	折	11880
周朝	周	朝	11555
周詳	周	詳	9790
周代	周	代	8780
周濟	周	濟	7290
周知	周	知	6505
周武王	周	武王	6040
周章	周	章	1540
周轉不靈	周	轉不靈	850
周延	周	延	1
周備	周	備	1
周人	周	人	1
周匝	周	匝	1
喜歡	喜	歡	501039
喜好	喜	好	108260
喜愛	喜	愛	408780
喜悅	喜	悅	183175
喜劇	喜	劇	110220
喜慶	喜	慶	76960
喜樂	喜	樂	42600
喜劇片	喜	劇片	38350
喜訊	喜	訊	31800
喜怒哀樂	喜	怒哀樂	31590
喜事	喜	事	24775
喜出望外	喜	出望外	16365
喜氣洋洋	喜	氣洋洋	13570
喜氣	喜	氣	12555
喜新厭舊	喜	新厭舊	9910
喜色	喜	色	9270
喜宴	喜	宴	8920
喜酒	喜	酒	8310
喜洋洋	喜	洋洋	6515
喜怒無常	喜	怒無常	5515
喜帖	喜	帖	5290
喜形於色	喜	形於色	4955
喜上眉梢	喜	上眉梢	4730
喜鵲	喜	鵲	4032
喜不自禁	喜	不自禁	2840
喜不自勝	喜	不自勝	2825
喜惡	喜	惡	2255
喜從天降	喜	從天降	1580
喜筵	喜	筵	1545
喜感	喜	感	1005
喜幛	喜	幛	220
喜孜孜	喜	孜孜	1
基本	基	本	501269
基隆	基	隆	77
基礎	基	礎	501056
基金	基	金	500631
基地	基	地	500487
基於	基	於	500435
基層	基	層	500324
基因	基	因	260860
基金會	基	金會	153155
基準	基	準	97020
基數	基	數	95490
基層組織	基	層組織	87830
基督教	基	督教	84265
基督	基	督	56715
基石	基	石	56035
基調	基	調	46990
基督徒	基	督徒	34360
基業	基	業	26950
基本工資	基	本工資	26700
基部	基	部	23830
基線	基	線	15955
基座	基	座	14350
基輔	基	輔	11515
基督教徒	基	督教徒	6980
基點	基	點	3429
基督教會	基	督教會	2880
基肥	基	肥	987
基隆港	基	隆港	985
基隆市	基	隆市	873
基隆河	基	隆河	1
基隆嶼	基	隆嶼	1
基本教育	基	本教育	1
富邦	富	邦	2
富有	富	有	342805
富裕	富	裕	136890
富貴	富	貴	106905
富人	富	人	92900
富豪	富	豪	91985
富強	富	強	53890
富翁	富	翁	47080
富康	富	康	30070
富足	富	足	27310
富麗堂皇	富	麗堂皇	20830
富饒	富	饒	16485
富商	富	商	14510
富家	富	家	13960
富蘭克林	富	蘭克林	12010
富庶	富	庶	11315
富麗	富	麗	9100
富士山	富	士山	6700
富家子弟	富	家子弟	5580
富可敵國	富	可敵國	5120
富戶	富	戶	4580
富國	富	國	3930
富家女	富	家女	2895
富國強兵	富	國強兵	2760
富貴榮華	富	貴榮華	2530
富態	富	態	2150
富農	富	農	1304
富貴在天	富	貴在天	1025
富而好禮	富	而好禮	355
富盛	富	盛	1
富陽	富	陽	1
富強康樂	富	強康樂	1
搖頭	搖	頭	139030
搖滾	搖	滾	129895
搖籃	搖	籃	54170
搖晃	搖	晃	44140
搖擺	搖	擺	37695
搖曳	搖	曳	35130
搖動	搖	動	28730
搖滾樂	搖	滾樂	19745
搖搖晃晃	搖	搖晃晃	19245
搖身一變	搖	身一變	16385
搖搖欲墜	搖	搖欲墜	13660
搖錢樹	搖	錢樹	10265
搖頭晃腦	搖	頭晃腦	8770
搖手	搖	手	7480
搖擺不定	搖	擺不定	7435
搖旗吶喊	搖	旗吶喊	5425
搖籃曲	搖	籃曲	5380
搖盪	搖	盪	4685
搖頭嘆息	搖	頭嘆息	4165
搖鈴	搖	鈴	2840
搖撼	搖	撼	2515
搖曳生姿	搖	曳生姿	2465
搖頭擺尾	搖	頭擺尾	2385
搖搖手	搖	搖手	1810
搖船	搖	船	1315
搖獎	搖	獎	1049
搖尾乞憐	搖	尾乞憐	1020
搖起來	搖	起來	970
搖光	搖	光	950
搖車	搖	車	590
搖身	搖	身	533
搖槳	搖	槳	490
擺放	擺	放	138665
擺設	擺	設	61860
擺動	擺	動	52785
擺出	擺	出	50275
擺上	擺	上	45025
擺布	擺	布	20210
擺佈	擺	佈	20210
擺脫	擺	脫	19937
擺平	擺	平	19550
擺弄	擺	弄	19435
擺攤	擺	攤	16600
擺好	擺	好	14310
擺明	擺	明	11920
擺渡	擺	渡	11410
擺盪	擺	盪	9999
擺下	擺	下	8888
擺地攤	擺	地攤	8230
擺開	擺	開	8115
擺成	擺	成	5920
擺出來	擺	出來	3120
擺架子	擺	架子	2810
擺闊	擺	闊	2265
擺龍門陣	擺	龍門陣	1390
擺姿勢	擺	姿勢	1130
擺攤子	擺	攤子	425
擺烏龍	擺	烏龍	395
擺不平	擺	不平	1
擺長	擺	長	1
擺飾	擺	飾	1
擺官架子	擺	官架子	1
擺了一道	擺	了一道	1
擺在眼前	擺	在眼前	1
服侍	服	侍	123150
服務	服	務	1386428
服從	服	從	172000
服裝	服	裝	500453
服用	服	用	324835
服飾	服	飾	310520
服務業	服	務業	253175
服務員	服	務員	168505
服務站	服	務站	79270
服藥	服	藥	72290
服役	服	役	38840
服務所	服	務所	26280
服裝店	服	裝店	24890
服務台	服	務台	23905
服務社	服	務社	18830
服食	服	食	16440
服刑	服	刑	15165
服氣	服	氣	14630
服下	服	下	13240
服滿	服	滿	9999
服輸	服	輸	9545
服務處	服	務處	8515
服兵役	服	兵役	7145
服毒	服	毒	3330
服人	服	人	3182
服膺	服	膺	2130
服喪	服	喪	1495
服務生	服	務生	1111
服勞役	服	勞役	690
服服貼貼	服	服貼貼	1
服勤	服	勤	1
服貼	服	貼	1
河南	河	南	500318
河北	河	北	500270
河南省	河	南省	347765
河北省	河	北省	304020
河流	河	流	186185
河道	河	道	130475
河東	河	東	48985
河畔	河	畔	47660
河內	河	內	28370
河床	河	床	26925
河岸	河	岸	18310
河谷	河	谷	17385
河灘	河	灘	16260
河馬	河	馬	14460
河山	河	山	12505
河面	河	面	9855
河水	河	水	9018
河川	河	川	8685
河洛	河	洛	7900
河濱	河	濱	7260
河豚	河	豚	7165
河底	河	底	6555
河東獅吼	河	東獅吼	3660
河伯	河	伯	3350
河漢	河	漢	2700
河港	河	港	1665
河運	河	運	1540
河槽	河	槽	1460
河防	河	防	1370
河堤	河	堤	1071
河系	河	系	1
河船	河	船	1
浮動	浮	動	126231
浮現	浮	現	80255
浮躁	浮	躁	65950
浮雕	浮	雕	57580
浮腫	浮	腫	39690
浮雲	浮	雲	36400
浮屍	浮	屍	23985
浮起	浮	起	19250
浮華	浮	華	18320
浮力	浮	力	15125
浮沉	浮	沉	13715
浮出	浮	出	12540
浮萍	浮	萍	11995
浮誇	浮	誇	11565
浮標	浮	標	11505
浮游	浮	游	10340
浮上	浮	上	9825
浮生	浮	生	9595
浮動匯率	浮	動匯率	5740
浮士德	浮	士德	5255
浮游生物	浮	游生物	5090
浮光掠影	浮	光掠影	4630
浮名	浮	名	2330
浮世繪	浮	世繪	2325
浮泛	浮	泛	1400
浮橋	浮	橋	1131
浮水印	浮	水印	340
浮薄	浮	薄	1
浮濫	浮	濫	1
浮沈	浮	沈	1
浮圖	浮	圖	1
浮上心頭	浮	上心頭	1
滑鼠	滑	鼠	1
滑滑的	滑	滑的	888
滑梯	滑	梯	8595
滑雪	滑	雪	128935
滑動	滑	動	49980
滑落	滑	落	45405
滑稽	滑	稽	42445
滑行	滑	行	35510
滑板	滑	板	25875
滑過	滑	過	22925
滑輪	滑	輪	17640
滑翔	滑	翔	12445
滑冰	滑	冰	12345
滑下	滑	下	11265
滑倒	滑	倒	10295
滑頭滑腦	滑	頭滑腦	9999
滑鐵盧	滑	鐵盧	8740
滑出	滑	出	8115
滑膩	滑	膩	6700
滑入	滑	入	6085
滑潤	滑	潤	5965
滑脫	滑	脫	5605
滑溜	滑	溜	5240
滑翔機	滑	翔機	4630
滑頭	滑	頭	4195
滑降	滑	降	4095
滑翔翼	滑	翔翼	1145
滑板運動	滑	板運動	885
滑了一跤	滑	了一跤	525
滑水	滑	水	178
滑草	滑	草	1
滑壘	滑	壘	1
漢神	漢	神	888
漢神巨蛋	漢	神巨蛋	888
漢堡	漢	堡	49995
漢語	漢	語	207750
漢字	漢	字	225450
漢族	漢	族	172000
漢化	漢	化	125660
漢子	漢	子	69955
漢代	漢	代	62760
漢人	漢	人	49725
漢奸	漢	奸	35785
漢書	漢	書	28670
漢朝	漢	朝	26510
漢文	漢	文	23965
漢王	漢	王	20110
漢唐	漢	唐	16795
漢軍	漢	軍	13195
漢學	漢	學	12520
漢水	漢	水	11875
漢白玉	漢	白玉	10855
漢英	漢	英	10635
漢民	漢	民	7015
漢高祖	漢	高祖	5680
漢城	漢	城	5003
漢譯	漢	譯	840
漢中	漢	中	570
漢江	漢	江	264
漢口	漢	口	2
漢陽	漢	陽	1
漢醫	漢	醫	1
漢寶德	漢	寶德	1
漢英字典	漢	英字典	1
粗糙	粗	糙	88805
粗獷	粗	獷	36865
粗細	粗	細	36060
粗暴	粗	暴	32745
粗壯	粗	壯	31585
粗略	粗	略	31315
粗魯	粗	魯	24910
粗心	粗	心	20020
粗大	粗	大	16180
粗糧	粗	糧	15210
粗淺	粗	淺	13670
粗俗	粗	俗	12780
粗製濫造	粗	製濫造	10780
粗工	粗	工	9999
粗話	粗	話	9790
粗野	粗	野	9665
粗心大意	粗	心大意	9420
粗重	粗	重	8080
粗布	粗	布	6375
粗線條	粗	線條	5505
粗人	粗	人	5390
粗鄙	粗	鄙	4610
粗茶淡飯	粗	茶淡飯	4465
粗陋	粗	陋	4045
粗枝大葉	粗	枝大葉	3775
粗劣	粗	劣	2360
粗中有細	粗	中有細	1320
粗率	粗	率	1100
粗厚	粗	厚	1085
粗坑	粗	坑	6
粗糠	粗	糠	1
粗手粗腳	粗	手粗腳	1
計畫	計	畫	800718
計算	計	算	500738
計程車	計	程車	44724
計劃	計	劃	800718
計算機	計	算機	500934
計費	計	費	102320
計價	計	價	94870
計算器	計	算器	92675
計數	計	數	74795
計畫經濟	計	畫經濟	73995
計數器	計	數器	69765
計較	計	較	67530
計時	計	時	55800
計算出	計	算出	55370
計劃書	計	劃書	28210
計量	計	量	25641
計謀	計	謀	21210
計時器	計	時器	18845
計策	計	策	13780
計分	計	分	9999
計委	計	委	3527
計程	計	程	2680
計算出來	計	算出來	2360
計次	計	次	2225
計上心來	計	上心來	1985
計票	計	票	999
計略	計	略	940
計議	計	議	483
計有	計	有	1
計劃案	計	劃案	1
計劃圖	計	劃圖	1
計程司機	計	程司機	1
護照	護	照	167315
護理	護	理	354265
護士	護	士	192660
護養	護	養	99999
護衛	護	衛	52685
護法	護	法	48045
護送	護	送	34630
護身符	護	身符	19345
護身	護	身	18525
護航	護	航	14615
護城河	護	城河	9970
護具	護	具	9750
護花使者	護	花使者	9350
護坡	護	坡	9155
護罩	護	罩	8070
護佑	護	佑	5245
護膝	護	膝	5125
護駕	護	駕	4645
護牆	護	牆	4470
護短	護	短	4025
護花	護	花	3985
護目鏡	護	目鏡	3895
護持	護	持	3125
護盤	護	盤	2940
護套	護	套	2588
護校	護	校	2430
護肘	護	肘	1500
護士學校	護	士學校	1440
護旗	護	旗	1215
護庇	護	庇	1
護專	護	專	1
護坡工程	護	坡工程	1
迷你	迷	你	102590
迷信	迷	信	91800
迷人	迷	人	91625
迷惑	迷	惑	91500
迷茫	迷	茫	91030
迷失	迷	失	84820
迷戀	迷	戀	59235
迷宮	迷	宮	55280
迷路	迷	路	41430
迷離	迷	離	40625
迷惘	迷	惘	39535
迷迷糊糊	迷	迷糊糊	33270
迷糊	迷	糊	32815
迷霧	迷	霧	30420
迷藥	迷	藥	14690
迷住	迷	住	13335
迷濛	迷	濛	12005
迷途	迷	途	11735
迷亂	迷	亂	11440
迷魂藥	迷	魂藥	7825
迷魂	迷	魂	7690
迷你裙	迷	你裙	6570
迷津	迷	津	4990
迷思	迷	思	4100
迷夢	迷	夢	4070
迷幻藥	迷	幻藥	3050
迷航	迷	航	2640
迷藏	迷	藏	2555
迷途知返	迷	途知返	2155
迷陣	迷	陣	1800
迷魂湯	迷	魂湯	1490
迷漫	迷	漫	99
配種	配	種	888
配合	配	合	500461
配置	配	置	500663
配套	配	套	500362
配件	配	件	500261
配偶	配	偶	371655
配備	配	備	364665
配方	配	方	267315
配製	配	製	106315
配額	配	額	84805
配音	配	音	80445
配上	配	上	74185
配料	配	料	72280
配對	配	對	43145
配售	配	售	40420
配飾	配	飾	38240
配樂	配	樂	37005
配色	配	色	34225
配角	配	角	31985
配戴	配	戴	22420
配發	配	發	18200
配給	配	給	13140
配搭	配	搭	13050
配不上	配	不上	10505
配成	配	成	9800
配藥	配	藥	6730
配裝	配	裝	5335
配眼鏡	配	眼鏡	2530
配電盤	配	電盤	1995
配戲	配	戲	1295
配給證	配	給證	60
配票	配	票	1
隨時	隨	時	500372
隨身	隨	身	78895
隨後	隨	後	500257
隨意	隨	意	409930
隨便	隨	便	379325
隨機	隨	機	277985
隨即	隨	即	222000
隨時隨地	隨	時隨地	108210
隨手	隨	手	91930
隨心所欲	隨	心所欲	70940
隨筆	隨	筆	61190
隨緣	隨	緣	38100
隨身聽	隨	身聽	33695
隨行	隨	行	32925
隨口	隨	口	32430
隨同	隨	同	26945
隨地	隨	地	26545
隨和	隨	和	25660
隨從	隨	從	24445
隨處	隨	處	24235
隨車	隨	車	20195
隨波逐流	隨	波逐流	17500
隨機應變	隨	機應變	14680
隨隨便便	隨	隨便便	14550
隨遇而安	隨	遇而安	9885
隨隊	隨	隊	7055
隨聲附和	隨	聲附和	4015
隨員	隨	員	3535
隨俗	隨	俗	1860
隨侍	隨	侍	290
隨興	隨	興	1
隨風搖曳	隨	風搖曳	1
頂部	頂	部	163080
頂端	頂	端	135115
頂尖	頂	尖	93625
頂上	頂	上	56910
頂點	頂	點	52150
頂峰	頂	峰	46385
頂多	頂	多	29745
頂住	頂	住	26915
頂樓	頂	樓	24340
頂下	頂	下	20155
頂棚	頂	棚	19745
頂替	頂	替	18685
頂蓋	頂	蓋	13490
頂天立地	頂	天立地	12645
頂禮膜拜	頂	禮膜拜	10425
頂風	頂	風	9900
頂撞	頂	撞	9575
頂嘴	頂	嘴	8517
頂頭上司	頂	頭上司	7900
頂好	頂	好	6215
頂呱呱	頂	呱呱	6200
頂角	頂	角	3810
頂頭	頂	頭	3265
頂罪	頂	罪	1930
頂禮	頂	禮	1422
頂讓	頂	讓	360
頂真	頂	真	102
頂瓜瓜	頂	瓜瓜	1
頂客族	頂	客族	1
頂夸克	頂	夸克	1
頂尖好手	頂	尖好手	1
頂上功夫	頂	上功夫	1
食物	食	物	500376
食品	食	品	300579
食堂	食	堂	134715
食慾	食	慾	86500
食宿	食	宿	79165
食鹽	食	鹽	73120
食指	食	指	62840
食客	食	客	46215
食譜	食	譜	40695
食用	食	用	35975
食用油	食	用油	35650
食道	食	道	17100
食量	食	量	16160
食糧	食	糧	15570
食宿費	食	宿費	9635
食物鏈	食	物鏈	8980
食道癌	食	道癌	8735
食療	食	療	8340
食品店	食	品店	7425
食言	食	言	5690
食具	食	具	4760
食人族	食	人族	2300
食指大動	食	指大動	2030
食不知味	食	不知味	1280
食古不化	食	古不化	1140
食品商	食	品商	730
食用魚	食	用魚	685
食蟻獸	食	蟻獸	565
食言而肥	食	言而肥	445
食髓知味	食	髓知味	360
食火雞	食	火雞	135
食米	食	米	1
骨拉麵	骨	拉麵	1
骨頭	骨	頭	128495
骨科	骨	科	43800
骨折	骨	折	94545
骨幹	骨	幹	193605
骨肉	骨	肉	21055
骨架	骨	架	57665
骨髓	骨	髓	56860
骨子裡	骨	子裡	42200
骨灰	骨	灰	31790
骨盆	骨	盆	25030
骨質	骨	質	19305
骨質疏鬆症	骨	質疏鬆症	14165
骨朵兒	骨	朵兒	9999
骨氣	骨	氣	9660
骨骼	骨	骼	8970
骨刺	骨	刺	7675
骨髓移植	骨	髓移植	7105
骨節	骨	節	6730
骨髓炎	骨	髓炎	6235
骨膜	骨	膜	5530
骨瘦如柴	骨	瘦如柴	4850
骨牌	骨	牌	3115
骨癌	骨	癌	2475
骨碌碌	骨	碌碌	2245
骨子	骨	子	1999
骨盤	骨	盤	895
骨肉之情	骨	肉之情	445
骨鯁在喉	骨	鯁在喉	360
骨碌	骨	碌	261
骨董	骨	董	1
骨牌理論	骨	牌理論	1
麻煩	麻	煩	454495
麻醉	麻	醉	85665
麻痺	麻	痺	1
麻糬	麻	糬	1
麻醉藥品	麻	醉藥品	115767
麻將	麻	將	70140
麻木	麻	木	67525
麻雀	麻	雀	39265
麻油	麻	油	18800
麻花	麻	花	18720
麻袋	麻	袋	18435
麻疹	麻	疹	14725
麻黃	麻	黃	13470
麻醉藥	麻	醉藥	12230
麻子	麻	子	11580
麻線	麻	線	9999
麻布	麻	布	9515
麻豆	麻	豆	9191
麻繩	麻	繩	8885
麻藥	麻	藥	8445
麻衣	麻	衣	7860
麻木不仁	麻	木不仁	7830
麻醉劑	麻	醉劑	7110
麻類	麻	類	4610
麻省	麻	省	2680
麻醉品	麻	醉品	1855
麻州	麻	州	825
麻紗	麻	紗	321
麻衣相法	麻	衣相法	235
麻六甲	麻	六甲	1
麻薩諸塞	麻	薩諸塞	1
麻雀雖小，五臟俱全	麻	雀雖小，五臟俱全	1
傷口	傷	口	178470
傷害	傷	害	500317
傷心	傷	心	191065
傷感	傷	感	95770
傷勢	傷	勢	88410
傷殘	傷	殘	85185
傷亡	傷	亡	70535
傷痛	傷	痛	60235
傷痕	傷	痕	50830
傷人	傷	人	49380
傷者	傷	者	34215
傷寒	傷	寒	25975
傷疤	傷	疤	21465
傷痕累累	傷	痕累累	17635
傷悲	傷	悲	14995
傷害到	傷	害到	13590
傷腦筋	傷	腦筋	11950
傷員	傷	員	9999
傷兵	傷	兵	8540
傷處	傷	處	8250
傷風	傷	風	8145
傷神	傷	神	7205
傷懷	傷	懷	4820
傷天害理	傷	天害理	4305
傷感情	傷	感情	2270
傷風敗俗	傷	風敗俗	2215
傷科	傷	科	2145
傷患	傷	患	2105
傷財	傷	財	1400
傷害罪	傷	害罪	1370
傷痕文學	傷	痕文學	1111
問題	問	題	504561
問號	問	號	31740
問候	問	候	126915
問世	問	世	97645
問答	問	答	90850
問卷	問	卷	72805
問到	問	到	62715
問起	問	起	38435
問道	問	道	38306
問話	問	話	28765
問好	問	好	23390
問出	問	出	12455
問訊	問	訊	11995
問鼎	問	鼎	10815
問津	問	津	10750
問答題	問	答題	10395
問心無愧	問	心無愧	9420
問診	問	診	6485
問安	問	安	4575
問罪	問	罪	3800
問長問短	問	長問短	2470
問卜	問	卜	2370
問上	問	上	2330
問政	問	政	2230
問心	問	心	1925
問住	問	住	1670
問問看	問	問看	1545
問倒	問	倒	1250
問斬	問	斬	1075
問案	問	案	635
問供	問	供	1
存在	存	在	501272
存款	存	款	500488
存放	存	放	261400
存檔	存	檔	140750
存貨	存	貨	134170
存入	存	入	74360
存取	存	取	66310
存量	存	量	65255
存活	存	活	58980
存有	存	有	52570
存摺	存	摺	46930
存單	存	單	37641
存心	存	心	22100
存錢	存	錢	17020
存留	存	留	15655
存亡	存	亡	13225
存根	存	根	12745
存下	存	下	6035
存在主義	存	在主義	5590
存疑	存	疑	5540
存款保險制度	存	款保險制度	5275
存查	存	查	2695
存廢	存	廢	2240
存戶	存	戶	685
存底	存	底	530
存水	存	水	7
存記	存	記	2
存立	存	立	1
存證	存	證	1
存款簿	存	款簿	1
存證信函	存	證信函	1
導航	導	航	340880
導致	導	致	501077
導演	導	演	500294
導向	導	向	310915
導遊	導	遊	292210
導入	導	入	226025
導出	導	出	93225
導線	導	線	62245
導讀	導	讀	51745
導電	導	電	47570
導管	導	管	47405
導論	導	論	34115
導體	導	體	30115
導引	導	引	27410
導師	導	師	20594
導熱	導	熱	14995
導火索	導	火索	14990
導言	導	言	10280
導火線	導	火線	7165
導電性	導	電性	6495
導播	導	播	4050
導尿管	導	尿管	3900
導尿	導	尿	3105
導柱	導	柱	2340
導源	導	源	1350
導盲	導	盲	870
導護	導	護	1
導正	導	正	1
導流板	導	流板	1
導盲磚	導	盲磚	1
導向飛彈	導	向飛彈	1
德國	德	國	500539
德語	德	語	77445
德軍	德	軍	63235
德國人	德	國人	42165
德才兼備	德	才兼備	28205
德文	德	文	23155
德意志	德	意志	21200
德行	德	行	20950
德高望重	德	高望重	14325
德州	德	州	9999
德政	德	政	9920
德黑蘭	德	黑蘭	8490
德先生	德	先生	6270
德光	德	光	1925
德育	德	育	1360
德國麻疹	德	國麻疹	275
德文系	德	文系	215
德威	德	威	1
德澤	德	澤	1
德宗	德	宗	1
德貝	德	貝	1
德惠	德	惠	1
德境	德	境	1
德里	德	里	1
德目	德	目	1
德性	德	性	1
德業	德	業	1
德裕	德	裕	1
德基水庫	德	基水庫	1
德明商專	德	明商專	1
德育護專	德	育護專	1
快樂	快	樂	500532
快到	快	到	888
快去	快	去	888
快點	快	點	110455
快速	快	速	500764
快要	快	要	888
快捷	快	捷	287170
快遞	快	遞	265195
快感	快	感	147615
快門	快	門	95620
快餐	快	餐	71970
快車	快	車	47545
快報	快	報	40015
快活	快	活	36760
快慢	快	慢	29075
快艇	快	艇	26225
快照	快	照	23215
快車道	快	車道	17440
快意	快	意	17090
快攻	快	攻	13775
快手	快	手	5790
快起來	快	起來	5770
快事	快	事	5405
快馬加鞭	快	馬加鞭	4730
快刀斬亂麻	快	刀斬亂麻	3610
快步	快	步	3535
快人快語	快	人快語	3435
快嘴	快	嘴	1610
快慰	快	慰	485
快動作	快	動作	300
快克	快	克	128
承認	承	認	489895
承包	承	包	643225
承擔	承	擔	500796
承諾	承	諾	500419
承接	承	接	394408
承辦	承	辦	308695
承受	承	受	260250
承載	承	載	88610
承攬	承	攬	59640
承租	承	租	59290
承包人	承	包人	57520
承德	承	德	49785
承包商	承	包商	46915
承銷	承	銷	33745
承重	承	重	24825
承襲	承	襲	15190
承上啟下	承	上啟下	12245
承蒙	承	蒙	11825
承印	承	印	8450
承運	承	運	6046
承當	承	當	5915
承製	承	製	4465
承購	承	購	3210
承平	承	平	3185
承歡	承	歡	2230
承繼	承	繼	1467
承先啟後	承	先啟後	1145
承造	承	造	940
承歡膝下	承	歡膝下	365
承領	承	領	1
承銷人	承	銷人	1
掛號	掛	號	39345
掛斷	掛	斷	23285
掛掉	掛	掉	17530
掛牌	掛	牌	134475
掛鉤	掛	鉤	126905
掛上	掛	上	41890
掛圖	掛	圖	28610
掛失	掛	失	27380
掛念	掛	念	16980
掛帥	掛	帥	15845
掛紅	掛	紅	9999
掛麵	掛	麵	9545
掛號信	掛	號信	6945
掛名	掛	名	6580
掛心	掛	心	4855
掛不住	掛	不住	4080
掛起來	掛	起來	3085
掛彩	掛	彩	2595
掛一漏萬	掛	一漏萬	1890
掛慮	掛	慮	1000
掛號處	掛	號處	840
掛冠	掛	冠	745
掛單	掛	單	586
掛零	掛	零	570
掛齒	掛	齒	500
掛冠而去	掛	冠而去	360
掛冠求去	掛	冠求去	37
掛羊頭，賣狗肉	掛	羊頭，賣狗肉	1
掛成	掛	成	1
掛搭	掛	搭	1
掛意	掛	意	1
減少	減	少	500759
減肥	減	肥	360895
減輕	減	輕	324390
減小	減	小	178075
減免	減	免	138660
減弱	減	弱	115885
減速	減	速	70010
減退	減	退	64575
減去	減	去	64020
減緩	減	緩	59190
減低	減	低	52585
減半	減	半	47630
減產	減	產	41105
減壓	減	壓	40065
減稅	減	稅	27700
減刑	減	刑	18080
減法	減	法	16840
減至	減	至	16465
減收	減	收	13095
減價	減	價	9160
減省	減	省	5555
減損	減	損	5370
減息	減	息	3300
減薪	減	薪	2965
減色	減	色	2085
減數	減	數	1855
減縮	減	縮	1305
減班	減	班	1
減除	減	除	1
減胖	減	胖	1
減壓水槽	減	壓水槽	1
煙台	煙	台	176575
煙臺	煙	臺	176575
煙草	煙	草	131125
煙霧	煙	霧	72455
煙花	煙	花	70790
煙燻	煙	燻	53502
煙火	煙	火	48990
煙葉	煙	葉	46395
煙酒	煙	酒	42615
煙囪	煙	囪	42470
煙塵	煙	塵	36525
煙頭	煙	頭	23850
煙消雲散	煙	消雲散	21495
煙斗	煙	斗	18655
煙灰	煙	灰	17085
煙灰缸	煙	灰缸	14520
煙絲	煙	絲	10965
煙波	煙	波	9999
煙癮	煙	癮	8150
煙蒂	煙	蒂	6445
煙機	煙	機	6230
煙煤	煙	煤	5850
煙槍	煙	槍	5125
煙袋	煙	袋	4480
煙幕	煙	幕	3335
煙管	煙	管	2205
煙幕彈	煙	幕彈	1900
煙海	煙	海	750
煙毒	煙	毒	4
煙霏	煙	霏	1
煙毒犯	煙	毒犯	1
產品	產	品	719918
產業	產	業	581292
產生	產	生	501275
產量	產	量	475455
產地	產	地	437890
產權	產	權	372025
產值	產	值	213000
產物	產	物	178155
產能	產	能	128645
產後	產	後	92720
產出	產	出	91740
產銷	產	銷	75110
產婦	產	婦	60290
產區	產	區	52730
產卵	產	卵	20880
產生出	產	生出	20345
產假	產	假	18310
產科	產	科	16020
產婆	產	婆	9999
產房	產	房	9670
產業革命	產	業革命	4115
產經新聞	產	經新聞	4035
產褥	產	褥	2075
產地證明	產	地證明	1500
產褥熱	產	褥熱	785
產額	產	額	1
產界	產	界	1
產險	產	險	1
產生器	產	生器	1
產物保險	產	物保險	1
產銷合一	產	銷合一	1
窮人	窮	人	120710
窮盡	窮	盡	14905
窮苦	窮	苦	12825
窮困	窮	困	12425
窮光蛋	窮	光蛋	8315
窮追不捨	窮	追不捨	7380
窮小子	窮	小子	5150
窮途末路	窮	途末路	4735
窮酸	窮	酸	4185
窮鬼	窮	鬼	4055
窮鄉僻壤	窮	鄉僻壤	3960
窮學生	窮	學生	3865
窮追	窮	追	3555
窮極	窮	極	2660
窮途	窮	途	1915
窮兵黷武	窮	兵黷武	1810
窮日子	窮	日子	1215
窮竭	窮	竭	1030
窮民	窮	民	875
窮匱	窮	匱	395
窮則變	窮	則變	375
窮迫	窮	迫	310
窮忙	窮	忙	255
窮開心	窮	開心	1
窮凶惡極	窮	凶惡極	1
窮算命，富燒香	窮	算命，富燒香	1
窮兵	窮	兵	1
窮日	窮	日	1
窮途潦倒	窮	途潦倒	1
窮於應付	窮	於應付	1
窮則變，變則通	窮	則變，變則通	1
第一	第	一	500955
第二	第	二	888
第一步	第	一步	203235
第一名	第	一名	153915
第三者	第	三者	94785
第一線	第	一線	43490
第一人	第	一人	41405
第二次世界大戰	第	二次世界大戰	34840
第一眼	第	一眼	34705
第一次世界大戰	第	一次世界大戰	19535
第六感	第	六感	15780
第一流	第	一流	15645
第一手	第	一手	13785
第三世界	第	三世界	13580
第一人稱	第	一人稱	13545
第一波	第	一波	10200
第二職業	第	二職業	7145
第一現場	第	一現場	5385
第一夫人	第	一夫人	4835
第二春	第	二春	3260
第一把交椅	第	一把交椅	3115
第一把手	第	一把手	2895
第四臺	第	四臺	1065
第三地	第	三地	1
第八藝術	第	八藝術	1
第九藝術	第	九藝術	1
第四世界	第	四世界	1
第一順位	第	一順位	1
第三類接觸	第	三類接觸	1
第一類接觸	第	一類接觸	1
第二代無線電話	第	二代無線電話	1
簡單	簡	單	501018
簡訊	簡	訊	21920
簡體	簡	體	888
簡介	簡	介	500798
簡稱	簡	稱	321255
簡直	簡	直	251725
簡潔	簡	潔	184435
簡化	簡	化	170870
簡易	簡	易	132560
簡便	簡	便	119395
簡要	簡	要	107905
簡約	簡	約	83090
簡陋	簡	陋	57370
簡明	簡	明	54850
簡報	簡	報	51485
簡短	簡	短	48215
簡練	簡	練	29105
簡章	簡	章	27935
簡寫	簡	寫	27145
簡單化	簡	單化	23705
簡略	簡	略	17915
簡單明瞭	簡	單明瞭	17070
簡單說	簡	單說	11785
簡樸	簡	樸	9999
簡牘	簡	牘	8356
簡體字	簡	體字	6590
簡圖	簡	圖	6400
簡慢	簡	慢	99
簡拔	簡	拔	1
簡任	簡	任	1
簡報室	簡	報室	1
緊張	緊	張	500263
緊急	緊	急	263450
緊密	緊	密	181580
緊緊	緊	緊	150365
緊湊	緊	湊	65610
緊迫	緊	迫	64245
緊跟	緊	跟	52835
緊貼	緊	貼	44600
緊鄰	緊	鄰	36300
緊閉	緊	閉	34460
緊縮	緊	縮	32230
緊繃	緊	繃	27315
緊握	緊	握	25150
緊鑼密鼓	緊	鑼密鼓	24700
緊身	緊	身	19835
緊張起來	緊	張起來	13025
緊接	緊	接	10680
緊要關頭	緊	要關頭	10345
緊箍咒	緊	箍咒	8460
緊要	緊	要	8390
緊身衣	緊	身衣	7090
緊挨	緊	挨	5490
緊追不捨	緊	追不捨	4985
緊促	緊	促	3040
緊縛	緊	縛	1320
緊急命令	緊	急命令	625
緊接著	緊	接著	1
緊記	緊	記	1
緊急處分	緊	急處分	1
緊迫盯人	緊	迫盯人	1
緊迫釘人	緊	迫釘人	1
至少	至	少	500485
至今	至	今	500337
至於	至	於	500337
至尊	至	尊	73435
至高無上	至	高無上	25500
至多	至	多	22925
至大	至	大	20430
至極	至	極	14343
至善	至	善	11295
至寶	至	寶	11070
至理名言	至	理名言	8095
至親	至	親	7705
至心	至	心	6465
至理	至	理	5295
至聖	至	聖	4470
至交	至	交	4040
至情	至	情	3480
至孝	至	孝	2675
至善至美	至	善至美	2665
至誠	至	誠	2269
至高	至	高	2222
至上	至	上	1783
至聖先師	至	聖先師	1145
至當	至	當	2
至德	至	德	1
至福	至	福	1
至公	至	公	1
至人	至	人	1
至日	至	日	1
至性	至	性	1
至友	至	友	1
著名	著	名	500285
著作	著	作	232950
著作權	著	作權	165695
著稱	著	稱	65805
著者	著	者	15415
著作人	著	作人	6720
著書立說	著	書立說	5300
著書	著	書	1028
著述	著	述	310
著作物	著	作物	1
著地	著	地	1
著慌	著	慌	1
著火	著	火	1
著急	著	急	1
著績	著	績	1
著力	著	力	1
著涼	著	涼	1
著陸	著	陸	1
著落	著	落	1
著迷	著	迷	1
著魔	著	魔	1
著墨	著	墨	1
著色	著	色	1
著上	著	上	1
著實	著	實	1
著手	著	手	1
著想	著	想	1
著眼	著	眼	1
著意	著	意	1
著重	著	重	1
著眼點	著	眼點	1
製作	製	作	500999
製造	製	造	500579
製造業	製	造業	367240
製品	製	品	357395
製造商	製	造商	235580
製成	製	成	181815
製藥	製	藥	118075
製作人	製	作人	56315
製法	製	法	52185
製藥廠	製	藥廠	50825
製圖	製	圖	50305
製造出	製	造出	46655
製造廠	製	造廠	43995
製版	製	版	39365
製片	製	片	38245
製片人	製	片人	35275
製程	製	程	28620
製造者	製	造者	22765
製成品	製	成品	17735
製糖	製	糖	15575
製革	製	革	12060
製冰機	製	冰機	3430
製冰	製	冰	3335
製片廠	製	片廠	2980
製作業	製	作業	2460
製片商	製	片商	1755
製鞋	製	鞋	279
製造成	製	造成	1
製為	製	為	1
製紙	製	紙	1
製做	製	做	1
資訊	資	訊	500286
資料	資	料	501691
資格	資	格	500467
資源	資	源	801625
資金	資	金	500965
資產	資	產	500472
資本	資	本	500278
資質	資	質	410185
資助	資	助	318340
資深	資	深	228905
資本主義	資	本主義	143160
資本市場	資	本市場	142255
資產階級	資	產階級	92040
資歷	資	歷	73230
資訊網	資	訊網	59525
資料庫	資	料庫	53910
資本家	資	本家	37055
資料室	資	料室	16540
資料卡	資	料卡	13500
資方	資	方	8590
資財	資	財	6940
資本額	資	本額	6685
資材	資	材	5350
資優	資	優	1130
資政	資	政	44
資賦	資	賦	1
資遣	資	遣	1
資本財	資	本財	1
資遣費	資	遣費	1
資源回收	資	源回收	1
資訊高速公路	資	訊高速公路	1
醫師	醫	師	8630
醫院	醫	院	580436
醫藥	醫	藥	480855
醫療	醫	療	500343
醫學	醫	學	471795
醫囑	醫	囑	31335
醫生	醫	生	500449
醫葯	醫	葯	480855
醫治	醫	治	143860
醫學院	醫	學院	102860
醫藥費	醫	藥費	87232
醫術	醫	術	28835
醫學界	醫	學界	23415
醫護	醫	護	14765
醫德	醫	德	13690
醫科	醫	科	12470
醫務	醫	務	11770
醫者	醫	者	9755
醫學系	醫	學系	7965
醫書	醫	書	7390
醫方	醫	方	4920
醫界	醫	界	4565
醫道	醫	道	4540
醫師法	醫	師法	4164
醫病	醫	病	3675
醫理	醫	理	3520
醫官	醫	官	3240
醫藥品	醫	藥品	2805
醫學史	醫	學史	2040
醫事	醫	事	1
醫藥分業	醫	藥分業	1
鬼子	鬼	子	45715
鬼神	鬼	神	40940
鬼魂	鬼	魂	31800
鬼王	鬼	王	29680
鬼魅	鬼	魅	19800
鬼怪	鬼	怪	18480
鬼臉	鬼	臉	14745
鬼斧神工	鬼	斧神工	14565
鬼才	鬼	才	12055
鬼話	鬼	話	11610
鬼鬼祟祟	鬼	鬼祟祟	8730
鬼混	鬼	混	8310
鬼使神差	鬼	使神差	8130
鬼屋	鬼	屋	7705
鬼門關	鬼	門關	7310
鬼火	鬼	火	7155
鬼哭狼嚎	鬼	哭狼嚎	3970
鬼節	鬼	節	3930
鬼迷心竅	鬼	迷心竅	2945
鬼主意	鬼	主意	2525
鬼見愁	鬼	見愁	2255
鬼祟	鬼	祟	1545
鬼把戲	鬼	把戲	1220
鬼話連篇	鬼	話連篇	1220
鬼靈精	鬼	靈精	1185
鬼頭鬼腦	鬼	頭鬼腦	1070
鬼畫符	鬼	畫符	1010
鬼胎	鬼	胎	700
鬼物	鬼	物	1
鬼計多端	鬼	計多端	1
鬼哭神號	鬼	哭神號	1
何時	何	時	188975
何況	何	況	148790
何種	何	種	144585
何處	何	處	121480
何必	何	必	110935
何以	何	以	98105
何等	何	等	62940
何在	何	在	60055
何謂	何	謂	48355
何苦	何	苦	27015
何去何從	何	去何從	24375
何如	何	如	22225
何故	何	故	21135
何嘗	何	嘗	20525
何止	何	止	19545
何妨	何	妨	14015
何曾	何	曾	13335
何首烏	何	首烏	9460
何方	何	方	8680
何不	何	不	5942
何干	何	干	4630
何以見得	何	以見得	2805
何樂不為	何	樂不為	2710
何許人	何	許人	2455
何必當初	何	必當初	2290
何至於	何	至於	2050
何足掛齒	何	足掛齒	1320
何仙姑	何	仙姑	126
何堪	何	堪	1
何以自處	何	以自處	1
吸屌仔	吸	屌仔	1
吸屌	吸	屌	1
吸肉棒	吸	肉棒	1
吸引	吸	引	500349
吸收	吸	收	40031
吸菸	吸	菸	138175
吸管	吸	管	20730
吸毒	吸	毒	60665
吸水	吸	水	30980
吸引力	吸	引力	203225
吸煙	吸	煙	138175
吸納	吸	納	114425
吸取	吸	取	101385
吸附	吸	附	86790
吸入	吸	入	65980
吸引人	吸	引人	47245
吸氣	吸	氣	45005
吸血	吸	血	30995
吸塵器	吸	塵器	28260
吸力	吸	力	22085
吸食	吸	食	19520
吸吮	吸	吮	18495
吸煙者	吸	煙者	16065
吸盤	吸	盤	11025
吸水性	吸	水性	9735
吸引住	吸	引住	8135
吸到	吸	到	4745
吸住	吸	住	4335
吸血鬼	吸	血鬼	3333
吸鐵石	吸	鐵石	1840
寶寶	寶	寶	500318
寶貴	寶	貴	189615
寶石	寶	石	189290
寶典	寶	典	71980
寶物	寶	物	57775
寶藏	寶	藏	55410
寶劍	寶	劍	51125
寶庫	寶	庫	45155
寶貝	寶	貝	41917
寶座	寶	座	36690
寶塔	寶	塔	32275
寶珠	寶	珠	16475
寶刀	寶	刀	14945
寶島	寶	島	10260
寶藍	寶	藍	5970
寶鑑	寶	鑑	5620
寶玉	寶	玉	5555
寶藍色	寶	藍色	3220
寶地	寶	地	2238
寶剎	寶	剎	1720
寶刀未老	寶	刀未老	1535
寶特瓶	寶	特瓶	230
寶山	寶	山	111
寶殿	寶	殿	59
寶號	寶	號	1
寶慶	寶	慶	1
寶位	寶	位	1
寶元	寶	元	1
寶塚	寶	塚	1
寶裡寶氣	寶	裡寶氣	1
巨蛋	巨	蛋	1111
巨大	巨	大	459450
巨頭	巨	頭	151425
巨人	巨	人	93755
巨額	巨	額	80420
巨型	巨	型	60505
巨星	巨	星	56180
巨資	巨	資	45570
巨響	巨	響	35280
巨變	巨	變	22200
巨幅	巨	幅	19445
巨浪	巨	浪	19360
巨著	巨	著	15935
巨無霸	巨	無霸	15295
巨作	巨	作	14805
巨款	巨	款	14290
巨匠	巨	匠	13595
巨獸	巨	獸	9705
巨蟒	巨	蟒	9250
巨富	巨	富	8395
巨擘	巨	擘	6045
巨石	巨	石	5555
巨像	巨	像	2685
巨賈	巨	賈	2205
巨量	巨	量	1111
巨集	巨	集	1075
巨樹	巨	樹	280
巨靈	巨	靈	1
巨廈	巨	廈	1
巨碩	巨	碩	1
師生	師	生	279655
師兄	師	兄	116380
師範	師	範	82280
師長	師	長	60630
師大	師	大	51915
師弟	師	弟	50340
師姐	師	姐	41405
師徒	師	徒	31840
師傅	師	傅	30730
師父	師	父	29999
師妹	師	妹	25770
師門	師	門	17535
師承	師	承	14330
師母	師	母	13785
師尊	師	尊	12645
師資	師	資	12470
師兄弟	師	兄弟	11205
師道	師	道	10115
師爺	師	爺	6819
師法	師	法	6685
師範生	師	範生	3995
師恩	師	恩	3290
師團	師	團	2585
師友	師	友	1170
師出無名	師	出無名	630
師院	師	院	210
師專	師	專	195
師老兵疲	師	老兵疲	1
師事	師	事	1
師丈	師	丈	1
復古	復	古	49560
復習	復	習	388635
復興	復	興	100100
復活	復	活	97180
復發	復	發	89440
復旦大學	復	旦大學	87660
復位	復	位	65755
復甦	復	甦	63895
復仇	復	仇	61065
復原	復	原	50715
復旦	復	旦	49200
復出	復	出	42555
復活節	復	活節	11370
復學	復	學	10090
復辟	復	辟	10075
復現	復	現	8888
復國	復	國	7275
復工	復	工	7160
復健	復	健	5484
復明	復	明	4444
復職	復	職	4350
復業	復	業	3725
復舊	復	舊	3600
復合	復	合	3145
復員	復	員	1828
復交	復	交	1180
復權	復	權	349
復興鄉	復	興鄉	195
復元	復	元	1
復興劇校	復	興劇校	1
抵觸	抵	觸	251142
抵達	抵	達	211010
抵押	抵	押	173210
抵抗	抵	抗	151135
抵制	抵	制	128580
抵禦	抵	禦	95375
抵擋	抵	擋	61880
抵扣	抵	扣	61095
抵抗力	抵	抗力	60910
抵押權	抵	押權	44245
抵消	抵	消	40100
抵債	抵	債	18030
抵償	抵	償	17433
抵免	抵	免	12360
抵賴	抵	賴	10265
抵住	抵	住	9860
抵擋不住	抵	擋不住	9450
抵押品	抵	押品	9270
抵減	抵	減	6530
抵稅	抵	稅	6530
抵不過	抵	不過	3785
抵死	抵	死	3145
抵用	抵	用	3070
抵不住	抵	不住	2205
抵押借款	抵	押借款	1605
抵充	抵	充	1305
抵命	抵	命	985
抵罪	抵	罪	960
抵押放款	抵	押放款	140
抵銷	抵	銷	9
故事	故	事	500690
故障	故	障	466190
故意	故	意	355560
故鄉	故	鄉	140495
故宮	故	宮	69280
故居	故	居	68790
故而	故	而	43285
故里	故	里	39710
故人	故	人	31485
故土	故	土	15680
故知	故	知	14395
故園	故	園	13550
故國	故	國	10910
故交	故	交	9085
故弄玄虛	故	弄玄虛	8360
故步自封	故	步自封	7580
故地	故	地	7270
故都	故	都	7030
故事性	故	事性	6240
故事書	故	事書	4685
故友	故	友	4390
故舊	故	舊	3115
故老	故	老	2165
故作姿態	故	作姿態	1785
故我	故	我	1494
故態復萌	故	態復萌	1100
故態	故	態	560
故作不知	故	作不知	505
故犯	故	犯	425
故實	故	實	3
散文	散	文	132695
散發	散	發	110290
散熱	散	熱	108440
散步	散	步	101880
散布	散	布	79560
散佈	散	佈	79560
散裝	散	裝	40175
散去	散	去	34635
散落	散	落	31400
散開	散	開	28530
散亂	散	亂	27345
散漫	散	漫	21555
散失	散	失	15785
散播	散	播	13950
散光	散	光	13345
散心	散	心	10595
散文詩	散	文詩	9260
散場	散	場	9140
散居	散	居	8835
散會	散	會	6670
散出	散	出	6575
散夥	散	夥	5850
散見	散	見	4600
散兵	散	兵	4510
散花	散	花	4420
散曲	散	曲	3685
散財	散	財	2555
散沙	散	沙	2121
散步道	散	步道	1
散裝船	散	裝船	1
敬請	敬	請	315105
敬業	敬	業	106485
敬業精神	敬	業精神	53625
敬意	敬	意	48715
敬佩	敬	佩	44265
敬禮	敬	禮	33030
敬畏	敬	畏	32735
敬重	敬	重	29225
敬仰	敬	仰	27305
敬酒	敬	酒	24065
敬告	敬	告	18825
敬老	敬	老	16620
敬而遠之	敬	而遠之	12755
敬詞	敬	詞	9999
敬拜	敬	拜	7725
敬愛	敬	愛	7165
敬上	敬	上	5900
敬神	敬	神	4095
敬奉	敬	奉	3520
敬祝	敬	祝	1965
敬稱	敬	稱	1660
敬業樂群	敬	業樂群	1290
敬謝不敏	敬	謝不敏	790
敬老尊賢	敬	老尊賢	450
敬賀	敬	賀	395
敬服	敬	服	181
敬軍	敬	軍	1
敬謝	敬	謝	1
敬啟者	敬	啟者	1
敬陪末座	敬	陪末座	1
歌曲	歌	曲	500354
歌手	歌	手	500316
歌詞	歌	詞	315155
歌聲	歌	聲	147790
歌迷	歌	迷	114425
歌舞	歌	舞	102860
歌唱	歌	唱	101690
歌劇	歌	劇	48025
歌壇	歌	壇	38730
歌頌	歌	頌	38015
歌星	歌	星	37550
歌謠	歌	謠	29755
歌廳	歌	廳	20295
歌劇院	歌	劇院	19685
歌舞團	歌	舞團	19395
歌唱家	歌	唱家	16290
歌喉	歌	喉	14640
歌友會	歌	友會	11210
歌詠	歌	詠	9145
歌王	歌	王	8220
歌兒	歌	兒	6910
歌舞昇平	歌	舞昇平	6300
歌女	歌	女	5150
歌舞劇	歌	舞劇	4805
歌功頌德	歌	功頌德	4700
歌譜	歌	譜	4580
歌行	歌	行	3070
歌本	歌	本	1395
歌集	歌	集	2
歌仔戲	歌	仔戲	1
決定	決	定	501496
決策	決	策	500308
決心	決	心	286815
決議	決	議	266005
決賽	決	賽	203865
決戰	決	戰	63220
決定性	決	定性	47445
決算	決	算	44250
決鬥	決	鬥	36890
決斷	決	斷	27250
決意	決	意	17775
決勝	決	勝	17425
決裂	決	裂	14795
決絕	決	絕	11560
決議案	決	議案	10810
決無	決	無	9470
決計	決	計	8775
決堤	決	堤	7555
決然	決	然	7350
決口	決	口	6565
決明子	決	明子	6190
決一死戰	決	一死戰	5485
決不	決	不	4655
決勝局	決	勝局	2350
決勝負	決	勝負	2280
決選	決	選	1
決志	決	志	1
決算書	決	算書	1
決不寬貸	決	不寬貸	1
決策當局	決	策當局	1
漁業	漁	業	150180
漁船	漁	船	48640
漁港	漁	港	26500
漁夫	漁	夫	22685
漁村	漁	村	22270
漁具	漁	具	17715
漁人	漁	人	14410
漁場	漁	場	13300
漁家	漁	家	12535
漁網	漁	網	11505
漁翁	漁	翁	6395
漁民	漁	民	6115
漁獲	漁	獲	5287
漁獵	漁	獵	5255
漁舟	漁	舟	3970
漁翁得利	漁	翁得利	2045
漁利	漁	利	1635
漁戶	漁	戶	1565
漁人之利	漁	人之利	1015
漁產	漁	產	790
漁撈	漁	撈	585
漁權	漁	權	150
漁火	漁	火	73
漁會	漁	會	11
漁郎	漁	郎	1
漁市	漁	市	1
漁塭	漁	塭	1
漁汛	漁	汛	1
漁友	漁	友	1
漁撈業	漁	撈業	1
甘肅	甘	肅	230780
甘肅省	甘	肅省	127585
甘草	甘	草	53505
甘蔗	甘	蔗	50605
甘心	甘	心	43375
甘油	甘	油	31815
甘願	甘	願	28255
甘甜	甘	甜	23705
甘於	甘	於	23110
甘薯	甘	薯	11930
甘霖	甘	霖	9575
甘藍	甘	藍	9010
甘苦	甘	苦	9005
甘美	甘	美	7435
甘露	甘	露	7074
甘拜下風	甘	拜下風	4095
甘州	甘	州	3360
甘之如飴	甘	之如飴	2360
甘地	甘	地	1790
甘休	甘	休	1255
甘藍菜	甘	藍菜	685
甘泉	甘	泉	152
甘冒	甘	冒	1
甘脆	甘	脆	1
甘國	甘	國	1
甘涼	甘	涼	1
甘藷	甘	藷	1
甘苦談	甘	苦談	1
甘迺迪	甘	迺迪	1
甘蔗田	甘	蔗田	1
盡管	盡	管	500585
盡量	盡	量	500299
盡快	盡	快	500282
盡情	盡	情	137070
盡力	盡	力	130955
盡頭	盡	頭	93985
盡是	盡	是	44085
盡失	盡	失	27735
盡興	盡	興	26845
盡善盡美	盡	善盡美	23975
盡心盡力	盡	心盡力	23685
盡心	盡	心	23585
盡職	盡	職	19800
盡責	盡	責	19345
盡到	盡	到	18415
盡數	盡	數	14765
盡力而為	盡	力而為	11090
盡孝	盡	孝	6990
盡忠	盡	忠	6510
盡然	盡	然	4795
盡可能	盡	可能	3333
盡義務	盡	義務	3110
盡歡	盡	歡	2890
盡責任	盡	責任	950
盡其在我	盡	其在我	690
盡情玩樂	盡	情玩樂	595
盡本分	盡	本分	360
盡人事	盡	人事	1
盡人事，聽天命	盡	人事，聽天命	1
盡致	盡	致	1
監督	監	督	3393811
監管	監	管	500290
監測	監	測	500259
監視	監	視	173390
監獄	監	獄	166085
監察	監	察	161075
監護	監	護	66930
監護人	監	護人	64045
監製	監	製	60325
監考	監	考	55640
監視器	監	視器	40940
監禁	監	禁	17935
監事	監	事	12330
監工	監	工	6900
監牢	監	牢	5405
監造	監	造	3590
監守自盜	監	守自盜	2656
監票	監	票	2250
監修	監	修	1885
監察人	監	察人	1535
監房	監	房	1045
監押	監	押	670
監察權	監	察權	510
監委	監	委	335
監察員	監	察員	157
監試	監	試	1
監院	監	院	1
監察院	監	察院	1
監察委員	監	察委員	1
監察院長	監	察院長	1
網路	網	路	9999
網絡	網	絡	663485
網站	網	站	502847
網頁	網	頁	500425
網點	網	點	151045
網球	網	球	90845
網狀	網	狀	26005
網球場	網	球場	25190
網羅	網	羅	19450
網開一面	網	開一面	5100
網膜	網	膜	4690
網球拍	網	球拍	4395
網際網路	網	際網路	4175
網目	網	目	3075
網住	網	住	2980
網球賽	網	球賽	2445
網子	網	子	2280
網架	網	架	1353
網籃	網	籃	1295
網版	網	版	160
網球員	網	球員	140
網狀脈	網	狀脈	120
網球肘	網	球肘	113
網魚	網	魚	6
網室	網	室	1
網路卡	網	路卡	1
網路銀行	網	路銀行	1
網路火腿族	網	路火腿族	1
網際資訊網路	網	際資訊網路	1
網路新聞系統	網	路新聞系統	1
胡蘿蔔	胡	蘿蔔	91555
胡亂	胡	亂	62805
胡思亂想	胡	思亂想	36710
胡說	胡	說	33770
胡椒粉	胡	椒粉	30810
胡椒	胡	椒	25295
胡說八道	胡	說八道	24850
胡鬧	胡	鬧	17910
胡同	胡	同	16075
胡言亂語	胡	言亂語	13070
胡扯	胡	扯	10660
胡桃	胡	桃	10015
胡來	胡	來	8905
胡作非為	胡	作非為	7440
胡桃木	胡	桃木	6215
胡琴	胡	琴	5940
胡適	胡	適	4079
胡謅	胡	謅	3885
胡攪蠻纏	胡	攪蠻纏	3280
胡搞	胡	搞	1950
胡桃鉗	胡	桃鉗	510
胡漢民	胡	漢民	282
胡佛	胡	佛	111
胡笙	胡	笙	111
胡適之	胡	適之	106
胡麻	胡	麻	40
胡麻油	胡	麻油	1
胡瓜	胡	瓜	1
胡里胡塗	胡	里胡塗	1
胡裡胡塗	胡	裡胡塗	1
趕快	趕	快	204400
趕儘	趕	儘	888
趕緊	趕	緊	333860
趕到	趕	到	194680
趕來	趕	來	90825
趕上	趕	上	72290
趕忙	趕	忙	48050
趕走	趕	走	38035
趕路	趕	路	30145
趕去	趕	去	25965
趕不上	趕	不上	23985
趕集	趕	集	11820
趕時間	趕	時間	9755
趕場	趕	場	8940
趕考	趕	考	8695
趕回來	趕	回來	7945
趕時髦	趕	時髦	6955
趕工	趕	工	6920
趕製	趕	製	4885
趕盡殺絕	趕	盡殺絕	4550
趕出來	趕	出來	3705
趕早	趕	早	3280
趕出	趕	出	3104
趕得上	趕	得上	2605
趕上去	趕	上去	2185
趕不及	趕	不及	1285
趕辦	趕	辦	999
趕過	趕	過	1
趕著	趕	著	1
趕來趕去	趕	來趕去	1
還沒有	還	沒有	888
還好	還	好	195655
還在	還	在	888
還有	還	有	501908
還是	還	是	502434
還可以	還	可以	500386
還原	還	原	184950
還款	還	款	126695
還不如	還	不如	100650
還給	還	給	84530
還清	還	清	28670
還債	還	債	20485
還價	還	價	17550
還擊	還	擊	17515
還手	還	手	16020
還錢	還	錢	13835
還早	還	早	11475
還鄉	還	鄉	9150
還本	還	本	7075
還禮	還	禮	6185
還魂	還	魂	5515
還願	還	願	5140
還俗	還	俗	4955
還報	還	報	3520
還原法	還	原法	2270
還口	還	口	1590
還我河山	還	我河山	1095
還政於民	還	政於民	760
還師	還	師	1
還以顏色	還	以顏色	1
閒置	閒	置	89840
閒聊	閒	聊	58550
閒暇	閒	暇	35870
閒人	閒	人	30915
閒逛	閒	逛	25245
閒話	閒	話	24550
閒談	閒	談	19015
閒適	閒	適	16110
閒散	閒	散	14445
閒情	閒	情	13675
閒時	閒	時	11495
閒事	閒	事	10935
閒雲野鶴	閒	雲野鶴	6760
閒錢	閒	錢	6695
閒來	閒	來	6690
閒情逸致	閒	情逸致	5050
閒情逸緻	閒	情逸緻	5050
閒扯	閒	扯	3520
閒書	閒	書	3185
閒遊	閒	遊	2905
閒不住	閒	不住	2775
閒雜人等	閒	雜人等	2495
閒話家常	閒	話家常	2000
閒氣	閒	氣	1385
閒蕩	閒	蕩	1285
閒言閒語	閒	言閒語	1150
閒空	閒	空	550
閒常	閒	常	1
閒地	閒	地	1
閒隙	閒	隙	1
七彩	七	彩	70260
七星	七	星	53570
七七	七	七	31615
七夕	七	夕	28715
七色	七	色	19975
七嘴八舌	七	嘴八舌	15550
七律	七	律	10310
七絕	七	絕	9985
七手八腳	七	手八腳	7516
七情六欲	七	情六欲	7480
七零八落	七	零八落	6375
七上八下	七	上八下	5920
七竅	七	竅	5875
七情	七	情	5845
七里香	七	里香	5495
七七事變	七	七事變	3290
七竅生煙	七	竅生煙	3020
七葷八素	七	葷八素	1905
七老八十	七	老八十	1335
七拼八湊	七	拼八湊	1335
七彩繽紛	七	彩繽紛	960
七美	七	美	28
七折八扣	七	折八扣	22
七堵	七	堵	1
七娘媽	七	娘媽	1
七星山	七	星山	1
七號公園	七	號公園	1
七爺八爺	七	爺八爺	1
七國高峰會	七	國高峰會	1
借款	借	款	149490
借貸	借	貸	42200
借助	借	助	286935
借鑒	借	鑒	307240
借口	借	口	129390
借用	借	用	98065
借來	借	來	13885
借出	借	出	11975
借調	借	調	7780
借條	借	條	7265
借宿	借	宿	6410
借債	借	債	6385
借題發揮	借	題發揮	5395
借道	借	道	5300
借據	借	據	5065
借書證	借	書證	4665
借住	借	住	4130
借過	借	過	3705
借重	借	重	3680
借刀殺人	借	刀殺人	3580
借屍還魂	借	屍還魂	2980
借酒澆愁	借	酒澆愁	2565
借光	借	光	2475
借花獻佛	借	花獻佛	1560
借題	借	題	555
借酒裝瘋	借	酒裝瘋	295
借地	借	地	1
借鏡	借	鏡	1
借箸代籌	借	箸代籌	1
偷懶	偷	懶	34110
偷偷	偷	偷	118110
偷襲	偷	襲	50240
偷窺	偷	窺	35395
偷竊	偷	竊	25550
偷盜	偷	盜	26205
偷工減料	偷	工減料	18665
偷偷地	偷	偷地	34945
偷看	偷	看	33995
偷情	偷	情	27565
偷偷的	偷	偷的	24220
偷笑	偷	笑	17045
偷聽	偷	聽	15340
偷偷摸摸	偷	偷摸摸	13565
偷走	偷	走	12770
偷渡	偷	渡	12465
偷閒	偷	閒	3960
偷生	偷	生	3400
偷跑	偷	跑	3125
偷雞摸狗	偷	雞摸狗	2925
偷天換日	偷	天換日	2080
偷腥	偷	腥	1895
偷得浮生半日閒	偷	得浮生半日閒	1650
偷兒	偷	兒	1640
偷渡客	偷	渡客	1535
偷空	偷	空	1165
偷嚐禁果	偷	嚐禁果	890
偷聽器	偷	聽器	38
偷雞不著蝕把米	偷	雞不著蝕把米	1
含有	含	有	500291
含量	含	量	500259
含蓄	含	蓄	57150
含笑	含	笑	49135
含淚	含	淚	28695
含糊	含	糊	24975
含油	含	油	12440
含羞	含	羞	8880
含情脈脈	含	情脈脈	8630
含辛茹苦	含	辛茹苦	8005
含情	含	情	6505
含氧量	含	氧量	5840
含羞草	含	羞草	5605
含苞	含	苞	3780
含水層	含	水層	3770
含恨	含	恨	3695
含苞待放	含	苞待放	3640
含沙射影	含	沙射影	3610
含冤	含	冤	3600
含義	含	義	3414
含意	含	意	3413
含酸	含	酸	2630
含蘊	含	蘊	1575
含怒	含	怒	1240
含混	含	混	999
含飴弄孫	含	飴弄孫	499
含括	含	括	1
含悲忍淚	含	悲忍淚	1
含血噴人	含	血噴人	1
吹牛	吹	牛	31680
吹噓	吹	噓	25300
吹起	吹	起	17935
吹風	吹	風	17415
吹捧	吹	捧	15255
吹拂	吹	拂	14450
吹出	吹	出	11805
吹氣	吹	氣	11760
吹風機	吹	風機	10660
吹動	吹	動	7245
吹毛求疵	吹	毛求疵	6715
吹進	吹	進	6155
吹口哨	吹	口哨	6030
吹笛	吹	笛	6005
吹向	吹	向	4190
吹去	吹	去	3025
吹倒	吹	倒	2680
吹彈	吹	彈	2570
吹管	吹	管	2260
吹襲	吹	襲	2020
吹鬍子瞪眼	吹	鬍子瞪眼	1275
吹奏	吹	奏	1201
吹奏樂器	吹	奏樂器	1135
吹箭	吹	箭	1135
吹灰之力	吹	灰之力	720
吹牛大王	吹	牛大王	555
吹灰	吹	灰	1
吹糖	吹	糖	1
吹法螺	吹	法螺	1
告訴	告	訴	500626
告知	告	知	422155
告別	告	別	144110
告誡	告	誡	71460
告辭	告	辭	32490
告示	告	示	32245
告終	告	終	31070
告一段落	告	一段落	25575
告白	告	白	24625
告狀	告	狀	19520
告急	告	急	13075
告發	告	發	9210
告老	告	老	7777
告密	告	密	7480
告退	告	退	6840
告慰	告	慰	5375
告捷	告	捷	3240
告成	告	成	3055
告知義務	告	知義務	2716
告假	告	假	2475
告老還鄉	告	老還鄉	2150
告謝	告	謝	1700
告罪	告	罪	1360
告饒	告	饒	1220
告示板	告	示板	870
告貸	告	貸	270
告解	告	解	1
告朔	告	朔	1
告訴乃論	告	訴乃論	1
增加	增	加	501387
增長	增	長	500791
增強	增	強	500644
增進	增	進	139480
增值	增	值	234285
增減	增	減	87520
增大	增	大	317800
增多	增	多	277610
增收	增	收	128350
增長率	增	長率	128170
增加到	增	加到	109075
增高	增	高	103400
增添	增	添	102500
增設	增	設	83545
增產	增	產	80530
增益	增	益	44030
增資	增	資	41305
增補	增	補	33345
增援	增	援	24065
增刊	增	刊	13005
增光	增	光	12345
增建	增	建	10485
增色	增	色	7160
增訂	增	訂	6820
增列	增	列	4035
增廣	增	廣	3180
增聘	增	聘	1460
增加率	增	加率	790
增闢	增	闢	1
威猛	威	猛	16470
威望	威	望	502476
威脅	威	脅	412375
威廉	威	廉	84815
威力	威	力	159415
威尼斯	威	尼斯	57505
威權	威	權	55555
威士忌	威	士忌	47814
威嚴	威	嚴	34270
威風	威	風	31695
威武	威	武	20275
威爾遜	威	爾遜	15855
威名	威	名	12475
威爾斯	威	爾斯	11795
威風凜凜	威	風凜凜	10220
威逼	威	逼	9680
威震	威	震	9455
威勢	威	勢	9170
威嚇	威	嚇	6430
威信	威	信	4747
威逼利誘	威	逼利誘	4360
威赫	威	赫	3333
威靈頓	威	靈頓	1905
威脅利誘	威	脅利誘	1235
威爾基	威	爾基	1145
威震八方	威	震八方	470
威儀	威	儀	12
威靈	威	靈	2
威震寰宇	威	震寰宇	1
布局	布	局	393215
布置	布	置	317750
布料	布	料	74410
布滿	布	滿	65895
布衣	布	衣	58705
布朗	布	朗	43730
布丁	布	丁	30974
布袋	布	袋	22450
布魯塞爾	布	魯塞爾	19965
布景	布	景	17765
布施	布	施	17424
布鞋	布	鞋	16925
布防	布	防	14755
布匹	布	匹	12325
布條	布	條	9630
布告	布	告	9485
布達佩斯	布	達佩斯	8985
布道	布	道	8380
布告欄	布	告欄	3330
布袋戲	布	袋戲	3140
布穀鳥	布	穀鳥	2855
布店	布	店	1900
布衫	布	衫	1560
布偶	布	偶	1111
布達	布	達	1
布疋	布	疋	1
布農族	布	農族	1
布衣之交	布	衣之交	1
布宜諾斯	布	宜諾斯	1
延長	延	長	352830
延長線	延	長線	10260
延伸	延	伸	294130
延續	延	續	206810
延遲	延	遲	117225
延期	延	期	105390
延安	延	安	102110
延誤	延	誤	77065
延緩	延	緩	67900
延續到	延	續到	20225
延展	延	展	17695
延吉	延	吉	17425
延年益壽	延	年益壽	15680
延年	延	年	13525
延後	延	後	12060
延至	延	至	10110
延展性	延	展性	6510
延攬	延	攬	2525
延請	延	請	2255
延滯	延	滯	1515
延聘	延	聘	1500
延壽	延	壽	1413
延擱	延	擱	520
延燒	延	燒	168
延性	延	性	161
延宕	延	宕	158
延平	延	平	6
延接	延	接	1
延腦	延	腦	1
弄髒	弄	髒	13240
弄到	弄	到	34525
弄錯	弄	錯	16790
弄得	弄	得	126660
弄虛作假	弄	虛作假	86855
弄出	弄	出	26715
弄成	弄	成	17895
弄巧成拙	弄	巧成拙	9655
弄好	弄	好	9210
弄堂	弄	堂	8590
弄死	弄	死	7985
弄潮兒	弄	潮兒	6195
弄壞了	弄	壞了	5485
弄壞	弄	壞	5460
弄潮	弄	潮	4055
弄亂	弄	亂	3985
弄斷	弄	斷	3520
弄權	弄	權	2960
弄走	弄	走	2575
弄假成真	弄	假成真	2185
弄姿	弄	姿	1695
弄翻	弄	翻	1240
弄璋	弄	璋	1065
弄倒	弄	倒	860
弄瓦	弄	瓦	455
弄車鼓	弄	車鼓	1
弄臣	弄	臣	1
弄法	弄	法	1
弄散	弄	散	1
想被	想	被	888
想說	想	說	888
想要	想	要	500291
想到	想	到	500309
想錯	想	錯	888
想念	想	念	89830
想像	想	像	1
想不到	想	不到	118450
想法	想	法	500326
想起	想	起	314095
想來	想	來	94350
想必	想	必	78685
想出	想	出	67970
想通	想	通	53645
想起來	想	起來	51390
想見	想	見	43295
想得到	想	得到	24785
想不通	想	不通	20585
想開	想	開	17710
想當然	想	當然	14830
想入非非	想	入非非	13050
想不開	想	不開	6195
想出來	想	出來	5710
想法子	想	法子	4605
想不透	想	不透	1
想像成	想	像成	1
想像出	想	像出	1
想像到	想	像到	1
想像力	想	像力	1
拿鐵	拿	鐵	888
拿藥	拿	藥	888
拿給	拿	給	20280
拿去	拿	去	48725
拿走	拿	走	41190
拿破崙	拿	破崙	47830
拿出	拿	出	345280
拿到	拿	到	327105
拿起	拿	起	194085
拿來	拿	來	113930
拿下	拿	下	91760
拿手	拿	手	20920
拿不到	拿	不到	19855
拿掉	拿	掉	14390
拿捏	拿	捏	13060
拿過來	拿	過來	11175
拿起來	拿	起來	10130
拿開	拿	開	8880
拿住	拿	住	8805
拿不定	拿	不定	8235
拿主意	拿	主意	3455
拿手菜	拿	手菜	2545
拿定	拿	定	2255
拿腔拿調	拿	腔拿調	530
拿大頂	拿	大頂	295
拿喬	拿	喬	130
拿出來	拿	出來	1
拿翹	拿	翹	1
拿手絕活	拿	手絕活	1
挑戰	挑	戰	500364
挑選	挑	選	215195
挑剔	挑	剔	55985
挑起	挑	起	46205
挑逗	挑	逗	38880
挑戰者	挑	戰者	33958
挑釁	挑	釁	33890
挑揀	挑	揀	25500
挑出	挑	出	21915
挑錯	挑	錯	14775
挑撥	挑	撥	12950
挑水	挑	水	11220
挑食	挑	食	10140
挑燈	挑	燈	6795
挑擔	挑	擔	6331
挑明	挑	明	5410
挑花	挑	花	5070
挑撥離間	挑	撥離間	3995
挑大梁	挑	大梁	3640
挑大樑	挑	大樑	3640
挑夫	挑	夫	3335
挑三揀四	挑	三揀四	3020
挑燈夜戰	挑	燈夜戰	2495
挑戰書	挑	戰書	1605
挑肥揀瘦	挑	肥揀瘦	1385
挑嘴	挑	嘴	855
挑運	挑	運	270
挑高	挑	高	1
挑空	挑	空	1
歷史	歷	史	501013
歷程	歷	程	135140
歷年	歷	年	92845
歷經	歷	經	125950
歷代	歷	代	125690
歷時	歷	時	122430
歷來	歷	來	103635
歷屆	歷	屆	59170
歷史性	歷	史性	56980
歷任	歷	任	54335
歷練	歷	練	29585
歷史學家	歷	史學家	27725
歷次	歷	次	26140
歷年來	歷	年來	20485
歷歷在目	歷	歷在目	17635
歷史系	歷	史系	16740
歷盡	歷	盡	14755
歷險	歷	險	13555
歷歷	歷	歷	8915
歷史小說	歷	史小說	6660
歷久彌新	歷	久彌新	4965
歷久	歷	久	3990
歷盡滄桑	歷	盡滄桑	3070
歷久不衰	歷	久不衰	3020
歷史學者	歷	史學者	1665
歷久彌堅	歷	久彌堅	1090
歷歷可見	歷	歷可見	680
歷劫	歷	劫	111
歷史名詞	歷	史名詞	1
沉默	沉	默	222740
沉澱	沉	澱	111660
沉迷	沉	迷	45535
沉重	沉	重	98560
沉思	沉	思	82675
沉穩	沉	穩	53145
沉悶	沉	悶	50090
沉睡	沉	睡	49455
沉靜	沉	靜	38560
沉淪	沉	淪	34305
沉吟	沉	吟	32140
沉醉	沉	醉	31460
沉沒	沉	沒	31130
沉浮	沉	浮	22145
沉入	沉	入	21705
沉痛	沉	痛	18805
沉香	沉	香	16735
沉溺	沉	溺	15895
沉浸	沉	浸	14710
沉默寡言	沉	默寡言	12830
沉寂	沉	寂	8862
沉陷	沉	陷	7510
沉積	沉	積	5675
沉魚落雁	沉	魚落雁	4125
沉積岩	沉	積岩	3280
沉痾	沉	痾	2765
沉厚	沉	厚	1620
沉冤	沉	冤	1605
沉著	沉	著	1
泥土	泥	土	79045
泥巴	泥	巴	2397
泥沙	泥	沙	7310
泥濘	泥	濘	24890
泥鰍	泥	鰍	21745
泥沼	泥	沼	7435
泥漿	泥	漿	20695
泥塑	泥	塑	16120
泥地	泥	地	6125
泥坑	泥	坑	4560
泥工	泥	工	4285
泥淖	泥	淖	3635
泥人	泥	人	3270
泥塘	泥	塘	2360
泥污	泥	污	2135
泥牛入海	泥	牛入海	1670
泥水匠	泥	水匠	1520
泥盆紀	泥	盆紀	1460
泥水工	泥	水工	1255
泥菩薩	泥	菩薩	900
泥磚	泥	磚	34
泥古不化	泥	古不化	31
泥火山	泥	火山	1
泥菩薩過江	泥	菩薩過江	1
泥板	泥	板	1
泥壁	泥	壁	1
泥堆	泥	堆	1
泥灰	泥	灰	1
泥潦	泥	潦	1
狂熱	狂	熱	82555
狂歡	狂	歡	64230
狂風	狂	風	43925
狂奔	狂	奔	40525
狂人	狂	人	32485
狂笑	狂	笑	29665
狂犬病	狂	犬病	29315
狂暴	狂	暴	27730
狂妄	狂	妄	25815
狂潮	狂	潮	21470
狂喜	狂	喜	21335
狂飆	狂	飆	19515
狂風暴雨	狂	風暴雨	12790
狂亂	狂	亂	9940
狂想	狂	想	8905
狂放	狂	放	7930
狂怒	狂	怒	7865
狂想曲	狂	想曲	7810
狂傲	狂	傲	7300
狂吠	狂	吠	5065
狂言	狂	言	4795
狂跌	狂	跌	3270
狂飲	狂	飲	3240
狂瀾	狂	瀾	3210
狂草	狂	草	3125
狂嘯	狂	嘯	2655
狂狷	狂	狷	1295
狂吹	狂	吹	1180
狂態	狂	態	700
禁止	禁	止	500441
禁忌	禁	忌	92430
禁菸	禁	菸	13230
禁制	禁	制	16185
禁地	禁	地	14325
禁區	禁	區	72705
禁令	禁	令	48480
禁不住	禁	不住	44055
禁錮	禁	錮	26710
禁煙	禁	煙	13230
禁足	禁	足	9999
禁閉	禁	閉	8560
禁果	禁	果	7335
禁書	禁	書	6045
禁衛軍	禁	衛軍	5520
禁不起	禁	不起	4785
禁絕	禁	絕	4250
禁得起	禁	得起	1770
禁葯	禁	葯	999
禁藥	禁	藥	999
禁演	禁	演	960
禁閉室	禁	閉室	950
禁臠	禁	臠	820
禁制令	禁	制令	660
禁品	禁	品	360
禁治產	禁	治產	320
禁中	禁	中	1
禁煙節	禁	煙節	1
禁治產人	禁	治產人	1
科目	科	目	500251
科學	科	學	500822
科技	科	技	500902
科學家	科	學家	284570
科學院	科	學院	105725
科學性	科	學性	89920
科長	科	長	87355
科學化	科	學化	81825
科幻	科	幻	69715
科員	科	員	63350
科委	科	委	53190
科學知識	科	學知識	35120
科學方法	科	學方法	25515
科威特	科	威特	24125
科舉	科	舉	21860
科學界	科	學界	19000
科考	科	考	16250
科班	科	班	12310
科學儀器	科	學儀器	11020
科班出身	科	班出身	6040
科羅拉多	科	羅拉多	5535
科名	科	名	3425
科別	科	別	2995
科系	科	系	2106
科西嘉	科	西嘉	1840
科際	科	際	1
科任	科	任	1
科刑	科	刑	1
科目表	科	目表	1
積分	積	分	505575
積極	積	極	500832
積累	積	累	429165
積蓄	積	蓄	73750
積聚	積	聚	53755
積壓	積	壓	46540
積雪	積	雪	46110
積水	積	水	44753
積木	積	木	22335
積存	積	存	13035
積案	積	案	9420
積德	積	德	6550
積怨	積	怨	5835
積勞成疾	積	勞成疾	5090
積少成多	積	少成多	5005
積重難返	積	重難返	3795
積弊	積	弊	3435
積鬱	積	鬱	2555
積年	積	年	1885
積欠	積	欠	1550
積沙成塔	積	沙成塔	365
積習	積	習	284
積非成是	積	非成是	105
積漸	積	漸	1
積體	積	體	1
積效	積	效	1
積案如山	積	案如山	1
積極份子	積	極份子	1
積體電路	積	體電路	1
純色	純	色	12030
純粹	純	粹	193610
純淨	純	淨	105755
純潔	純	潔	75395
純棉	純	棉	36995
純正	純	正	83755
純真	純	真	80515
純度	純	度	45370
純樸	純	樸	35670
純情	純	情	27640
純種	純	種	25320
純水	純	水	22605
純化	純	化	21935
純金	純	金	18600
純白	純	白	17430
純熟	純	熟	16060
純美	純	美	14015
純利	純	利	11900
純愛	純	愛	9999
純潔性	純	潔性	8845
純文學	純	文學	5585
純毛	純	毛	4140
純純	純	純	3333
純理論	純	理論	3045
純然	純	然	2925
純良	純	良	2580
純益	純	益	1
純直	純	直	1
純益率	純	益率	1
談判	談	判	342120
談話	談	話	235620
談到	談	到	204860
談論	談	論	121970
談起	談	起	80735
談戀愛	談	戀愛	64020
談不上	談	不上	61125
談心	談	心	51295
談及	談	及	45710
談吐	談	吐	23225
談笑	談	笑	19305
談情說愛	談	情說愛	15710
談天說地	談	天說地	14535
談何容易	談	何容易	14530
談笑風生	談	笑風生	10775
談生意	談	生意	9630
談天	談	天	9010
談妥	談	妥	7455
談得來	談	得來	3635
談起來	談	起來	2385
談虎色變	談	虎色變	2375
談上	談	上	2290
談不攏	談	不攏	1915
談和	談	和	1315
談攏	談	攏	1280
談話會	談	話會	615
談笑自如	談	笑自如	480
談論到	談	論到	1
談文論藝	談	文論藝	1
負責	負	責	501709
負擔	負	擔	434405
負債	負	債	137500
負數	負	數	18355
負責人	負	責人	500555
負載	負	載	111350
負面	負	面	86185
負責任	負	責任	70555
負重	負	重	37430
負起	負	起	27520
負傷	負	傷	24685
負極	負	極	10845
負心	負	心	9999
負片	負	片	9250
負氣	負	氣	4385
負疚	負	疚	3880
負擔得起	負	擔得起	2955
負隅頑抗	負	隅頑抗	2450
負荊請罪	負	荊請罪	2165
負號	負	號	1895
負心漢	負	心漢	1825
負荷	負	荷	1577
負義	負	義	950
負成長	負	成長	1
負笈	負	笈	1
負得起	負	得起	1
負荷量	負	荷量	1
負薪救火	負	薪救火	1
負嵎頑抗	負	嵎頑抗	1
貪污	貪	污	61140
貪汙	貪	汙	61140
貪婪	貪	婪	50820
貪官	貪	官	40545
貪心	貪	心	23495
貪圖	貪	圖	22070
貪欲	貪	欲	18670
貪玩	貪	玩	15705
貪污罪	貪	污罪	12515
貪吃	貪	吃	11205
貪戀	貪	戀	10420
貪多務得	貪	多務得	9999
貪財	貪	財	8615
貪官汙吏	貪	官汙吏	7950
貪得無厭	貪	得無厭	6730
貪贓枉法	貪	贓枉法	5940
貪睡	貪	睡	5285
貪小便宜	貪	小便宜	4855
貪便宜	貪	便宜	4690
貪生怕死	貪	生怕死	4540
貪求	貪	求	4080
貪杯	貪	杯	2765
貪贓	貪	贓	1460
貪小	貪	小	1210
貪嘴	貪	嘴	1120
貪瀆	貪	瀆	1040
貪心不足	貪	心不足	895
貪小失大	貪	小失大	255
貪求無饜	貪	求無饜	1
輪胎	輪	胎	276630
輪廓	輪	廓	111400
輪迴	輪	迴	101360
輪流	輪	流	76530
輪姦	輪	姦	57811
輪到	輪	到	55495
輪船	輪	船	42660
輪子	輪	子	33695
輪換	輪	換	31400
輪椅	輪	椅	29355
輪番	輪	番	19620
輪渡	輪	渡	19295
輪盤	輪	盤	17620
輪圈	輪	圈	14165
輪值	輪	值	9000
輪作	輪	作	8665
輪機	輪	機	6260
輪班	輪	班	5670
輪軸	輪	軸	4290
輪休	輪	休	3615
輪機長	輪	機長	2605
輪番上陣	輪	番上陣	2335
輪替	輪	替	1510
輪狀	輪	狀	885
輪唱	輪	唱	825
輪種	輪	種	305
輪調	輪	調	1
輪架	輪	架	1
輪鞋	輪	鞋	1
週圍	週	圍	500385
週期	週	期	370850
週末	週	末	296500
週年	週	年	234440
週會	週	會	2605
週二	週	二	93770
週歲	週	歲	270700
週一	週	一	241735
週六	週	六	195610
週五	週	五	194335
週日	週	日	185070
週刊	週	刊	117990
週到	週	到	112420
週四	週	四	103615
週三	週	三	96030
週密	週	密	73860
週轉	週	轉	41410
週期性	週	期性	36570
週身	週	身	36305
週全	週	全	35505
週遭	週	遭	32775
週旋	週	旋	31185
週報	週	報	28140
週折	週	折	11880
週詳	週	詳	9790
週知	週	知	6505
週轉金	週	轉金	6355
週延	週	延	1
週考	週	考	1
降低	降	低	500614
降價	降	價	207275
降到	降	到	119975
降級	降	級	47960
降落	降	落	48575
降伏	降	伏	99999
降溫	降	溫	86570
降臨	降	臨	73955
降幅	降	幅	42805
降雨	降	雨	37315
降至	降	至	32255
降生	降	生	20590
降雨量	降	雨量	17740
降下	降	下	16955
降服	降	服	16835
降落傘	降	落傘	12130
降火	降	火	7970
降妖	降	妖	3610
降將	降	將	3570
降世	降	世	3380
降格	降	格	3320
降薪	降	薪	3250
降福	降	福	2325
降罪	降	罪	2222
降旗	降	旗	1525
降龍伏虎	降	龍伏虎	970
降格以求	降	格以求	740
降貴紆尊	降	貴紆尊	1
降心相從	降	心相從	1
陽光	陽	光	500647
陽具	陽	具	19070
陽剛	陽	剛	24445
陽春	陽	春	18575
陽傘	陽	傘	3365
陽明山	陽	明山	3775
陽台	陽	台	173240
陽臺	陽	臺	173240
陽性	陽	性	82945
陽痿	陽	痿	46750
陽離子	陽	離子	16335
陽曆	陽	曆	14855
陽平	陽	平	7215
陽奉陰違	陽	奉陰違	6270
陽春麵	陽	春麵	5353
陽間	陽	間	3960
陽極	陽	極	2977
陽壽	陽	壽	2135
陽世	陽	世	2070
陽關大道	陽	關大道	1140
陽宅	陽	宅	1121
陽關道	陽	關道	995
陽關	陽	關	901
陽文	陽	文	215
陽明	陽	明	1
陽萎	陽	萎	1
陽光法案	陽	光法案	1
陽光基金會	陽	光基金會	1
陽光洗車中心	陽	光洗車中心	1
雄性	雄	性	29510
雄壯	雄	壯	21630
雄偉	雄	偉	56055
雄厚	雄	厚	191875
雄鷹	雄	鷹	24275
雄心	雄	心	23440
雄風	雄	風	22270
雄心勃勃	雄	心勃勃	17200
雄獅	雄	獅	16590
雄踞	雄	踞	10905
雄姿	雄	姿	9595
雄辯	雄	辯	9325
雄蕊	雄	蕊	6660
雄健	雄	健	6345
雄黃	雄	黃	6060
雄渾	雄	渾	5555
雄才大略	雄	才大略	4725
雄師	雄	師	4420
雄兵	雄	兵	3235
雄才	雄	才	2605
雄赳赳	雄	赳赳	2540
雄黃酒	雄	黃酒	1980
雄霸一方	雄	霸一方	1165
雄武	雄	武	970
雄辯滔滔	雄	辯滔滔	88
雄略	雄	略	1
雄糾糾	雄	糾糾	1
雄偉壯麗	雄	偉壯麗	1
雄心萬丈	雄	心萬丈	1
雷達	雷	達	130940
雷電	雷	電	61280
雷鳴	雷	鳴	53840
雷同	雷	同	41325
雷霆	雷	霆	31655
雷雨	雷	雨	28735
雷擊	雷	擊	23030
雷聲	雷	聲	20100
雷神	雷	神	13390
雷公	雷	公	11010
雷厲風行	雷	厲風行	10845
雷管	雷	管	9600
雷霆萬鈞	雷	霆萬鈞	6230
雷陣雨	雷	陣雨	5480
雷鳥	雷	鳥	5210
雷劈	雷	劈	4485
雷音	雷	音	4290
雷達站	雷	達站	3575
雷池	雷	池	3305
雷動	雷	動	3245
雷州半島	雷	州半島	2865
雷聲大雨點小	雷	聲大雨點小	1566
雷雨交加	雷	雨交加	130
雷根	雷	根	1
雷射	雷	射	1
雷射刀	雷	射刀	1
雷虎小組	雷	虎小組	1
雷射唱片	雷	射唱片	1
雷射印表機	雷	射印表機	1
互相	互	相	456855
互動	互	動	500287
互助	互	助	124620
互補	互	補	81355
互利	互	利	59960
互換	互	換	57745
互通	互	通	56405
互惠	互	惠	28065
互相幫助	互	相幫助	26015
互信	互	信	25725
互通有無	互	通有無	8090
互生	互	生	6530
互不相讓	互	不相讓	5460
互助合作	互	助合作	4720
互為因果	互	為因果	4670
互保	互	保	4150
互用	互	用	3125
互不侵犯	互	不侵犯	2715
互助會	互	助會	2195
互通性	互	通性	2000
互諒	互	諒	1670
互勉	互	勉	1465
互選	互	選	1295
互毆	互	毆	1275
互別苗頭	互	別苗頭	1
互市	互	市	1
互異	互	異	1
互動式媒體	互	動式媒體	1
佛寺	佛	寺	21595
佛教	佛	教	308415
佛法	佛	法	123090
佛陀	佛	陀	68910
佛經	佛	經	38085
佛學	佛	學	38325
佛祖	佛	祖	35635
佛像	佛	像	70690
佛門	佛	門	25535
佛家	佛	家	22455
佛性	佛	性	22160
佛塔	佛	塔	20640
佛教徒	佛	教徒	17745
佛號	佛	號	13750
佛堂	佛	堂	13100
佛國	佛	國	12845
佛殿	佛	殿	12445
佛羅里達	佛	羅里達	10040
佛龕	佛	龕	6805
佛手柑	佛	手柑	6595
佛典	佛	典	3955
佛頭	佛	頭	2465
佛寶	佛	寶	2275
佛門弟子	佛	門弟子	1920
佛法無邊	佛	法無邊	1580
佛洛伊德	佛	洛伊德	1
佛洛依德	佛	洛依德	1
佛頭著糞	佛	頭著糞	1
叫做	叫	做	1
叫作	叫	作	299785
叫醒	叫	醒	27350
叫起來	叫	起來	14165
叫到	叫	到	227325
叫聲	叫	聲	115950
叫好	叫	好	29585
叫賣	叫	賣	20660
叫出	叫	出	19960
叫喊	叫	喊	18660
叫喚	叫	喚	14845
叫苦	叫	苦	13665
叫囂	叫	囂	13260
叫住	叫	住	12955
叫嚷	叫	嚷	12295
叫罵	叫	罵	6525
叫起	叫	起	5725
叫出來	叫	出來	5390
叫座	叫	座	4145
叫牌	叫	牌	4115
叫門	叫	門	3505
叫苦連天	叫	苦連天	3215
叫好不叫座	叫	好不叫座	3175
叫號	叫	號	2660
叫屈	叫	屈	2570
叫陣	叫	陣	1840
叫化子	叫	化子	1
叫好又叫座	叫	好又叫座	1
品川	品	川	888
品牌	品	牌	501847
品種	品	種	500465
品質	品	質	500399
品嘗	品	嘗	162260
品嚐	品	嚐	162260
品味	品	味	158405
品德	品	德	93250
品格	品	格	73600
品類	品	類	61230
品茶	品	茶	30390
品行	品	行	30365
品學兼優	品	學兼優	18690
品性	品	性	18050
品評	品	評	17295
品級	品	級	13590
品酒	品	酒	12585
品管	品	管	11405
品目	品	目	8470
品紅	品	紅	4715
品鑑	品	鑑	3615
品頭論足	品	頭論足	2740
品茗	品	茗	2222
品貌	品	貌	1685
品學	品	學	1680
品脫	品	脫	1500
品名	品	名	132
品流	品	流	1
封閉	封	閉	216080
封裝	封	裝	183832
封面	封	面	144115
封建	封	建	114710
封鎖	封	鎖	82770
封印	封	印	50870
封存	封	存	44765
封號	封	號	42075
封殺	封	殺	36680
封口	封	口	33645
封底	封	底	25460
封住	封	住	20620
封為	封	為	16990
封條	封	條	13990
封神榜	封	神榜	10670
封死	封	死	8560
封建制度	封	建制度	7965
封皮	封	皮	7000
封侯	封	侯	6790
封建時代	封	建時代	5650
封上	封	上	5270
封面人物	封	面人物	4335
封國	封	國	2985
封面女郎	封	面女郎	2575
封套	封	套	1760
封泥	封	泥	1625
封鎖起來	封	鎖起來	685
封港	封	港	165
影片	影	片	500385
影響	影	響	501965
影印	影	印	14660
影印機	影	印機	1
影響力	影	響力	331800
影像	影	像	298810
影子	影	子	210150
影響到	影	響到	195125
影迷	影	迷	40160
影星	影	星	30695
影壇	影	壇	24240
影碟	影	碟	22080
影劇院	影	劇院	21760
影展	影	展	17850
影帝	影	帝	15685
影集	影	集	14710
影碟機	影	碟機	14355
影評	影	評	14140
影后	影	后	12545
影射	影	射	11320
影業	影	業	10440
影劇	影	劇	3515
影城	影	城	3215
影本	影	本	1960
影評家	影	評家	1235
影圈	影	圈	1
影劇界	影	劇界	1
影劇圈	影	劇圈	1
拍攝	拍	攝	500400
拍賣	拍	賣	375395
拍照	拍	照	169180
拍拍	拍	拍	99800
拍出	拍	出	49310
拍戲	拍	戲	34285
拍打	拍	打	24700
拍手	拍	手	22345
拍片	拍	片	20325
拍成	拍	成	15970
拍板	拍	板	15510
拍子	拍	子	14380
拍馬屁	拍	馬屁	11350
拍檔	拍	檔	9175
拍照片	拍	照片	7690
拍案叫絕	拍	案叫絕	6030
拍擊	拍	擊	5840
拍案	拍	案	4535
拍手稱快	拍	手稱快	4135
拍桌子	拍	桌子	3875
拍掌	拍	掌	3750
拍胸脯	拍	胸脯	2830
拍發	拍	發	2285
拍外景	拍	外景	1715
拍肩膀	拍	肩膀	535
拍蒼蠅	拍	蒼蠅	530
拍門	拍	門	1
拍立得相機	拍	立得相機	1
拜託	拜	託	53420
拜訪	拜	訪	102690
拜年	拜	年	28775
拜拜	拜	拜	18950
拜師	拜	師	58090
拜見	拜	見	22020
拜讀	拜	讀	14460
拜佛	拜	佛	14200
拜會	拜	會	11730
拜金主義	拜	金主義	11420
拜謝	拜	謝	8340
拜師學藝	拜	師學藝	8130
拜祭	拜	祭	6135
拜占庭	拜	占庭	5925
拜堂	拜	堂	5095
拜神	拜	神	4525
拜金	拜	金	4460
拜壽	拜	壽	2895
拜別	拜	別	2815
拜天地	拜	天地	2235
拜望	拜	望	2222
拜把兄弟	拜	把兄弟	720
拜碼頭	拜	碼頭	335
拜把	拜	把	245
拜票	拜	票	11
拜禮	拜	禮	1
拜廟	拜	廟	1
拜閱	拜	閱	1
採用	採	用	501740
採取	採	取	500842
採訪	採	訪	433885
採集	採	集	273940
採納	採	納	93235
採摘	採	摘	56445
採礦	採	礦	55540
採光	採	光	50785
採收	採	收	36895
採購員	採	購員	15635
採掘	採	掘	14770
採茶	採	茶	10275
採擷	採	擷	7705
採石場	採	石場	7205
採購	採	購	5483
採辦	採	辦	4525
採伐	採	伐	4002
採下	採	下	3930
採買	採	買	3860
採桑	採	桑	2280
採信	採	信	1048
採用到	採	用到	325
採擇	採	擇	99
採行	採	行	1
採料	採	料	1
採證	採	證	1
採石廠	採	石廠	1
採訪記者	採	訪記者	1
攻擊	攻	擊	500441
攻打	攻	打	43125
攻擊力	攻	擊力	88490
攻勢	攻	勢	71715
攻讀	攻	讀	59975
攻克	攻	克	51635
攻擊者	攻	擊者	50050
攻堅	攻	堅	48550
攻城	攻	城	47470
攻占	攻	占	33765
攻佔	攻	佔	33765
攻破	攻	破	26390
攻防	攻	防	25580
攻下	攻	下	19955
攻陷	攻	陷	13435
攻守	攻	守	11275
攻心	攻	心	8510
攻取	攻	取	6190
攻進	攻	進	5655
攻城略地	攻	城略地	3895
攻無不克	攻	無不克	2765
攻伐	攻	伐	2420
攻心為上	攻	心為上	2395
攻訐	攻	訐	2060
攻其不備	攻	其不備	1705
攻錯	攻	錯	260
攻籃	攻	籃	75
攻城掠地	攻	城掠地	1
數位	數	位	4640
數據	數	據	501335
數字	數	字	500631
數學	數	學	500355
數量	數	量	500996
數額	數	額	287855
數值	數	值	209275
數目	數	目	199110
數學家	數	學家	30975
數理	數	理	28955
數一數二	數	一數二	14885
數以千計	數	以千計	13495
數落	數	落	13205
數不清	數	不清	8185
數學科	數	學科	3905
數國	數	國	2385
數據機	數	據機	2010
數典忘祖	數	典忘祖	1880
數說	數	說	1700
數目字	數	目字	1530
數珠	數	珠	1115
數來寶	數	來寶	1045
數不盡	數	不盡	930
數數看	數	數看	515
數例	數	例	1
數家珍	數	家珍	1
數數兒	數	數兒	1
數位化	數	位化	1
激烈	激	烈	352945
激情	激	情	500251
激勵	激	勵	468010
激發	激	發	317990
激動	激	動	256795
激素	激	素	141035
激起	激	起	84245
激戰	激	戰	72730
激進	激	進	37355
激盪	激	盪	33800
激增	激	增	31325
激昂	激	昂	23740
激化	激	化	23155
激流	激	流	19200
激怒	激	怒	15910
激奮	激	奮	9989
激憤	激	憤	9975
激揚	激	揚	9755
激發起	激	發起	8665
激將法	激	將法	4015
激辯	激	辯	2370
激進派	激	進派	2140
激變	激	變	1670
激濁揚清	激	濁揚清	1533
激越	激	越	1127
激賞	激	賞	489
激切	激	切	1
激進份子	激	進份子	1
燈光	燈	光	264425
燈具	燈	具	117715
燈泡	燈	泡	83925
燈火	燈	火	41880
燈籠	燈	籠	35845
燈管	燈	管	32450
燈塔	燈	塔	30130
燈罩	燈	罩	13665
燈頭	燈	頭	10995
燈謎	燈	謎	9695
燈絲	燈	絲	8560
燈座	燈	座	8295
燈飾	燈	飾	7027
燈芯	燈	芯	4640
燈油	燈	油	3670
燈燭	燈	燭	3470
燈柱	燈	柱	3370
燈花	燈	花	2965
燈號	燈	號	2870
燈架	燈	架	2445
燈蛾	燈	蛾	787
燈殼	燈	殼	630
燈火管制	燈	火管制	500
燈會	燈	會	142
燈控	燈	控	1
燈心	燈	心	1
燈炷	燈	炷	1
燈心絨	燈	心絨	1
痛苦	痛	苦	500261
痛快	痛	快	48260
痛楚	痛	楚	39835
痛恨	痛	恨	39550
痛哭	痛	哭	38325
痛心	痛	心	25420
痛風	痛	風	17645
痛不欲生	痛	不欲生	14175
痛感	痛	感	12720
痛心疾首	痛	心疾首	10520
痛斥	痛	斥	9710
痛罵	痛	罵	9250
痛哭流涕	痛	哭流涕	9200
痛定思痛	痛	定思痛	9010
痛惜	痛	惜	8580
痛處	痛	處	7785
痛飲	痛	飲	7530
痛打	痛	打	6355
痛覺	痛	覺	5610
痛擊	痛	擊	4265
痛癢	痛	癢	3935
痛改前非	痛	改前非	3730
痛哭失聲	痛	哭失聲	3455
痛起來	痛	起來	2115
痛惡	痛	惡	775
痛責	痛	責	770
痛痛病	痛	痛病	1
痛失英才	痛	失英才	1
目前	目	前	502742
目標	目	標	501265
目錄	目	錄	500529
目光	目	光	490515
目的	目	的	500798
目的地	目	的地	217790
目睹	目	睹	46925
目瞪口呆	目	瞪口呆	45580
目擊者	目	擊者	20190
目不暇接	目	不暇接	17685
目不轉睛	目	不轉睛	17265
目擊	目	擊	16435
目送	目	送	15050
目中無人	目	中無人	7785
目眩	目	眩	7675
目光短淺	目	光短淺	5485
目次	目	次	5085
目力	目	力	4970
目空一切	目	空一切	4740
目不斜視	目	不斜視	3875
目不識丁	目	不識丁	2625
目光如炬	目	光如炬	1815
目的物	目	的物	1120
目無法紀	目	無法紀	920
目無尊長	目	無尊長	510
目光如豆	目	光如豆	250
目不暇給	目	不暇給	141
目眶	目	眶	1
穿過	穿	過	201830
穿越	穿	越	156260
穿上	穿	上	128755
穿戴	穿	戴	34805
穿梭	穿	梭	78985
穿透	穿	透	51475
穿插	穿	插	43045
穿孔	穿	孔	26940
穿好	穿	好	14735
穿鞋	穿	鞋	11965
穿心	穿	心	7555
穿山甲	穿	山甲	7550
穿入	穿	入	6755
穿線	穿	線	6680
穿牆	穿	牆	6635
穿針引線	穿	針引線	5550
穿用	穿	用	4870
穿幫	穿	幫	3835
穿透性	穿	透性	3005
穿洞	穿	洞	2765
穿針	穿	針	2565
穿堂	穿	堂	2315
穿衣鏡	穿	衣鏡	2095
穿金戴銀	穿	金戴銀	1355
穿鑿附會	穿	鑿附會	1020
穿耳洞	穿	耳洞	705
穿著	穿	著	1
穿越道	穿	越道	1
笑容	笑	容	317770
笑話	笑	話	202480
笑聲	笑	聲	126755
笑臉	笑	臉	82645
笑起來	笑	起來	35025
笑意	笑	意	58985
笑嘻嘻	笑	嘻嘻	34095
笑語	笑	語	17145
笑談	笑	談	16935
笑料	笑	料	13730
笑顏	笑	顏	13130
笑呵呵	笑	呵呵	12300
笑容可掬	笑	容可掬	8260
笑柄	笑	柄	7840
笑出	笑	出	6385
笑出來	笑	出來	5715
笑逐顏開	笑	逐顏開	5535
笑納	笑	納	5360
笑盈盈	笑	盈盈	5295
笑哈哈	笑	哈哈	3585
笑裡藏刀	笑	裡藏刀	3375
笑場	笑	場	2985
笑面虎	笑	面虎	1465
笑罵	笑	罵	610
笑靨	笑	靨	3
笑咪咪	笑	咪咪	1
笑瞇瞇	笑	瞇瞇	1
笑成一團	笑	成一團	1
繁體	繁	體	888
繁榮	繁	榮	250150
繁殖	繁	殖	167530
繁華	繁	華	115795
繁忙	繁	忙	97980
繁重	繁	重	61620
繁多	繁	多	47205
繁雜	繁	雜	43000
繁衍	繁	衍	41790
繁複	繁	複	29999
繁星	繁	星	23090
繁茂	繁	茂	18495
繁盛	繁	盛	14365
繁體字	繁	體字	13970
繁瑣	繁	瑣	9999
繁文縟節	繁	文縟節	3320
繁密	繁	密	2790
繁殖力	繁	殖力	2780
繁縟	繁	縟	1725
繁難	繁	難	1625
繁亂	繁	亂	940
繁分數	繁	分數	140
繁弦急管	繁	弦急管	125
繁細	繁	細	111
繁鉅	繁	鉅	1
繁苛	繁	苛	1
繁囂	繁	囂	1
繁花錦簇	繁	花錦簇	1
背包	背	包	123715
背景	背	景	500302
背後	背	後	443255
背面	背	面	119290
背部	背	部	85055
背影	背	影	92440
背叛	背	叛	83425
背誦	背	誦	64385
背離	背	離	46695
背心	背	心	46670
背負	背	負	46100
背書	背	書	32035
背棄	背	棄	20810
背道而馳	背	道而馳	19870
背帶	背	帶	13355
背地裡	背	地裡	8120
背起	背	起	7215
背水一戰	背	水一戰	5710
背信棄義	背	信棄義	4645
背脊	背	脊	3435
背黑鍋	背	黑鍋	2890
背對背	背	對背	2645
背運	背	運	2300
背信	背	信	1395
背不動	背	不動	945
背山面水	背	山面水	820
背脊骨	背	脊骨	425
背信忘義	背	信忘義	1
複雜	複	雜	500401
複製	複	製	500359
複習	複	習	388635
複印	複	印	122400
複查	複	查	103265
複印機	複	印機	70150
複式	複	式	62320
複議	複	議	59965
複賽	複	賽	27640
複數	複	數	26590
複製品	複	製品	20715
複檢	複	檢	17035
複試	複	試	12710
複選	複	選	10410
複利	複	利	8715
複診	複	診	8480
複審	複	審	8243
複寫	複	寫	6535
複句	複	句	3450
複姓	複	姓	3435
複合	複	合	3145
複合詞	複	合詞	2435
複寫紙	複	寫紙	2320
複葉	複	葉	2170
複眼	複	眼	2080
複決	複	決	1275
複選題	複	選題	175
複決權	複	決權	1
詩人	詩	人	287685
詩歌	詩	歌	256405
詩詞	詩	詞	84785
詩仙	詩	仙	73275
詩句	詩	句	58800
詩意	詩	意	57730
詩文	詩	文	45655
詩集	詩	集	34235
詩篇	詩	篇	29955
詩作	詩	作	19785
詩情畫意	詩	情畫意	19480
詩選	詩	選	13230
詩經	詩	經	12960
詩社	詩	社	11905
詩壇	詩	壇	10735
詩學	詩	學	7040
詩韻	詩	韻	6515
詩風	詩	風	5695
詩體	詩	體	5615
詩賦	詩	賦	4555
詩友	詩	友	4325
詩書	詩	書	4151
詩聖	詩	聖	2455
詩興	詩	興	2010
詩中有畫	詩	中有畫	1285
詩行	詩	行	43
詩餘	詩	餘	1
詩人節	詩	人節	1
誤差	誤	差	130885
誤解	誤	解	127370
誤導	誤	導	113510
誤會	誤	會	105835
誤以為	誤	以為	27225
誤用	誤	用	13155
誤認	誤	認	12570
誤觸	誤	觸	12090
誤報	誤	報	10875
誤食	誤	食	9050
誤事	誤	事	8888
誤傷	誤	傷	8825
誤入歧途	誤	入歧途	8563
誤判	誤	判	8350
誤打誤撞	誤	打誤撞	6500
誤人子弟	誤	人子弟	6255
誤殺	誤	殺	6100
誤國	誤	國	4775
誤傳	誤	傳	3940
誤時	誤	時	3750
誤闖	誤	闖	3600
誤點	誤	點	3005
誤信	誤	信	2030
誤寫	誤	寫	1835
誤稱	誤	稱	635
誤餐費	誤	餐費	590
誤取	誤	取	1
誤植	誤	植	1
跑步	跑	步	66055
跑到	跑	到	216880
跑車	跑	車	100325
跑去	跑	去	76610
跑出	跑	出	45810
跑來	跑	來	43700
跑道	跑	道	33355
跑得	跑	得	31565
跑過來	跑	過來	21655
跑過去	跑	過去	18910
跑掉	跑	掉	18535
跑出來	跑	出來	17575
跑馬	跑	馬	16000
跑開	跑	開	14585
跑遍	跑	遍	12005
跑路	跑	路	10960
跑腿	跑	腿	10860
跑龍套	跑	龍套	8680
跑不掉	跑	不掉	5575
跑不動	跑	不動	3995
跑馬場	跑	馬場	3730
跑堂	跑	堂	2870
跑跳	跑	跳	2425
跑壘	跑	壘	585
跑單幫	跑	單幫	565
跑新聞	跑	新聞	1
跑程	跑	程	1
跑片	跑	片	1
巡房	巡	房	1
巡邏	巡	邏	72870
巡視	巡	視	70645
巡查	巡	查	61950
巡迴	巡	迴	57155
巡警	巡	警	30245
巡洋艦	巡	洋艦	16220
巡邏隊	巡	邏隊	9510
巡禮	巡	禮	9030
巡更	巡	更	7565
巡防	巡	防	7270
巡訪	巡	訪	5555
巡察	巡	察	4240
巡捕	巡	捕	3390
巡邏艇	巡	邏艇	3325
巡行	巡	行	3220
巡撫	巡	撫	3214
巡按	巡	按	3115
巡夜	巡	夜	2065
巡弋	巡	弋	1085
巡官	巡	官	990
巡哨	巡	哨	660
巡防艦	巡	防艦	230
巡緝	巡	緝	145
巡佐	巡	佐	1
巡迴車	巡	迴車	1
巡邏箱	巡	邏箱	1
巡迴公演	巡	迴公演	1
違法	違	法	1735551
違反	違	反	500530
違約	違	約	345348
違規	違	規	237465
違背	違	背	149080
違約金	違	約金	111092
違紀	違	紀	86655
違章	違	章	84145
違者	違	者	68295
違章建築	違	章建築	29768
違法亂紀	違	法亂紀	20300
違禁	違	禁	17455
違憲	違	憲	15980
違抗	違	抗	9110
違禁品	違	禁品	4980
違例	違	例	4787
違建	違	建	3460
違逆	違	逆	2900
違拗	違	拗	1900
違心	違	心	1023
違犯	違	犯	999
違心之論	違	心之論	345
違規人	違	規人	185
違警	違	警	1
違理	違	理	1
違建戶	違	建戶	1
違紀參選	違	紀參選	1
違約交割	違	約交割	1
雪山	雪	山	121950
雪花	雪	花	96715
雪茄	雪	茄	37880
雪崩	雪	崩	15850
雪梨	雪	梨	31016
雪糕	雪	糕	20710
雪地	雪	地	35095
雪白	雪	白	32800
雪佛蘭	雪	佛蘭	27040
雪景	雪	景	22755
雪上加霜	雪	上加霜	20345
雪人	雪	人	18400
雪球	雪	球	17095
雪橇	雪	橇	13845
雪中送炭	雪	中送炭	12170
雪水	雪	水	9905
雪天	雪	天	9200
雪片	雪	片	6935
雪亮	雪	亮	6220
雪恥	雪	恥	3180
雪堆	雪	堆	2760
雪膚	雪	膚	1730
雪恨	雪	恨	1515
雪車	雪	車	1005
雪祭	雪	祭	575
雪冤	雪	冤	199
雪蘭莪	雪	蘭莪	117
雪泥鴻爪	雪	泥鴻爪	1
靜予	靜	予	2
靜文	靜	文	2
靜如	靜	如	2
靜脈	靜	脈	92960
靜電	靜	電	85735
靜態	靜	態	173280
靜悄悄	靜	悄悄	25525
靜音	靜	音	45715
靜止	靜	止	54925
靜坐	靜	坐	36545
靜謐	靜	謐	31780
靜心	靜	心	25170
靜默	靜	默	20555
靜物	靜	物	19495
靜寂	靜	寂	12215
靜下來	靜	下來	11665
靜觀	靜	觀	11075
靜候	靜	候	10660
靜養	靜	養	7775
靜力	靜	力	6025
靜觀其變	靜	觀其變	5200
靜修	靜	修	4035
靜穆	靜	穆	3580
靜物畫	靜	物畫	960
靜美	靜	美	493
靜極思動	靜	極思動	335
靜的	靜	的	1
靜宜	靜	宜	1
非常	非	常	501421
非法	非	法	2060497
非洲	非	洲	233435
非凡	非	凡	118990
非金屬	非	金屬	54550
非得	非	得	46060
非但	非	但	43650
非正式	非	正式	33765
非人	非	人	33150
非議	非	議	22785
非也	非	也	15500
非禮	非	禮	15480
非同小可	非	同小可	14855
非法行為	非	法行為	14107
非常時期	非	常時期	7685
非洲人	非	洲人	5770
非難	非	難	5325
非分之想	非	分之想	4480
非分	非	分	3870
非賣品	非	賣品	3190
非我族類	非	我族類	1150
非核武區	非	核武區	1
非訟事件	非	訟事件	1
非核	非	核	1
非類	非	類	1
非洲菫	非	洲菫	1
非卿莫娶	非	卿莫娶	1
非戰公約	非	戰公約	1
冒險	冒	險	201880
冒號	冒	號	27614
冒充	冒	充	83080
冒出	冒	出	81220
冒用	冒	用	28035
冒犯	冒	犯	22700
冒出來	冒	出來	16265
冒煙	冒	煙	13870
冒雨	冒	雨	12745
冒昧	冒	昧	11225
冒汗	冒	汗	9845
冒牌	冒	牌	9495
冒領	冒	領	9310
冒進	冒	進	7850
冒泡	冒	泡	7340
冒起	冒	起	7310
冒死	冒	死	7190
冒失	冒	失	6925
冒火	冒	火	6450
冒名	冒	名	4740
冒牌貨	冒	牌貨	3895
冒失鬼	冒	失鬼	1580
冒稱	冒	稱	625
冒瀆	冒	瀆	570
冒頓	冒	頓	2
冒然	冒	然	1
冒險犯難	冒	險犯難	1
功課	功	課	68350
功能	功	能	502462
功效	功	效	386300
功夫	功	夫	343745
功率	功	率	268490
功勛	功	勛	162110
功勳	功	勳	162110
功力	功	力	123395
功德	功	德	104580
功勞	功	勞	55135
功用	功	用	45870
功績	功	績	44270
功利	功	利	38530
功臣	功	臣	34935
功名	功	名	27965
功能鍵	功	能鍵	24025
功不可沒	功	不可沒	22100
功成名就	功	成名就	10815
功業	功	業	9999
功過	功	過	9625
功虧一簣	功	虧一簣	9105
功利主義	功	利主義	8630
功德無量	功	德無量	7095
功成身退	功	成身退	3605
功敗垂成	功	敗垂成	2985
功過參半	功	過參半	1
功業彪炳	功	業彪炳	1
因為	因	為	503010
因此	因	此	502317
因素	因	素	500724
因而	因	而	500308
因子	因	子	126840
因地制宜	因	地制宜	86655
因緣	因	緣	63335
因果	因	果	59500
因人而異	因	人而異	36835
因材施教	因	材施教	25560
因之	因	之	22220
因應	因	應	19305
因勢利導	因	勢利導	15025
因數	因	數	14265
因果報應	因	果報應	6060
因循	因	循	5655
因噎廢食	因	噎廢食	4835
因小失大	因	小失大	4810
因由	因	由	4645
因禍得福	因	禍得福	4420
因襲	因	襲	3355
因緣際會	因	緣際會	3235
因時制宜	因	時制宜	2960
因陋就簡	因	陋就簡	2325
因循苟且	因	循苟且	555
因人成事	因	人成事	340
因緣巧合	因	緣巧合	1
寫寫	寫	寫	888
寫給	寫	給	52560
寫作	寫	作	482910
寫字	寫	字	84815
寫信	寫	信	83405
寫字樓	寫	字樓	482220
寫出	寫	出	216125
寫真	寫	真	187525
寫入	寫	入	134250
寫下	寫	下	100295
寫成	寫	成	93775
寫到	寫	到	84340
寫法	寫	法	49035
寫完	寫	完	43475
寫生	寫	生	39695
寫出來	寫	出來	34530
寫意	寫	意	33780
寫實	寫	實	31615
寫照	寫	照	30520
寫稿	寫	稿	13355
寫本	寫	本	9999
寫來	寫	來	7485
寫回	寫	回	3635
寫意畫	寫	意畫	2210
寫作班	寫	作班	1030
寫實派	寫	實派	1
寫實片	寫	實片	1
寬容	寬	容	154030
寬度	寬	度	286140
寬敞	寬	敞	54650
寬鬆	寬	鬆	97930
寬闊	寬	闊	81265
寬大	寬	大	68150
寬廣	寬	廣	66045
寬裕	寬	裕	36435
寬厚	寬	厚	28980
寬恕	寬	恕	25525
寬幅	寬	幅	16380
寬慰	寬	慰	12475
寬窄	寬	窄	9205
寬限	寬	限	6670
寬心	寬	心	5330
寬宏大量	寬	宏大量	5120
寬衣解帶	寬	衣解帶	4800
寬宏	寬	宏	3215
寬邊	寬	邊	3175
寬暢	寬	暢	2370
寬待	寬	待	1205
寬宥	寬	宥	1030
寬舒	寬	舒	930
寬大為懷	寬	大為懷	680
寬邊帽	寬	邊帽	520
寬赦	寬	赦	350
寬螢幕電視	寬	螢幕電視	1
尋找	尋	找	500448
尋求	尋	求	398180
尋常	尋	常	55190
尋覓	尋	覓	86430
尋訪	尋	訪	23300
尋夢	尋	夢	21705
尋思	尋	思	19315
尋人	尋	人	15970
尋死	尋	死	5400
尋仇	尋	仇	5300
尋親	尋	親	4625
尋歡作樂	尋	歡作樂	4585
尋芳	尋	芳	4570
尋出	尋	出	3100
尋獲	尋	獲	2905
尋花問柳	尋	花問柳	2535
尋釁	尋	釁	2450
尋味	尋	味	2075
尋短見	尋	短見	1780
尋春	尋	春	1610
尋樂	尋	樂	1510
尋根究底	尋	根究底	1235
尋章摘句	尋	章摘句	685
尋問	尋	問	380
尋幽	尋	幽	316
尋芳問柳	尋	芳問柳	1
尋幽訪勝	尋	幽訪勝	1
折扣	折	扣	489390
折磨	折	磨	136430
折舊	折	舊	93480
折疊	折	疊	86695
折騰	折	騰	71415
折合	折	合	45050
折價	折	價	42630
折斷	折	斷	39970
折射	折	射	38890
折服	折	服	26635
折射率	折	射率	10935
折中	折	中	10085
折回	折	回	9905
折返	折	返	9795
折腰	折	腰	8225
折抵	折	抵	7640
折讓	折	讓	6925
折彎	折	彎	6505
折損	折	損	4710
折算	折	算	4324
折枝	折	枝	3980
折翼	折	翼	3045
折壽	折	壽	1905
折衝	折	衝	1755
折半	折	半	1701
折成	折	成	1
折衷	折	衷	1
拖地	拖	地	9490
拖鞋	拖	鞋	56745
拖延	拖	延	77355
拖欠	拖	欠	115390
拖拉機	拖	拉機	80145
拖車	拖	車	45621
拖累	拖	累	26375
拖拉	拖	拉	21270
拖曳	拖	曳	16395
拖沓	拖	沓	9405
拖泥帶水	拖	泥帶水	9090
拖住	拖	住	9020
拖垮	拖	垮	6535
拖拖拉拉	拖	拖拉拉	6200
拖帶	拖	帶	5925
拖走	拖	走	5415
拖長	拖	長	4785
拖船	拖	船	2905
拖網	拖	網	2745
拖下水	拖	下水	1350
拖時間	拖	時間	1275
拖油瓶	拖	油瓶	970
拖來	拖	來	960
拖吊	拖	吊	340
拖吊車	拖	吊車	190
拖班	拖	班	1
拖曳傘	拖	曳傘	1
插幹	插	幹	888
插得	插	得	888
插進	插	進	888
插入	插	入	499080
插座	插	座	89365
插頭	插	頭	53180
插隊	插	隊	13135
插手	插	手	98560
插圖	插	圖	63415
插上	插	上	50440
插畫	插	畫	47800
插花	插	花	33400
插曲	插	曲	28905
插口	插	口	21270
插嘴	插	嘴	16530
插話	插	話	13880
插播	插	播	12825
插秧	插	秧	12260
插班	插	班	6080
插足	插	足	4020
插科打諢	插	科打諢	3200
插翅	插	翅	1730
插一腳	插	一腳	1170
插翅難飛	插	翅難飛	895
插枝	插	枝	585
插接	插	接	1
插腰	插	腰	1
智慧	智	慧	500253
智力	智	力	267470
智商	智	商	80665
智齒	智	齒	38250
智利	智	利	46800
智能	智	能	50027
智者	智	者	56180
智取	智	取	45400
智障	智	障	12590
智囊	智	囊	11775
智慧型	智	慧型	10480
智謀	智	謀	8710
智囊團	智	囊團	8315
智多星	智	多星	5845
智力測驗	智	力測驗	4960
智勇雙全	智	勇雙全	4370
智光	智	光	2995
智巧	智	巧	1060
智能不足	智	能不足	285
智仁勇	智	仁勇	280
智育	智	育	10
智識	智	識	1
智性	智	性	1
智慧板	智	慧板	1
智者不惑	智	者不惑	1
智慧型大樓	智	慧型大樓	1
智者千慮，必有一失	智	者千慮，必有一失	1
歡迎	歡	迎	500850
歡樂	歡	樂	232810
歡喜	歡	喜	119215
歡呼	歡	呼	64230
歡笑	歡	笑	55275
歡快	歡	快	31540
歡心	歡	心	24540
歡愉	歡	愉	20220
歡聚一堂	歡	聚一堂	15420
歡欣	歡	欣	13745
歡聚	歡	聚	13020
歡天喜地	歡	天喜地	12830
歡騰	歡	騰	12325
歡送	歡	送	11585
歡欣鼓舞	歡	欣鼓舞	11210
歡度	歡	度	9540
歡娛	歡	娛	8085
歡顏	歡	顏	7745
歡唱	歡	唱	7600
歡悅	歡	悅	6010
歡喜冤家	歡	喜冤家	4670
歡笑聲	歡	笑聲	4000
歡樂氣氛	歡	樂氣氛	3480
歡迎詞	歡	迎詞	3190
歡宴	歡	宴	2700
歡聲雷動	歡	聲雷動	2480
歡鬧	歡	鬧	1200
沖洗	沖	洗	112820
沖乾淨	沖	乾淨	1
沖擊	沖	擊	353965
沖泡	沖	泡	35265
沖出	沖	出	63185
沖沖	沖	沖	44198
沖天	沖	天	30365
沖刷	沖	刷	27905
沖淡	沖	淡	22435
沖印	沖	印	17460
沖走	沖	走	12005
沖銷	沖	銷	7105
沖掉	沖	掉	5925
沖積	沖	積	4140
沖積平原	沖	積平原	3255
沖激	沖	激	2460
沖蝕	沖	蝕	2010
沖倒	沖	倒	1375
沖喜	沖	喜	1290
沖犯	沖	犯	1135
沖壞	沖	壞	895
沖積扇	沖	積扇	845
沖壓	沖	壓	342
沖積物	沖	積物	315
沖積層	沖	積層	310
沖繩	沖	繩	2
沖茶	沖	茶	1
田園	田	園	62955
田野	田	野	47685
田徑	田	徑	46565
田地	田	地	31735
田田	田	田	17595
田螺	田	螺	12760
田埂	田	埂	8435
田雞	田	雞	8300
田徑場	田	徑場	5830
田黃	田	黃	4950
田產	田	產	4560
田徑隊	田	徑隊	3725
田賦	田	賦	3520
田納西	田	納西	3005
田園詩	田	園詩	2895
田租	田	租	2770
田徑賽	田	徑賽	1685
田舍	田	舍	1500
田賽	田	賽	1020
田契	田	契	240
田單	田	單	5
田家	田	家	2
田寮	田	寮	1
田畦	田	畦	1
田尾	田	尾	1
田莊	田	莊	1
田作	田	作	1
研究	研	究	502125
研發	研	發	500294
研究所	研	究所	500289
研究生	研	究生	500253
研製	研	製	390245
研究院	研	究院	253190
研討會	研	討會	204240
研討	研	討	191615
研究員	研	究員	172040
研究會	研	究會	132400
研究者	研	究者	94445
研究室	研	究室	85550
研磨	研	磨	42130
研修	研	修	37740
研讀	研	讀	26925
研習	研	習	17490
研究出	研	究出	15720
研判	研	判	12115
研究費	研	究費	1130
研習會	研	習會	1120
研擬	研	擬	1111
研析	研	析	970
研考會	研	考會	235
研訂	研	訂	1
研末	研	末	1
研商	研	商	1
研議	研	議	1
粉紅	粉	紅	66775
粉絲	粉	絲	114010
粉碎	粉	碎	93675
粉末	粉	末	98300
粉色	粉	色	68800
粉筆	粉	筆	21120
粉紅色	粉	紅色	67840
粉底	粉	底	43140
粉刺	粉	刺	37835
粉刷	粉	刷	24980
粉狀	粉	狀	19810
粉條	粉	條	18601
粉餅	粉	餅	15010
粉飾	粉	飾	13395
粉身碎骨	粉	身碎骨	11275
粉彩	粉	彩	8325
粉墨登場	粉	墨登場	8240
粉面	粉	面	6780
粉牆	粉	牆	6690
粉撲	粉	撲	5065
粉末狀	粉	末狀	4890
粉藍	粉	藍	4005
粉白	粉	白	3255
粉蝶	粉	蝶	2940
粉墨	粉	墨	2510
粉飾太平	粉	飾太平	1765
粉砂	粉	砂	1465
統計	統	計	500619
統治	統	治	27781
統戰	統	戰	23930
統籌	統	籌	230405
統領	統	領	96215
統稱	統	稱	71980
統治者	統	治者	60230
統計學	統	計學	53030
統計表	統	計表	45560
統帥	統	帥	33980
統統	統	統	29500
統合	統	合	13845
統率	統	率	12090
統一發票	統	一發票	7505
統計圖	統	計圖	5605
統一	統	一	5006
統共	統	共	5005
統轄	統	轄	4960
統治權	統	治權	4235
統御	統	御	4230
統攝	統	攝	4190
統購	統	購	1815
統收統支	統	收統支	1140
統制	統	制	638
統獨	統	獨	405
統理	統	理	1
統馭	統	馭	1
被幹	被	幹	888
被你	被	你	888
被我	被	我	888
被老公	被	老公	1
被告	被	告	357650
被騙	被	騙	39030
被動	被	動	235510
被保險人	被	保險人	194820
被迫	被	迫	163890
被子	被	子	87420
被害人	被	害人	51225
被褥	被	褥	22230
被套	被	套	19645
被俘	被	俘	18500
被窩	被	窩	15350
被單	被	單	14250
被拒	被	拒	6300
被服	被	服	5370
被選舉權	被	選舉權	5345
被告席	被	告席	4395
被囚	被	囚	3030
被逮	被	逮	2820
被乘數	被	乘數	1045
被服廠	被	服廠	945
被虐待狂	被	虐待狂	215
被上	被	上	1
被選人	被	選人	1
論文	論	文	500367
論證	論	證	252590
論理	論	理	7565
論語	論	語	65500
論述	論	述	175065
論點	論	點	66590
論壇	論	壇	503524
論著	論	著	37705
論斷	論	斷	36090
論據	論	據	34650
論及	論	及	32390
論者	論	者	27420
論調	論	調	16790
論戰	論	戰	15940
論爭	論	爭	10920
論說	論	說	9395
論辯	論	辯	8320
論功行賞	論	功行賞	2845
論定	論	定	2060
論罪	論	罪	1670
論說文	論	說文	1245
論價	論	價	43
論稱	論	稱	1
論交	論	交	1
論孟	論	孟	1
論政	論	政	1
論及婚嫁	論	及婚嫁	1
貨物	貨	物	500392
貨機	貨	機	1
貨品	貨	品	99325
貨幣	貨	幣	378105
貨櫃	貨	櫃	16985
貨款	貨	款	146265
貨運	貨	運	143040
貨源	貨	源	99835
貨車	貨	車	85250
貨主	貨	主	40530
貨真價實	貨	真價實	20945
貨幣市場	貨	幣市場	17235
貨價	貨	價	13270
貨色	貨	色	11990
貨船	貨	船	11070
貨輪	貨	輪	10255
貨艙	貨	艙	6240
貨倉	貨	倉	6075
貨單	貨	單	4885
貨郎	貨	郎	3505
貨樣	貨	樣	3155
貨棧	貨	棧	2595
貨暢其流	貨	暢其流	1100
貨物稅	貨	物稅	765
貨櫃車	貨	櫃車	1
貨櫃船	貨	櫃船	1
貨幣供給額	貨	幣供給額	1
適合	適	合	500554
適應	適	應	500392
適當	適	當	430290
適用	適	用	40373
適宜	適	宜	244600
適量	適	量	202125
適時	適	時	177885
適度	適	度	167880
適應性	適	應性	72540
適中	適	中	71180
適於	適	於	62130
適用性	適	用性	29795
適得其反	適	得其反	27325
適才	適	才	19165
適可而止	適	可而止	13115
適口	適	口	9270
適者生存	適	者生存	8895
適應力	適	應力	6290
適意	適	意	3880
適切	適	切	2435
適婚年齡	適	婚年齡	1385
適任	適	任	1
適性	適	性	1
適有	適	有	1
適之	適	之	1
適材適用	適	材適用	1
適得其所	適	得其所	1
避免	避	免	500470
避孕	避	孕	82985
避開	避	開	143375
避孕藥	避	孕藥	39115
避稅	避	稅	28910
避難	避	難	20855
避諱	避	諱	13690
避雨	避	雨	11875
避暑	避	暑	9950
避風港	避	風港	9385
避雷針	避	雷針	7910
避暑勝地	避	暑勝地	6810
避難所	避	難所	6505
避重就輕	避	重就輕	6195
避風	避	風	5555
避嫌	避	嫌	4875
避世	避	世	4185
避而不談	避	而不談	3965
避禍	避	禍	3780
避寒	避	寒	3555
避害	避	害	1165
避風頭	避	風頭	950
避人耳目	避	人耳目	905
避不見面	避	不見面	430
避債	避	債	365
避邪	避	邪	2
避惡	避	惡	1
郵局	郵	局	206720
郵件	郵	件	500417
郵票	郵	票	132280
郵購	郵	購	88575
郵戳	郵	戳	21990
郵輪	郵	輪	14050
郵差	郵	差	8825
郵報	郵	報	5165
郵箱	郵	箱	500341
郵寄	郵	寄	256075
郵政	郵	政	234395
郵費	郵	費	69405
郵電	郵	電	59780
郵政局	郵	政局	51285
郵遞	郵	遞	20575
郵資	郵	資	9061
郵包	郵	包	8745
郵筒	郵	筒	2805
郵船	郵	船	2055
郵袋	郵	袋	1635
郵匯	郵	匯	1505
郵電費	郵	電費	1110
郵務	郵	務	895
郵遞區號	郵	遞區號	520
郵簡	郵	簡	1
郵匯局	郵	匯局	1
郵政儲金轉存制度	郵	政儲金轉存制度	1
鋼琴	鋼	琴	192435
鋼鐵	鋼	鐵	227465
鋼管	鋼	管	113890
鋼板	鋼	板	70645
鋼筆	鋼	筆	54910
鋼絲	鋼	絲	39860
鋼琴家	鋼	琴家	13360
鋼瓶	鋼	瓶	12245
鋼鐵廠	鋼	鐵廠	11190
鋼盔	鋼	盔	10245
鋼刀	鋼	刀	9885
鋼筋水泥	鋼	筋水泥	9535
鋼軌	鋼	軌	9410
鋼筋	鋼	筋	8104
鋼琴演奏	鋼	琴演奏	5930
鋼片	鋼	片	5660
鋼索	鋼	索	5210
鋼琴伴奏	鋼	琴伴奏	3445
鋼線	鋼	線	2595
鋼條	鋼	條	2480
鋼纜	鋼	纜	2400
鋼材	鋼	材	1428
鋼骨	鋼	骨	1395
鋼皮	鋼	皮	570
鋼料	鋼	料	1
鋼胚	鋼	胚	1
鋼硬	鋼	硬	1
乳頭	乳	頭	68465
乳液	乳	液	74345
乳房	乳	房	210630
乳酸菌	乳	酸菌	14665
乳酪	乳	酪	12750
乳癌	乳	癌	12800
乳腺	乳	腺	53095
乳品	乳	品	43895
乳製品	乳	製品	41075
乳酸	乳	酸	27895
乳白色	乳	白色	27265
乳膠	乳	膠	22485
乳豬	乳	豬	18458
乳糖	乳	糖	14835
乳白	乳	白	10245
乳名	乳	名	9999
乳香	乳	香	9125
乳汁	乳	汁	8190
乳化	乳	化	7777
乳母	乳	母	6410
乳頭狀	乳	頭狀	6080
乳牛	乳	牛	5070
乳類	乳	類	4360
乳狀	乳	狀	2485
乳齒	乳	齒	765
乳臭未乾	乳	臭未乾	720
供應	供	應	500645
供給	供	給	238495
供水	供	水	184325
供求	供	求	139020
供養	供	養	122445
供需	供	需	92240
供不應求	供	不應求	61335
供奉	供	奉	51275
供銷	供	銷	27555
供述	供	述	19950
供過於求	供	過於求	14640
供品	供	品	8550
供出	供	出	7400
供認	供	認	5675
供佛	供	佛	4400
供詞	供	詞	3845
供桌	供	桌	3815
供稱	供	稱	1105
供神	供	神	800
供膳宿	供	膳宿	35
供承	供	承	1
供售	供	售	1
供用	供	用	1
供製	供	製	1
供住	供	住	1
供需失調	供	需失調	1
傾向	傾	向	249710
傾斜	傾	斜	143000
傾聽	傾	聽	136700
傾訴	傾	訴	76960
傾倒	傾	倒	51095
傾力	傾	力	37070
傾注	傾	注	34445
傾心	傾	心	32305
傾銷	傾	銷	28930
傾瀉	傾	瀉	16990
傾慕	傾	慕	13670
傾吐	傾	吐	10740
傾覆	傾	覆	8475
傾國傾城	傾	國傾城	6865
傾盆大雨	傾	盆大雨	5765
傾斜度	傾	斜度	5215
傾軋	傾	軋	3780
傾盆	傾	盆	3185
傾巢而出	傾	巢而出	2425
傾囊相授	傾	囊相授	1545
傾頹	傾	頹	1310
傾城傾國	傾	城傾國	1120
傾家	傾	家	950
傾圮	傾	圮	1
傾銷稅	傾	銷稅	1
傾箱倒篋	傾	箱倒篋	1
最後	最	後	502266
最早	最	早	348850
最近	最	近	500665
最好	最	好	500810
最終	最	終	500627
最佳	最	佳	500470
最為	最	為	500265
最初	最	初	352770
最基本	最	基本	177100
最少	最	少	167970
最先	最	先	95330
最低價	最	低價	79415
最優	最	優	78935
最高峰	最	高峰	48780
最高法院	最	高法院	41740
最高點	最	高點	32115
最前面	最	前面	19630
最拿手	最	拿手	7150
最惠國待遇	最	惠國待遇	6245
最高潮	最	高潮	5125
最後通牒	最	後通牒	4560
最惠國	最	惠國	3500
最後的晚餐	最	後的晚餐	3410
最底部	最	底部	2070
最低限	最	低限	1660
最下策	最	下策	1
呼吸	呼	吸	378165
呼籲	呼	籲	143785
呼喚	呼	喚	118010
呼叫	呼	叫	105990
呼聲	呼	聲	77915
呼應	呼	應	58430
呼呼	呼	呼	44640
呼嘯	呼	嘯	34570
呼喊	呼	喊	30580
呼氣	呼	氣	29290
呼出	呼	出	28655
呼號	呼	號	21170
呼之欲出	呼	之欲出	15925
呼救	呼	救	15210
呼嚕	呼	嚕	11475
呼風喚雨	呼	風喚雨	11235
呼吸器	呼	吸器	9360
呼呼大睡	呼	呼大睡	6070
呼叫器	呼	叫器	3175
呼吸器官	呼	吸器官	2855
呼天搶地	呼	天搶地	1895
呼朋引伴	呼	朋引伴	1720
呼口號	呼	口號	475
呼拉圈	呼	拉圈	1
呼聲甚高	呼	聲甚高	1
呼兄喚弟	呼	兄喚弟	1
宣傳	宣	傳	500898
宣佈	宣	佈	500307
宣告	宣	告	97840
宣誓	宣	誓	35635
宣讀	宣	讀	64625
宣布	宣	布	500307
宣言	宣	言	110075
宣稱	宣	稱	99175
宣揚	宣	揚	96015
宣洩	宣	洩	43290
宣講	宣	講	42335
宣判	宣	判	29140
宣傳品	宣	傳品	25555
宣傳單	宣	傳單	23995
宣戰	宣	戰	21425
宣紙	宣	紙	20645
宣傳週	宣	傳週	15370
宣示	宣	示	11680
宣統	宣	統	8545
宣宗	宣	宗	4540
宣慰	宣	慰	980
宣勞	宣	勞	130
宣導	宣	導	34
宣科	宣	科	1
宣誓書	宣	誓書	1
宣戰案	宣	戰案	1
將軍	將	軍	389720
將來	將	來	451070
將近	將	近	149430
將要	將	要	129200
將領	將	領	61050
將就	將	就	28720
將帥	將	帥	12790
將門	將	門	10940
將信將疑	將	信將疑	10110
將官	將	官	7770
將心比心	將	心比心	7210
將兵	將	兵	7045
將計就計	將	計就計	6130
將校	將	校	4385
將士	將	士	4182
將才	將	才	4130
將錯就錯	將	錯就錯	3885
將相	將	相	2788
將略	將	略	2265
將功贖罪	將	功贖罪	975
將令	將	令	879
將功折罪	將	功折罪	515
將門虎子	將	門虎子	270
將本求利	將	本求利	26
將軍溪	將	軍溪	1
將士用命	將	士用命	1
展覽	展	覽	500266
展開	展	開	500341
展示	展	示	500473
展現	展	現	297955
展望	展	望	99140
展覽會	展	覽會	247615
展出	展	出	207010
展覽館	展	覽館	52630
展現出	展	現出	40620
展露	展	露	20980
展翅	展	翅	19480
展示出	展	示出	18240
展示會	展	示會	16810
展期	展	期	9233
展翅高飛	展	翅高飛	4935
展覽品	展	覽品	2875
展佈	展	佈	1715
展緩	展	緩	1111
展讀	展	讀	770
展性	展	性	1
展售	展	售	1
展顯	展	顯	1
展延	展	延	1
展顏	展	顏	1
展轉	展	轉	1
展開式	展	開式	1
差不多	差	不多	306215
差一點	差	一點	25580
差異	差	異	500278
差別	差	別	319835
差距	差	距	474780
差點	差	點	163260
差額	差	額	123760
差價	差	價	78260
差錯	差	錯	67970
差旅費	差	旅費	19100
差勁	差	勁	18025
差等	差	等	13315
差強人意	差	強人意	12810
差事	差	事	11955
差點兒	差	點兒	11030
差人	差	人	10710
差誤	差	誤	9999
差遣	差	遣	6725
差使	差	使	6630
差役	差	役	5885
差池	差	池	3120
差可	差	可	1280
差之千里	差	之千里	1225
差下	差	下	1
差不遠	差	不遠	1
差別待遇	差	別待遇	1
徵求	徵	求	205090
徵收	徵	收	405635
徵召	徵	召	7185
徵信	徵	信	29865
徵集	徵	集	189020
徵得	徵	得	113160
徵稅	徵	稅	99670
徵文	徵	文	67245
徵用	徵	用	60390
徵婚	徵	婚	57240
徵兆	徵	兆	35955
徵稿	徵	稿	35365
徵詢	徵	詢	32865
徵兵	徵	兵	25465
徵候	徵	候	3360
徵選	徵	選	3333
徵募	徵	募	1700
徵聘	徵	聘	1160
徵答	徵	答	78
徵才	徵	才	1
徵到	徵	到	1
徵調	徵	調	1
徵狀	徵	狀	1
徵集令	徵	集令	1
徵信社	徵	信社	1
徵信所	徵	信所	1
敗壞	敗	壞	26460
敗訴	敗	訴	25845
敗類	敗	類	16895
敗筆	敗	筆	11995
敗露	敗	露	10000
敗軍	敗	軍	9999
敗家子	敗	家子	9560
敗下陣來	敗	下陣來	9425
敗仗	敗	仗	9125
敗北	敗	北	9010
敗退	敗	退	6105
敗落	敗	落	5075
敗績	敗	績	4945
敗局	敗	局	4845
敗亡	敗	亡	3930
敗絮其中	敗	絮其中	2475
敗陣	敗	陣	2325
敗事有餘	敗	事有餘	1425
敗興	敗	興	1255
敗者為寇	敗	者為寇	1125
敗興而歸	敗	興而歸	940
敗絮	敗	絮	825
敗將	敗	將	179
敗部	敗	部	1
敗德	敗	德	1
敗血症	敗	血症	1
施工	施	工	500423
施行	施	行	389950
施加	施	加	91070
施肥	施	肥	89510
施展	施	展	85330
施放	施	放	31580
施捨	施	捨	22540
施以	施	以	21650
施法	施	法	20665
施教	施	教	20470
施壓	施	壓	15965
施救	施	救	15485
施政	施	政	14055
施藥	施	藥	13100
施主	施	主	10257
施與	施	與	7355
施暴	施	暴	6545
施虐	施	虐	5100
施用	施	用	4445
施力	施	力	4335
施惠	施	惠	2215
施為	施	為	1445
施恩	施	恩	765
施給	施	給	1
施醫	施	醫	1
施予	施	予	1
極限	極	限	209875
極光	極	光	21075
極權	極	權	4895
極致	極	致	64770
極端	極	端	190015
極品	極	品	127475
極其	極	其	690140
極為	極	為	378980
極度	極	度	122010
極少	極	少	89900
極力	極	力	86620
極佳	極	佳	75525
極點	極	點	63019
極富	極	富	56640
極好	極	好	33970
極地	極	地	27115
極盡	極	盡	25080
極樂世界	極	樂世界	17180
極微	極	微	7035
極左	極	左	5235
極刑	極	刑	4645
極樂	極	樂	2377
極了	極	了	1990
極早	極	早	1720
極目	極	目	768
極權國家	極	權國家	285
樹木	樹	木	153865
樹葉	樹	葉	88520
樹枝	樹	枝	63145
樹幹	樹	幹	34780
樹皮	樹	皮	25675
樹根	樹	根	19930
樹林	樹	林	88020
樹脂	樹	脂	65675
樹立	樹	立	500301
樹人	樹	人	17195
樹叢	樹	叢	15715
樹苗	樹	苗	14495
樹影	樹	影	12025
樹梢	樹	梢	9999
樹樁	樹	樁	8155
樹蔭	樹	蔭	8000
樹洞	樹	洞	5745
樹膠	樹	膠	4475
樹敵	樹	敵	4295
樹大招風	樹	大招風	3430
樹汁	樹	汁	1680
樹倒猢猻散	樹	倒猢猻散	1195
樹薯	樹	薯	85
樹德	樹	德	1
樹神	樹	神	1
樹心	樹	心	1
母親	母	親	500535
母音	母	音	888
母語	母	語	37755
母狗	母	狗	56087
母校	母	校	56485
母子	母	子	49370
母體	母	體	37140
母愛	母	愛	35350
母雞	母	雞	28885
母女	母	女	28005
母親節	母	親節	21390
母性	母	性	14000
母羊	母	羊	12155
母系	母	系	4995
母老虎	母	老虎	4290
母國	母	國	3630
母夜叉	母	夜叉	1910
母鴨	母	鴨	1650
母機	母	機	1575
母法	母	法	1371
母儀天下	母	儀天下	1370
母后	母	后	1364
母舅	母	舅	1135
母教	母	教	755
母錢	母	錢	1
母姊會	母	姊會	1
治療	治	療	500818
治理	治	理	495460
治安	治	安	156845
治癒	治	癒	110720
治病	治	病	82325
治國	治	國	57615
治好	治	好	34235
治本	治	本	30495
治學	治	學	21190
治軍	治	軍	11375
治亂	治	亂	11035
治標	治	標	9590
治平	治	平	9125
治水	治	水	8332
治罪	治	罪	5935
治世	治	世	5130
治療法	治	療法	4770
治權	治	權	2930
治喪	治	喪	2025
治兵	治	兵	1685
治裝	治	裝	350
治家	治	家	77
治絲益棼	治	絲益棼	36
治績	治	績	1
治事	治	事	1
治安機關	治	安機關	1
潛水	潛	水	119415
潛意識	潛	意識	49005
潛伏	潛	伏	47550
潛伏期	潛	伏期	19845
潛艇	潛	艇	77595
潛在	潛	在	334395
潛力	潛	力	277725
潛能	潛	能	144000
潛移默化	潛	移默化	44750
潛入	潛	入	42715
潛心	潛	心	30840
潛藏	潛	藏	16595
潛逃	潛	逃	14770
潛行	潛	行	12170
潛水艇	潛	水艇	10575
潛望鏡	潛	望鏡	3905
潛修	潛	修	2350
潛水衣	潛	水衣	1335
潛水鏡	潛	水鏡	1285
潛出	潛	出	1065
潛水人	潛	水人	475
潛匿	潛	匿	320
潛近	潛	近	1
潛伏性	潛	伏性	1
潛在危機	潛	在危機	1
潛盾工程法	潛	盾工程法	1
燒烤	燒	烤	101200
燒肉	燒	肉	1
燒餅	燒	餅	24130
燒傷	燒	傷	51730
燒掉	燒	掉	20520
燒焦	燒	焦	12295
燒酒雞	燒	酒雞	1
燒成	燒	成	21790
燒香	燒	香	19420
燒死	燒	死	15480
燒壞	燒	壞	14820
燒杯	燒	杯	12140
燒水	燒	水	10260
燒毀	燒	毀	9999
燒火	燒	火	9999
燒飯	燒	飯	9425
燒酒	燒	酒	9210
燒菜	燒	菜	8175
燒灼	燒	灼	7745
燒瓶	燒	瓶	6665
燒賣	燒	賣	4785
燒盡	燒	盡	3300
燒化	燒	化	1765
燒灰	燒	灰	50
燒起來	燒	起來	1
燒王船	燒	王船	1
玩具	玩	具	403635
玩笑	玩	笑	104575
玩家	玩	家	500500
玩法	玩	法	66890
玩耍	玩	耍	65310
玩弄	玩	弄	37205
玩意	玩	意	30755
玩意兒	玩	意兒	29840
玩偶	玩	偶	20635
玩味	玩	味	15645
玩伴	玩	伴	14510
玩命	玩	命	12875
玩世不恭	玩	世不恭	12740
玩物	玩	物	11620
玩火	玩	火	6035
玩具店	玩	具店	4500
玩物喪志	玩	物喪志	3355
玩具槍	玩	具槍	3055
玩票	玩	票	2425
玩樂	玩	樂	2252
玩火自焚	玩	火自焚	1035
玩賞	玩	賞	568
玩厭	玩	厭	460
玩世	玩	世	1
玩藝	玩	藝	1
玩具狗	玩	具狗	1
球隊	球	隊	322510
球員	球	員	321045
球迷	球	迷	214810
球場	球	場	154920
球鞋	球	鞋	19620
球形	球	形	28335
球拍	球	拍	27915
球門	球	門	23300
球賽	球	賽	22415
球體	球	體	21850
球童	球	童	19100
球桿	球	桿	17340
球面	球	面	16520
球技	球	技	15625
球類	球	類	13510
球狀	球	狀	10410
球菌	球	菌	7320
球莖	球	莖	4740
球路	球	路	3765
球類運動	球	類運動	3590
球棒	球	棒	2905
球根	球	根	2535
球速	球	速	2455
球藝	球	藝	2115
球運	球	運	1485
球季	球	季	1230
盤子	盤	子	47620
盤點	盤	點	59355
盤谷	盤	谷	1
盤面	盤	面	31085
盤整	盤	整	25295
盤古	盤	古	21905
盤算	盤	算	20210
盤問	盤	問	17390
盤踞	盤	踞	11490
盤腿	盤	腿	10115
盤桓	盤	桓	9999
盤結	盤	結	9999
盤旋	盤	旋	9999
盤查	盤	查	8385
盤膝	盤	膝	6390
盤纏	盤	纏	5760
盤繞	盤	繞	5190
盤根錯節	盤	根錯節	4670
盤庫	盤	庫	1575
盤香	盤	香	695
盤詰	盤	詰	655
盤尼西林	盤	尼西林	595
盤費	盤	費	99
盤據	盤	據	1
盤石	盤	石	1
盤腿而坐	盤	腿而坐	1
移動	移	動	500507
移植	移	植	126085
移民	移	民	299275
移交	移	交	106555
移到	移	到	76265
移送	移	送	63900
移位	移	位	31205
移居	移	居	25125
移開	移	開	25020
移民局	移	民局	21085
移入	移	入	12725
移動性	移	動性	12355
移向	移	向	11940
移出	移	出	11426
移情	移	情	7945
移去	移	去	7080
移風易俗	移	風易俗	7035
移情別戀	移	情別戀	6632
移花接木	移	花接木	5335
移來	移	來	3470
移山	移	山	3345
移靈	移	靈	255
移轉	移	轉	1
移作	移	作	1
移民媽媽	移	民媽媽	1
移樽就教	移	樽就教	1
紀念	紀	念	297565
紀錄	紀	錄	191245
紀律	紀	律	223235
紀念館	紀	念館	89965
紀念品	紀	念品	58370
紀錄片	紀	錄片	52170
紀實	紀	實	46305
紀念碑	紀	念碑	45825
紀念日	紀	念日	33205
紀念幣	紀	念幣	31490
紀要	紀	要	21150
紀年	紀	年	15245
紀事	紀	事	13000
紀元	紀	元	11900
紀念章	紀	念章	9510
紀念堂	紀	念堂	8500
紀念冊	紀	念冊	6630
紀念性	紀	念性	4910
紀念大會	紀	念大會	3435
紀念物	紀	念物	2665
紀綱	紀	綱	2160
紀念會	紀	念會	2040
紀錄下來	紀	錄下來	1
紀行	紀	行	1
紀聞	紀	聞	1
紀政	紀	政	1
羊肉	羊	肉	242351
羊毛	羊	毛	69970
羊羹	羊	羹	845
羊乳	羊	乳	1
羊皮	羊	皮	25345
羊群	羊	群	24100
羊毛衫	羊	毛衫	15955
羊水	羊	水	14950
羊角	羊	角	10665
羊頭	羊	頭	7055
羊年	羊	年	5400
羊腸	羊	腸	4570
羊腸小道	羊	腸小道	4330
羊毛出在羊身上	羊	毛出在羊身上	3125
羊脂	羊	脂	2815
羊毛脂	羊	毛脂	2400
羊齒	羊	齒	2225
羊舍	羊	舍	2120
羊毫	羊	毫	1780
羊入虎口	羊	入虎口	1080
羊毛衣	羊	毛衣	590
羊腸小徑	羊	腸小徑	425
羊膜	羊	膜	112
羊膜穿刺術	羊	膜穿刺術	17
羊癲瘋	羊	癲瘋	1
羊質虎皮	羊	質虎皮	1
聚餐	聚	餐	32235
聚會	聚	會	196320
聚集	聚	集	187670
聚合	聚	合	90090
聚合物	聚	合物	62280
聚居	聚	居	31925
聚精會神	聚	精會神	25100
聚眾	聚	眾	22245
聚苯乙烯	聚	苯乙烯	16280
聚散	聚	散	13100
聚落	聚	落	12750
聚首	聚	首	12110
聚攏	聚	攏	10985
聚寶盆	聚	寶盆	9435
聚財	聚	財	9155
聚光	聚	光	8395
聚變	聚	變	6660
聚積	聚	積	5975
聚合體	聚	合體	3105
聚沙成塔	聚	沙成塔	2355
聚賭	聚	賭	2010
聚頭	聚	頭	905
聚眾滋事	聚	眾滋事	464
聚晤	聚	晤	10
聚會所	聚	會所	1
聚乙稀	聚	乙稀	1
衛生	衛	生	500526
衛生紙	衛	生紙	19765
衛生所	衛	生所	14665
衛星	衛	星	247805
衛浴	衛	浴	85495
衛冕	衛	冕	7555
衛生部	衛	生部	195505
衛生局	衛	生局	100120
衛士	衛	士	54640
衛星電視	衛	星電視	50460
衛國	衛	國	27605
衛隊	衛	隊	19370
衛兵	衛	兵	12929
衛青	衛	青	12015
衛星城	衛	星城	6185
衛生署	衛	生署	5460
衛浴設備	衛	浴設備	4250
衛道	衛	道	2555
衛生科	衛	生科	2140
衛生處	衛	生處	1215
衛護	衛	護	999
衛生衣	衛	生衣	165
衛生下水道	衛	生下水道	1
衛理	衛	理	1
衛道之士	衛	道之士	1
衛星日蝕	衛	星日蝕	1
觸摸	觸	摸	112175
觸發	觸	發	98050
觸覺	觸	覺	32420
觸及	觸	及	76965
觸媒	觸	媒	6650
觸動	觸	動	54695
觸電	觸	電	32495
觸角	觸	角	30630
觸目驚心	觸	目驚心	27450
觸犯	觸	犯	25780
觸感	觸	感	25010
觸手	觸	手	10335
觸類旁通	觸	類旁通	7305
觸怒	觸	怒	5980
觸目	觸	目	5945
觸鬚	觸	鬚	5740
觸礁	觸	礁	4930
觸網	觸	網	3290
觸殺	觸	殺	1895
觸雷	觸	雷	1145
觸擊	觸	擊	1040
觸目皆是	觸	目皆是	830
觸景傷情	觸	景傷情	122
觸法	觸	法	1
觸景	觸	景	1
觸媒轉化器	觸	媒轉化器	1
請假	請	假	84215
請客	請	客	43355
請教	請	教	171115
請問	請	問	479075
請求	請	求	500312
請來	請	來	181785
請到	請	到	162220
請示	請	示	38230
請見	請	見	27240
請安	請	安	12865
請託	請	託	9999
請願	請	願	9070
請柬	請	柬	8560
請帖	請	帖	5125
請罪	請	罪	5045
請辭	請	辭	4355
請命	請	命	3555
請洽	請	洽	2820
請便	請	便	2775
請款	請	款	2750
請纓	請	纓	2604
請不起	請	不起	1735
請願書	請	願書	1665
請君入甕	請	君入甕	1470
請不到	請	不到	1270
請益	請	益	1
讀做	讀	做	888
讀書	讀	書	490950
讀者	讀	者	500428
讀寫	讀	寫	81060
讀取	讀	取	272485
讀過	讀	過	81970
讀到	讀	到	58285
讀出	讀	出	53120
讀完	讀	完	52815
讀本	讀	本	50660
讀物	讀	物	47785
讀音	讀	音	33175
讀書人	讀	書人	19595
讀數	讀	數	14116
讀來	讀	來	13100
讀卡	讀	卡	12510
讀後感	讀	後感	9850
讀法	讀	法	8090
讀作	讀	作	6910
讀者文摘	讀	者文摘	4425
讀卡機	讀	卡機	3075
讀秒	讀	秒	2465
讀死書	讀	死書	1515
讀友	讀	友	1340
讀畢	讀	畢	935
讀者投書	讀	者投書	1
豐富	豐	富	500732
豐原	豐	原	1
豐厚	豐	厚	138100
豐滿	豐	滿	83065
豐收	豐	收	63920
豐盛	豐	盛	46720
豐碩	豐	碩	29040
豐潤	豐	潤	17685
豐盈	豐	盈	14315
豐腴	豐	腴	12720
豐功偉績	豐	功偉績	11175
豐年	豐	年	10290
豐美	豐	美	9375
豐衣足食	豐	衣足食	7935
豐沛	豐	沛	7030
豐饒	豐	饒	5835
豐裕	豐	裕	4795
豐臣秀吉	豐	臣秀吉	3060
豐功偉業	豐	功偉業	2250
豐實	豐	實	999
豐稔	豐	稔	815
豐登	豐	登	186
豐濱	豐	濱	1
豐年祭	豐	年祭	1
豐水期	豐	水期	1
豐原市	豐	原市	1
陳述	陳	述	164655
陳列	陳	列	109990
陳舊	陳	舊	65490
陳設	陳	設	30155
陳皮	陳	皮	23180
陳年	陳	年	22790
陳列館	陳	列館	14320
陳列室	陳	列室	10785
陳腐	陳	腐	6805
陳跡	陳	跡	3330
陳列品	陳	列品	2050
陳酒	陳	酒	2010
陳情	陳	情	1505
陳訴	陳	訴	1415
陳屍	陳	屍	1220
陳陳相因	陳	陳相因	860
陳貨	陳	貨	735
陳請	陳	請	325
陳誠	陳	誠	1
陳明	陳	明	1
陳事	陳	事	1
陳蘭皋	陳	蘭皋	1
陳皮梅	陳	皮梅	1
陳慶新	陳	慶新	1
陳腔濫調	陳	腔濫調	1
陳義過高	陳	義過高	1
休假	休	假	65025
休息	休	息	500252
休閒	休	閒	500290
休克	休	克	46785
休眠	休	眠	37895
休憩	休	憩	17700
休養	休	養	28190
休學	休	學	24265
休息室	休	息室	21955
休想	休	想	14700
休閒活動	休	閒活動	8945
休止	休	止	7735
休市	休	市	7440
休戰	休	戰	4680
休止符	休	止符	4525
休戚相關	休	戚相關	4055
休會	休	會	3365
休怪	休	怪	2840
休戚與共	休	戚與共	2155
休業	休	業	1870
休兵	休	兵	805
休戚	休	戚	575
休業式	休	業式	115
休診	休	診	1
休士頓	休	士頓	1
佳屏	佳	屏	2
佳屏診所	佳	屏診所	2
佳人	佳	人	52220
佳作	佳	作	50180
佳木斯	佳	木斯	37825
佳餚	佳	餚	30770
佳節	佳	節	28195
佳麗	佳	麗	25920
佳話	佳	話	16620
佳音	佳	音	13745
佳句	佳	句	9490
佳期	佳	期	8765
佳境	佳	境	8745
佳績	佳	績	7541
佳釀	佳	釀	6525
佳偶	佳	偶	3040
佳偶天成	佳	偶天成	856
佳城	佳	城	745
佳餚美酒	佳	餚美酒	565
佳評如潮	佳	評如潮	215
佳樂水	佳	樂水	30
佳賓	佳	賓	1
佳冬	佳	冬	1
佳里	佳	里	1
佳茗	佳	茗	1
使用	使	用	504528
使用者	使	用者	302865
使得	使	得	300476
使命	使	命	200750
使者	使	者	156945
使用權	使	用權	117215
使勁	使	勁	85315
使用費	使	用費	83720
使館	使	館	68555
使命感	使	命感	63905
使出	使	出	47410
使用率	使	用率	40780
使女	使	女	18565
使節	使	節	13240
使臣	使	臣	10855
使喚	使	喚	10520
使徒	使	徒	10010
使不得	使	不得	3820
使眼色	使	眼色	3695
使然	使	然	2673
使出來	使	出來	1960
使用法	使	用法	1515
使性子	使	性子	1065
使令	使	令	18
使到	使	到	1
充電	充	電	170375
充滿	充	滿	500305
充實	充	實	212535
充足	充	足	133895
充氣	充	氣	55860
充血	充	血	50410
充分	充	分	500371
充電器	充	電器	113620
充當	充	當	103260
充裕	充	裕	53030
充沛	充	沛	50600
充斥	充	斥	41120
充其量	充	其量	25270
充填	充	填	17900
充飢	充	飢	14580
充饑	充	饑	14580
充耳不聞	充	耳不聞	6380
充塞	充	塞	5010
充軍	充	軍	4100
充數	充	數	3825
充作	充	作	3575
充公	充	公	2750
充任	充	任	507
充場面	充	場面	1
充門面	充	門面	1
列印	列	印	1
列表	列	表	500498
列印機	列	印機	735
列表機	列	表機	735
列出來	列	出來	1
列車	列	車	212795
列入	列	入	346315
列出	列	出	181870
列為	列	為	166225
列舉	列	舉	83080
列席	列	席	77480
列寧	列	寧	49200
列傳	列	傳	26330
列強	列	強	25220
列名	列	名	14175
列隊	列	隊	13760
列車員	列	車員	9085
列國	列	國	7660
列島	列	島	5625
列成	列	成	3930
列寧主義	列	寧主義	3870
列祖列宗	列	祖列宗	2215
列管	列	管	1885
列冊	列	冊	1
列星	列	星	1
剪頭髮	剪	頭髮	1
剪刀	剪	刀	51370
剪紙	剪	紙	47655
剪輯	剪	輯	45410
剪裁	剪	裁	35505
剪綵	剪	綵	16650
剪影	剪	影	14035
剪貼	剪	貼	13330
剪去	剪	去	12155
剪斷	剪	斷	11430
剪成	剪	成	10300
剪下	剪	下	9740
剪接	剪	接	8490
剪除	剪	除	7770
剪報	剪	報	7740
剪短	剪	短	7315
剪開	剪	開	6260
剪掉	剪	掉	5555
剪下來	剪	下來	3050
剪出	剪	出	2452
剪取	剪	取	2430
剪髮	剪	髮	1250
剪過	剪	過	1225
剪票	剪	票	99
剪字	剪	字	1
哀傷	哀	傷	33350
哀求	哀	求	22580
哀怨	哀	怨	20465
哀愁	哀	愁	15335
哀悼	哀	悼	15305
哀嘆	哀	嘆	11940
哀號	哀	號	8465
哀樂	哀	樂	7255
哀鳴	哀	鳴	6910
哀思	哀	思	6575
哀痛	哀	痛	5535
哀哉	哀	哉	3130
哀叫	哀	叫	2665
哀苦	哀	苦	2222
哀告	哀	告	1805
哀鴻遍野	哀	鴻遍野	1725
哀慟	哀	慟	1505
哀泣	哀	泣	1015
哀榮	哀	榮	999
哀訴	哀	訴	340
哀歌	哀	歌	228
哀戚	哀	戚	99
哀兵	哀	兵	11
哀喚	哀	喚	1
哀懇	哀	懇	1
城市	城	市	501469
城鎮	城	鎮	483480
城區	城	區	351590
城鄉	城	鄉	337225
城堡	城	堡	130555
城牆	城	牆	89620
城中	城	中	74040
城門	城	門	57150
城外	城	外	54595
城池	城	池	28190
城郊	城	郊	26785
城樓	城	樓	22980
城隍廟	城	隍廟	17205
城頭	城	頭	14380
城府	城	府	8225
城垣	城	垣	7570
城中區	城	中區	3890
城下之盟	城	下之盟	735
城隍爺	城	隍爺	675
城隍	城	隍	256
城子	城	子	95
城關	城	關	1
城區部	城	區部	1
城開不夜	城	開不夜	1
城門失火，殃及池魚	城	門失火，殃及池魚	1
審核	審	核	500539
審查	審	查	500403
審計	審	計	500294
審議	審	議	293670
審定	審	定	173780
審判	審	判	172545
審理	審	理	169655
審美	審	美	133445
審視	審	視	73715
審閱	審	閱	37285
審慎	審	慎	36110
審判長	審	判長	29161
審訊	審	訊	26405
審結	審	結	19165
審稿	審	稿	18515
審問	審	問	15715
審計部	審	計部	9730
審計處	審	計處	6805
審案	審	案	4830
審判官	審	判官	2260
審察	審	察	2222
審查會	審	查會	2080
審訂	審	訂	1970
審度	審	度	1135
審處	審	處	2
居民	居	民	500321
居然	居	然	500272
居住	居	住	415755
居家	居	家	85595
居多	居	多	69655
居中	居	中	59160
居高不下	居	高不下	45845
居留	居	留	33260
居所	居	所	29145
居高臨下	居	高臨下	19440
居安思危	居	安思危	15035
居室	居	室	7999
居士	居	士	6666
居處	居	處	6450
居里	居	里	6325
居留權	居	留權	5870
居心	居	心	4790
居無定所	居	無定所	4605
居心叵測	居	心叵測	4520
居心不良	居	心不良	2315
居間	居	間	2222
居功	居	功	2180
居次	居	次	1000
居下風	居	下風	465
居功厥偉	居	功厥偉	36
幽默	幽	默	202085
幽靈	幽	靈	74920
幽幽	幽	幽	58385
幽靜	幽	靜	35815
幽深	幽	深	25115
幽默感	幽	默感	22355
幽香	幽	香	20400
幽谷	幽	谷	18045
幽冥	幽	冥	17380
幽怨	幽	怨	14890
幽蘭	幽	蘭	14410
幽暗	幽	暗	12940
幽會	幽	會	9610
幽魂	幽	魂	8600
幽門	幽	門	5775
幽情	幽	情	4620
幽居	幽	居	2940
幽禁	幽	禁	1960
幽浮	幽	浮	1365
幽雅	幽	雅	357
幽靈機	幽	靈機	1
幽美	幽	美	1
幽人	幽	人	1
幽幽的	幽	幽的	1
幽靈人口	幽	靈人口	1
張開	張	開	95975
張揚	張	揚	95160
張貼	張	貼	87085
張力	張	力	80890
張大	張	大	48080
張飛	張	飛	41615
張三	張	三	38210
張老師	張	老師	38020
張望	張	望	28315
張嘴	張	嘴	25975
張狂	張	狂	11085
張口結舌	張	口結舌	5770
張燈結綵	張	燈結綵	5560
張掛	張	掛	5555
張冠李戴	張	冠李戴	5240
張獻忠	張	獻忠	4700
張良	張	良	1774
張三李四	張	三李四	1705
張羅	張	羅	1344
張皇失措	張	皇失措	860
張掛起	張	掛起	1
張生	張	生	1
張基	張	基	1
張滿	張	滿	1
張牙舞爪	張	牙舞爪	1
思想	思	想	500781
思考	思	考	500379
思維	思	維	500296
思路	思	路	500277
思念	思	念	207630
思索	思	索	86230
思緒	思	緒	86055
思潮	思	潮	59165
思想家	思	想家	50010
思量	思	量	26295
思源	思	源	20865
思議	思	議	18665
思慮	思	慮	15145
思辨	思	辨	14885
思鄉	思	鄉	14410
思前想後	思	前想後	5385
思戀	思	戀	4190
思慕	思	慕	3570
思親	思	親	2595
思過	思	過	2540
思春期	思	春期	380
思忖	思	忖	142
思古	思	古	9
思惟	思	惟	1
思古幽情	思	古幽情	1
抗生素	抗	生素	138395
抗體	抗	體	101060
抗原	抗	原	50550
抗藥性	抗	藥性	7855
抗凝血劑	抗	凝血劑	1
抗憂鬱藥	抗	憂鬱藥	1
抗組織胺	抗	組織胺	1
抗日	抗	日	119825
抗戰	抗	戰	92725
抗議	抗	議	86940
抗日戰爭	抗	日戰爭	80350
抗拒	抗	拒	73215
抗爭	抗	爭	44385
抗衡	抗	衡	42740
抗氧化劑	抗	氧化劑	35141
抗辯	抗	辯	20570
抗禦	抗	禦	9500
抗敵	抗	敵	7065
抗毒	抗	毒	2355
抗暴	抗	暴	2295
抗命	抗	命	1830
抗議書	抗	議書	995
抗力	抗	力	600
抗告	抗	告	1
抗議文學	抗	議文學	1
拔出來	拔	出來	1
拔出	拔	出	52010
拔掉	拔	掉	23410
拔下	拔	下	15215
拔劍	拔	劍	15070
拔地而起	拔	地而起	13995
拔除	拔	除	13360
拔牙	拔	牙	11550
拔河	拔	河	9195
拔起	拔	起	7470
拔尖	拔	尖	6950
拔腿	拔	腿	5480
拔河比賽	拔	河比賽	5090
拔去	拔	去	3995
拔刀相助	拔	刀相助	3430
拔得頭籌	拔	得頭籌	3295
拔毛	拔	毛	3285
拔腿就跑	拔	腿就跑	3280
拔營	拔	營	1640
拔取	拔	取	1111
拔擢	拔	擢	1111
拔都	拔	都	1
拔根	拔	根	1
拔山	拔	山	1
拔身	拔	身	1
換成	換	成	111890
換句話說	換	句話說	75845
換取	換	取	71430
換來	換	來	70235
換上	換	上	65860
換言之	換	言之	47685
換算	換	算	41250
換氣	換	氣	29920
換人	換	人	21490
換掉	換	掉	20785
換新	換	新	19980
換行	換	行	17875
換手	換	手	14870
換季	換	季	14090
換車	換	車	11330
換洗	換	洗	10450
換錢	換	錢	7025
換班	換	班	4750
換湯不換藥	換	湯不換藥	4620
換心	換	心	3290
換血	換	血	2805
換下來	換	下來	2095
換毛	換	毛	1750
換約	換	約	635
換上來	換	上來	185
操作	操	作	501235
操縱	操	縱	118760
操心	操	心	45320
操作性	操	作性	43955
操場	操	場	40440
操作員	操	作員	36810
操練	操	練	28380
操守	操	守	25370
操盤	操	盤	25170
操作工	操	作工	19900
操刀	操	刀	13945
操勞	操	勞	12695
操控	操	控	9999
操之過急	操	之過急	9295
操持	操	持	5665
操行	操	行	5155
操演	操	演	1670
操舵	操	舵	1185
操戈	操	戈	111
操舟	操	舟	11
操作手	操	作手	1
操兵	操	兵	1
操槳	操	槳	1
操槍	操	槍	1
操之在我	操	之在我	1
毒品	毒	品	108180
毒素	毒	素	91265
毒性	毒	性	90950
毒藥	毒	藥	47300
毒害	毒	害	30595
毒蛇	毒	蛇	29640
毒物	毒	物	26380
毒氣	毒	氣	18860
毒手	毒	手	14470
毒死	毒	死	13150
毒打	毒	打	10535
毒癮	毒	癮	9115
毒液	毒	液	8905
毒辣	毒	辣	8380
毒瘤	毒	瘤	8280
毒殺	毒	殺	7485
毒蟲	毒	蟲	7430
毒劑	毒	劑	6255
毒草	毒	草	4185
毒梟	毒	梟	3980
毒計	毒	計	3265
毒刺	毒	刺	2920
毒品案	毒	品案	880
毒婦	毒	婦	500
毒質	毒	質	1
永豐	永	豐	2
永遠	永	遠	500484
永恆	永	恆	253280
永久	永	久	248465
永久性	永	久性	53250
永生	永	生	41215
永和	永	和	24040
永春	永	春	16645
永存	永	存	14330
永垂不朽	永	垂不朽	6690
永別	永	別	4375
永結同心	永	結同心	3025
永夜	永	夜	2040
永享	永	享	1965
永訣	永	訣	1545
永世	永	世	1051
永樂	永	樂	733
永眠	永	眠	645
永字八法	永	字八法	260
永和市	永	和市	55
永昌	永	昌	2
永曆	永	曆	2
永嘉	永	嘉	1
永劫	永	劫	1
永晝	永	晝	1
游泳	游	泳	208615
游泳池	游	泳池	120845
游離	游	離	71920
游走	游	走	43355
游擊隊	游	擊隊	40745
游盪	游	盪	36425
游刃有餘	游	刃有餘	28945
游擊	游	擊	24660
游動	游	動	19490
游標	游	標	19145
游俠	游	俠	17873
游牧	游	牧	17075
游擊戰	游	擊戰	14625
游魂	游	魂	11610
游手好閒	游	手好閒	9535
游移	游	移	9235
游資	游	資	8705
游水	游	水	6315
游絲	游	絲	5990
游泳衣	游	泳衣	4590
游民	游	民	3253
游泳賽	游	泳賽	490
游塵	游	塵	1
游擊手	游	擊手	1
游離票	游	離票	1
熟悉	熟	悉	500469
熟練	熟	練	190980
熟人	熟	人	61460
熟知	熟	知	49035
熟食	熟	食	20385
熟睡	熟	睡	19745
熟識	熟	識	19435
熟讀	熟	讀	13455
熟記	熟	記	10595
熟透	熟	透	10140
熟客	熟	客	7260
熟手	熟	手	5560
熟稔	熟	稔	4755
熟爛	熟	爛	3905
熟習	熟	習	3375
熟諳	熟	諳	3305
熟絡	熟	絡	2222
熟路	熟	路	1550
熟鐵	熟	鐵	835
熟慮	熟	慮	765
熟語	熟	語	375
熟料	熟	料	122
熟面孔	熟	面孔	1
熟起來	熟	起來	1
熟能生巧	熟	能生巧	1
秋蓉	秋	蓉	2
秋天	秋	天	173855
秋季	秋	季	152465
秋風	秋	風	65285
秋水	秋	水	44885
秋雨	秋	雨	30135
秋日	秋	日	25010
秋葉	秋	葉	22795
秋千	秋	千	20995
秋色	秋	色	19220
秋收	秋	收	11230
秋高氣爽	秋	高氣爽	10900
秋波	秋	波	8900
秋後	秋	後	6335
秋思	秋	思	6275
秋瑾	秋	瑾	6135
秋分	秋	分	5850
秋海棠	秋	海棠	3795
秋水伊人	秋	水伊人	3225
秋風掃落葉	秋	風掃落葉	1975
秋毫	秋	毫	1840
秋成	秋	成	1410
秋水仙素	秋	水仙素	530
秋山	秋	山	2
秋節	秋	節	1
職業	職	業	500734
職工	職	工	500573
職責	職	責	500352
職務	職	務	500347
職稱	職	稱	291500
職業教育	職	業教育	270340
職權	職	權	226608
職員	職	員	137105
職業病	職	業病	101685
職位	職	位	99999
職校	職	校	21590
職業性	職	業性	11710
職守	職	守	5670
職能	職	能	4742
職銜	職	銜	3740
職業婦女	職	業婦女	3145
職掌	職	掌	2355
職司	職	司	1765
職棒	職	棒	1425
職前訓練	職	前訓練	520
職業工會	職	業工會	260
職等	職	等	1
職籃	職	籃	1
職事	職	事	1
職志	職	志	1
臺灣	臺	灣	500583
臺階	臺	階	141390
臺北	臺	北	126640
臺風	臺	風	95495
臺詞	臺	詞	50300
臺地	臺	地	20340
臺幣	臺	幣	16585
臺灣海峽	臺	灣海峽	14850
臺基	臺	基	7645
臺中市	臺	中市	7252
臺胞證	臺	胞證	2930
臺柱	臺	柱	2390
臺胞	臺	胞	1740
臺端	臺	端	495
臺南	臺	南	133
臺甫	臺	甫	5
臺尺	臺	尺	1
臺斤	臺	斤	1
臺兩	臺	兩	1
臺錢	臺	錢	1
臺省	臺	省	1
臺灣黑熊	臺	灣黑熊	1
臺灣精品	臺	灣精品	1
臺灣光復節	臺	灣光復節	1
臺灣學術網路	臺	灣學術網路	1
蒙古	蒙	古	170630
蒙古族	蒙	古族	38455
蒙上	蒙	上	29840
蒙蔽	蒙	蔽	22060
蒙面	蒙	面	20335
蒙古人	蒙	古人	16045
蒙騙	蒙	騙	14815
蒙古包	蒙	古包	12685
蒙住	蒙	住	10600
蒙在鼓裡	蒙	在鼓裡	9150
蒙太奇	蒙	太奇	8590
蒙恬	蒙	恬	6845
蒙羞	蒙	羞	5260
蒙昧	蒙	昧	4753
蒙頭	蒙	頭	3610
蒙塵	蒙	塵	3490
蒙汗藥	蒙	汗藥	2805
蒙混	蒙	混	2735
蒙恩	蒙	恩	2290
蒙冤	蒙	冤	2225
蒙難	蒙	難	2050
蒙受	蒙	受	2032
蒙胞	蒙	胞	1
蒙古症	蒙	古症	1
蒙特婁	蒙	特婁	1
藝術	藝	術	500717
藝術家	藝	術家	255130
藝人	藝	人	160440
藝術品	藝	術品	134955
藝術性	藝	術性	33230
藝術館	藝	術館	21980
藝術系	藝	術系	16255
藝術界	藝	術界	15070
藝術化	藝	術化	10815
藝名	藝	名	9650
藝妓	藝	妓	7855
藝能	藝	能	4910
藝壇	藝	壇	4760
藝專	藝	專	2900
藝林	藝	林	2630
藝廊	藝	廊	2510
藝文	藝	文	1612
藝苑	藝	苑	13
藝品	藝	品	1
藝事	藝	事	1
藝展	藝	展	1
藝工隊	藝	工隊	1
藝品店	藝	品店	1
藝術者	藝	術者	1
藝文活動	藝	文活動	1
設定	設	定	500364
設計	設	計	502372
設備	設	備	501659
設置	設	置	501477
設立	設	立	500568
設施	設	施	500542
設計師	設	計師	500264
設有	設	有	361495
設想	設	想	173315
設法	設	法	86795
設計者	設	計者	79230
設防	設	防	30790
設計圖	設	計圖	24225
設下	設	下	16065
設身處地	設	身處地	15415
設廠	設	廠	13210
設宴	設	宴	7880
設計家	設	計家	4740
設局	設	局	3625
設若	設	若	2600
設限	設	限	1818
設問	設	問	1293
設或	設	或	1111
設使	設	使	1
設籍	設	籍	1
豪華	豪	華	391495
豪傑	豪	傑	42830
豪情	豪	情	35825
豪門	豪	門	35380
豪邁	豪	邁	33505
豪放	豪	放	27655
豪氣	豪	氣	19895
豪言壯語	豪	言壯語	8890
豪強	豪	強	8470
豪賭	豪	賭	7695
豪俠	豪	俠	6385
豪情萬丈	豪	情萬丈	3905
豪飲	豪	飲	3760
豪豬	豪	豬	3200
豪爽	豪	爽	2827
豪雨	豪	雨	1710
豪放不羈	豪	放不羈	1445
豪興	豪	興	1270
豪奪	豪	奪	740
豪語	豪	語	655
豪舉	豪	舉	455
豪客	豪	客	36
豪奢	豪	奢	1
豪門巨室	豪	門巨室	1
豪氣干雲	豪	氣干雲	1
貴珠	貴	珠	888
貴族	貴	族	188685
貴重	貴	重	33375
貴賓	貴	賓	348635
貴州	貴	州	347005
貴陽	貴	陽	150360
貴州省	貴	州省	134835
貴公司	貴	公司	121995
貴人	貴	人	52165
貴金屬	貴	金屬	29465
貴妃	貴	妃	25830
貴賤	貴	賤	20670
貴客	貴	客	14220
貴婦	貴	婦	12900
貴國	貴	國	10870
貴姓	貴	姓	7440
貴地	貴	地	4970
貴婦人	貴	婦人	4090
貴族學校	貴	族學校	3165
貴處	貴	處	2875
貴賓席	貴	賓席	1495
貴庚	貴	庚	1455
貴府	貴	府	1360
貴顯	貴	顯	1090
貴子	貴	子	530
赤裸	赤	裸	34935
赤裸裸	赤	裸裸	31430
赤壁	赤	壁	27665
赤道	赤	道	25225
赤字	赤	字	21345
赤腳	赤	腳	18130
赤子	赤	子	10715
赤誠	赤	誠	8725
赤身裸體	赤	身裸體	8400
赤膊	赤	膊	8155
赤足	赤	足	7945
赤子之心	赤	子之心	7105
赤手空拳	赤	手空拳	6485
赤條條	赤	條條	4855
赤身	赤	身	4025
赤貧	赤	貧	3335
赤金	赤	金	2600
赤手	赤	手	1435
赤化	赤	化	1070
赤道儀	赤	道儀	760
赤忱	赤	忱	230
赤身露體	赤	身露體	61
赤崁樓	赤	崁樓	1
赤嵌樓	赤	嵌樓	1
赤字預算	赤	字預算	1
輸入法	輸	入法	121505
輸入	輸	入	500844
輸出	輸	出	500346
輸血	輸	血	42805
輸送	輸	送	127440
輸卵管	輸	卵管	52995
輸給	輸	給	35575
輸贏	輸	贏	24930
輸電	輸	電	18565
輸水	輸	水	18455
輸尿管	輸	尿管	14470
輸掉	輸	掉	13435
輸送帶	輸	送帶	13085
輸精管	輸	精管	10390
輸家	輸	家	7180
輸出量	輸	出量	6415
輸不起	輸	不起	5875
輸錢	輸	錢	4240
輸油管	輸	油管	2330
輸導	輸	導	1540
輸氣管	輸	氣管	885
輸誠	輸	誠	1
輸入品	輸	入品	1
輸送管	輸	送管	1
輸入許可制	輸	入許可制	1
辦法	辦	法	501033
辦公室	辦	公室	500725
辦理	辦	理	501061
辦公	辦	公	498130
辦事	辦	事	328255
辦學	辦	學	306445
辦事處	辦	事處	285155
辦公廳	辦	公廳	123520
辦好	辦	好	114150
辦案	辦	案	108405
辦公桌	辦	公桌	33875
辦到	辦	到	24100
辦妥	辦	妥	23535
辦報	辦	報	15100
辦事員	辦	事員	13845
辦結	辦	結	9999
辦不到	辦	不到	9610
辦公處	辦	公處	5275
辦公費	辦	公費	4495
辦不成	辦	不成	3585
辦喜事	辦	喜事	3230
辦得好	辦	得好	1915
辦後事	辦	後事	305
辦桌	辦	桌	1
辦不完	辦	不完	1
閉上	閉	上	50900
閉幕	閉	幕	46235
閉合	閉	合	35490
閉塞	閉	塞	29615
閉路電視	閉	路電視	23530
閉嘴	閉	嘴	22585
閉幕式	閉	幕式	21910
閉眼	閉	眼	19270
閉目	閉	目	18125
閉鎖	閉	鎖	18050
閉上眼	閉	上眼	16750
閉關	閉	關	16260
閉門	閉	門	12800
閉口	閉	口	10525
閉門造車	閉	門造車	7780
閉路	閉	路	7405
閉目養神	閉	目養神	7085
閉門羹	閉	門羹	3775
閉關自守	閉	關自守	3620
閉月羞花	閉	月羞花	3070
閉會	閉	會	2424
閉起	閉	起	1335
閉門謝客	閉	門謝客	1150
閉幕典禮	閉	幕典禮	235
閉門卻掃	閉	門卻掃	1
隔離	隔	離	205455
隔壁	隔	壁	65845
隔熱	隔	熱	51535
隔音	隔	音	40980
隔開	隔	開	34330
隔絕	隔	絕	30830
隔閡	隔	閡	23500
隔膜	隔	膜	22965
隔日	隔	日	15155
隔夜	隔	夜	14215
隔板	隔	板	13745
隔間	隔	間	7555
隔世	隔	世	5650
隔山	隔	山	3975
隔代	隔	代	3675
隔靴搔癢	隔	靴搔癢	3310
隔岸	隔	岸	3100
隔岸觀火	隔	岸觀火	2920
隔行如隔山	隔	行如隔山	2720
隔海	隔	海	2120
隔週	隔	週	1975
隔牆有耳	隔	牆有耳	1305
隔鄰	隔	鄰	1290
隔月	隔	月	1005
隔音設備	隔	音設備	450
顧客	顧	客	500506
顧問	顧	問	406525
顧慮	顧	慮	64300
顧及	顧	及	54365
顧名思義	顧	名思義	41110
顧不上	顧	不上	30205
顧不得	顧	不得	27780
顧忌	顧	忌	27425
顧全大局	顧	全大局	17330
顧家	顧	家	13540
顧問團	顧	問團	10650
顧此失彼	顧	此失彼	10250
顧盼	顧	盼	9880
顧不了	顧	不了	6810
顧惜	顧	惜	4785
顧全	顧	全	3580
顧念	顧	念	2890
顧影自憐	顧	影自憐	2570
顧慮到	顧	慮到	1770
顧盼生姿	顧	盼生姿	635
顧愷之	顧	愷之	114
顧面子	顧	面子	1
顧到	顧	到	1
顧名	顧	名	1
顧員	顧	員	1
九五	九	五	1
九江	九	江	88565
九州	九	州	63365
九宮	九	宮	13395
九霄雲外	九	霄雲外	8310
九霄	九	霄	7090
九牛二虎之力	九	牛二虎之力	7085
九死一生	九	死一生	5660
九宮格	九	宮格	4740
九族	九	族	3970
九泉	九	泉	3625
九泉之下	九	泉之下	3325
九牛一毛	九	牛一毛	2950
九層塔	九	層塔	2762
九嶷山	九	嶷山	1680
九五之尊	九	五之尊	1095
九九重陽	九	九重陽	880
九龍	九	龍	758
九洲	九	洲	2
九孔	九	孔	1
九宵	九	宵	1
九重葛	九	重葛	1
九九乘法	九	九乘法	1
九一八事變	九	一八事變	1
俗稱	俗	稱	131745
俗話說	俗	話說	77400
俗語	俗	語	26525
俗話	俗	話	21915
俗人	俗	人	14930
俗氣	俗	氣	13205
俗套	俗	套	10070
俗文學	俗	文學	9999
俗名	俗	名	9695
俗語說	俗	語說	6665
俗事	俗	事	4585
俗不可耐	俗	不可耐	3810
俗諺	俗	諺	1880
俗物	俗	物	1870
俗務	俗	務	1700
俗艷	俗	艷	1155
俗字	俗	字	1000
俗化	俗	化	890
俗例	俗	例	400
俗體	俗	體	345
俗樂	俗	樂	345
俗士	俗	士	1
俗緣	俗	緣	1
俗諺俚語	俗	諺俚語	1
別人	別	人	500906
別墅	別	墅	317110
別名	別	名	75220
別致	別	致	70720
別緻	別	緻	70720
別離	別	離	29025
別具一格	別	具一格	28310
別提	別	提	27745
別出心裁	別	出心裁	21565
別有用心	別	有用心	17120
別開生面	別	開生面	15760
別管	別	管	11365
別字	別	字	9390
別號	別	號	9055
別針	別	針	8720
別有洞天	別	有洞天	5455
別有風味	別	有風味	4845
別傳	別	傳	3905
別樹一幟	別	樹一幟	980
別有天地	別	有天地	745
別館	別	館	510
別苗頭	別	苗頭	445
別室	別	室	1
別具慧眼	別	具慧眼	1
各自	各	自	406715
各界	各	界	171445
各式各樣	各	式各樣	66850
各人	各	人	66780
各行各業	各	行各業	65965
各自為政	各	自為政	14730
各有千秋	各	有千秋	13790
各得其所	各	得其所	12030
各有所長	各	有所長	8940
各顯神通	各	顯神通	7940
各奔東西	各	奔東西	6260
各盡所能	各	盡所能	5635
各執一詞	各	執一詞	5570
各行其是	各	行其是	3955
各色各樣	各	色各樣	3925
各不相讓	各	不相讓	1895
各懷鬼胎	各	懷鬼胎	1730
各奔前程	各	奔前程	1725
各憑本事	各	憑本事	235
各形各色	各	形各色	210
各別	各	別	1
各闢蹊徑	各	闢蹊徑	1
各說各話	各	說各話	1
各異其趣	各	異其趣	1
圍棋	圍	棋	67660
圍繞	圍	繞	500279
圍巾	圍	巾	60705
圍牆	圍	牆	59300
圍攻	圍	攻	45745
圍觀	圍	觀	38575
圍剿	圍	剿	30550
圍城	圍	城	25365
圍住	圍	住	24585
圍成	圍	成	20165
圍裙	圍	裙	17680
圍困	圍	困	16755
圍堵	圍	堵	8985
圍場	圍	場	5420
圍起	圍	起	4420
圍攏	圍	攏	4260
圍捕	圍	捕	4120
圍起來	圍	起來	3495
圍爐	圍	爐	2885
圍子	圍	子	2030
圍標	圍	標	127
圍兜	圍	兜	1
圍籬	圍	籬	1
圍砌	圍	砌	1
垂直	垂	直	218820
垂詢	垂	詢	53640
垂釣	垂	釣	53605
垂下	垂	下	24190
垂柳	垂	柳	17225
垂頭喪氣	垂	頭喪氣	16060
垂青	垂	青	14935
垂涎	垂	涎	12265
垂死	垂	死	8275
垂涎三尺	垂	涎三尺	5960
垂危	垂	危	5095
垂落	垂	落	4860
垂手	垂	手	4315
垂直線	垂	直線	3970
垂死掙扎	垂	死掙扎	3735
垂掛	垂	掛	3565
垂憐	垂	憐	1980
垂簾聽政	垂	簾聽政	1930
垂手可得	垂	手可得	1715
垂暮	垂	暮	1365
垂老	垂	老	1255
垂愛	垂	愛	975
垂問	垂	問	295
垂楊	垂	楊	1
堅持	堅	持	500997
堅決	堅	決	374535
堅定	堅	定	180525
堅強	堅	強	177835
堅信	堅	信	113640
堅固	堅	固	93335
堅硬	堅	硬	81735
堅定不移	堅	定不移	74725
堅守	堅	守	67280
堅實	堅	實	43335
堅挺	堅	挺	38055
堅毅	堅	毅	28305
堅果	堅	果	21165
堅稱	堅	稱	16255
堅忍不拔	堅	忍不拔	13050
堅忍	堅	忍	9999
堅韌	堅	韌	9550
堅貞	堅	貞	8960
堅苦	堅	苦	5555
堅壁清野	堅	壁清野	1370
堅厚	堅	厚	1285
堅拒	堅	拒	1265
堅苦卓絕	堅	苦卓絕	23
堅牢	堅	牢	1
完了	完	了	9522
完全	完	全	500930
完美	完	美	500252
完成	完	成	501390
完善	完	善	501044
完整	完	整	500452
完畢	完	畢	273805
完整性	完	整性	127420
完工	完	工	93995
完好	完	好	62995
完結	完	結	40640
完事	完	事	26450
完滿	完	滿	10460
完蛋	完	蛋	10370
完婚	完	婚	7975
完稅	完	稅	7875
完人	完	人	6725
完稿	完	稿	6415
完結篇	完	結篇	4580
完備	完	備	3070
完好如初	完	好如初	2475
完璧歸趙	完	璧歸趙	1945
完全比賽	完	全比賽	1
完全打擊	完	全打擊	1
尖銳	尖	銳	85105
尖叫	尖	叫	70890
尖端	尖	端	44090
尖刀	尖	刀	15670
尖利	尖	利	11470
尖沙咀	尖	沙咀	9999
尖頭	尖	頭	8790
尖聲	尖	聲	8315
尖兵	尖	兵	6285
尖刻	尖	刻	5270
尖端科技	尖	端科技	5070
尖塔	尖	塔	4595
尖嘴	尖	嘴	4280
尖酸	尖	酸	3260
尖細	尖	細	2640
尖銳化	尖	銳化	1490
尖嘴猴腮	尖	嘴猴腮	1100
尖削	尖	削	1015
尖峰	尖	峰	8
尖山	尖	山	2
尖石	尖	石	1
尖瘦	尖	瘦	1
尖酸刻薄	尖	酸刻薄	1
尖嘴薄舌	尖	嘴薄舌	1
巴西	巴	西	220400
巴黎	巴	黎	217050
巴基斯坦	巴	基斯坦	86240
巴勒斯坦	巴	勒斯坦	40460
巴掌	巴	掌	28945
巴格達	巴	格達	21855
巴拿馬	巴	拿馬	16645
巴比倫	巴	比倫	16250
巴不得	巴	不得	12545
巴拉圭	巴	拉圭	11905
巴結	巴	結	11855
巴洛克	巴	洛克	11515
巴哈	巴	哈	9760
巴伐利亞	巴	伐利亞	9100
巴士	巴	士	8600
巴哈馬	巴	哈馬	5060
巴巴	巴	巴	3333
巴黎大學	巴	黎大學	2245
巴黎人	巴	黎人	1885
巴林	巴	林	1850
巴望	巴	望	1575
巴貝多	巴	貝多	1
巴國	巴	國	1
巴塞隆納	巴	塞隆納	1
廢止	廢	止	110210
廢物	廢	物	103165
廢除	廢	除	92303
廢水	廢	水	85400
廢話	廢	話	75515
廢棄	廢	棄	74645
廢棄物	廢	棄物	71635
廢氣	廢	氣	54155
廢料	廢	料	45510
廢墟	廢	墟	43535
廢紙	廢	紙	36910
廢品	廢	品	31805
廢寢忘食	廢	寢忘食	9385
廢鐵	廢	鐵	8945
廢人	廢	人	7040
廢掉	廢	掉	6250
廢物利用	廢	物利用	3440
廢黜	廢	黜	2700
廢票	廢	票	2445
廢弛	廢	弛	1535
廢置	廢	置	1315
廢五金	廢	五金	1
廢船	廢	船	1
廢時	廢	時	1
戲劇	戲	劇	5478
戲曲	戲	曲	107700
戲院	戲	院	14710
戲謔	戲	謔	13735
戲劇性	戲	劇性	19960
戲弄	戲	弄	19060
戲台	戲	台	18030
戲臺	戲	臺	18030
戲水	戲	水	17435
戲份	戲	份	12195
戲迷	戲	迷	10210
戲班	戲	班	8560
戲子	戲	子	8205
戲言	戲	言	7845
戲劇化	戲	劇化	7255
戲耍	戲	耍	6175
戲碼	戲	碼	3870
戲法	戲	法	3565
戲路	戲	路	3440
戲劇界	戲	劇界	2620
戲裝	戲	裝	2365
戲班子	戲	班子	2055
戲園子	戲	園子	1190
戲箱	戲	箱	260
掃描	掃	描	352805
掃描器	掃	描器	35560
掃除	掃	除	29840
掃地	掃	地	26900
掃蕩	掃	蕩	21690
掃帚	掃	帚	16970
掃射	掃	射	14665
掃視	掃	視	13915
掃興	掃	興	13060
掃清	掃	清	11020
掃把	掃	把	9930
掃墓	掃	墓	9885
掃黃	掃	黃	8860
掃地出門	掃	地出門	4445
掃平	掃	平	2990
掃毒	掃	毒	2840
掃描機	掃	描機	1615
掃帚星	掃	帚星	1200
掃街	掃	街	1111
掃黑	掃	黑	905
掃雷艇	掃	雷艇	655
掃乾淨	掃	乾淨	105
掃瞄器	掃	瞄器	11
掃瞄	掃	瞄	1
搶救	搶	救	156885
搶劫	搶	劫	101905
搶奪	搶	奪	59810
搶先	搶	先	56060
搶修	搶	修	38180
搶購	搶	購	35245
搶眼	搶	眼	34090
搶走	搶	走	27920
搶手	搶	手	19175
搶答	搶	答	11035
搶手貨	搶	手貨	8040
搶攻	搶	攻	5820
搶親	搶	親	3440
搶白	搶	白	2950
搶奪罪	搶	奪罪	2195
搶運	搶	運	2105
搶灘	搶	灘	1188
搶鏡頭	搶	鏡頭	975
搶案	搶	案	650
搶通	搶	通	11
搶風頭	搶	風頭	1
搶孤	搶	孤	1
搶嫌	搶	嫌	1
搶盡鋒頭	搶	盡鋒頭	1
更新	更	新	500729
更加	更	加	500714
更為	更	為	500276
更換	更	換	500266
更改	更	改	415800
更深	更	深	133785
更正	更	正	113360
更進一步	更	進一步	55680
更名	更	名	48235
更易	更	易	47735
更年期	更	年期	43575
更新換代	更	新換代	28390
更替	更	替	21675
更衣	更	衣	18610
更衣室	更	衣室	16365
更甚	更	甚	13345
更迭	更	迭	13065
更勝一籌	更	勝一籌	10720
更生	更	生	7990
更年	更	年	5615
更上層樓	更	上層樓	3985
更張	更	張	875
更動	更	動	111
更生保護	更	生保護	1
槍手	槍	手	43985
槍支	槍	支	41365
槍口	槍	口	22130
槍法	槍	法	16540
槍斃	槍	斃	14920
槍殺	槍	殺	13655
槍戰	槍	戰	13465
槍械	槍	械	12655
槍彈	槍	彈	10745
槍擊	槍	擊	7125
槍林彈雨	槍	林彈雨	6875
槍決	槍	決	6200
槍托	槍	托	6120
槍眼	槍	眼	3885
槍桿子	槍	桿子	3790
槍身	槍	身	3605
槍桿	槍	桿	3415
槍把	槍	把	2665
槍膛	槍	膛	1720
槍炮	槍	炮	1104
槍案	槍	案	955
槍靶	槍	靶	1
槍柄	槍	柄	1
槍枝	槍	枝	1
權利	權	利	4193817
權力	權	力	500289
權限	權	限	500344
權益	權	益	468035
權威	權	威	314805
權威性	權	威性	78875
權衡	權	衡	40990
權貴	權	貴	19280
權杖	權	杖	11875
權宜之計	權	宜之計	11845
權謀	權	謀	6545
權柄	權	柄	5740
權利金	權	利金	4930
權位	權	位	4825
權變	權	變	4685
權術	權	術	4525
權要	權	要	4270
權勢	權	勢	4013
權宜	權	宜	3260
權責	權	責	3245
權能	權	能	1212
權充	權	充	830
權為	權	為	1
權狀	權	狀	1
淺草	淺	草	888
淺色	淺	色	39815
淺淺	淺	淺	1
淺談	淺	談	39955
淺薄	淺	薄	19500
淺顯	淺	顯	16835
淺藍	淺	藍	12105
淺藍色	淺	藍色	12060
淺笑	淺	笑	11325
淺海	淺	海	8545
淺綠色	淺	綠色	7595
淺灘	淺	灘	7270
淺綠	淺	綠	6845
淺淡	淺	淡	5455
淺顯易懂	淺	顯易懂	5060
淺見	淺	見	4475
淺陋	淺	陋	2820
淺嚐	淺	嚐	2475
淺說	淺	說	2065
淺化	淺	化	330
淺聞	淺	聞	45
淺近	淺	近	23
淺睡	淺	睡	1
淺嘗則止	淺	嘗則止	1
狗屌	狗	屌	1
狗穴	狗	穴	1
狗尿	狗	尿	1
狗汁	狗	汁	1
狗肉	狗	肉	71864
狗熊	狗	熊	18335
狗屁	狗	屁	18010
狗頭	狗	頭	16935
狗食	狗	食	3290
狗吠	狗	吠	2705
狗腿	狗	腿	2560
狗命	狗	命	2470
狗急跳牆	狗	急跳牆	2425
狗腿子	狗	腿子	1950
狗才	狗	才	1840
狗皮膏藥	狗	皮膏藥	1265
狗頭軍師	狗	頭軍師	1215
狗仗人勢	狗	仗人勢	1205
狗屁不通	狗	屁不通	1165
狗拿耗子	狗	拿耗子	640
狗血淋頭	狗	血淋頭	1
狗竇	狗	竇	1
狗輩	狗	輩	1
狗苟蠅營	狗	苟蠅營	1
睡覺	睡	覺	256865
睡著	睡	著	1
睡眠	睡	眠	210445
睡到	睡	到	888
睡飽	睡	飽	888
睡袋	睡	袋	60825
睡醒	睡	醒	53280
睡衣	睡	衣	52140
睡去	睡	去	33000
睡意	睡	意	20150
睡下	睡	下	11430
睡懶覺	睡	懶覺	9270
睡蓮	睡	蓮	9130
睡美人	睡	美人	8000
睡眼	睡	眼	6520
睡袍	睡	袍	5495
睡熟	睡	熟	5225
睡眼惺忪	睡	眼惺忪	4110
睡午覺	睡	午覺	3640
睡起	睡	起	2940
睡褲	睡	褲	1090
睡不著	睡	不著	1
睡車	睡	車	1
睡獅	睡	獅	1
磨損	磨	損	104970
磨鍊	磨	鍊	50520
磨難	磨	難	35935
磨床	磨	床	20875
磨牙	磨	牙	14785
磨滅	磨	滅	12990
磨成	磨	成	12025
磨光	磨	光	11880
磨蹭	磨	蹭	9005
磨刀	磨	刀	8920
磨房	磨	房	7525
磨破	磨	破	7465
磨出	磨	出	7040
磨盤	磨	盤	6630
磨坊	磨	坊	6400
磨平	磨	平	6360
磨製	磨	製	5390
磨碎	磨	碎	5050
磨刀石	磨	刀石	2910
磨折	磨	折	1530
磨擦	磨	擦	1
磨練	磨	練	1
磨墨	磨	墨	1
磨杵成針	磨	杵成針	1
視為	視	為	427825
視覺	視	覺	338055
視野	視	野	220685
視線	視	線	178875
視角	視	角	158505
視力	視	力	133005
視察	視	察	121960
視聽	視	聽	110860
視同	視	同	41030
視網膜	視	網膜	38915
視作	視	作	37965
視而不見	視	而不見	32700
視界	視	界	28985
視神經	視	神經	11270
視死如歸	視	死如歸	7135
視若無睹	視	若無睹	5120
視事	視	事	2385
視若無物	視	若無物	670
視為畏途	視	為畏途	655
視如己出	視	如己出	590
視聽教育	視	聽教育	400
視同兒戲	視	同兒戲	170
視訊	視	訊	1
視如敝屣	視	如敝屣	1
童話	童	話	138260
童年	童	年	125365
童裝	童	裝	78595
童子	童	子	35715
童心	童	心	25940
童謠	童	謠	18430
童工	童	工	18400
童趣	童	趣	17005
童星	童	星	8605
童養媳	童	養媳	7603
童稚	童	稚	4970
童貞	童	貞	4815
童子軍	童	子軍	3755
童叟無欺	童	叟無欺	3395
童言無忌	童	言無忌	3070
童女	童	女	2955
童男	童	男	2680
童心未泯	童	心未泯	2630
童軍	童	軍	2005
童顏	童	顏	1955
童玩	童	玩	1
童語	童	語	1
童山濯濯	童	山濯濯	1
童安格	童	安格	1
算了	算	了	186160
算是	算	是	310510
算法	算	法	201525
算命	算	命	47335
算得	算	得	41470
算出	算	出	32665
算計	算	計	28095
算不上	算	不上	25185
算作	算	作	17820
算上	算	上	17770
算賬	算	賬	17680
算式	算	式	17315
算盤	算	盤	17100
算數	算	數	11200
算起來	算	起來	10355
算不得	算	不得	6890
算學	算	學	3965
算術	算	術	2158
算清楚	算	清楚	1480
算題	算	題	1360
算不了	算	不了	995
算不清	算	不清	590
算帳	算	帳	1
算做	算	做	1
終於	終	於	500712
終端	終	端	404330
終止	終	止	392595
終身	終	身	183345
終結	終	結	112190
終極	終	極	104440
終生	終	生	103590
終點	終	點	101425
終究	終	究	79830
終日	終	日	54115
終了	終	了	33955
終年	終	年	30945
終結者	終	結者	20290
終歸	終	歸	13835
終場	終	場	10135
終局	終	局	9580
終老	終	老	8290
終端機	終	端機	7495
終身大事	終	身大事	5965
終身伴侶	終	身伴侶	3865
終須	終	須	3480
終始	終	始	1
終站	終	站	1
終身職	終	身職	1
群眾	群	眾	500541
群體	群	體	482940
群山	群	山	53170
群島	群	島	43230
群星	群	星	34560
群雄	群	雄	31000
群臣	群	臣	24365
群英	群	英	19230
群集	群	集	17710
群策群力	群	策群力	16290
群芳	群	芳	11070
群毆	群	毆	9999
群英會	群	英會	9855
群居	群	居	8310
群龍無首	群	龍無首	4035
群聚	群	聚	3360
群小	群	小	3280
群賢	群	賢	2775
群架	群	架	1045
群情激憤	群	情激憤	875
群起攻之	群	起攻之	545
群倫	群	倫	1
群性	群	性	1
群育	群	育	1
能力	能	力	804674
能夠	能	夠	501639
能否	能	否	500286
能源	能	源	500265
能量	能	量	476965
能手	能	手	54860
能幹	能	幹	45030
能人	能	人	33310
能耐	能	耐	26485
能見度	能	見度	20110
能力測驗	能	力測驗	17760
能源部	能	源部	10005
能源危機	能	源危機	6150
能言善辯	能	言善辯	3545
能屈能伸	能	屈能伸	2045
能者多勞	能	者多勞	1260
能劇	能	劇	369
能忍自安	能	忍自安	240
能事	能	事	1
能仁	能	仁	1
能士	能	士	1
能力分班	能	力分班	1
能說善道	能	說善道	1
能源效益	能	源效益	1
致使	致	使	284405
致癌	致	癌	14285
致癌物	致	癌物	14285
致富	致	富	191380
致力	致	力	57140
致命	致	命	53125
致辭	致	辭	51600
致電	致	電	42160
致死	致	死	39620
致敬	致	敬	38210
致意	致	意	29650
致謝	致	謝	13245
致歉	致	歉	12885
致函	致	函	10810
致命傷	致	命傷	8830
致賀	致	賀	2435
致哀	致	哀	1855
致贈	致	贈	505
致詞	致	詞	1
致理	致	理	1
致勝	致	勝	1
致送	致	送	1
致用	致	用	1
致知	致	知	1
莫名其妙	莫	名其妙	118160
莫名	莫	名	96365
莫斯科	莫	斯科	93295
莫非	莫	非	65660
莫過於	莫	過於	59305
莫大	莫	大	48890
莫不	莫	不	34665
莫扎特	莫	扎特	31655
莫說	莫	說	9575
莫如	莫	如	9215
莫不是	莫	不是	7480
莫道	莫	道	7260
莫若	莫	若	7035
莫衷一是	莫	衷一是	6745
莫怪	莫	怪	6300
莫須有	莫	須有	6245
莫測高深	莫	測高深	2420
莫逆之交	莫	逆之交	2165
莫管	莫	管	1545
莫可奈何	莫	可奈何	1135
莫過	莫	過	633
莫逆	莫	逆	2
莫須	莫	須	1
莫札特	莫	札特	1
虎視眈眈	虎	視眈眈	16055
虎航	虎	航	2
虎子	虎	子	13085
虎皮	虎	皮	11725
虎嘯	虎	嘯	9455
虎口	虎	口	7119
虎頭蛇尾	虎	頭蛇尾	6380
虎威	虎	威	6300
虎將	虎	將	5275
虎牙	虎	牙	4615
虎林	虎	林	4430
虎穴	虎	穴	3575
虎虎	虎	虎	3525
虎符	虎	符	2925
虎尾	虎	尾	2810
虎背熊腰	虎	背熊腰	2780
虎紋	虎	紋	2425
虎虎生風	虎	虎生風	1555
虎落平陽被犬欺	虎	落平陽被犬欺	755
虎口餘生	虎	口餘生	750
虎父無犬子	虎	父無犬子	500
虎入羊群	虎	入羊群	470
虎頭山	虎	頭山	163
虎頭蜂	虎	頭蜂	131
訂位	訂	位	10145
訂票	訂	票	58255
訂購	訂	購	500255
訂單	訂	單	500299
訂閱	訂	閱	335845
訂立	訂	立	170530
訂貨	訂	貨	134720
訂金	訂	金	38055
訂婚	訂	婚	31710
訂戶	訂	戶	13730
訂座	訂	座	11400
訂正	訂	正	10715
訂下	訂	下	9785
訂價	訂	價	7905
訂約	訂	約	7485
訂造	訂	造	6260
訂報	訂	報	4810
訂為	訂	為	1385
訂出	訂	出	601
訂成	訂	成	1
訂定	訂	定	1
訂費	訂	費	1
訂製	訂	製	1
訂做	訂	做	1
討好	討	好	45650
討論	討	論	500727
討厭	討	厭	169355
討價還價	討	價還價	43940
討伐	討	伐	23855
討論會	討	論會	19495
討債	討	債	13615
討教	討	教	12145
討飯	討	飯	7990
討錢	討	錢	3075
討生活	討	生活	3060
討人厭	討	人厭	2980
討賊	討	賊	2245
討饒	討	饒	1930
討老婆	討	老婆	1805
討價	討	價	1640
討取	討	取	950
討便宜	討	便宜	555
討媳婦	討	媳婦	123
討救兵	討	救兵	1
討人情	討	人情	1
討索	討	索	1
討海人	討	海人	1
討論到	討	論到	1
越來越	越	來越	500560
越南	越	南	227465
越野車	越	野車	126663
越野	越	野	81115
越過	越	過	79880
越發	越	發	73670
越獄	越	獄	40885
越權	越	權	18935
越國	越	國	13975
越級	越	級	13455
越王	越	王	13240
越戰	越	戰	12905
越界	越	界	10400
越劇	越	劇	9936
越軌	越	軌	7735
越加	越	加	7720
越南人	越	南人	5890
越共	越	共	5680
越洋	越	洋	4505
越俎代庖	越	俎代庖	4355
越境	越	境	3920
越線	越	線	1680
越雷池一步	越	雷池一步	1495
越區	越	區	1005
透明	透	明	333205
透露	透	露	500261
透過	透	過	277740
透視	透	視	80930
透氣	透	氣	60500
透徹	透	徹	58205
透出	透	出	55645
透支	透	支	44375
透露出	透	露出	29200
透析	透	析	26095
透鏡	透	鏡	22615
透光	透	光	20300
透亮	透	亮	16075
透明化	透	明化	14865
透骨	透	骨	5420
透視圖	透	視圖	3950
透頂	透	頂	3015
透風	透	風	2715
透明漆	透	明漆	1175
透視鏡	透	視鏡	1065
透澈	透	澈	1
透天	透	天	1
透著	透	著	1
透天厝	透	天厝	1
遮擋	遮	擋	38165
遮蓋	遮	蓋	35225
遮掩	遮	掩	28105
遮陽	遮	陽	27430
遮住	遮	住	26450
遮光	遮	光	13460
遮遮掩掩	遮	遮掩掩	7720
遮蔭	遮	蔭	6645
遮陽帽	遮	陽帽	4660
遮攔	遮	攔	4415
遮雨	遮	雨	4120
遮陰	遮	陰	3685
遮羞	遮	羞	2975
遮風	遮	風	2810
遮蔽	遮	蔽	2605
遮斷	遮	斷	2215
遮面	遮	面	1840
遮醜	遮	醜	1410
遮蔽物	遮	蔽物	970
遮太陽	遮	太陽	310
遮臉	遮	臉	109
遮瞞	遮	瞞	95
遮羞費	遮	羞費	90
遮路	遮	路	1
量化	量	化	121450
量子	量	子	13155
量子力學	量	子力學	13155
量販店	量	販店	1800
量產	量	產	28385
量力而行	量	力而行	27940
量變	量	變	17110
量刑	量	刑	16205
量測	量	測	13010
量度	量	度	12960
量販	量	販	6890
量出	量	出	5410
量入為出	量	入為出	5190
量詞	量	詞	4260
量杯	量	杯	3070
量力而為	量	力而為	2980
量角器	量	角器	2185
量器	量	器	1870
量筒	量	筒	456
量小氣窄	量	小氣窄	1
量表	量	表	1
量地	量	地	1
量角	量	角	1
量小易盈	量	小易盈	1
震撼	震	撼	209260
震動	震	動	161315
震驚	震	驚	93860
震懾	震	懾	25955
震蕩	震	蕩	21868
震盪	震	盪	21868
震顫	震	顫	18695
震撼力	震	撼力	15470
震耳欲聾	震	耳欲聾	12690
震怒	震	怒	8975
震旦	震	旦	7190
震耳	震	耳	5270
震源	震	源	3995
震波	震	波	2375
震裂	震	裂	2185
震天	震	天	1598
震震	震	震	1495
震天價響	震	天價響	670
震垮	震	垮	380
震駭	震	駭	90
震幅	震	幅	1
震慄	震	慄	1
震央	震	央	1
震古鑠今	震	古鑠今	1
飽飽	飽	飽	888
飽了。	飽	了。	888
飽和	飽	和	66370
飽滿	飽	滿	105995
飽受	飽	受	37545
飽和度	飽	和度	25055
飽覽	飽	覽	12940
飽嚐	飽	嚐	9160
飽食	飽	食	7225
飽餐	飽	餐	5450
飽和狀態	飽	和狀態	4615
飽經風霜	飽	經風霜	4160
飽餐一頓	飽	餐一頓	3685
飽食終日	飽	食終日	1590
飽學	飽	學	1525
飽學之士	飽	學之士	1440
飽和點	飽	和點	885
飽以老拳	飽	以老拳	335
飽經世故	飽	經世故	1
飽合	飽	合	1
飽足	飽	足	1
飽啖一頓	飽	啖一頓	1
飽讀詩書	飽	讀詩書	1
飽和脂肪	飽	和脂肪	1
健康	健	康	500982
健保	健	保	1
健身	健	身	263950
健身房	健	身房	41950
健忘	健	忘	16805
健全	健	全	458185
健美	健	美	68625
健康教育	健	康教育	60475
健壯	健	壯	29915
健康食品	健	康食品	16795
健在	健	在	15720
健兒	健	兒	14250
健談	健	談	9810
健將	健	將	7205
健碩	健	碩	5760
健步如飛	健	步如飛	2430
健忘症	健	忘症	1695
健朗	健	朗	1165
健力	健	力	900
健行	健	行	1
健康醋	健	康醋	1
健行工專	健	行工專	1
健美先生	健	美先生	1
元旦	元	旦	154870
元素	元	素	500272
元宵	元	宵	23590
元氣	元	氣	40255
元帥	元	帥	83860
元首	元	首	45795
元寶	元	寶	110835
元老	元	老	106480
元年	元	年	84450
元月	元	月	78150
元代	元	代	50800
元宵節	元	宵節	17390
元凶	元	凶	12910
元兇	元	兇	12910
元曲	元	曲	5850
元勛	元	勛	5100
元勳	元	勳	5100
元朝	元	朝	3312
元日	元	日	3290
元任	元	任	800
元宵夜	元	宵夜	720
元配	元	配	1
元始	元	始	1
免費	免	費	501109
免疫	免	疫	183060
免稅	免	稅	94200
免疫力	免	疫力	80410
免除	免	除	100090
免得	免	得	78900
免去	免	去	78665
免試	免	試	43500
免不了	免	不了	36145
免於	免	於	30215
免職	免	職	26657
免疫學	免	疫學	20560
免談	免	談	10005
免疫性	免	疫性	5175
免俗	免	俗	3910
免役	免	役	2050
免稅品	免	稅品	2045
免稅商店	免	稅商店	1845
免禮	免	禮	1200
免罰	免	罰	985
免卻	免	卻	876
免責權	免	責權	250
免費軟體	免	費軟體	1
六合彩	六	合彩	124665
六龜	六	龜	275
六甲	六	甲	2
六合	六	合	44535
六角形	六	角形	1
六四天安門事件	六	四天安門事件	1
六國	六	國	25335
六朝	六	朝	15535
六根	六	根	14890
六親	六	親	9465
六神無主	六	神無主	5160
六藝	六	藝	4145
六畜	六	畜	3975
六親不認	六	親不認	3845
六月雪	六	月雪	3645
六欲	六	欲	2030
六法全書	六	法全書	1115
六腳	六	腳	660
六書	六	書	616
六堵	六	堵	1
六和	六	和	1
六輕	六	輕	1
六信	六	信	1
刀削麵	刀	削麵	7105
刀片	刀	片	54550
刀子	刀	子	38370
刀傷	刀	傷	5480
刀劍	刀	劍	36005
刀法	刀	法	31755
刀刃	刀	刃	28820
刀鋒	刀	鋒	20410
刀柄	刀	柄	15700
刀口	刀	口	14120
刀叉	刀	叉	11665
刀槍	刀	槍	10775
刀光劍影	刀	光劍影	10135
刀疤	刀	疤	9660
刀槍不入	刀	槍不入	5700
刀背	刀	背	5255
刀痕	刀	痕	3955
刀筆	刀	筆	1545
刀俎	刀	俎	765
刀面	刀	面	1
刀械	刀	械	1
刀削冰	刀	削冰	1
刀劍無情	刀	劍無情	1
刻意	刻	意	127330
刻苦	刻	苦	59880
刻畫	刻	畫	56445
刻骨銘心	刻	骨銘心	37655
刻不容緩	刻	不容緩	20675
刻字	刻	字	17515
刻薄	刻	薄	13190
刻板	刻	板	11910
刻上	刻	上	9220
刻度	刻	度	9050
刻成	刻	成	7575
刻骨	刻	骨	7525
刻出	刻	出	6175
刻印	刻	印	6015
刻苦耐勞	刻	苦耐勞	3020
刻工	刻	工	2815
刻痕	刻	痕	2670
刻舟求劍	刻	舟求劍	2245
刻鐘	刻	鐘	2085
刻畫入微	刻	畫入微	30
刻劃出	刻	劃出	1
刻劃	刻	劃	1
刻即	刻	即	1
升級	升	級	500441
升上	升	上	888
升高	升	高	190730
升值	升	值	132460
升起	升	起	88010
升降	升	降	65920
升學	升	學	51200
升遷	升	遷	33005
升空	升	空	22920
升格	升	格	20835
升天	升	天	19815
升騰	升	騰	19050
升任	升	任	15255
升降機	升	降機	14160
升官	升	官	13730
升旗	升	旗	9215
升調	升	調	1940
升上來	升	上來	1180
升斗小民	升	斗小民	475
升堂入室	升	堂入室	260
升等	升	等	1
升火	升	火	1
升等考試	升	等考試	1
去年	去	年	500507
去吃	去	吃	888
去除	去	除	167125
去掉	去	掉	146760
去世	去	世	121610
去向	去	向	67075
去處	去	處	38270
去就	去	就	34980
去路	去	路	22475
去留	去	留	17135
去聲	去	聲	9120
去殼	去	殼	6690
去你的	去	你的	6190
去偽存真	去	偽存真	6105
去勢	去	勢	5750
去職	去	職	3625
去病	去	病	3085
去不成	去	不成	1240
去蕪存菁	去	蕪存菁	830
去函	去	函	735
去年度	去	年度	405
去逝	去	逝	1
去夏	去	夏	1
司機	司	機	417170
司法	司	法	233880
司令台	司	令台	270
司馬	司	馬	109250
司令	司	令	75730
司法部	司	法部	61285
司徒	司	徒	58280
司長	司	長	55220
司令部	司	令部	47445
司馬遷	司	馬遷	24245
司儀	司	儀	22155
司空	司	空	22065
司空見慣	司	空見慣	21710
司令官	司	令官	13415
司法權	司	法權	13185
司馬光	司	馬光	10670
司命	司	命	5385
司法界	司	法界	3810
司法官	司	法官	2505
司令臺	司	令臺	270
司法院	司	法院	1
司機員	司	機員	1
司業	司	業	1
噴嚏	噴	嚏	13785
噴出	噴	出	45590
噴射	噴	射	55105
噴淫水	噴	淫水	1
噴霧	噴	霧	65870
噴泉	噴	泉	43670
噴洒	噴	洒	41905
噴灑	噴	灑	41905
噴水	噴	水	36985
噴嘴	噴	嘴	33620
噴漆	噴	漆	26520
噴火	噴	火	15840
噴發	噴	發	14685
噴氣	噴	氣	14345
噴霧器	噴	霧器	11580
噴灌	噴	灌	10615
噴水池	噴	水池	5295
噴飯	噴	飯	4830
噴口	噴	口	4330
噴出來	噴	出來	3840
噴壺	噴	壺	2585
噴墨式	噴	墨式	470
噴射機	噴	射機	1
奉獻	奉	獻	259655
奉行	奉	行	63565
奉命	奉	命	34850
奉上	奉	上	25105
奉勸	奉	勸	18695
奉送	奉	送	10900
奉旨	奉	旨	9315
奉陪	奉	陪	6905
奉承	奉	承	5479
奉公	奉	公	4425
奉還	奉	還	4410
奉養	奉	養	3495
奉祀	奉	祀	3345
奉公守法	奉	公守法	2795
奉告	奉	告	2520
奉迎	奉	迎	1945
奉令	奉	令	1745
奉召	奉	召	1265
奉為圭臬	奉	為圭臬	1195
奉派	奉	派	850
奉調	奉	調	9
奉厝	奉	厝	1
奉到	奉	到	1
妙用	妙	用	21155
妙法	妙	法	15455
妙處	妙	處	13120
妙趣橫生	妙	趣橫生	12520
妙不可言	妙	不可言	11740
妙手	妙	手	10895
妙計	妙	計	10745
妙語	妙	語	10370
妙招	妙	招	9780
妙方	妙	方	8915
妙趣	妙	趣	5245
妙齡	妙	齡	3635
妙哉	妙	哉	2905
妙手回春	妙	手回春	2815
妙齡女郎	妙	齡女郎	1705
妙策	妙	策	1140
妙論	妙	論	1140
妙事	妙	事	965
妙喻	妙	喻	690
妙舞	妙	舞	660
妙手空空	妙	手空空	540
妙語如珠	妙	語如珠	130
妙麗	妙	麗	1
底部	底	部	149625
底層	底	層	98970
底線	底	線	81230
底座	底	座	54510
底特律	底	特律	16455
底下	底	下	94700
底薪	底	薪	40075
底蘊	底	蘊	37565
底價	底	價	37470
底片	底	片	34910
底板	底	板	30385
底色	底	色	24960
底子	底	子	19340
底稿	底	稿	16195
底細	底	細	14865
底面	底	面	14435
底盤	底	盤	10083
底本	底	本	9999
底牌	底	牌	9815
底定	底	定	1035
底案	底	案	1
底限	底	限	1
底線抽球	底	線抽球	1
忠誠	忠	誠	193595
忠實	忠	實	103435
忠心	忠	心	91545
忠告	忠	告	62960
忠於	忠	於	38665
忠義	忠	義	20825
忠貞	忠	貞	16970
忠臣	忠	臣	13040
忠厚	忠	厚	12550
忠心耿耿	忠	心耿耿	10830
忠信	忠	信	10425
忠孝	忠	孝	9660
忠良	忠	良	9115
忠勇	忠	勇	5325
忠言	忠	言	4540
忠烈	忠	烈	3620
忠魂	忠	魂	3235
忠順	忠	順	1695
忠言逆耳	忠	言逆耳	1685
忠烈祠	忠	烈祠	1535
忠孝兩全	忠	孝兩全	310
忠恕	忠	恕	303
忠肝義膽	忠	肝義膽	88
懷疑	懷	疑	463040
懷孕	懷	孕	213525
懷念	懷	念	127495
懷抱	懷	抱	76695
懷舊	懷	舊	56045
懷裡	懷	裡	173205
懷中	懷	中	78260
懷柔	懷	柔	33010
懷古	懷	古	10865
懷遠	懷	遠	7915
懷才不遇	懷	才不遇	7360
懷胎	懷	胎	6960
懷想	懷	想	4670
懷春	懷	春	3595
懷王	懷	王	3335
懷恨	懷	恨	3095
懷鄉	懷	鄉	1870
懷璧其罪	懷	璧其罪	420
懷疑心	懷	疑心	365
懷仁	懷	仁	56
懷德	懷	德	1
懷寧	懷	寧	1
懷憂	懷	憂	1
所以	所	以	502905
所得稅	所	得稅	152455
所謂	所	謂	500635
所得	所	得	388210
所有	所	有	502652
所在	所	在	500471
所屬	所	屬	500390
所在地	所	在地	500291
所有權	所	有權	281505
所有人	所	有人	186790
所長	所	長	154850
所有者	所	有者	79010
所及	所	及	31155
所作所為	所	作所為	29235
所幸	所	幸	19020
所見所聞	所	見所聞	12970
所以然	所	以然	12750
所向披靡	所	向披靡	12465
所羅門	所	羅門	8515
所好	所	好	8145
所向無敵	所	向無敵	5130
所費不貲	所	費不貲	345
所託非人	所	託非人	1
按鍵	按	鍵	198530
按鈕	按	鈕	500353
按下	按	下	178915
按摩	按	摩	305425
按照	按	照	501718
按部就班	按	部就班	22805
按時	按	時	186790
按住	按	住	125455
按此	按	此	70805
按期	按	期	61630
按月	按	月	60980
按日	按	日	20870
按捺不住	按	捺不住	13875
按摩師	按	摩師	10755
按例	按	例	9999
按理	按	理	9735
按兵不動	按	兵不動	7310
按捺	按	捺	6500
按圖索驥	按	圖索驥	5790
按序	按	序	3115
按址	按	址	1
按鈴申告	按	鈴申告	1
按圖為證	按	圖為證	1
揮手	揮	手	61605
揮揮手	揮	揮手	17275
揮發	揮	發	43740
揮霍	揮	霍	29360
揮舞	揮	舞	26455
揮動	揮	動	23875
揮灑	揮	灑	23565
揮之不去	揮	之不去	23110
揮刀	揮	刀	9250
揮毫	揮	毫	9055
揮劍	揮	劍	8545
揮淚	揮	淚	6285
揮拳	揮	拳	6185
揮灑自如	揮	灑自如	5650
揮汗如雨	揮	汗如雨	5375
揮金如土	揮	金如土	4860
揮拍	揮	拍	4675
揮別	揮	別	4520
揮軍	揮	軍	2635
揮鞭	揮	鞭	2555
揮霍無度	揮	霍無度	2095
揮汗	揮	汗	1920
揮兵	揮	兵	830
松山	松	山	111
松鼠	松	鼠	22745
松樹	松	樹	36220
松林	松	林	30395
松花江	松	花江	28270
松柏	松	柏	27845
松濤	松	濤	20570
松香	松	香	15190
松木	松	木	14455
松子	松	子	13650
松竹	松	竹	6450
松枝	松	枝	4230
松果	松	果	4060
松節油	松	節油	3755
松材線蟲	松	材線蟲	3420
松仁	松	仁	3100
松山區	松	山區	1675
松竹梅	松	竹梅	1290
松鶴延年	松	鶴延年	1144
松雞	松	雞	830
松江	松	江	474
松蕈	松	蕈	65
松煙	松	煙	9
牙醫	牙	醫	16840
牙痛	牙	痛	13340
牙齒	牙	齒	174405
牙膏	牙	膏	73475
牙刷	牙	刷	36140
牙線	牙	線	1
牙科	牙	科	25575
牙齦	牙	齦	23395
牙籤	牙	籤	21725
牙買加	牙	買加	12070
牙根	牙	根	9080
牙疼	牙	疼	6765
牙關	牙	關	6060
牙床	牙	床	4990
牙牙	牙	牙	4980
牙縫	牙	縫	4565
牙癢癢	牙	癢癢	3810
牙垢	牙	垢	1950
牙牙學語	牙	牙學語	1770
牙慧	牙	慧	1435
牙醫師	牙	醫師	525
牙輪	牙	輪	410
牙蟲	牙	蟲	100
牽引	牽	引	267810
牽掛	牽	掛	67665
牽手	牽	手	50420
牽制	牽	制	35150
牽扯	牽	扯	32675
牽動	牽	動	30510
牽涉到	牽	涉到	25635
牽連	牽	連	24365
牽涉	牽	涉	23865
牽強	牽	強	16285
牽絆	牽	絆	8560
牽起	牽	起	7705
牽線	牽	線	6665
牽強附會	牽	強附會	5895
牽腸掛肚	牽	腸掛肚	5780
牽一髮而動全身	牽	一髮而動全身	4825
牽牛花	牽	牛花	4765
牽累	牽	累	2455
牽繫	牽	繫	2265
牽牛織女	牽	牛織女	375
牽罟	牽	罟	1
牽亡	牽	亡	1
牽亡陣	牽	亡陣	1
種類	種	類	500264
種子	種	子	500257
種植	種	植	416330
種種	種	種	403700
種族	種	族	140890
種地	種	地	25085
種下	種	下	24160
種田	種	田	21775
種樹	種	樹	17215
種豬	種	豬	16190
種菜	種	菜	15020
種花	種	花	14015
種馬	種	馬	5910
種牛	種	牛	5210
種族主義	種	族主義	4730
種稻	種	稻	2140
種子隊	種	子隊	1520
種起	種	起	1
種性	種	性	1
種因	種	因	1
種子球員	種	子球員	1
種子網路	種	子網路	1
種瓜得瓜，種豆得豆	種	瓜得瓜，種豆得豆	1
答案	答	案	500462
答話	答	話	16510
答覆	答	覆	260905
答非所問	答	非所問	6385
答復	答	復	260905
答應	答	應	234360
答對	答	對	23515
答出	答	出	7595
答問	答	問	6715
答辯書	答	辯書	5155
答應下來	答	應下來	4545
答辯	答	辯	3333
答錄機	答	錄機	2250
答禮	答	禮	2175
答謝	答	謝	1589
答出來	答	出來	987
答允	答	允	473
答數	答	數	345
答案卷	答	案卷	1
答答	答	答	1
答理	答	理	1
答腔	答	腔	1
答詢	答	詢	1
羅馬	羅	馬	188160
羅漢	羅	漢	46145
羅盤	羅	盤	19905
羅列	羅	列	37495
羅斯福	羅	斯福	24250
羅浮宮	羅	浮宮	2610
羅蘭	羅	蘭	37105
羅馬尼亞	羅	馬尼亞	33630
羅馬帝國	羅	馬帝國	12355
羅馬人	羅	馬人	10775
羅布	羅	布	9355
羅曼蒂克	羅	曼蒂克	7655
羅曼史	羅	曼史	5395
羅馬數字	羅	馬數字	2595
羅宋湯	羅	宋湯	2342
羅織	羅	織	1735
羅致	羅	致	1730
羅素	羅	素	1024
羅拜	羅	拜	485
羅東	羅	東	1
羅扇	羅	扇	1
羅德島	羅	德島	1
羅吉斯	羅	吉斯	1
肥胖	肥	胖	133110
肥料	肥	料	95680
肥皂	肥	皂	41995
肥大	肥	大	36190
肥肉	肥	肉	31885
肥沃	肥	沃	31550
肥厚	肥	厚	18110
肥水	肥	水	13665
肥胖症	肥	胖症	13140
肥美	肥	美	12810
肥皂水	肥	皂水	9160
肥瘦	肥	瘦	7320
肥皂劇	肥	皂劇	7290
肥碩	肥	碩	5370
肥壯	肥	壯	5345
肥膩	肥	膩	2585
肥肥胖胖	肥	肥胖胖	1995
肥頭大耳	肥	頭大耳	1695
肥缺	肥	缺	1170
肥皂盒	肥	皂盒	860
肥料廠	肥	料廠	830
肥皂粉	肥	皂粉	535
肥水不落外人田	肥	水不落外人田	1
腳踏車	腳	踏車	9090
腳步	腳	步	207160
腳跟	腳	跟	26595
腳踝	腳	踝	22900
腳底	腳	底	23050
腳印	腳	印	55970
腳本	腳	本	271520
腳踏實地	腳	踏實地	49445
腳趾	腳	趾	29905
腳尖	腳	尖	30820
腳丫	腳	丫	9175
腳丫子	腳	丫子	5720
腳踏板	腳	踏板	4605
腳鐐	腳	鐐	4309
腳力	腳	力	3890
腳架	腳	架	3045
腳氣病	腳	氣病	2595
腳夫	腳	夫	2355
腳指甲	腳	指甲	1525
腳程	腳	程	1
腳脛	腳	脛	1
腳色	腳	色	1
腳趾頭	腳	趾頭	1
菜單	菜	單	459305
菜市場	菜	市場	27650
菜種	菜	種	1200
菜鳥	菜	鳥	120965
菜肴	菜	肴	103815
菜餚	菜	餚	103815
菜刀	菜	刀	28800
菜花	菜	花	23920
菜園	菜	園	19785
菜場	菜	場	18680
菜館	菜	館	17590
菜油	菜	油	12705
菜色	菜	色	8525
菜蔬	菜	蔬	3945
菜根	菜	根	3295
菜瓜	菜	瓜	2400
菜籃	菜	籃	1590
菜畦	菜	畦	760
菜圃	菜	圃	520
菜頭	菜	頭	468
菜豆	菜	豆	427
菜藍	菜	藍	1
菜鴨	菜	鴨	1
藏族	藏	族	106845
藏匿	藏	匿	15460
藏起來	藏	起來	12515
藏書	藏	書	4918
藏青	藏	青	3530
藏垢納汙	藏	垢納汙	335
藏寶	藏	寶	65341
藏語	藏	語	27245
藏身	藏	身	22090
藏文	藏	文	19735
藏鋒	藏	鋒	9999
藏人	藏	人	7940
藏私	藏	私	5555
藏龍臥虎	藏	龍臥虎	4790
藏不住	藏	不住	4415
藏污納垢	藏	污納垢	4300
藏汙納垢	藏	汙納垢	4300
藏青色	藏	青色	3170
藏胞	藏	胞	2790
藏書票	藏	書票	1575
藏拙	藏	拙	1455
藏頭露尾	藏	頭露尾	1110
藏嬌	藏	嬌	835
雨水	雨	水	107455
雨量	雨	量	34210
雨天	雨	天	47095
雨傘	雨	傘	37890
雨衣	雨	衣	24070
雨刷	雨	刷	19580
雨鞋	雨	鞋	2600
雨季	雨	季	41465
雨點	雨	點	35605
雨林	雨	林	33140
雨後春筍	雨	後春筍	23995
雨露	雨	露	18720
雨滴	雨	滴	16600
雨雪	雨	雪	15555
雨絲	雨	絲	10390
雨具	雨	具	10290
雨勢	雨	勢	6252
雨聲	雨	聲	5765
雨棚	雨	棚	3555
雨靴	雨	靴	1475
雨帽	雨	帽	760
雨傘節	雨	傘節	1
雨過天青	雨	過天青	1
飄飄	飄	飄	59125
飄浮	飄	浮	20565
飄落	飄	落	41965
飄零	飄	零	34065
飄雪	飄	雪	32095
飄蕩	飄	蕩	31615
飄盪	飄	盪	31615
飄揚	飄	揚	29390
飄動	飄	動	25845
飄然	飄	然	22380
飄散	飄	散	16825
飄忽	飄	忽	14395
飄搖	飄	搖	12255
飄飄然	飄	飄然	9750
飄逸	飄	逸	6373
飄忽不定	飄	忽不定	6315
飄飄欲仙	飄	飄欲仙	5870
飄逝	飄	逝	3090
飄遊	飄	遊	1680
飄泊	飄	泊	1
飄流	飄	流	1
飄渺	飄	渺	1
飄洋過海	飄	洋過海	1
鬧鐘	鬧	鐘	84165
鬧烘烘	鬧	烘烘	1
鬧中取靜	鬧	中取靜	6690
鬧事	鬧	事	24840
鬧市	鬧	市	22930
鬧劇	鬧	劇	21340
鬧出	鬧	出	16420
鬧場	鬧	場	9999
鬧鬼	鬧	鬼	7695
鬧翻	鬧	翻	7535
鬧洞房	鬧	洞房	5660
鬧哄哄	鬧	哄哄	4380
鬧革命	鬧	革命	3975
鬧情緒	鬧	情緒	2755
鬧笑話	鬧	笑話	2440
鬧熱	鬧	熱	1435
鬧房	鬧	房	1290
鬧聲	鬧	聲	1120
鬧意見	鬧	意見	970
鬧病	鬧	病	470
鬧酒	鬧	酒	1
鬧區	鬧	區	1
鬧喧	鬧	喧	1
鮮乳	鮮	乳	1
鮮花	鮮	花	417935
鮮奶	鮮	奶	61845
鮮明	鮮	明	128790
鮮活	鮮	活	76100
鮮艷	鮮	艷	56785
鮮豔	鮮	豔	56785
鮮紅	鮮	紅	44125
鮮美	鮮	美	43035
鮮嫩	鮮	嫩	36395
鮮為人知	鮮	為人知	23435
鮮有	鮮	有	21560
鮮亮	鮮	亮	19150
鮮味	鮮	味	16955
鮮果	鮮	果	15825
鮮肉	鮮	肉	14685
鮮食	鮮	食	10600
鮮紅色	鮮	紅色	8230
鮮少	鮮	少	3855
鮮麗	鮮	麗	2710
鮮魚	鮮	魚	2222
鮮貨	鮮	貨	2060
鮮血	鮮	血	448
鼓勵	鼓	勵	500526
鼓掌	鼓	掌	48785
鼓舞	鼓	舞	86020
鼓浪嶼	鼓	浪嶼	21400
鼓動	鼓	動	39070
鼓吹	鼓	吹	34360
鼓起	鼓	起	22875
鼓起勇氣	鼓	起勇氣	20185
鼓聲	鼓	聲	17270
鼓手	鼓	手	17020
鼓鼓的	鼓	鼓的	8320
鼓噪	鼓	噪	7640
鼓譟	鼓	譟	7640
鼓膜	鼓	膜	6890
鼓舞士氣	鼓	舞士氣	6175
鼓樂	鼓	樂	3861
鼓盪	鼓	盪	3260
鼓脹	鼓	脹	3205
鼓起來	鼓	起來	2510
鼓風爐	鼓	風爐	950
鼓舌如簧	鼓	舌如簧	20
鼓錘	鼓	錘	1
鼓號樂隊	鼓	號樂隊	1
乘換	乘	換	1
乘客	乘	客	202975
乘車	乘	車	185870
乘坐	乘	坐	180195
乘機	乘	機	78975
乘船	乘	船	37300
乘法	乘	法	25340
乘涼	乘	涼	11625
乘積	乘	積	11520
乘人之危	乘	人之危	10659
乘勢	乘	勢	9945
乘數	乘	數	9935
乘風破浪	乘	風破浪	9570
乘虛而入	乘	虛而入	9025
乘勝追擊	乘	勝追擊	6920
乘興	乘	興	3410
乘虛	乘	虛	2950
乘除	乘	除	2460
乘隙	乘	隙	1925
乘便	乘	便	525
乘具	乘	具	1
乘空	乘	空	1
亞細亞	亞	細亞	13570
亞洲	亞	洲	500313
亞馬遜	亞	馬遜	36115
亞太	亞	太	84600
亞軍	亞	軍	65715
亞運會	亞	運會	58465
亞太地區	亞	太地區	50925
亞當	亞	當	35910
亞麻	亞	麻	33310
亞熱帶	亞	熱帶	25990
亞東	亞	東	17345
亞洲杯	亞	洲杯	12760
亞洲人	亞	洲人	12165
亞瑟	亞	瑟	9999
亞裔	亞	裔	8355
亞運	亞	運	1371
亞伯	亞	伯	606
亞盟	亞	盟	575
亞庇	亞	庇	1
亞羅士打	亞	羅士打	1
亞蔬中心	亞	蔬中心	1
亞太經合會	亞	太經合會	1
仙草	仙	草	10115
仙人	仙	人	64160
仙女	仙	女	51435
仙人掌	仙	人掌	26750
仙人跳	仙	人跳	1
仙子	仙	子	63845
仙境	仙	境	48845
仙桃	仙	桃	25390
仙界	仙	界	19175
仙丹	仙	丹	9985
仙姑	仙	姑	7865
仙術	仙	術	7580
仙家	仙	家	5720
仙翁	仙	翁	5365
仙樂	仙	樂	4760
仙風道骨	仙	風道骨	3270
仙逝	仙	逝	3125
仙侶	仙	侶	2970
仙鶴	仙	鶴	1289
仙域	仙	域	2
仙鄉	仙	鄉	1
仙草蜜	仙	草蜜	1
住宅	住	宅	500314
住房	住	房	500297
住宿	住	宿	351845
住所	住	所	144265
住址	住	址	75860
住宅區	住	宅區	42295
住家	住	家	16765
住嘴	住	嘴	4840
住民	住	民	3105
住院	住	院	196185
住戶	住	戶	87485
住處	住	處	62975
住持	住	持	22060
住下	住	下	18365
住手	住	手	14915
住下來	住	下來	4285
住屋	住	屋	2285
住下去	住	下去	2015
住居	住	居	1485
住慣	住	慣	1
住者	住	者	1
住診	住	診	1
備份	備	份	9111
備註	備	註	500275
備忘錄	備	忘錄	95339
備用	備	用	120240
備案	備	案	500411
備受	備	受	79665
備考	備	考	64205
備有	備	有	62010
備戰	備	戰	38975
備胎	備	胎	13975
備忘	備	忘	13540
備受矚目	備	受矚目	9300
備註欄	備	註欄	6090
備取	備	取	4444
備件	備	件	3003
備下	備	下	2290
備而不用	備	而不用	435
備查	備	查	1
備妥	備	妥	1
備詢	備	詢	1
備受好評	備	受好評	1
備受威脅	備	受威脅	1
力量	力	量	500670
力爭	力	爭	240175
力求	力	求	197945
力氣	力	氣	118935
力學	力	學	76210
力圖	力	圖	56900
力不從心	力	不從心	33850
力道	力	道	29365
力士	力	士	20625
力行	力	行	8805
力挽狂瀾	力	挽狂瀾	7870
力邀	力	邀	7545
力戰	力	戰	5420
力薦	力	薦	4420
力爭上游	力	爭上游	4355
力勸	力	勸	4210
力排眾議	力	排眾議	4180
力盡	力	盡	3995
力挫	力	挫	1295
力透紙背	力	透紙背	1080
力有未逮	力	有未逮	615
力拚	力	拚	1
助理	助	理	300095
助手	助	手	152070
助選	助	選	1615
助教	助	教	32295
助跑	助	跑	7355
助聽器	助	聽器	15725
助學	助	學	110415
助力	助	力	62215
助長	助	長	35335
助學金	助	學金	34775
助學貸款	助	學貸款	23050
助人	助	人	21395
助興	助	興	17670
助陣	助	陣	16585
助威	助	威	12205
助益	助	益	8888
助產	助	產	6785
助理員	助	理員	6175
助產士	助	產士	3055
助講	助	講	1
助虐	助	虐	1
助選員	助	選員	1
吉祥	吉	祥	150750
吉利	吉	利	90210
吉林	吉	林	288280
吉他	吉	他	139375
吉隆坡	吉	隆坡	23605
吉普車	吉	普車	20085
吉林省	吉	林省	187470
吉凶	吉	凶	31410
吉普	吉	普	21670
吉日	吉	日	14405
吉普賽	吉	普賽	4970
吉兆	吉	兆	4710
吉人	吉	人	2865
吉貝	吉	貝	1580
吉人天相	吉	人天相	960
吉光片羽	吉	光片羽	545
吉羊	吉	羊	1
吉打	吉	打	1
吉房	吉	房	1
吉慶	吉	慶	1
吉魯巴	吉	魯巴	1
吉他社	吉	他社	1
向上	向	上	349890
向心力	向	心力	19730
向量	向	量	38185
向日葵	向	日葵	31480
向前	向	前	239540
向下	向	下	157600
向外	向	外	142875
向後	向	後	98925
向來	向	來	83985
向地	向	地	11540
向善	向	善	8915
向日	向	日	5935
向陽	向	陽	5563
向晚	向	晚	5555
向背	向	背	4240
向學	向	學	2275
向光性	向	光性	740
向例	向	例	295
向地性	向	地性	105
向溼性	向	溼性	101
向隅	向	隅	2
向度	向	度	1
執法	執	法	1363564
執行	執	行	549104
執業	執	業	249860
執政	執	政	171015
執照	執	照	67060
執導	執	導	44520
執政黨	執	政黨	37150
執意	執	意	33955
執筆	執	筆	21375
執掌	執	掌	19955
執教	執	教	19770
執行官	執	行官	13325
執委會	執	委會	11280
執拗	執	拗	11255
執事	執	事	9780
執行長	執	行長	8165
執迷不悟	執	迷不悟	7946
執政者	執	政者	5725
執迷	執	迷	3835
執牛耳	執	牛耳	1435
執一	執	一	1
執著	執	著	1
夾住	夾	住	16950
夾緊	夾	緊	1
夾起來	夾	起來	1195
夾心	夾	心	11355
夾克	夾	克	24275
夾竹桃	夾	竹桃	5400
夾層	夾	層	23295
夾雜	夾	雜	19450
夾帶	夾	帶	18060
夾角	夾	角	16465
夾板	夾	板	16260
夾擊	夾	擊	16035
夾縫	夾	縫	15005
夾子	夾	子	14205
夾道	夾	道	6620
夾頭	夾	頭	6345
夾攻	夾	攻	4960
夾道歡迎	夾	道歡迎	2515
夾入	夾	入	2020
夾衣	夾	衣	1100
夾層屋	夾	層屋	1
夾注號	夾	注號	1
委員會	委	員會	500534
委託	委	託	500423
委員	委	員	500283
委屈	委	屈	112830
委實	委	實	71750
委派	委	派	62250
委員長	委	員長	35470
委辦	委	辦	33460
委婉	委	婉	31435
委任	委	任	28970
委曲求全	委	曲求全	6495
委身	委	身	4295
委頓	委	頓	3050
委任狀	委	任狀	1290
委託行	委	託行	410
委決不下	委	決不下	375
委曲	委	曲	2
委靡	委	靡	1
委棄	委	棄	1
委蛇	委	蛇	1
委瑣	委	瑣	1
委靡不振	委	靡不振	1
尿尿	尿	尿	9005
尿在	尿	在	888
尿完	尿	完	888
尿道	尿	道	57620
尿失禁	尿	失禁	6960
尿液	尿	液	39795
尿布	尿	布	20615
尿素	尿	素	62995
尿酸	尿	酸	19425
尿毒症	尿	毒症	17870
尿道炎	尿	道炎	13905
尿急	尿	急	12270
尿床	尿	床	6205
尿片	尿	片	3475
尿道感染	尿	道感染	1595
尿壺	尿	壺	1485
尿袋	尿	袋	1111
尿桶	尿	桶	400
尿囊	尿	囊	10
尿療法	尿	療法	1
尿布疹	尿	布疹	1
尿液篩檢	尿	液篩檢	1
怪物	怪	物	230980
怪異	怪	異	78465
怪獸	怪	獸	55565
怪不得	怪	不得	46910
怪事	怪	事	27980
怪人	怪	人	23705
怪石	怪	石	22545
怪罪	怪	罪	12185
怪誕不經	怪	誕不經	9999
怪誕	怪	誕	9250
怪病	怪	病	9080
怪癖	怪	癖	7420
怪談	怪	談	4455
怪傑	怪	傑	3160
怪哉	怪	哉	1995
怪模怪樣	怪	模怪樣	1875
怪裡怪氣	怪	裡怪氣	1385
怪論	怪	論	1195
怪到	怪	到	1150
怪怨	怪	怨	999
怪力亂神	怪	力亂神	171
怪手	怪	手	1
技巧	技	巧	500408
技術	技	術	502896
技能	技	能	500547
技術人員	技	術人員	238860
技師	技	師	97520
技法	技	法	78405
技術員	技	術員	71840
技工	技	工	47055
技術合作	技	術合作	38635
技術學院	技	術學院	21605
技術部門	技	術部門	9470
技術水準	技	術水準	3230
技高一籌	技	高一籌	3165
技癢	技	癢	1240
技擊	技	擊	900
技窮	技	窮	555
技藝	技	藝	89
技正	技	正	33
技倆	技	倆	1
技士	技	士	1
技能科	技	能科	1
技術單位	技	術單位	1
掌握	掌	握	500775
掌聲	掌	聲	133245
掌控	掌	控	78375
掌心	掌	心	51600
掌櫃	掌	櫃	51040
掌管	掌	管	37230
掌門人	掌	門人	33555
掌上明珠	掌	上明珠	24313
掌權	掌	權	11220
掌舵	掌	舵	6740
掌故	掌	故	5425
掌印	掌	印	3620
掌摑	掌	摑	3333
掌狀	掌	狀	1265
掌廚	掌	廚	970
掌嘴	掌	嘴	895
掌政	掌	政	810
掌中戲	掌	中戲	160
掌理	掌	理	1
掌心雷	掌	心雷	1
掌上型電腦	掌	上型電腦	1
掌上型掃描器	掌	上型掃描器	1
擔心	擔	心	500324
擔任	擔	任	500377
擔保	擔	保	353780
擔憂	擔	憂	124035
擔當	擔	當	75405
擔負	擔	負	48220
擔負起	擔	負起	28565
擔子	擔	子	27095
擔架	擔	架	16500
擔承	擔	承	9999
擔驚受怕	擔	驚受怕	6060
擔風險	擔	風險	5005
擔驚	擔	驚	4450
擔保權	擔	保權	3830
擔擔麵	擔	擔麵	3792
擔待	擔	待	3125
擔水	擔	水	2810
擔綱	擔	綱	2047
擔當不起	擔	當不起	2020
擔不起	擔	不起	1545
擔仔麵	擔	仔麵	355
擔擱	擔	擱	1
昏迷	昏	迷	72265
昏暗	昏	暗	23160
昏倒	昏	倒	20620
昏睡	昏	睡	17875
昏黃	昏	黃	15115
昏昏欲睡	昏	昏欲睡	12270
昏迷不醒	昏	迷不醒	11160
昏厥	昏	厥	10865
昏昏沉沉	昏	昏沉沉	10535
昏沉	昏	沉	10380
昏過去	昏	過去	7255
昏庸	昏	庸	6255
昏君	昏	君	5905
昏天黑地	昏	天黑地	4940
昏花	昏	花	2720
昏眩	昏	眩	2575
昏聵	昏	聵	1610
昏天暗地	昏	天暗地	1460
昏昧	昏	昧	705
昏亂	昏	亂	266
昏頭轉向	昏	頭轉向	39
昏沈	昏	沈	1
期間	期	間	500806
期限	期	限	500306
期待	期	待	500263
期望	期	望	374990
期貨	期	貨	312260
期刊	期	刊	239165
期末	期	末	135295
期盼	期	盼	93590
期中	期	中	42580
期數	期	數	23365
期許	期	許	12970
期約	期	約	10735
期滿	期	滿	2555
期期艾艾	期	期艾艾	1935
期票	期	票	1695
期考	期	考	999
期中選舉	期	中選舉	1
期勉	期	勉	1
期日	期	日	1
期收	期	收	1
期末考	期	末考	1
期中考	期	中考	1
桃園	桃	園	34265
桃花	桃	花	127160
桃子	桃	子	41895
桃源	桃	源	38555
桃花源	桃	花源	20935
桃樹	桃	樹	16895
桃李	桃	李	15830
桃仁	桃	仁	11425
桃紅	桃	紅	10830
桃花運	桃	花運	9670
桃色	桃	色	8760
桃李滿天下	桃	李滿天下	3645
桃符	桃	符	2510
桃園縣	桃	園縣	2280
桃紅柳綠	桃	紅柳綠	1765
桃園結義	桃	園結義	1665
桃花劫	桃	花劫	1080
桃花眼	桃	花眼	825
桃色糾紛	桃	色糾紛	140
桃太郎	桃	太郎	1
桃園市	桃	園市	1
桃李不言，下自成蹊	桃	李不言，下自成蹊	1
榮總	榮	總	1520
榮民	榮	民	1580
榮譽	榮	譽	385895
榮華富貴	榮	華富貴	10450
榮獲	榮	獲	264340
榮耀	榮	耀	76680
榮幸	榮	幸	35690
榮膺	榮	膺	15165
榮登	榮	登	13485
榮辱與共	榮	辱與共	6115
榮任	榮	任	2690
榮枯	榮	枯	2315
榮譽學位	榮	譽學位	1305
榮寵	榮	寵	1215
榮歸	榮	歸	1195
榮銜	榮	銜	740
榮典	榮	典	260
榮華	榮	華	213
榮祿	榮	祿	94
榮顯	榮	顯	1
榮工處	榮	工處	1
榮譽心	榮	譽心	1
疑問句	疑	問句	888
疑問	疑	問	295465
疑惑	疑	惑	131890
疑慮	疑	慮	55405
疑難	疑	難	46875
疑似	疑	似	34790
疑點	疑	點	29660
疑心	疑	心	22815
疑難雜症	疑	難雜症	14745
疑犯	疑	犯	11530
疑雲	疑	雲	9999
疑為	疑	為	7355
疑神疑鬼	疑	神疑鬼	7140
疑團	疑	團	6935
疑案	疑	案	6575
疑竇	疑	竇	2975
疑懼	疑	懼	2570
疑凶	疑	凶	2090
疑心病	疑	心病	1295
疑猜	疑	猜	1
疑義	疑	義	1
疑信參半	疑	信參半	1
素珍	素	珍	2
素食	素	食	34320
素質	素	質	500424
素材	素	材	210270
素有	素	有	85605
素描	素	描	74100
素來	素	來	21055
素雅	素	雅	15995
素菜	素	菜	14755
素不相識	素	不相識	11380
素淨	素	淨	4645
素日	素	日	3895
素昧平生	素	昧平生	3765
素聞	素	聞	1800
素養	素	養	1244
素願	素	願	999
素餐	素	餐	710
素樸	素	樸	314
素行不良	素	行不良	1
素行	素	行	1
素交	素	交	1
素人畫家	素	人畫家	1
縣市	縣	市	77140
縣長	縣	長	66045
縣民	縣	民	8325
縣政府	縣	政府	146795
縣立	縣	立	3820
縣議會	縣	議會	455
縣議員	縣	議員	185
縣城	縣	城	260595
縣委	縣	委	203020
縣官	縣	官	13775
縣令	縣	令	8145
縣太爺	縣	太爺	3715
縣界	縣	界	999
縣府	縣	府	939
縣境	縣	境	179
縣運會	縣	運會	40
縣治	縣	治	3
縣學	縣	學	2
縣監獄	縣	監獄	1
縣老爺	縣	老爺	1
縣差	縣	差	1
縣轄市	縣	轄市	1
罪犯	罪	犯	99090
罪惡	罪	惡	69990
罪名	罪	名	58850
罪行	罪	行	56745
罪過	罪	過	35260
罪人	罪	人	27355
罪魁禍首	罪	魁禍首	23690
罪狀	罪	狀	13305
罪孽	罪	孽	12810
罪惡感	罪	惡感	9160
罪證	罪	證	8205
罪案	罪	案	7680
罪大惡極	罪	大惡極	4770
罪有應得	罪	有應得	4005
罪刑法定原則	罪	刑法定原則	3520
罪刑	罪	刑	3485
罪魁	罪	魁	2705
罪該萬死	罪	該萬死	2045
罪愆	罪	愆	815
罪不可赦	罪	不可赦	795
罪嫌	罪	嫌	65
罪無可逭	罪	無可逭	1
衝突	衝	突	388180
衝擊	衝	擊	353965
衝動	衝	動	231055
衝刺	衝	刺	74120
衝出	衝	出	63185
衝進	衝	進	54310
衝破	衝	破	52575
衝擊力	衝	擊力	49995
衝浪	衝	浪	44425
衝鋒	衝	鋒	34580
衝撞	衝	撞	25265
衝鋒槍	衝	鋒槍	16780
衝勁	衝	勁	10850
衝鋒陷陣	衝	鋒陷陣	10215
衝口而出	衝	口而出	4015
衝激	衝	激	2460
衝口	衝	口	2255
衝浪板	衝	浪板	1835
衝倒	衝	倒	1375
衝犯	衝	犯	1135
衝要	衝	要	995
衝力	衝	力	742
評論	評	論	928410
評價	評	價	500746
評估	評	估	500469
評分	評	分	500271
評審	評	審	457225
評選	評	選	352010
評定	評	定	287265
評議	評	議	149125
評判	評	判	82635
評語	評	語	59325
評析	評	析	37800
評述	評	述	36135
評論家	評	論家	32945
評介	評	介	11855
評理	評	理	8340
評鑑	評	鑑	7300
評量	評	量	5725
評頭論足	評	頭論足	5165
評斷	評	斷	4605
評核	評	核	4550
評傳	評	傳	3420
評等	評	等	1
課程	課	程	500859
課堂	課	堂	312175
課本	課	本	104570
課題	課	題	500259
課文	課	文	176520
課外	課	外	67980
課後	課	後	59155
課程標準	課	程標準	42545
課外活動	課	外活動	25765
課餘	課	餘	23715
課間	課	間	17365
課程表	課	程表	11085
課表	課	表	9999
課長	課	長	9050
課業	課	業	8220
課目	課	目	8100
課稅	課	稅	6375
課外讀物	課	外讀物	4850
課征	課	征	3620
課徵	課	徵	3620
課室	課	室	9
課員	課	員	1
謝謝你	謝	謝你	888
謝謝！	謝	謝！	888
謝謝	謝	謝	500835
謝謝老公。	謝	謝老公。	888
謝絕	謝	絕	77710
謝意	謝	意	42245
謝幕	謝	幕	13460
謝罪	謝	罪	9670
謝天謝地	謝	天謝地	9305
謝恩	謝	恩	8205
謝禮	謝	禮	3115
謝客	謝	客	1175
謝帖	謝	帖	1111
謝忱	謝	忱	880
謝世	謝	世	231
謝票	謝	票	111
謝辭	謝	辭	1
謝函	謝	函	1
謝神	謝	神	1
謝東閔	謝	東閔	1
謝國城	謝	國城	1
謝師宴	謝	師宴	1
證明	證	明	500700
證書	證	書	500465
證券	證	券	744085
證據	證	據	487610
證實	證	實	347425
證件	證	件	340080
證明文件	證	明文件	88530
證人	證	人	79235
證明書	證	明書	52160
證照	證	照	29050
證言	證	言	19400
證詞	證	詞	10755
證物	證	物	4845
證婚人	證	婚人	4265
證券商	證	券商	3910
證婚	證	婚	3240
證悟	證	悟	1677
證驗	證	驗	1450
證管會	證	管會	350
證道	證	道	3
證交稅	證	交稅	1
證所稅	證	所稅	1
豆腐	豆	腐	511649
豆漿	豆	漿	149318
豆芽	豆	芽	69507
豆干	豆	干	1111
豆花	豆	花	1063
豆腐乳	豆	腐乳	5098
豆油	豆	油	112470
豆子	豆	子	26520
豆瓣	豆	瓣	17710
豆豉	豆	豉	17211
豆腐干	豆	腐干	17156
豆腐乾	豆	腐乾	17156
豆沙	豆	沙	11575
豆蔻	豆	蔻	7805
豆餅	豆	餅	6565
豆莢	豆	莢	4445
豆類	豆	類	4257
豆苗	豆	苗	3810
豆渣	豆	渣	3465
豆芽菜	豆	芽菜	3375
豆蔻年華	豆	蔻年華	2995
豆菜	豆	菜	1
貧困	貧	困	243920
貧窮	貧	窮	91110
貧血	貧	血	78165
貧乏	貧	乏	30970
貧富	貧	富	20455
貧苦	貧	苦	19390
貧道	貧	道	16855
貧民	貧	民	14265
貧寒	貧	寒	13785
貧農	貧	農	12075
貧賤	貧	賤	11355
貧瘠	貧	瘠	9865
貧僧	貧	僧	7855
貧民窟	貧	民窟	6490
貧嘴	貧	嘴	5175
貧民區	貧	民區	3895
貧弱	貧	弱	3485
貧富不均	貧	富不均	1885
貧戶	貧	戶	855
貧病交迫	貧	病交迫	315
貧血症	貧	血症	1
貧嘴薄舌	貧	嘴薄舌	1
賭博	賭	博	155700
賭場	賭	場	48410
賭注	賭	注	21090
賭氣	賭	氣	17820
賭徒	賭	徒	16625
賭城	賭	城	7395
賭錢	賭	錢	6905
賭局	賭	局	6590
賭資	賭	資	5580
賭債	賭	債	4810
賭客	賭	客	2750
賭棍	賭	棍	2701
賭輸	賭	輸	2555
賭具	賭	具	2000
賭馬	賭	馬	1885
賭咒	賭	咒	1135
賭贏	賭	贏	1120
賭本	賭	本	1111
賭法	賭	法	700
賭友	賭	友	670
賭風	賭	風	1
賭帳	賭	帳	1
足夠	足	夠	492845
足球	足	球	331025
足底	足	底	10250
足癬	足	癬	176
足以	足	以	300675
足跡	足	跡	84550
足額	足	額	66630
足足	足	足	50115
足球隊	足	球隊	36230
足不出戶	足	不出戶	27785
足部	足	部	25210
足見	足	見	24850
足球場	足	球場	21130
足下	足	下	16495
足壇	足	壇	12570
足智多謀	足	智多謀	6080
足印	足	印	6045
足金	足	金	3850
足心	足	心	2805
足色	足	色	780
足歲	足	歲	535
足賽	足	賽	1
邊緣	邊	緣	286600
邊界	邊	界	155220
邊境	邊	境	100210
邊際	邊	際	36180
邊疆	邊	疆	38525
邊上	邊	上	108745
邊防	邊	防	44275
邊遠	邊	遠	26000
邊沿	邊	沿	17665
邊區	邊	區	16850
邊陲	邊	陲	15715
邊關	邊	關	9000
邊門	邊	門	2805
邊線	邊	線	1505
邊患	邊	患	1180
邊幅	邊	幅	660
邊鎮	邊	鎮	187
邊地	邊	地	9
邊飾	邊	飾	1
邊外	邊	外	1
邊政	邊	政	1
邊疆地帶	邊	疆地帶	1
銅牌	銅	牌	39935
銅錢	銅	錢	26920
銅礦	銅	礦	25880
銅板	銅	板	25185
銅像	銅	像	21265
銅管	銅	管	18125
銅幣	銅	幣	16220
銅鏡	銅	鏡	13765
銅器	銅	器	13645
銅鼓	銅	鼓	13060
銅線	銅	線	12535
銅山	銅	山	7315
銅鑼	銅	鑼	5325
銅版	銅	版	4930
銅牆鐵壁	銅	牆鐵壁	4820
銅綠	銅	綠	2845
銅鑼燒	銅	鑼燒	2504
銅臭味	銅	臭味	1440
銅版畫	銅	版畫	1065
銅臭	銅	臭	964
銅絲	銅	絲	790
銅條	銅	條	1
鑽石	鑽	石	266685
鑽進	鑽	進	43330
鑽戒	鑽	戒	22930
鑽孔	鑽	孔	36545
鑽頭	鑽	頭	21505
鑽探	鑽	探	18930
鑽出	鑽	出	17455
鑽入	鑽	入	13935
鑽研	鑽	研	9999
鑽牛角尖	鑽	牛角尖	9040
鑽床	鑽	床	8485
鑽營	鑽	營	3830
鑽開	鑽	開	3698
鑽孔機	鑽	孔機	2440
鑽洞	鑽	洞	2075
鑽子	鑽	子	1520
鑽台	鑽	台	505
鑽鑿	鑽	鑿	385
鑽成	鑽	成	1
鑽空	鑽	空	1
鑽狗洞	鑽	狗洞	1
鑽天入地	鑽	天入地	1
露臉	露	臉	13280
露天	露	天	65890
露營	露	營	35495
露出	露	出	249410
露面	露	面	38370
露珠	露	珠	19200
露水	露	水	18200
露台	露	台	16605
露臺	露	臺	16605
露骨	露	骨	12445
露宿	露	宿	8710
露出來	露	出來	8575
露頭	露	頭	6445
露出馬腳	露	出馬腳	3335
露白	露	白	3125
露一手	露	一手	2885
露天電影	露	天電影	2425
露天劇場	露	天劇場	1455
露馬腳	露	馬腳	885
露相	露	相	855
露頭角	露	頭角	820
露水夫妻	露	水夫妻	350
之前	之	前	500833
之後	之	後	501765
之間	之	間	501772
之中	之	中	500575
之外	之	外	500418
之下	之	下	498085
之類	之	類	404315
之所以	之	所以	398625
之內	之	內	338655
之初	之	初	138235
之時	之	時	100000
之際	之	際	26200
之流	之	流	25355
之於	之	於	6228
之上	之	上	3272
之交	之	交	1619
之至	之	至	1566
之餘	之	餘	149
之秋	之	秋	6
之右	之	右	1
之左	之	左	1
仁愛	仁	愛	19790
仁愛路	仁	愛路	670
仁慈	仁	慈	23655
仁義	仁	義	30705
仁兄	仁	兄	17610
仁德	仁	德	8135
仁政	仁	政	6445
仁人志士	仁	人志士	6020
仁厚	仁	厚	4900
仁心	仁	心	3970
仁至義盡	仁	至義盡	1905
仁宗	仁	宗	1002
仁武	仁	武	705
仁人君子	仁	人君子	510
仁弟	仁	弟	380
仁民愛物	仁	民愛物	22
仁人	仁	人	2
仁澤	仁	澤	1
仁愛之家	仁	愛之家	1
仁心仁術	仁	心仁術	1
仁智互見	仁	智互見	1
付出	付	出	377535
付款	付	款	361505
付給	付	給	45145
付清	付	清	43835
付錢	付	錢	35685
付賬	付	賬	9210
付與	付	與	4610
付諸東流	付	諸東流	3865
付之一炬	付	之一炬	3305
付印	付	印	3120
付郵	付	郵	2525
付梓	付	梓	2195
付現	付	現	2020
付之一笑	付	之一笑	1560
付託	付	託	1455
付諸流水	付	諸流水	1130
付訖	付	訖	1060
付之流水	付	之流水	270
付予	付	予	1
付帳	付	帳	1
付之闕如	付	之闕如	1
伸縮	伸	縮	39120
伸展	伸	展	67400
伸手	伸	手	176315
伸出	伸	出	149580
伸直	伸	直	39375
伸長	伸	長	19550
伸入	伸	入	13585
伸開	伸	開	7525
伸縮性	伸	縮性	6965
伸出來	伸	出來	6845
伸張	伸	張	6680
伸出援手	伸	出援手	5995
伸手不見五指	伸	手不見五指	5870
伸張正義	伸	張正義	5725
伸縮縫	伸	縮縫	5180
伸頭	伸	頭	3355
伸懶腰	伸	懶腰	2720
伸腿	伸	腿	2415
伸港	伸	港	1
伸及	伸	及	1
伸冤	伸	冤	1
兒子	兒	子	500415
兒童	兒	童	500499
兒女	兒	女	99055
兒科	兒	科	47625
兒歌	兒	歌	35635
兒媳	兒	媳	22890
兒童文學	兒	童文學	19530
兒孫	兒	孫	14530
兒戲	兒	戲	13360
兒媳婦	兒	媳婦	12760
兒童節	兒	童節	12205
兒童樂園	兒	童樂園	6455
兒童期	兒	童期	5605
兒女情長	兒	女情長	4755
兒童讀物	兒	童讀物	4685
兒郎	兒	郎	4490
兒童福利	兒	童福利	3350
兒語	兒	語	2460
兒童節目	兒	童節目	1470
兒化音	兒	化音	450
兒童受虐	兒	童受虐	1
刺激	刺	激	500313
刺客	刺	客	54865
刺激性	刺	激性	41800
刺殺	刺	殺	36570
刺耳	刺	耳	31530
刺眼	刺	眼	31165
刺痛	刺	痛	29480
刺蝟	刺	蝟	24100
刺刀	刺	刀	17460
刺繡	刺	繡	16440
刺鼻	刺	鼻	16360
刺骨	刺	骨	15655
刺破	刺	破	10935
刺穿	刺	穿	9875
刺探	刺	探	8135
刺青	刺	青	8115
刺目	刺	目	6790
刺史	刺	史	5465
刺針	刺	針	710
刺刺	刺	刺	1
刺股懸梁	刺	股懸梁	1
即將	即	將	500257
即可	即	可	500819
即使	即	使	500575
即便	即	便	180785
即為	即	為	131675
即刻	即	刻	59470
即位	即	位	36675
即日	即	日	35060
即興	即	興	33655
即時	即	時	22222
即告	即	告	10475
即或	即	或	3560
即令	即	令	660
即席	即	席	559
即早	即	早	175
即今	即	今	148
即期支票	即	期支票	30
即景	即	景	26
即墨	即	墨	2
即速	即	速	1
即已	即	已	1
厚度	厚	度	207095
厚重	厚	重	72000
厚愛	厚	愛	43900
厚實	厚	實	39540
厚道	厚	道	28595
厚顏	厚	顏	18950
厚薄	厚	薄	16795
厚望	厚	望	12235
厚禮	厚	禮	9090
厚紙	厚	紙	6345
厚板	厚	板	6075
厚顏無恥	厚	顏無恥	5255
厚臉皮	厚	臉皮	3585
厚待	厚	待	3205
厚利	厚	利	2930
厚意	厚	意	1635
厚誼	厚	誼	310
厚大	厚	大	163
厚誣	厚	誣	1
厚生省	厚	生省	1
厚此薄彼	厚	此薄彼	1
唱片	唱	片	221905
唱歌	唱	歌	179395
唱出	唱	出	32530
唱反調	唱	反調	4025
唱腔	唱	腔	27955
唱戲	唱	戲	16480
唱起	唱	起	12755
唱詞	唱	詞	10405
唱和	唱	和	7535
唱起來	唱	起來	3815
唱盤	唱	盤	3375
唱名	唱	名	2215
唱高調	唱	高調	2065
唱獨角戲	唱	獨角戲	1630
唱票	唱	票	1250
唱針	唱	針	960
唱本	唱	本	870
唱空城計	唱	空城計	330
唱機	唱	機	66
唱遊	唱	遊	1
唱作俱佳	唱	作俱佳	1
嘉賓	嘉	賓	231305
嘉獎	嘉	獎	33520
嘉慶	嘉	慶	31245
嘉靖	嘉	靖	29160
嘉許	嘉	許	4460
嘉年華會	嘉	年華會	1925
嘉義市	嘉	義市	1693
嘉義縣	嘉	義縣	1365
嘉勉	嘉	勉	910
嘉禾	嘉	禾	111
嘉興	嘉	興	102
嘉定	嘉	定	2
嘉惠	嘉	惠	1
嘉禮	嘉	禮	1
嘉南	嘉	南	1
嘉言	嘉	言	1
嘉義	嘉	義	1
嘉興府	嘉	興府	1
嘉南大圳	嘉	南大圳	1
嘉南藥專	嘉	南藥專	1
嘉義農專	嘉	義農專	1
套住	套	住	12790
套餐	套	餐	181690
套房	套	房	173075
套裝	套	裝	210940
套牢	套	牢	13100
套用	套	用	41085
套利	套	利	30525
套間	套	間	28515
套上	套	上	26630
套子	套	子	9960
套話	套	話	9390
套印	套	印	8665
套索	套	索	8635
套色	套	色	5585
套頭	套	頭	4100
套匯	套	匯	2280
套交情	套	交情	565
套問	套	問	555
套裝軟體	套	裝軟體	295
套招	套	招	1
套裝旅遊	套	裝旅遊	1
嬌艷	嬌	艷	20605
嬌嫩	嬌	嫩	29465
嬌小	嬌	小	26250
嬌豔	嬌	豔	20605
嬌媚	嬌	媚	15720
嬌羞	嬌	羞	15445
嬌美	嬌	美	10810
嬌柔	嬌	柔	9999
嬌氣	嬌	氣	9690
嬌嗔	嬌	嗔	9335
嬌妻	嬌	妻	8505
嬌滴滴	嬌	滴滴	8100
嬌生慣養	嬌	生慣養	6635
嬌弱	嬌	弱	6495
嬌貴	嬌	貴	5910
嬌憨	嬌	憨	3640
嬌小玲瓏	嬌	小玲瓏	3020
嬌娃	嬌	娃	2985
嬌嬈	嬌	嬈	1490
嬌客	嬌	客	615
嬌縱	嬌	縱	90
慘叫	慘	叫	36660
慘烈	慘	烈	34105
慘敗	慘	敗	25515
慘遭	慘	遭	24815
慘白	慘	白	24140
慘痛	慘	痛	20315
慘不忍睹	慘	不忍睹	20080
慘淡	慘	淡	18500
慘重	慘	重	18400
慘案	慘	案	16795
慘死	慘	死	15350
慘劇	慘	劇	15260
慘狀	慘	狀	8935
慘絕人寰	慘	絕人寰	4770
慘無人道	慘	無人道	4095
慘兮兮	慘	兮兮	810
慘跌	慘	跌	725
慘澹	慘	澹	1
慘酷	慘	酷	1
慘澹經營	慘	澹經營	1
慘綠少年	慘	綠少年	1
慢慢	慢	慢	500284
慢性	慢	性	235600
慢性病	慢	性病	28710
慢速	慢	速	28310
慢跑	慢	跑	21895
慢條斯理	慢	條斯理	10250
慢走	慢	走	8460
慢火	慢	火	7850
慢吞吞	慢	吞吞	6545
慢下來	慢	下來	5755
慢車	慢	車	4890
慢動作	慢	動作	4815
慢步	慢	步	4705
慢板	慢	板	4355
慢騰騰	慢	騰騰	2200
慢用	慢	用	1630
慢車道	慢	車道	1585
慢工出細活	慢	工出細活	1300
慢說	慢	說	1055
慢點兒	慢	點兒	760
慢慢吞吞	慢	慢吞吞	760
戒指	戒	指	544845
戒菸	戒	菸	46710
戒煙	戒	煙	46710
戒毒	戒	毒	34025
戒備	戒	備	27290
戒律	戒	律	23935
戒除	戒	除	23333
戒心	戒	心	12750
戒懼	戒	懼	11111
戒掉	戒	掉	10450
戒酒	戒	酒	10245
戒嚴	戒	嚴	9735
戒具	戒	具	6666
戒慎	戒	慎	1925
戒刀	戒	刀	1660
戒賭	戒	賭	1480
戒尺	戒	尺	1095
戒嚴令	戒	嚴令	890
戒護	戒	護	333
戒嚴案	戒	嚴案	1
戒嚴法	戒	嚴法	1
房間	房	間	500355
房屋	房	屋	500628
房子	房	子	500327
房屋稅	房	屋稅	1
房地產	房	地產	5638548
房產	房	產	497135
房價	房	價	442710
房租	房	租	162955
房門	房	門	85715
房東	房	東	70320
房貸	房	貸	63910
房主	房	主	34185
房車	房	車	23210
房客	房	客	22805
房舍	房	舍	12485
房門口	房	門口	4685
房契	房	契	2875
房事	房	事	2597
房角	房	角	2045
房地	房	地	2013
房脊	房	脊	1405
批准	批	准	500746
批發	批	發	500286
批評	批	評	404630
批發價	批	發價	205235
批判	批	判	172125
批次	批	次	106295
批發商	批	發商	66270
批示	批	示	50300
批文	批	文	35820
批改	批	改	22595
批註	批	註	21430
批評家	批	評家	17960
批閱	批	閱	9215
批駁	批	駁	9165
批評者	批	評者	7800
批購	批	購	1980
批點	批	點	690
批回	批	回	1
批貨	批	貨	1
批價	批	價	1
批命	批	命	1
捲起來	捲	起來	4010
捲筒	捲	筒	8785
捲菸	捲	菸	80120
捲入	捲	入	49155
捲軸	捲	軸	33110
捲起	捲	起	29815
捲髮	捲	髮	23635
捲曲	捲	曲	19140
捲簾	捲	簾	16945
捲土重來	捲	土重來	15425
捲進	捲	進	9070
捲走	捲	走	8655
捲成	捲	成	7720
捲動	捲	動	6600
捲尺	捲	尺	3730
捲鋪蓋	捲	鋪蓋	2290
捲住	捲	住	1800
捲款潛逃	捲	款潛逃	1230
捲袖	捲	袖	455
捲雲	捲	雲	3
捲入漩渦	捲	入漩渦	1
搭到	搭	到	888
搭配	搭	配	413620
搭建	搭	建	209040
搭乘	搭	乘	52015
搭檔	搭	檔	51765
搭載	搭	載	43180
搭上	搭	上	33140
搭起	搭	起	21270
搭訕	搭	訕	16875
搭橋	搭	橋	14010
搭話	搭	話	7915
搭救	搭	救	7425
搭便車	搭	便車	6255
搭成	搭	成	6060
搭好	搭	好	5390
搭棚	搭	棚	3005
搭機	搭	機	2460
搭調	搭	調	1735
搭不上線	搭	不上線	1
搭擋	搭	擋	1
搭景	搭	景	1
旅行	旅	行	332080
旅行社	旅	行社	500262
旅遊	旅	遊	500977
旅館	旅	館	145765
旅客	旅	客	330995
旅費	旅	費	9865
旅遊業	旅	遊業	180430
旅途	旅	途	93935
旅程	旅	程	92055
旅店	旅	店	40485
旅行者	旅	行者	28580
旅社	旅	社	21375
旅人	旅	人	20935
旅長	旅	長	17575
旅行團	旅	行團	14910
旅行車	旅	行車	14030
旅居	旅	居	10050
旅行支票	旅	行支票	5755
旅行袋	旅	行袋	4880
旅遊手冊	旅	遊手冊	2225
旅日	旅	日	1815
普通	普	通	500957
普遍	普	遍	500369
普及	普	及	434080
普通話	普	通話	181285
普查	普	查	147765
普遍性	普	遍性	39260
普羅	普	羅	24165
普照	普	照	10850
普天之下	普	天之下	6750
普選	普	選	4890
普遍化	普	遍化	4670
普通車	普	通車	4335
普天同慶	普	天同慶	4180
普度	普	度	4070
普立茲	普	立茲	745
普降甘霖	普	降甘霖	170
普考	普	考	160
普渡	普	渡	1
普遍級	普	遍級	1
普渡眾生	普	渡眾生	1
普立茲獎	普	立茲獎	1
曲線	曲	線	244865
曲折	曲	折	98800
曲子	曲	子	60395
曲調	曲	調	29525
曲軸	曲	軸	20020
曲譜	曲	譜	16835
曲解	曲	解	14800
曲徑通幽	曲	徑通幽	8410
曲棍球	曲	棍球	7000
曲柄	曲	柄	5930
曲直	曲	直	5750
曲終人散	曲	終人散	5425
曲高和寡	曲	高和寡	4580
曲折離奇	曲	折離奇	2285
曲尺	曲	尺	1820
曲臂	曲	臂	1455
曲水流觴	曲	水流觴	1390
曲牌	曲	牌	726
曲意逢迎	曲	意逢迎	700
曲度	曲	度	310
曲球	曲	球	1
望遠鏡	望	遠鏡	67905
望見	望	見	26080
望而卻步	望	而卻步	20775
望月	望	月	18370
望塵莫及	望	塵莫及	14165
望子成龍	望	子成龍	11825
望眼欲穿	望	眼欲穿	6120
望到	望	到	5730
望其項背	望	其項背	5710
望族	望	族	5305
望穿秋水	望	穿秋水	3840
望出去	望	出去	3510
望文生義	望	文生義	3475
望梅止渴	望	梅止渴	2175
望日	望	日	2135
望聞問切	望	聞問切	1940
望洋	望	洋	1365
望彌撒	望	彌撒	1
望眼鏡	望	眼鏡	1
望安	望	安	1
望朔	望	朔	1
枯燥	枯	燥	41705
枯竭	枯	竭	35730
枯萎	枯	萎	32245
枯黃	枯	黃	16295
枯枝	枯	枝	11750
枯葉	枯	葉	11275
枯木	枯	木	8070
枯樹	枯	樹	8070
枯水期	枯	水期	5680
枯井	枯	井	5115
枯燥無味	枯	燥無味	4410
枯水	枯	水	4250
枯瘦	枯	瘦	4160
枯槁	枯	槁	4090
枯骨	枯	骨	4065
枯乾	枯	乾	3545
枯榮	枯	榮	2945
枯坐	枯	坐	2675
枯木逢春	枯	木逢春	1495
枯死	枯	死	1330
枯寂	枯	寂	950
江之島	江	之島	888
江蘇	江	蘇	500419
江西	江	西	484170
江蘇省	江	蘇省	500277
江湖	江	湖	343110
江西省	江	西省	244485
江山	江	山	88060
江河	江	河	72790
江水	江	水	47160
江浙	江	浙	26225
江口	江	口	16355
江郎才盡	江	郎才盡	4577
江寧	江	寧	3295
江河日下	江	河日下	2780
江青	江	青	2302
江洋大盜	江	洋大盜	1700
江心	江	心	1146
江輪	江	輪	520
江流	江	流	132
江防	江	防	12
江米人	江	米人	1
注意	注	意	501084
注射	注	射	189910
注入	注	入	229850
注重	注	重	500348
注音	注	音	21840
注解	注	解	37705
注意到	注	意到	200125
注意力	注	意力	190345
注釋	注	釋	184410
注定	注	定	125945
注視	注	視	60150
注目	注	目	31290
注射器	注	射器	19980
注腳	注	腳	8355
注滿	注	滿	5645
注目禮	注	目禮	4505
注射針	注	射針	1535
注音符號	注	音符號	615
注疏	注	疏	453
注射筒	注	射筒	90
注心	注	心	1
灰色	灰	色	154100
灰塵	灰	塵	129835
灰暗	灰	暗	29130
灰姑娘	灰	姑娘	25165
灰燼	灰	燼	22225
灰白	灰	白	21200
灰心	灰	心	20930
灰白色	灰	白色	18355
灰飛煙滅	灰	飛煙滅	13800
灰黑	灰	黑	11885
灰濛濛	灰	濛濛	10370
灰頭土臉	灰	頭土臉	7315
灰土	灰	土	6065
灰褐色	灰	褐色	5545
灰心喪氣	灰	心喪氣	5395
灰綠色	灰	綠色	3620
灰指甲	灰	指甲	3195
灰泥	灰	泥	2195
灰石	灰	石	1450
灰沙	灰	沙	1250
灰復	灰	復	1
礦山	礦	山	171310
礦產	礦	產	97155
礦物	礦	物	86080
礦物質	礦	物質	84195
礦泉水	礦	泉水	71070
礦區	礦	區	66870
礦石	礦	石	54145
礦工	礦	工	40955
礦泉	礦	泉	20125
礦藏	礦	藏	18140
礦業	礦	業	9585
礦場	礦	場	9175
礦砂	礦	砂	4375
礦坑	礦	坑	3690
礦脈	礦	脈	3680
礦務	礦	務	2610
礦物局	礦	物局	740
礦油	礦	油	670
礦局	礦	局	370
礦城	礦	城	1
礦業法	礦	業法	1
籌備	籌	備	133275
籌建	籌	建	94540
籌資	籌	資	93655
籌集	籌	集	76250
籌畫	籌	畫	67375
籌劃	籌	劃	67375
籌碼	籌	碼	58940
籌措	籌	措	54335
籌辦	籌	辦	30360
籌款	籌	款	14295
籌委會	籌	委會	13170
籌設	籌	設	4555
籌備處	籌	備處	3240
籌謀	籌	謀	3205
籌到	籌	到	2865
籌備會	籌	備會	2830
籌組	籌	組	2530
籌募	籌	募	1760
籌算	籌	算	790
籌議	籌	議	375
籌撥	籌	撥	1
股市	股	市	238390
股票	股	票	500321
股份	股	份	467855
股東	股	東	500331
股價	股	價	229150
股息	股	息	52100
股份有限公司	股	份有限公司	500306
股權	股	權	293950
股東大會	股	東大會	184950
股本	股	本	71270
股票市場	股	票市場	48720
股東會議	股	東會議	30385
股骨	股	骨	9150
股長	股	長	7780
股金	股	金	7605
股肱	股	肱	1820
股資	股	資	1185
股利	股	利	474
股子	股	子	9
股分	股	分	1
股員	股	員	1
胸肌	胸	肌	11215
胸腔	胸	腔	25145
胸部	胸	部	167690
胸口	胸	口	103700
胸懷	胸	懷	69755
胸膛	胸	膛	49260
胸圍	胸	圍	39570
胸罩	胸	罩	34160
胸脯	胸	脯	32625
胸襟	胸	襟	28485
胸有成竹	胸	有成竹	17685
胸針	胸	針	17135
胸骨	胸	骨	13685
胸腹	胸	腹	12350
胸衣	胸	衣	7785
胸花	胸	花	7570
胸章	胸	章	6205
胸椎	胸	椎	5515
胸臆	胸	臆	3810
胸無大志	胸	無大志	2865
胸無點墨	胸	無點墨	1075
荒唐	荒	唐	36645
荒謬	荒	謬	35305
荒涼	荒	涼	25150
荒漠	荒	漠	29085
荒廢	荒	廢	21955
荒郊野外	荒	郊野外	3495
荒地	荒	地	37745
荒山	荒	山	34555
荒野	荒	野	24065
荒誕	荒	誕	23085
荒蕪	荒	蕪	20690
荒原	荒	原	16515
荒島	荒	島	11230
荒草	荒	草	8370
荒郊	荒	郊	4025
荒僻	荒	僻	3240
荒誕不經	荒	誕不經	2865
荒年	荒	年	1905
荒塚	荒	塚	1410
荒田	荒	田	1220
荒疏	荒	疏	1060
裁決	裁	決	201110
裁定	裁	定	199397
裁判	裁	判	140325
裁員	裁	員	53820
裁判員	裁	判員	42790
裁剪	裁	剪	39175
裁縫	裁	縫	23050
裁減	裁	減	15925
裁軍	裁	軍	6175
裁判長	裁	判長	5180
裁撤	裁	撤	3430
裁縫店	裁	縫店	2190
裁製	裁	製	2030
裁量	裁	量	1111
裁紙	裁	紙	1110
裁縫師	裁	縫師	770
裁處	裁	處	655
裁併	裁	併	485
裁奪	裁	奪	395
裁汰	裁	汰	380
裁示	裁	示	1
訓練	訓	練	500491
訓導處	訓	導處	630
訓話	訓	話	6590
訓斥	訓	斥	28470
訓誡	訓	誡	10485
訓導	訓	導	6895
訓詁	訓	詁	5285
訓令	訓	令	3320
訓示	訓	示	2550
訓練費	訓	練費	1570
訓誨	訓	誨	1160
訓育	訓	育	1005
訓詞	訓	詞	660
訓勉	訓	勉	170
訓辭	訓	辭	1
訓戒	訓	戒	1
訓語	訓	語	1
訓政	訓	政	1
訓導長	訓	導長	1
訓練所	訓	練所	1
訓育組	訓	育組	1
詞彙	詞	彙	257975
詞語	詞	語	149060
詞典	詞	典	92920
詞組	詞	組	49350
詞句	詞	句	35985
詞曲	詞	曲	28835
詞人	詞	人	16470
詞性	詞	性	10065
詞尾	詞	尾	4400
詞不達意	詞	不達意	3830
詞牌	詞	牌	3215
詞選	詞	選	2460
詞章	詞	章	2190
詞素	詞	素	1820
詞窮	詞	窮	1495
詞頭	詞	頭	875
詞鋒	詞	鋒	835
詞餘	詞	餘	1
詞令	詞	令	1
詞意	詞	意	1
詞藻	詞	藻	1
語言	語	言	500868
語音	語	音	328390
語文	語	文	301800
語句	語	句	236230
語氣	語	氣	180100
語調	語	調	52685
語言學	語	言學	42400
語錄	語	錄	41970
語意	語	意	34090
語法	語	法	23813
語重心長	語	重心長	17765
語無倫次	語	無倫次	12240
語音信箱	語	音信箱	9325
語塞	語	塞	7660
語病	語	病	6000
語焉不詳	語	焉不詳	4215
語音學	語	音學	1245
語彙	語	彙	12
語詞	語	詞	9
語云	語	云	1
語體文	語	體文	1
議論	議	論	98395
議題	議	題	80845
議事	議	事	47900
議程	議	程	47745
議員	議	員	40745
議定書	議	定書	35267
議價	議	價	33385
議和	議	和	23120
議定	議	定	21890
議長	議	長	20840
議會	議	會	9506
議院	議	院	6145
議案	議	案	5732
議事廳	議	事廳	4320
議決	議	決	4160
議事錄	議	事錄	260
議場	議	場	1
議處	議	處	1
議請	議	請	1
議決案	議	決案	1
議長論短	議	長論短	1
費用	費	用	501057
費率	費	率	92035
費力	費	力	44780
費勁	費	勁	23865
費城	費	城	22255
費心	費	心	21205
費解	費	解	12700
費盡	費	盡	11940
費時	費	時	9355
費事	費	事	8730
費盡心機	費	盡心機	7325
費錢	費	錢	7210
費神	費	神	6470
費電	費	電	4440
費工	費	工	3470
費力氣	費	力氣	1660
費思量	費	思量	1110
費工夫	費	工夫	1045
費唇舌	費	唇舌	420
費手腳	費	手腳	160
費周章	費	周章	1
辭職	辭	職	165965
辭退	辭	退	62300
辭去	辭	去	53040
辭典	辭	典	35305
辭海	辭	海	10555
辭世	辭	世	8575
辭別	辭	別	7490
辭藻	辭	藻	7195
辭呈	辭	呈	7085
辭官	辭	官	6385
辭行	辭	行	3565
辭令	辭	令	2680
辭謝	辭	謝	1805
辭色	辭	色	885
辭歲	辭	歲	705
辭彙	辭	彙	1
辭句	辭	句	1
辭修	辭	修	1
辭意	辭	意	1
辭義	辭	義	1
辭不達意	辭	不達意	1
逐漸	逐	漸	500389
逐步	逐	步	500373
逐年	逐	年	133030
逐一	逐	一	90435
逐級	逐	級	54605
逐月	逐	月	16080
逐條	逐	條	13715
逐日	逐	日	12985
逐出	逐	出	11760
逐鹿	逐	鹿	11430
逐利	逐	利	7620
逐次	逐	次	6805
逐字	逐	字	4640
逐鹿中原	逐	鹿中原	3765
逐客令	逐	客令	2485
逐客	逐	客	1255
逐臭	逐	臭	585
逐北	逐	北	2
逐退	逐	退	1
逐走	逐	走	1
逐臭之夫	逐	臭之夫	1
部份	部	份	1
部門	部	門	1709250
部署	部	署	467705
部隊	部	隊	285455
部落	部	落	260980
部分	部	分	501714
部位	部	位	468960
部長	部	長	324420
部下	部	下	56905
部將	部	將	46505
部品	部	品	9715
部曲	部	曲	7420
部屬	部	屬	3484
部首	部	首	1164
部隊長	部	隊長	1080
部族	部	族	999
部會首長	部	會首長	1
部從	部	從	1
部會	部	會	1
部員	部	員	1
部落社會	部	落社會	1
閃爍	閃	爍	125620
閃電	閃	電	113565
閃光	閃	光	107815
閃光燈	閃	光燈	96685
閃閃	閃	閃	32340
閃過	閃	過	58080
閃亮	閃	亮	44455
閃耀	閃	耀	42225
閃動	閃	動	35370
閃現	閃	現	25980
閃避	閃	避	23250
閃閃發光	閃	閃發光	20015
閃出	閃	出	17650
閃開	閃	開	15350
閃躲	閃	躲	12270
閃失	閃	失	9585
閃電戰	閃	電戰	3690
閃閃爍爍	閃	閃爍爍	2570
閃身	閃	身	1374
閃鑠	閃	鑠	1
閃著	閃	著	1
雅靖	雅	靖	2
雅典	雅	典	59755
雅致	雅	致	51025
雅緻	雅	緻	51025
雅加達	雅	加達	11220
雅人	雅	人	9999
雅俗共賞	雅	俗共賞	9285
雅興	雅	興	6960
雅士	雅	士	6180
雅趣	雅	趣	5685
雅號	雅	號	5055
雅座	雅	座	4770
雅觀	雅	觀	4150
雅量	雅	量	3925
雅樂	雅	樂	3145
雅正	雅	正	1750
雅言	雅	言	1505
雅集	雅	集	1271
雅痞	雅	痞	1111
雅歌	雅	歌	1
雅爾達密約	雅	爾達密約	1
鳥類	鳥	類	60730
鳥兒	鳥	兒	54870
鳥籠	鳥	籠	24525
鳥人	鳥	人	17375
鳥語花香	鳥	語花香	16090
鳥獸	鳥	獸	13860
鳥鳴	鳥	鳴	13470
鳥瞰	鳥	瞰	12485
鳥巢	鳥	巢	12410
鳥蛋	鳥	蛋	7220
鳥窩	鳥	窩	3915
鳥聲	鳥	聲	3385
鳥嘴	鳥	嘴	2310
鳥氣	鳥	氣	1325
鳥盡弓藏	鳥	盡弓藏	1090
鳥獸散	鳥	獸散	1065
鳥松	鳥	松	65
鳥房	鳥	房	1
鳥梨	鳥	梨	1
鳥園	鳥	園	1
鳥裡鳥氣	鳥	裡鳥氣	1
鼻涕	鼻	涕	27140
鼻子	鼻	子	178415
鼻孔	鼻	孔	41405
鼻腔	鼻	腔	29515
鼻梁	鼻	梁	24180
鼻樑	鼻	樑	24180
鼻炎	鼻	炎	20620
鼻尖	鼻	尖	19700
鼻塞	鼻	塞	18460
鼻祖	鼻	祖	16400
鼻竇炎	鼻	竇炎	12975
鼻咽癌	鼻	咽癌	11165
鼻頭	鼻	頭	9999
鼻血	鼻	血	9180
鼻息	鼻	息	8650
鼻部	鼻	部	7715
鼻煙壺	鼻	煙壺	7225
鼻音	鼻	音	6425
鼻酸	鼻	酸	1111
鼻青臉腫	鼻	青臉腫	872
鼻水	鼻	水	111
了。	了	。	888
了嗎？	了	嗎？	888
了解	了	解	501031
了解到	了	解到	276690
了不起	了	不起	69290
了事	了	事	45535
了得	了	得	36880
了了	了	了	32250
了結	了	結	26210
了當	了	當	18260
了卻	了	卻	14695
了然	了	然	11310
了斷	了	斷	11055
了不得	了	不得	10795
了悟	了	悟	4630
了願	了	願	1780
了案	了	案	1
了債	了	債	1
了無生趣	了	無生趣	1
了無新意	了	無新意	1
制止	制	止	184740
制度	制	度	5358541
制動	制	動	322143
制定	制	定	306025
制訂	制	訂	306025
制約	制	約	298495
制度化	制	度化	102940
制服	制	服	85335
制裁	制	裁	57645
制式	制	式	46730
制勝	制	勝	31990
制衡	制	衡	28140
制空權	制	空權	17317
制住	制	住	6970
制憲	制	憲	6140
制伏	制	伏	3400
制海權	制	海權	3105
制錢	制	錢	1265
制禮作樂	制	禮作樂	715
制敵機先	制	敵機先	1
危險	危	險	500255
危害	危	害	500279
危機	危	機	347890
危及	危	及	85955
危險性	危	險性	74395
危急	危	急	35150
危難	危	難	25050
危言聳聽	危	言聳聽	11770
危機意識	危	機意識	10195
危殆	危	殆	9999
危在旦夕	危	在旦夕	7110
危亡	危	亡	5760
危樓	危	樓	5090
危險物	危	險物	2420
危城	危	城	1005
危言	危	言	995
危境	危	境	975
危如累卵	危	如累卵	560
危局	危	局	376
危弱	危	弱	1
婦女	婦	女	500317
婦聯	婦	聯	89535
婦人	婦	人	74485
婦產科	婦	產科	52530
婦幼	婦	幼	11750
婦科	婦	科	8525
婦女節	婦	女節	6925
婦幼衛生	婦	幼衛生	6160
婦孺皆知	婦	孺皆知	5475
婦孺	婦	孺	4005
婦道	婦	道	2950
婦女運動	婦	女運動	2765
婦人之仁	婦	人之仁	1330
婦德	婦	德	1135
婦幼醫院	婦	幼醫院	1115
婦道人家	婦	道人家	1030
婦女雜誌	婦	女雜誌	665
婦聯會	婦	聯會	340
婦女會	婦	女會	1
婦聯總會	婦	聯總會	1
幼兒園	幼	兒園	500272
幼兒	幼	兒	363970
幼稚	幼	稚	73740
幼蟲	幼	蟲	32980
幼稚園	幼	稚園	30090
幼小	幼	小	29725
幼教	幼	教	28325
幼苗	幼	苗	26120
幼年	幼	年	25900
幼時	幼	時	12900
幼童	幼	童	9020
幼子	幼	子	7000
幼魚	幼	魚	3805
幼芽	幼	芽	2695
幼獅	幼	獅	2430
幼齒	幼	齒	2155
幼年期	幼	年期	1505
幼童軍	幼	童軍	1
幼君	幼	君	1
幼木	幼	木	1
彩色	彩	色	383800
彩虹	彩	虹	141620
彩繪	彩	繪	39500
彩雲	彩	雲	30345
彩霞	彩	霞	17615
彩排	彩	排	16985
彩球	彩	球	10500
彩畫	彩	畫	9420
彩陶	彩	陶	8095
彩筆	彩	筆	6000
彩瓷	彩	瓷	5530
彩色電視	彩	色電視	4960
彩紙	彩	紙	4165
彩釉	彩	釉	3595
彩頭	彩	頭	2500
彩券	彩	券	1935
彩飾	彩	飾	1070
彩度	彩	度	1
彩光	彩	光	1
彩線	彩	線	1
怒火	怒	火	38465
怒氣	怒	氣	37510
怒吼	怒	吼	32635
怒江	怒	江	31800
怒放	怒	放	16820
怒氣沖沖	怒	氣沖沖	11625
怒氣衝衝	怒	氣衝衝	11625
怒斥	怒	斥	9525
怒罵	怒	罵	8790
怒不可遏	怒	不可遏	8410
怒目	怒	目	7205
怒火中燒	怒	火中燒	5910
怒髮衝冠	怒	髮衝冠	4410
怒視	怒	視	3720
怒濤	怒	濤	3465
怒叱	怒	叱	1895
怒號	怒	號	1760
怒潮	怒	潮	1445
怒沖沖	怒	沖沖	1285
怒目相向	怒	目相向	885
恩愛	恩	愛	27185
恩怨	恩	怨	35685
恩賜	恩	賜	24140
恩師	恩	師	22635
恩惠	恩	惠	21905
恩情	恩	情	15060
恩典	恩	典	14640
恩人	恩	人	12945
恩德	恩	德	11610
恩仇	恩	仇	8520
恩寵	恩	寵	7060
恩澤	恩	澤	6860
恩將仇報	恩	將仇報	2620
恩准	恩	准	2510
恩斷義絕	恩	斷義絕	1143
恩怨分明	恩	怨分明	1125
恩威並用	恩	威並用	355
恩給制	恩	給制	1
恩主公	恩	主公	1
恩威並濟	恩	威並濟	1
扣除	扣	除	264600
扣押	扣	押	75625
扣分	扣	分	46205
扣留	扣	留	44285
扣子	扣	子	24445
扣減	扣	減	23350
扣籃	扣	籃	17150
扣住	扣	住	12620
扣上	扣	上	12600
扣人心弦	扣	人心弦	10690
扣繳	扣	繳	7980
扣掉	扣	掉	6010
扣緊	扣	緊	3795
扣去	扣	去	3185
扣題	扣	題	1490
扣帽子	扣	帽子	1385
扣擊	扣	擊	1215
扣抵	扣	抵	1
扣考	扣	考	1
扣板機	扣	板機	1
抱歉	抱	歉	82215
抱怨	抱	怨	200110
抱住	抱	住	88025
抱負	抱	負	31050
抱緊	抱	緊	12550
抱持	抱	持	8425
抱頭	抱	頭	7370
抱頭痛哭	抱	頭痛哭	5135
抱定	抱	定	5090
抱不平	抱	不平	4570
抱病	抱	病	3400
抱頭鼠竄	抱	頭鼠竄	2610
抱憾	抱	憾	2275
抱殘守缺	抱	殘守缺	1925
抱佛腳	抱	佛腳	1500
抱屈	抱	屈	1111
抱憾終生	抱	憾終生	780
抱薪救火	抱	薪救火	720
抱恙	抱	恙	610
抱存	抱	存	1
暖氣	暖	氣	62020
暖暖	暖	暖	51950
暖和	暖	和	26780
暖意	暖	意	20250
暖流	暖	流	15585
暖色	暖	色	15550
暖風	暖	風	13375
暖冬	暖	冬	10260
暖洋洋	暖	洋洋	9145
暖色調	暖	色調	7290
暖身	暖	身	5075
暖爐	暖	爐	4550
暖烘烘	暖	烘烘	2810
暖房	暖	房	2515
暖調	暖	調	1405
暖氣機	暖	氣機	205
暖鋒	暖	鋒	1
暖壽	暖	壽	1
暖鍋	暖	鍋	1
暖身運動	暖	身運動	1
模式	模	式	4565906
模型	模	型	500273
模擬	模	擬	437090
模範	模	範	121860
模糊	模	糊	220835
模仿	模	仿	240500
模板	模	板	331625
模具	模	具	302485
模樣	模	樣	212695
模組	模	組	29470
模特兒	模	特兒	26960
模稜兩可	模	稜兩可	23236
模數	模	數	10115
模擬考	模	擬考	2840
模範生	模	範生	1735
模子	模	子	977
模印	模	印	14
模造紙	模	造紙	1
模版	模	版	1
模倣	模	倣	1
洞穴	洞	穴	57980
洞察	洞	察	35245
洞庭	洞	庭	31070
洞察力	洞	察力	28380
洞房	洞	房	21950
洞窟	洞	窟	20090
洞悉	洞	悉	19670
洞天	洞	天	19045
洞庭湖	洞	庭湖	17715
洞穿	洞	穿	7510
洞開	洞	開	6275
洞見	洞	見	4950
洞房花燭夜	洞	房花燭夜	3680
洞天福地	洞	天福地	3085
洞徹	洞	徹	1355
洞簫	洞	簫	1342
洞燭	洞	燭	695
洞曉	洞	曉	510
洞察機先	洞	察機先	1
洞燭機先	洞	燭機先	1
滾動	滾	動	164925
滾輪	滾	輪	33915
滾筒	滾	筒	31600
滾滾	滾	滾	56620
滾燙	滾	燙	23325
滾落	滾	落	13380
滾開	滾	開	10755
滾蛋	滾	蛋	8325
滾水	滾	水	6765
滾滾而來	滾	滾而來	5985
滾出去	滾	出去	4335
滾球	滾	球	3360
滾地	滾	地	2320
滾熱	滾	熱	2290
滾上	滾	上	1555
滾地球	滾	地球	85
滾邊	滾	邊	1
滾利	滾	利	1
滾湯	滾	湯	1
滾瓜爛熟	滾	瓜爛熟	1
漫畫	漫	畫	306030
漫長	漫	長	156055
漫遊	漫	遊	101610
漫步	漫	步	82415
漫天	漫	天	56060
漫漫	漫	漫	46845
漫不經心	漫	不經心	26550
漫畫家	漫	畫家	20695
漫談	漫	談	10575
漫山遍野	漫	山遍野	10350
漫無目的	漫	無目的	9345
漫無邊際	漫	無邊際	7455
漫畫書	漫	畫書	6830
漫漫長夜	漫	漫長夜	5175
漫延	漫	延	4890
漫漶	漫	漶	1060
漫天開價	漫	天開價	53
漫無止境	漫	無止境	34
漫無限制	漫	無限制	1
漫言	漫	言	1
濃度	濃	度	229445
濃縮	濃	縮	106280
濃湯	濃	湯	6010
濃厚	濃	厚	69625
濃霧	濃	霧	17010
濃煙	濃	煙	19440
濃郁	濃	郁	142470
濃烈	濃	烈	46425
濃重	濃	重	38645
濃密	濃	密	29095
濃茶	濃	茶	16040
濃淡	濃	淡	11750
濃妝	濃	妝	7560
濃妝豔抹	濃	妝豔抹	6945
濃豔	濃	豔	6515
濃蔭	濃	蔭	5365
濃黑	濃	黑	4405
濃眉大眼	濃	眉大眼	3990
濃眉	濃	眉	660
濃縮版	濃	縮版	1
片子	片	子	10305
片刻	片	刻	129100
片段	片	段	115605
片長	片	長	113040
片名	片	名	72655
片面	片	面	63925
片頭	片	頭	27000
片狀	片	狀	19325
片場	片	場	13545
片酬	片	酬	8255
片商	片	商	5290
片兒	片	兒	3885
片約	片	約	3230
片語	片	語	2720
片麻岩	片	麻岩	1810
片甲不留	片	甲不留	1520
片假名	片	假名	1455
片斷	片	斷	1156
片面之詞	片	面之詞	575
片紙隻字	片	紙隻字	150
犯罪	犯	罪	354860
犯規	犯	規	66060
犯人	犯	人	57615
犯罪行為	犯	罪行為	41730
犯錯誤	犯	錯誤	35110
犯錯	犯	錯	29975
犯下	犯	下	24720
犯法	犯	法	17520
犯上	犯	上	4810
犯戒	犯	戒	4215
犯病	犯	病	4055
犯案	犯	案	3820
犯忌	犯	忌	1990
犯禁	犯	禁	1935
犯上作亂	犯	上作亂	1115
犯疑	犯	疑	830
犯不著	犯	不著	1
犯紀	犯	紀	1
犯土	犯	土	1
犯意	犯	意	1
猛幹	猛	幹	888
猛男	猛	男	888
猛獸	猛	獸	19180
猛烈	猛	烈	42570
猛撞	猛	撞	1920
猛然	猛	然	76455
猛虎	猛	虎	29295
猛禽	猛	禽	22935
猛將	猛	將	13030
猛攻	猛	攻	11895
猛擊	猛	擊	7600
猛進	猛	進	4680
猛火	猛	火	4330
猛士	猛	士	4095
猛吃	猛	吃	3295
猛拍	猛	拍	3115
猛追	猛	追	2465
猛推	猛	推	1355
猛襲	猛	襲	4
猛勇	猛	勇	1
玻璃	玻	璃	500305
玻璃纖維	玻	璃纖維	42330
玻璃瓶	玻	璃瓶	22405
玻璃窗	玻	璃窗	21425
玻璃杯	玻	璃杯	16280
玻璃門	玻	璃門	13780
玻璃管	玻	璃管	10185
玻利維亞	玻	利維亞	9030
玻璃板	玻	璃板	6810
玻璃片	玻	璃片	4385
玻璃紙	玻	璃紙	4095
玻璃棒	玻	璃棒	3905
玻璃罩	玻	璃罩	3580
玻璃碗	玻	璃碗	455
玻璃絲襪	玻	璃絲襪	335
玻璃市	玻	璃市	1
玻璃墊	玻	璃墊	1
玻璃圈	玻	璃圈	1
玻璃彈珠	玻	璃彈珠	1
玻璃帷幕	玻	璃帷幕	1
班表	班	表	1
班級	班	級	309480
班子	班	子	199395
班長	班	長	116995
班車	班	車	74425
班次	班	次	44300
班機	班	機	18750
班會	班	會	17290
班底	班	底	9999
班門弄斧	班	門弄斧	4910
班師	班	師	4610
班代表	班	代表	230
班主	班	主	22
班導師	班	導師	1
班超	班	超	1
班頭	班	頭	1
班昭	班	昭	1
班別	班	別	1
班代	班	代	1
班際	班	際	1
磁帶	磁	帶	83610
磁場	磁	場	77115
磁性	磁	性	61140
磁頭	磁	頭	33520
磁鐵	磁	鐵	24850
磁力	磁	力	20725
磁石	磁	石	10575
磁極	磁	極	7492
磁化	磁	化	5820
磁片	磁	片	5215
磁條	磁	條	4820
磁碟	磁	碟	3333
磁針	磁	針	3280
磁力線	磁	力線	2515
磁區	磁	區	19
磁碟片	磁	碟片	1
磁器	磁	器	1
磁製	磁	製	1
磁磚	磁	磚	1
磁碟機	磁	碟機	1
突然	突	然	500676
突顯	突	顯	30085
突出	突	出	500404
突破	突	破	500399
突發	突	發	125085
突擊	突	擊	68320
突如其來	突	如其來	51055
突變	突	變	46145
突圍	突	圍	42420
突破性	突	破性	37735
突起	突	起	33710
突飛猛進	突	飛猛進	33560
突兀	突	兀	30565
突襲	突	襲	30350
突擊隊	突	擊隊	19765
突尼斯	突	尼斯	18145
突發奇想	突	發奇想	12535
突地	突	地	10295
突擊檢查	突	擊檢查	8145
突感	突	感	2000
米糕	米	糕	6060
米漿	米	漿	3270
米老鼠	米	老鼠	14605
米飯	米	飯	154542
米酒	米	酒	15990
米蘭	米	蘭	192160
米粉	米	粉	36320
米色	米	色	19745
米粒	米	粒	16405
米蟲	米	蟲	6510
米價	米	價	3680
米倉	米	倉	2470
米糧	米	糧	2010
米格機	米	格機	275
米勒	米	勒	11
米雪	米	雪	2
米壽	米	壽	1
米店	米	店	1
米舖	米	舖	1
米食	米	食	1
縱貫	縱	貫	11310
縱貫線	縱	貫線	1
縱橫	縱	橫	151610
縱觀	縱	觀	53620
縱然	縱	然	44210
縱隊	縱	隊	43560
縱容	縱	容	37260
縱使	縱	使	32460
縱身	縱	身	19110
縱情	縱	情	13570
縱慾	縱	慾	9570
縱向	縱	向	9409
縱火	縱	火	8395
縱橫家	縱	橫家	2450
縱令	縱	令	1130
縱谷	縱	谷	775
縱虎歸山	縱	虎歸山	370
縱放	縱	放	1
縱走	縱	走	1
縱貫道	縱	貫道	1
薄弱	薄	弱	115545
薄荷	薄	荷	43805
薄片	薄	片	19385
薄霧	薄	霧	13845
薄紗	薄	紗	13170
薄暮	薄	暮	9999
薄命	薄	命	5450
薄膜	薄	膜	4625
薄紙	薄	紙	4515
薄情	薄	情	3445
薄田	薄	田	2890
薄餅	薄	餅	2640
薄酒	薄	酒	1910
薄倖	薄	倖	271
薄情郎	薄	情郎	1
薄利多銷	薄	利多銷	1
薄懲	薄	懲	1
薄曉	薄	曉	1
薄荷腦	薄	荷腦	1
薄荷油	薄	荷油	1
話題	話	題	500439
話說	話	說	172520
話語	話	語	167365
話筒	話	筒	69265
話機	話	機	55875
話劇	話	劇	50925
話務員	話	務員	14265
話頭	話	頭	12335
話兒	話	兒	9205
話梅	話	梅	6230
話別	話	別	5395
話匣子	話	匣子	4915
話本	話	本	4345
話柄	話	柄	2680
話不投機	話	不投機	2355
話中有話	話	中有話	2265
話題一轉	話	題一轉	1440
話鋒	話	鋒	1360
話家常	話	家常	815
話舊	話	舊	745
豬肉	豬	肉	122765
豬排	豬	排	1
豬頭	豬	頭	49470
豬肝	豬	肝	48176
豬八戒	豬	八戒	29070
豬油	豬	油	22230
豬圈	豬	圈	15400
豬肚	豬	肚	10685
豬皮	豬	皮	9675
豬腳	豬	腳	7715
豬仔	豬	仔	6810
豬哥	豬	哥	5415
豬腰	豬	腰	4810
豬兒	豬	兒	3530
豬鬃	豬	鬃	2630
豬血	豬	血	1715
豬玀	豬	玀	1300
豬舍	豬	舍	768
豬公	豬	公	535
豬頭肥	豬	頭肥	1
迎接	迎	接	226420
迎合	迎	合	80640
迎刃而解	迎	刃而解	52621
迎面	迎	面	46855
迎春	迎	春	41110
迎戰	迎	戰	30360
迎風	迎	風	26230
迎新	迎	新	18145
迎娶	迎	娶	13790
迎上	迎	上	13580
迎親	迎	親	12200
迎向	迎	向	8160
迎頭	迎	頭	8090
迎頭趕上	迎	頭趕上	7085
迎擊	迎	擊	6455
迎敵	迎	敵	5560
迎候	迎	候	4285
迎春花	迎	春花	3010
迎神賽會	迎	神賽會	34
迎風搖曳	迎	風搖曳	1
達到	達	到	501336
達成	達	成	347705
達賴	達	賴	15470
達爾文	達	爾文	18420
達賴喇嘛	達	賴喇嘛	15655
達拉斯	達	拉斯	12640
達官貴人	達	官貴人	7200
達觀	達	觀	6970
達官	達	官	3410
達士	達	士	1210
達達主義	達	達主義	865
達摩	達	摩	260
達意	達	意	3
達因	達	因	2
達德	達	德	1
達見	達	見	1
達理	達	理	1
達陣	達	陣	1
達致	達	致	1
達官顯要	達	官顯要	1
酸梅	酸	梅	4260
酸辣湯	酸	辣湯	3399
酸痛	酸	痛	36385
酸性	酸	性	69910
酸菜	酸	菜	19750
酸鹼	酸	鹼	14595
酸鹼度	酸	鹼度	10400
酸奶	酸	奶	153794
酸甜苦辣	酸	甜苦辣	24235
酸雨	酸	雨	19290
酸味	酸	味	16170
酸楚	酸	楚	15390
酸度	酸	度	12080
酸澀	酸	澀	8575
酸溜溜	酸	溜溜	5670
酸腐	酸	腐	4116
酸鹼值	酸	鹼值	2025
酸葡萄	酸	葡萄	1455
酸辛	酸	辛	1085
酸化	酸	化	911
錯誤	錯	誤	500635
錯過	錯	過	151070
錯覺	錯	覺	48865
錯綜複雜	錯	綜複雜	33335
錯失	錯	失	22865
錯落有致	錯	落有致	22195
錯別字	錯	別字	20250
錯落	錯	落	20160
錯案	錯	案	12595
錯亂	錯	亂	12065
錯愕	錯	愕	11785
錯事	錯	事	8935
錯字	錯	字	8655
錯愛	錯	愛	6495
錯失良機	錯	失良機	5805
錯怪	錯	怪	5130
錯綜	錯	綜	4615
錯誤率	錯	誤率	3665
錯認	錯	認	3315
錯身而過	錯	身而過	1
飯店	飯	店	470715
飯湯	飯	湯	1
飯糰	飯	糰	1
飯菜	飯	菜	77690
飯後	飯	後	76515
飯館	飯	館	35985
飯碗	飯	碗	34750
飯前	飯	前	21440
飯桌	飯	桌	20765
飯盒	飯	盒	18595
飯局	飯	局	17505
飯票	飯	票	15145
飯廳	飯	廳	8865
飯量	飯	量	8135
飯桶	飯	桶	5950
飯來張口	飯	來張口	4335
飯粒	飯	粒	4295
飯鍋	飯	鍋	2350
飯食	飯	食	1642
飯來張口，茶來伸手	飯	來張口，茶來伸手	1
鬥爭	鬥	爭	245375
鬥志	鬥	志	51600
鬥士	鬥	士	31210
鬥氣	鬥	氣	24620
鬥牛	鬥	牛	14840
鬥毆	鬥	毆	10860
鬥雞	鬥	雞	9015
鬥嘴	鬥	嘴	7985
鬥法	鬥	法	7010
鬥牛士	鬥	牛士	5760
鬥不過	鬥	不過	5365
鬥魚	鬥	魚	4240
鬥陣	鬥	陣	1945
鬥雞眼	鬥	雞眼	1480
鬥狠	鬥	狠	1300
鬥蟋蟀	鬥	蟋蟀	970
鬥志高昂	鬥	志高昂	875
鬥智	鬥	智	582
鬥成	鬥	成	1
鬥牛陣	鬥	牛陣	1
墨西哥	墨	西哥	113725
墨爾本	墨	爾本	26175
墨魚	墨	魚	17270
墨鏡	墨	鏡	29805
墨水	墨	水	70380
墨子	墨	子	25025
墨綠	墨	綠	10325
墨筆	墨	筆	9999
墨守成規	墨	守成規	8735
墨汁	墨	汁	7695
墨寶	墨	寶	7140
墨客	墨	客	4855
墨竹	墨	竹	3525
墨跡	墨	跡	3333
墨斗	墨	斗	2160
墨守	墨	守	1475
墨盒	墨	盒	690
墨黑	墨	黑	337
墨國	墨	國	1
墨痕	墨	痕	1
並且	並	且	500997
並非	並	非	500265
並聯	並	聯	43690
並排	並	排	25035
並駕齊驅	並	駕齊驅	9675
並不	並	不	500777
並未	並	未	263970
並進	並	進	182105
並用	並	用	130455
並重	並	重	101515
並存	並	存	95480
並列	並	列	83350
並行	並	行	68575
並肩	並	肩	30095
並出	並	出	18540
並立	並	立	11745
並無不當	並	無不當	3395
並行不悖	並	行不悖	3245
並蒂	並	蒂	2360
他們	他	們	504296
他說	他	說	500480
他人	他	人	500421
他倆	他	倆	62655
他們倆	他	們倆	29870
他鄉	他	鄉	28260
他國	他	國	20190
他日	他	日	15610
他項	他	項	12330
他殺	他	殺	11555
他處	他	處	11195
他媽的	他	媽的	9999
他山之石	他	山之石	8165
他物	他	物	6455
他種	他	種	3780
他力	他	力	2840
他鄉遇故知	他	鄉遇故知	1695
他方	他	方	724
他院	他	院	1
令人矚目	令	人矚目	19970
令人髮指	令	人髮指	6870
令尊	令	尊	5425
令郎	令	郎	2580
令堂	令	堂	2065
令箭	令	箭	2175
令嬡	令	嬡	1
令人不齒	令	人不齒	1
令人意外	令	人意外	1
令人捧腹	令	人捧腹	3480
令人扼腕	令	人扼腕	2105
令人心寒	令	人心寒	1695
令兄	令	兄	1290
令人噴飯	令	人噴飯	1140
令正	令	正	1110
令孫	令	孫	965
令出如山	令	出如山	36
令節	令	節	1
令人激賞	令	人激賞	1
任何	任	何	502299
任務	任	務	500916
任性	任	性	63945
任意	任	意	491055
任期	任	期	89545
任命	任	命	31550
任職	任	職	204120
任教	任	教	80335
任免	任	免	71785
任用	任	用	64565
任由	任	由	47640
任憑	任	憑	41735
任重道遠	任	重道遠	20515
任勞任怨	任	勞任怨	17730
任內	任	內	4835
任人宰割	任	人宰割	4820
任事	任	事	1
任為	任	為	1
任教者	任	教者	1
個性	個	性	500390
個別	個	別	318840
個數	個	數	108245
個案	個	案	88290
個人	個	人	501864
個位	個	位	34990
個體	個	體	370500
個人所得稅	個	人所得稅	100205
個子	個	子	59345
個人電腦	個	人電腦	50760
個體戶	個	體戶	46075
個人主義	個	人主義	22130
個把	個	把	16545
個兒	個	兒	12710
個人所得	個	人所得	9685
個展	個	展	8270
個例	個	例	5800
個別差異	個	別差異	3665
個把月	個	把月	2540
凶手	凶	手	72030
凶猛	凶	猛	40955
凶殺	凶	殺	38720
凶狠	凶	狠	28330
凶殘	凶	殘	22365
凶險	凶	險	21645
凶惡	凶	惡	19060
凶器	凶	器	14910
凶悍	凶	悍	13890
凶多吉少	凶	多吉少	7235
凶神惡煞	凶	神惡煞	7145
凶殺案	凶	殺案	6805
凶暴	凶	暴	4145
凶巴巴	凶	巴巴	4120
凶案	凶	案	4025
凶兆	凶	兆	3760
凶宅	凶	宅	3430
凶耗	凶	耗	999
凶嫌	凶	嫌	355
劇情	劇	情	239025
劇場	劇	場	131830
劇本	劇	本	123355
劇烈	劇	烈	84925
劇院	劇	院	69175
劇中	劇	中	61740
劇毒	劇	毒	48815
劇團	劇	團	45055
劇目	劇	目	43770
劇照	劇	照	29805
劇痛	劇	痛	24985
劇作家	劇	作家	12910
劇作	劇	作	10905
劇變	劇	變	10605
劇跌	劇	跌	3145
劇中人	劇	中人	2105
劇務	劇	務	1950
劇挫	劇	挫	1
劇校	劇	校	1
勸說	勸	說	48725
勸阻	勸	阻	36240
勸告	勸	告	31480
勸導	勸	導	14215
勸慰	勸	慰	12290
勸解	勸	解	10220
勸酒	勸	酒	6905
勸諫	勸	諫	3550
勸架	勸	架	3510
勸勉	勸	勉	3080
勸誘	勸	誘	2780
勸善	勸	善	2470
勸募	勸	募	1925
勸業	勸	業	1780
勸化	勸	化	1605
勸和	勸	和	1195
勸戒	勸	戒	1
勸募者	勸	募者	1
勸善規過	勸	善規過	1
博物館	博	物館	344050
博士	博	士	500316
博覽會	博	覽會	216305
博士學位	博	士學位	113305
博覽	博	覽	69565
博得	博	得	47040
博大	博	大	45620
博愛	博	愛	39475
博大精深	博	大精深	32965
博物	博	物	26325
博學	博	學	24960
博雅	博	雅	18015
博物院	博	物院	12310
博取	博	取	12035
博士班	博	士班	2220
博古通今	博	古通今	1975
博聞強記	博	聞強記	1315
博學多聞	博	學多聞	1205
博施濟眾	博	施濟眾	280
史記	史	記	57740
史詩	史	詩	56330
史密斯	史	密斯	47260
史蹟	史	蹟	7005
史料	史	料	71305
史無前例	史	無前例	23925
史前時代	史	前時代	1480
史達林	史	達林	1
史書	史	書	33334
史實	史	實	29175
史學家	史	學家	14625
史冊	史	冊	14375
史學	史	學	8220
史官	史	官	7225
史跡	史	跡	7005
史學界	史	學界	6310
史館	史	館	3890
史迪威	史	迪威	506
史家	史	家	1
團隊	團	隊	500481
團體	團	體	416935
團結	團	結	396645
團長	團	長	107855
團隊精神	團	隊精神	78310
團聚	團	聚	42675
團團	團	團	34570
團圓	團	圓	33180
團團轉	團	團轉	10680
團旗	團	旗	7690
團部	團	部	6605
團練	團	練	6410
團扇	團	扇	3660
團契	團	契	3360
團拜	團	拜	2445
團員	團	員	1710
團體性	團	體性	1600
團管區	團	管區	1
團康	團	康	1
壯觀	壯	觀	90135
壯大	壯	大	196905
壯麗	壯	麗	53260
壯舉	壯	舉	21610
壯士	壯	士	21090
壯志	壯	志	16390
壯闊	壯	闊	12030
壯烈	壯	烈	11995
壯年	壯	年	10590
壯實	壯	實	8035
壯膽	壯	膽	7700
壯碩	壯	碩	5215
壯丁	壯	丁	4625
壯志未酬	壯	志未酬	2065
壯健	壯	健	2040
壯年人	壯	年人	515
壯盛	壯	盛	1
壯圍	壯	圍	1
壯烈成仁	壯	烈成仁	1
容易	容	易	500618
容量	容	量	460465
容器	容	器	188560
容積	容	積	83310
容納	容	納	74480
容貌	容	貌	70180
容忍	容	忍	62245
容顏	容	顏	55090
容許	容	許	40765
容積率	容	積率	39040
容光煥發	容	光煥發	12490
容不下	容	不下	8950
容受	容	受	6035
容下	容	下	4135
容身	容	身	3290
容讓	容	讓	1935
容情	容	情	1695
容身之地	容	身之地	1545
容或	容	或	1
憂傷	憂	傷	96460
憂鬱	憂	鬱	94740
憂慮	憂	慮	88180
憂愁	憂	愁	45145
憂心忡忡	憂	心忡忡	22360
憂患意識	憂	患意識	21195
憂心	憂	心	15885
憂患	憂	患	14185
憂鬱症	憂	鬱症	13635
憂國憂民	憂	國憂民	6215
憂思	憂	思	5940
憂民	憂	民	4188
憂國	憂	國	2970
憂心如焚	憂	心如焚	2320
憂懼	憂	懼	2225
憂憤	憂	憤	2005
憂苦	憂	苦	1565
憂悒	憂	悒	540
憂戚	憂	戚	2
才能	才	能	501196
才幹	才	幹	3510
才華	才	華	102880
才子	才	子	44255
才藝	才	藝	38140
才智	才	智	27835
才女	才	女	27380
才具	才	具	18480
才氣	才	氣	14975
才學	才	學	13690
才情	才	情	12870
才俊	才	俊	5055
才高八斗	才	高八斗	4235
才識	才	識	3625
才疏學淺	才	疏學淺	3495
才貌雙全	才	貌雙全	3080
才貌	才	貌	2310
才貌出眾	才	貌出眾	470
才力	才	力	3
拆遷	拆	遷	608452
拆除	拆	除	162075
拆卸	拆	卸	46150
拆開	拆	開	39555
拆下	拆	下	24925
拆解	拆	解	21990
拆掉	拆	掉	17345
拆封	拆	封	14460
拆散	拆	散	13170
拆毀	拆	毀	7700
拆穿	拆	穿	6040
拆洗	拆	洗	5480
拆字	拆	字	2970
拆去	拆	去	2635
拆招	拆	招	2320
拆閱	拆	閱	1200
拆夥	拆	夥	685
拆船業	拆	船業	1
拆款利率	拆	款利率	1
摩托車	摩	托車	635529
摩擦	摩	擦	136580
摩登	摩	登	23790
摩洛哥	摩	洛哥	19805
摩擦力	摩	擦力	18725
摩西	摩	西	14500
摩納哥	摩	納哥	12565
摩天	摩	天	10470
摩拳擦掌	摩	拳擦掌	10175
摩崖石刻	摩	崖石刻	9925
摩天輪	摩	天輪	6820
摩肩接踵	摩	肩接踵	3785
摩天樓	摩	天樓	1960
摩門教	摩	門教	840
摩拖車	摩	拖車	1
摩娑	摩	娑	1
摩天嶺	摩	天嶺	1
摩肩擦踵	摩	肩擦踵	1
摩根史坦利指數	摩	根史坦利指數	1
擊敗	擊	敗	96415
擊中	擊	中	61600
擊落	擊	落	25505
擊倒	擊	倒	24170
擊斃	擊	斃	23220
擊退	擊	退	22335
擊破	擊	破	20580
擊毀	擊	毀	19355
擊潰	擊	潰	17265
擊鼓	擊	鼓	11665
擊劍	擊	劍	11220
擊碎	擊	碎	9200
擊掌	擊	掌	9150
擊傷	擊	傷	8680
擊節	擊	節	3220
擊出	擊	出	1262
擊沈	擊	沈	1
擊撞	擊	撞	1
擊鼓申冤	擊	鼓申冤	1
易於	易	於	162835
易學	易	學	56510
易經	易	經	50465
易懂	易	懂	20815
易如反掌	易	如反掌	9900
易讀	易	讀	7315
易容	易	容	6525
易位	易	位	6426
易主	易	主	6055
易守難攻	易	守難攻	3295
易手	易	手	3255
易貨	易	貨	2825
易北河	易	北河	1445
易言之	易	言之	1195
易姓	易	姓	765
易水	易	水	188
易開罐	易	開罐	1
易傳	易	傳	1
易人	易	人	1
景觀	景	觀	359825
景象	景	象	151185
景色	景	色	146635
景物	景	物	76870
景德鎮	景	德鎮	65185
景氣	景	氣	44090
景致	景	致	41475
景緻	景	緻	41475
景深	景	深	22365
景況	景	況	20000
景仰	景	仰	17765
景泰藍	景	泰藍	8175
景美	景	美	3205
景慕	景	慕	455
景德	景	德	1
景行	景	行	1
景像	景	像	1
景美區	景	美區	1
景美溪	景	美溪	1
末期	末	期	54920
末端	末	端	46445
末年	末	年	38210
末尾	末	尾	27180
末日	末	日	24040
末了	末	了	15260
末世	末	世	12180
末梢	末	梢	11235
末班車	末	班車	11065
末位	末	位	10315
末路	末	路	6405
末代	末	代	5945
末葉	末	葉	3965
末節	末	節	3480
末席	末	席	2675
末流	末	流	2480
末座	末	座	665
末學	末	學	52
末著	末	著	1
柔軟	柔	軟	216020
柔和	柔	和	149780
柔性	柔	性	66240
柔情	柔	情	64955
柔美	柔	美	36435
柔弱	柔	弱	26195
柔順	柔	順	24120
柔嫩	柔	嫩	20555
柔道	柔	道	19565
柔滑	柔	滑	17905
柔韌	柔	韌	17195
柔媚	柔	媚	10275
柔軟度	柔	軟度	5325
柔細	柔	細	3730
柔佛	柔	佛	1895
柔腸寸斷	柔	腸寸斷	1055
柔軟體操	柔	軟體操	610
柔能克剛	柔	能克剛	390
柔情萬千	柔	情萬千	1
根據	根	據	502616
根本	根	本	500589
根源	根	源	117700
根基	根	基	62455
根據地	根	據地	62240
根部	根	部	48245
根治	根	治	39765
根深蒂固	根	深蒂固	28000
根除	根	除	20030
根莖	根	莖	12610
根底	根	底	6325
根毛	根	毛	4305
根由	根	由	4195
根苗	根	苗	2005
根絕	根	絕	1815
根管治療	根	管治療	129
根柢	根	柢	1
根性	根	性	1
根深柢固	根	深柢固	1
格式	格	式	500513
格局	格	局	380380
格外	格	外	146970
格式化	格	式化	85585
格子	格	子	67655
格林	格	林	60230
格鬥	格	鬥	56705
格調	格	調	53875
格言	格	言	49630
格格不入	格	格不入	22785
格律	格	律	12395
格物	格	物	4965
格殺勿論	格	殺勿論	3110
格殺	格	殺	2360
格物致知	格	物致知	2240
格位	格	位	1225
格林威治	格	林威治	1040
格格	格	格	434
格正	格	正	1
棉花	棉	花	226960
棉布	棉	布	31320
棉被	棉	被	29815
棉紗	棉	紗	29265
棉花糖	棉	花糖	28824
棉衣	棉	衣	24465
棉襖	棉	襖	16320
棉紡	棉	紡	15725
棉質	棉	質	11415
棉球	棉	球	10185
棉絮	棉	絮	8170
棉田	棉	田	7335
棉線	棉	線	6780
棉織	棉	織	3745
棉紡廠	棉	紡廠	3430
棉織品	棉	織品	2495
棉條	棉	條	1600
棉紙	棉	紙	1
棉薄之力	棉	薄之力	1
毫米	毫	米	311685
毫無	毫	無	285920
毫升	毫	升	149285
毫克	毫	克	143515
毫不猶豫	毫	不猶豫	26145
毫不留情	毫	不留情	18535
毫不	毫	不	13419
毫不遜色	毫	不遜色	9900
毫不掩飾	毫	不掩飾	9195
毫不在意	毫	不在意	8660
毫髮	毫	髮	4005
毫釐	毫	釐	3595
毫髮未傷	毫	髮未傷	2700
毫無二致	毫	無二致	2070
毫無忌憚	毫	無忌憚	535
毫無機心	毫	無機心	1
毫不做作	毫	不做作	1
毫無節制	毫	無節制	1
毫無章法	毫	無章法	1
渾身	渾	身	142985
渾濁	渾	濁	24565
渾厚	渾	厚	24120
渾圓	渾	圓	16090
渾身上下	渾	身上下	13800
渾然	渾	然	12545
渾然天成	渾	然天成	10230
渾渾噩噩	渾	渾噩噩	7530
渾身解數	渾	身解數	6695
渾水	渾	水	4995
渾水摸魚	渾	水摸魚	4365
渾家	渾	家	1440
渾天儀	渾	天儀	1220
渾噩	渾	噩	850
渾名	渾	名	365
渾蛋	渾	蛋	1
渾沌	渾	沌	1
渾元	渾	元	1
渾然忘我	渾	然忘我	1
準備	準	備	500923
準確	準	確	500479
準確性	準	確性	295080
準則	準	則	207430
準時	準	時	99790
準確度	準	確度	42185
準的	準	的	40695
準備金	準	備金	30955
準繩	準	繩	11625
準星	準	星	8505
準頭	準	頭	3505
準新娘	準	新娘	3270
準度	準	度	1305
準決賽	準	決賽	1150
準兒	準	兒	905
準定	準	定	815
準新郎	準	新郎	1
準據	準	據	1
準線	準	線	1
漏洞	漏	洞	237980
漏電	漏	電	38695
漏水	漏	水	37245
漏稅	漏	稅	25856
漏斗	漏	斗	21335
漏掉	漏	掉	17105
漏氣	漏	氣	16635
漏報	漏	報	13325
漏出	漏	出	8745
漏洞百出	漏	洞百出	7870
漏網	漏	網	5570
漏雨	漏	雨	5245
漏風	漏	風	4675
漏網之魚	漏	網之魚	3705
漏光	漏	光	2975
漏盡	漏	盡	2935
漏失	漏	失	2850
漏夜	漏	夜	1
漏列	漏	列	1
珍珠	珍	珠	199150
珍惜	珍	惜	234740
珍貴	珍	貴	111630
珍藏	珍	藏	78975
珍品	珍	品	60950
珍寶	珍	寶	36180
珍妮	珍	妮	35165
珍視	珍	視	22740
珍愛	珍	愛	21880
珍重	珍	重	16445
珍珠港	珍	珠港	12145
珍奇	珍	奇	9975
珍禽	珍	禽	8105
珍禽異獸	珍	禽異獸	4575
珍饈	珍	饈	3225
珍玩	珍	玩	2270
珍味	珍	味	845
珍聞	珍	聞	11
珍餚	珍	餚	1
甜蜜	甜	蜜	184905
甜美	甜	美	61650
甜言蜜語	甜	言蜜語	27140
甜瓜	甜	瓜	22252
甜食	甜	食	21935
甜點	甜	點	21870
甜頭	甜	頭	21200
甜的	甜	的	20640
甜味	甜	味	18550
甜菜	甜	菜	16270
甜心	甜	心	12220
甜酒	甜	酒	12146
甜甜圈	甜	甜圈	6001
甜香	甜	香	5690
甜膩	甜	膩	3650
甜睡	甜	睡	755
甜八寶	甜	八寶	1
甜不辣	甜	不辣	1
甜辣醬	甜	辣醬	1
申請	申	請	501552
申報	申	報	500433
申請人	申	請人	500313
申請書	申	請書	189595
申請單	申	請單	12550
申誡	申	誡	460
申論	申	論	45295
申辯	申	辯	36305
申冤	申	冤	22440
申請表	申	請表	218235
申明	申	明	145330
申訴	申	訴	139370
申請到	申	請到	16135
申述	申	述	15260
申告	申	告	5535
申斥	申	斥	1660
申說	申	說	1025
申論題	申	論題	775
申戒	申	戒	1
略帶	略	帶	52365
略微	略	微	48385
略為	略	為	16325
略略	略	略	11155
略知一二	略	知一二	8970
略過	略	過	8430
略加	略	加	8095
略去	略	去	7000
略說	略	說	4745
略勝一籌	略	勝一籌	4140
略圖	略	圖	2950
略述	略	述	2680
略同	略	同	2555
略遜一籌	略	遜一籌	2235
略可	略	可	790
略有所聞	略	有所聞	445
略知皮毛	略	知皮毛	345
略施薄懲	略	施薄懲	1
略有耳聞	略	有耳聞	1
眾多	眾	多	500365
眾人	眾	人	424210
眾生	眾	生	234840
眾所周知	眾	所周知	118915
眾說紛紜	眾	說紛紜	18415
眾議院	眾	議院	14635
眾目睽睽	眾	目睽睽	12200
眾志成城	眾	志成城	9580
眾望所歸	眾	望所歸	6890
眾矢之的	眾	矢之的	6850
眾生相	眾	生相	5865
眾說	眾	說	5440
眾議員	眾	議員	4990
眾叛親離	眾	叛親離	4423
眾議	眾	議	3320
眾星拱月	眾	星拱月	1540
眾院	眾	院	1480
眾所矚目	眾	所矚目	1450
眾口鑠金	眾	口鑠金	1160
祭祀	祭	祀	105335
祭典	祭	典	63015
祭司	祭	司	25040
祭壇	祭	壇	23455
祭祖	祭	祖	17080
祭品	祭	品	14680
祭拜	祭	拜	12590
祭天	祭	天	9560
祭文	祭	文	8645
祭神	祭	神	5825
祭酒	祭	酒	4775
祭禮	祭	禮	4640
祭掃	祭	掃	4400
祭地	祭	地	3707
祭灶	祭	灶	3030
祭日	祭	日	2550
祭告	祭	告	1045
祭悼	祭	悼	255
祭禱	祭	禱	1
稅收	稅	收	427640
稅務	稅	務	206210
稅款	稅	款	192175
稅率	稅	率	183245
稅法	稅	法	111340
稅務局	稅	務局	90260
稅金	稅	金	76280
稅額	稅	額	70755
稅負	稅	負	38445
稅目	稅	目	25065
稅則	稅	則	18040
稅賦	稅	賦	8720
稅制	稅	制	5341
稅單	稅	單	3360
稅基	稅	基	1875
稅捐	稅	捐	1490
稅吏	稅	吏	645
稅務員	稅	務員	375
稅課	稅	課	1
站長	站	長	500267
站起來	站	起來	119800
站立	站	立	87765
站台	站	台	42230
站臺	站	臺	42230
站出來	站	出來	37270
站住	站	住	29395
站穩	站	穩	18700
站牌	站	牌	14675
站穩腳跟	站	穩腳跟	13350
站定	站	定	11600
站崗	站	崗	10145
站直	站	直	7655
站不住	站	不住	5650
站不住腳	站	不住腳	4830
站開	站	開	4360
站票	站	票	3930
站務員	站	務員	875
站衛兵	站	衛兵	1
絲毫	絲	毫	159255
絲絲	絲	絲	42690
絲襪	絲	襪	38430
絲帶	絲	帶	23020
絲瓜	絲	瓜	22570
絲線	絲	線	19130
絲絨	絲	絨	16825
絲質	絲	質	9625
絲狀	絲	狀	7375
絲織	絲	織	6725
絲絲入扣	絲	絲入扣	5330
絲織品	絲	織品	5185
絲路	絲	路	2731
絲綢	絲	綢	2336
絲布	絲	布	1780
絲竹	絲	竹	1167
絲毫不爽	絲	毫不爽	680
絲棉	絲	棉	1
絲絹	絲	絹	1
線條	線	條	210465
線索	線	索	174030
線上	線	上	158925
線性	線	性	74665
線圈	線	圈	46970
線段	線	段	25175
線形	線	形	13755
線頭	線	頭	8660
線人	線	人	8190
線裝	線	裝	7640
線狀	線	狀	7170
線管	線	管	5745
線路	線	路	5003
線性規劃	線	性規劃	3805
線裝書	線	裝書	2105
線香	線	香	1800
線道	線	道	60
線民	線	民	1
線上即時交談系統	線	上即時交談系統	1
耐心	耐	心	261855
耐用	耐	用	60625
耐力	耐	力	54250
耐勞	耐	勞	35675
耐人尋味	耐	人尋味	29425
耐熱	耐	熱	29195
耐火	耐	火	26245
耐性	耐	性	25270
耐久	耐	久	22810
耐久性	耐	久性	20975
耐寒	耐	寒	20395
耐不住	耐	不住	11380
耐煩	耐	煩	9999
耐旱	耐	旱	6570
耐火磚	耐	火磚	2555
耐住	耐	住	2435
耐震	耐	震	2220
耐撞	耐	撞	1
耐著性子	耐	著性子	1
色彩	色	彩	500479
色情	色	情	219740
色澤	色	澤	148150
色調	色	調	125230
色素	色	素	78525
色狼	色	狼	56550
色相	色	相	31140
色系	色	系	30610
色帶	色	帶	30135
色盲	色	盲	16180
色子	色	子	9320
色慾	色	慾	5760
色料	色	料	5695
色紙	色	紙	5270
色樣	色	樣	2370
色情狂	色	情狂	1800
色厲內荏	色	厲內荏	1330
色筆	色	筆	1111
色瞇瞇	色	瞇瞇	1
蓋章	蓋	章	179620
蓋上	蓋	上	45595
蓋子	蓋	子	30355
蓋住	蓋	住	22540
蓋板	蓋	板	22062
蓋好	蓋	好	17755
蓋世	蓋	世	11825
蓋起	蓋	起	8930
蓋頭	蓋	頭	7485
蓋印	蓋	印	4335
蓋頂	蓋	頂	3575
蓋洛普	蓋	洛普	3175
蓋世太保	蓋	世太保	2255
蓋起來	蓋	起來	1775
蓋世無雙	蓋	世無雙	1305
蓋棺論定	蓋	棺論定	880
蓋爾	蓋	爾	1
蓋瑞	蓋	瑞	1
蓋亞那	蓋	亞那	1
蘇州	蘇	州	500250
蘇聯	蘇	聯	230975
蘇格蘭	蘇	格蘭	63955
蘇丹	蘇	丹	39240
蘇東坡	蘇	東坡	31280
蘇維埃	蘇	維埃	27985
蘇打水	蘇	打水	13766
蘇黎世	蘇	黎世	12830
蘇秦	蘇	秦	9970
蘇俄	蘇	俄	8780
蘇打	蘇	打	6285
蘇鐵	蘇	鐵	4660
蘇澳	蘇	澳	1705
蘇曼殊	蘇	曼殊	47
蘇武	蘇	武	5
蘇澳港	蘇	澳港	1
蘇哈托	蘇	哈托	1
蘇利南	蘇	利南	1
蘇愷二七戰機	蘇	愷二七戰機	1
規格	規	格	500588
規畫	規	畫	1
規範	規	範	3247208
規定	規	定	502969
規劃	規	劃	500930
規模	規	模	500637
規則	規	則	500479
規律	規	律	500289
規章	規	章	262770
規程	規	程	120220
規矩	規	矩	109685
規避	規	避	94865
規模宏大	規	模宏大	20650
規勸	規	勸	10820
規規矩矩	規	規矩矩	9870
規約	規	約	7750
規費	規	費	3478
規格化	規	格化	3235
規條	規	條	1
跌幅	跌	幅	48950
跌倒	跌	倒	45130
跌落	跌	落	39550
跌破	跌	破	33625
跌價	跌	價	24535
跌停	跌	停	19595
跌跌撞撞	跌	跌撞撞	17270
跌入	跌	入	15695
跌宕	跌	宕	8840
跌下	跌	下	7110
跌進	跌	進	6930
跌打損傷	跌	打損傷	6165
跌停板	跌	停板	3920
跌破眼鏡	跌	破眼鏡	2150
跌跤	跌	跤	1735
跌足	跌	足	675
跌死	跌	死	1
跌碎	跌	碎	1
跌至谷底	跌	至谷底	1
陪同	陪	同	107655
陪伴	陪	伴	85050
陪襯	陪	襯	15335
陪葬	陪	葬	11795
陪審團	陪	審團	10855
陪客	陪	客	8965
陪審員	陪	審員	7980
陪酒	陪	酒	5910
陪嫁	陪	嫁	4675
陪都	陪	都	3150
陪審	陪	審	3015
陪侍	陪	侍	2625
陪考	陪	考	1575
陪祭	陪	祭	320
陪不是	陪	不是	1
陪小心	陪	小心	1
陪禮	陪	禮	1
陪笑	陪	笑	1
陪罪	陪	罪	1
默認	默	認	529996
默默	默	默	161745
默契	默	契	73090
默默無聞	默	默無聞	33490
默然	默	然	25905
默念	默	念	16845
默許	默	許	16030
默寫	默	寫	15420
默劇	默	劇	9999
默哀	默	哀	9175
默不作聲	默	不作聲	9135
默讀	默	讀	9090
默默無言	默	默無言	2365
默片	默	片	2255
默記	默	記	1935
默禱	默	禱	1500
默思	默	思	685
默想	默	想	397
默書	默	書	95
齊全	齊	全	363830
齊備	齊	備	44150
齊心協力	齊	心協力	36855
齊國	齊	國	33290
齊聲	齊	聲	29530
齊王	齊	王	14720
齊集	齊	集	14515
齊名	齊	名	12155
齊心	齊	心	11410
齊頭並進	齊	頭並進	11355
齊力	齊	力	10515
齊聚一堂	齊	聚一堂	6630
齊人	齊	人	6455
齊放	齊	放	4390
齊唱	齊	唱	4035
齊步	齊	步	2235
齊家	齊	家	130
齊一	齊	一	1
齊人之福	齊	人之福	1
冬天	冬	天	286180
冬至	冬	至	33910
冬季	冬	季	325895
冬瓜	冬	瓜	77776
冬眠	冬	眠	21180
冬日	冬	日	53905
冬蟲夏草	冬	蟲夏草	18415
冬裝	冬	裝	13400
冬菇	冬	菇	12395
冬筍	冬	筍	12110
冬暖夏涼	冬	暖夏涼	10675
冬衣	冬	衣	4190
冬防	冬	防	1225
冬藏	冬	藏	1130
冬粉	冬	粉	965
冬烘	冬	烘	340
冬令	冬	令	100
冬令進補	冬	令進補	1
凌晨	凌	晨	210360
凌雲	凌	雲	52555
凌亂	凌	亂	41870
凌空	凌	空	37750
凌駕	凌	駕	4900
凌遲	凌	遲	4740
凌厲	凌	厲	31670
凌辱	凌	辱	11880
凌霄	凌	霄	10895
凌波	凌	波	8950
凌波仙子	凌	波仙子	2180
凌亂不堪	凌	亂不堪	2055
凌人	凌	人	1965
凌虐	凌	虐	1670
凌雲壯志	凌	雲壯志	1205
凌日	凌	日	88
凌霄殿	凌	霄殿	1
凌氣逼人	凌	氣逼人	1
劃分	劃	分	343165
劃定	劃	定	86230
劃分為	劃	分為	78455
劃撥	劃	撥	72845
劃出	劃	出	44070
劃歸	劃	歸	28595
劃時代	劃	時代	24905
劃開	劃	開	7675
劃清	劃	清	6185
劃界	劃	界	5830
劃掉	劃	掉	5625
劃一	劃	一	1071
劃成	劃	成	396
劃法	劃	法	235
劃座位	劃	座位	1
劃線	劃	線	1
劃地為王	劃	地為王	1
劃清界線	劃	清界線	1
協商	協	商	837393
協調	協	調	500459
協議	協	議	500874
協助	協	助	500285
協奏曲	協	奏曲	13325
協同	協	同	150590
協作	協	作	232770
協定	協	定	93595
協力車	協	力車	1
協會	協	會	500725
協辦	協	辦	76535
協和	協	和	39140
協力	協	力	19205
協調會	協	調會	11440
協奏	協	奏	9999
協理	協	理	6340
協防	協	防	3645
協約	協	約	2915
哈哈。	哈	哈。	888
哈哈	哈	哈	500363
哈爾濱	哈	爾濱	342245
哈爾濱市	哈	爾濱市	104395
哈哈大笑	哈	哈大笑	63605
哈佛	哈	佛	54260
哈達	哈	達	41785
哈佛大學	哈	佛大學	35860
哈密瓜	哈	密瓜	16348
哈欠	哈	欠	10885
哈瓦那	哈	瓦那	5575
哈巴狗	哈	巴狗	3810
哈密	哈	密	1997
哈哈鏡	哈	哈鏡	1830
哈雷彗星	哈	雷彗星	1690
哈腰	哈	腰	1595
哈囉	哈	囉	1111
哈維	哈	維	1
唐代	唐	代	128155
唐朝	唐	朝	94425
唐詩	唐	詩	36195
唐山	唐	山	103550
唐伯虎	唐	伯虎	22240
唐老鴨	唐	老鴨	8565
唐三藏	唐	三藏	6150
唐氏症	唐	氏症	1
唐人	唐	人	23965
唐太宗	唐	太宗	20090
唐人街	唐	人街	11415
唐王	唐	王	10015
唐裝	唐	裝	9990
唐突	唐	突	9175
唐明皇	唐	明皇	4860
唐菖蒲	唐	菖蒲	1610
唐朝人	唐	朝人	805
唐山大地震	唐	山大地震	1
壽司	壽	司	18315
壽喜燒	壽	喜燒	1
壽命	壽	命	194640
壽險	壽	險	17536
壽星	壽	星	13620
壽終正寢	壽	終正寢	6005
壽辰	壽	辰	5780
壽比南山	壽	比南山	3865
壽堂	壽	堂	3735
壽桃	壽	桃	3720
壽誕	壽	誕	2930
壽衣	壽	衣	2705
壽終	壽	終	2445
壽考	壽	考	1155
壽屏	壽	屏	215
壽山	壽	山	125
壽麵	壽	麵	9
壽相	壽	相	1
奧運	奧	運	290870
奧特曼	奧	特曼	888
奧運會	奧	運會	224295
奧地利	奧	地利	91930
奧林匹克	奧	林匹克	89690
奧斯卡	奧	斯卡	56460
奧祕	奧	祕	55930
奧秘	奧	秘	55930
奧妙	奧	妙	35295
奧林匹克運動會	奧	林匹克運動會	10250
奧義	奧	義	9999
奧運村	奧	運村	9065
奧斯陸	奧	斯陸	7440
奧斯汀	奧	斯汀	6630
奧斯卡金像獎	奧	斯卡金像獎	3440
奧援	奧	援	1111
奧萬大	奧	萬大	1
奧會模式	奧	會模式	1
宏觀	宏	觀	124415
宏都拉斯	宏	都拉斯	1
宏大	宏	大	55920
宏偉	宏	偉	55090
宏願	宏	願	45450
宏圖	宏	圖	14950
宏偉壯觀	宏	偉壯觀	3855
宏旨	宏	旨	285
宏恩醫院	宏	恩醫院	35
宏達	宏	達	1
宏富	宏	富	1
宏亮	宏	亮	1
宏仁	宏	仁	1
宏儒	宏	儒	1
宏碩	宏	碩	1
宏揚	宏	揚	1
宏業	宏	業	1
宏儒碩學	宏	儒碩學	1
尊敬	尊	敬	227350
尊重	尊	重	500359
尊嚴	尊	嚴	141100
尊貴	尊	貴	87615
尊者	尊	者	31870
尊崇	尊	崇	20395
尊稱	尊	稱	18885
尊為	尊	為	13000
尊榮	尊	榮	8095
尊長	尊	長	5415
尊容	尊	容	4755
尊姓大名	尊	姓大名	3830
尊師重道	尊	師重道	1640
尊夫人	尊	夫人	1380
尊顏	尊	顏	630
尊口	尊	口	565
尊翁	尊	翁	300
尊前	尊	前	1
巧克力	巧	克力	373599
巧合	巧	合	52505
巧遇	巧	遇	15775
巧妙	巧	妙	78920
巧奪天工	巧	奪天工	11050
巧手	巧	手	10450
巧思	巧	思	4975
巧取豪奪	巧	取豪奪	4030
巧言	巧	言	3405
巧婦難為無米之炊	巧	婦難為無米之炊	3355
巧立名目	巧	立名目	2507
巧計	巧	計	2005
巧婦	巧	婦	1795
巧言令色	巧	言令色	1550
巧辯	巧	辯	515
巧藝	巧	藝	1
巧嘴	巧	嘴	1
巧固球	巧	固球	1
志仁	志	仁	888
志願	志	願	243815
志向	志	向	41225
志氣	志	氣	14580
志同道合	志	同道合	30220
志業	志	業	1
志士	志	士	10410
志書	志	書	8790
志得意滿	志	得意滿	3480
志士仁人	志	士仁人	2550
志工	志	工	2470
志願書	志	願書	2025
志趣	志	趣	1029
志怪小說	志	怪小說	670
志成	志	成	1
志行	志	行	1
志節	志	節	1
志於	志	於	1
懸掛	懸	掛	143540
懸念	懸	念	61340
懸賞	懸	賞	55265
懸崖	懸	崖	54110
懸殊	懸	殊	33055
懸疑	懸	疑	24235
懸空	懸	空	21135
懸吊	懸	吊	11300
懸而未決	懸	而未決	7170
懸案	懸	案	5175
懸浮	懸	浮	3693
懸崖勒馬	懸	崖勒馬	3470
懸壺濟世	懸	壺濟世	1310
懸梁刺股	懸	梁刺股	720
懸腕	懸	腕	715
懸心	懸	心	535
懸岩	懸	岩	1
懸岩峭壁	懸	岩峭壁	1
扶持	扶	持	359885
扶梯	扶	梯	8905
扶手	扶	手	41795
扶養	扶	養	39330
扶助	扶	助	35080
扶起	扶	起	24295
扶植	扶	植	21520
扶正	扶	正	17375
扶搖直上	扶	搖直上	6510
扶老攜幼	扶	老攜幼	3225
扶搖	扶	搖	1845
扶危	扶	危	1665
扶桑	扶	桑	1185
扶杖	扶	杖	605
扶輪社	扶	輪社	500
扶乩	扶	乩	3
扶疏	扶	疏	2
扶靈	扶	靈	1
披露	披	露	1261363
披上	披	上	32485
披肩	披	肩	24720
披風	披	風	23035
披頭散髮	披	頭散髮	6630
披荊斬棘	披	荊斬棘	6405
披掛	披	掛	6340
披頭	披	頭	4720
披星戴月	披	星戴月	4690
披掛上陣	披	掛上陣	3615
披甲	披	甲	3150
披靡	披	靡	1730
披閱	披	閱	1205
披紅	披	紅	1075
披沙揀金	披	沙揀金	350
披襟	披	襟	1
披薩	披	薩	1
披麻帶孝	披	麻帶孝	1
挖到	挖	到	888
挖掘	挖	掘	244950
挖出來	挖	出來	7665
挖出	挖	出	32240
挖苦	挖	苦	15875
挖空心思	挖	空心思	10030
挖走	挖	走	6735
挖土	挖	土	6000
挖空	挖	空	4695
挖掉	挖	掉	3615
挖洞	挖	洞	3575
挖土機	挖	土機	2625
挖地	挖	地	2570
挖井	挖	井	2555
挖取	挖	取	2505
挖除	挖	除	1190
挖角	挖	角	1111
挖牆角	挖	牆角	1
掩蓋	掩	蓋	93020
掩埋	掩	埋	24585
掩護	掩	護	45930
掩藏	掩	藏	9285
掩埋場	掩	埋場	345
掩耳盜鈴	掩	耳盜鈴	5700
掩人耳目	掩	人耳目	5635
掩飾	掩	飾	84505
掩映	掩	映	24630
掩體	掩	體	9125
掩住	掩	住	8135
掩不住	掩	不住	5950
掩上	掩	上	4280
掩耳	掩	耳	1900
掩蔽	掩	蔽	1765
掩鼻	掩	鼻	1555
掩蔽物	掩	蔽物	515
掩沒	掩	沒	1
揭示	揭	示	108735
揭露	揭	露	82685
揭開	揭	開	77135
揭曉	揭	曉	64065
揭發	揭	發	33600
揭穿	揭	穿	21290
揭幕	揭	幕	20875
揭下	揭	下	5550
揭起	揭	起	3325
揭榜	揭	榜	1450
揭竿	揭	竿	1210
揭幕式	揭	幕式	450
揭瘡疤	揭	瘡疤	185
揭揚	揭	揚	1
揭櫫	揭	櫫	1
揭示板	揭	示板	1
揭竿起義	揭	竿起義	1
揭人隱私	揭	人隱私	1
撞擊	撞	擊	89780
撞到	撞	到	39620
撞上	撞	上	37245
撞倒	撞	倒	17945
撞車	撞	車	17060
撞見	撞	見	14900
撞傷	撞	傷	10860
撞死	撞	死	7215
撞人	撞	人	6835
撞開	撞	開	6495
撞進	撞	進	5430
撞破	撞	破	5245
撞壞	撞	壞	4700
撞球	撞	球	3730
撞入	撞	入	2860
撞成	撞	成	1805
撞騙	撞	騙	300
撞球場	撞	球場	135
旁邊	旁	邊	496420
旁人	旁	人	51965
旁聽	旁	聽	30560
旁觀者	旁	觀者	25695
旁觀	旁	觀	15695
旁白	旁	白	15170
旁若無人	旁	若無人	10580
旁敲側擊	旁	敲側擊	5885
旁徵博引	旁	徵博引	4805
旁門左道	旁	門左道	3905
旁觀者清	旁	觀者清	3725
旁門	旁	門	3025
旁側	旁	側	2245
旁及	旁	及	1720
旁聽席	旁	聽席	1655
旁生	旁	生	1330
旁系	旁	系	1260
旁枝	旁	枝	1
板橋	板	橋	2404
板橋市	板	橋市	24
板材	板	材	116530
板書	板	書	54845
板凳	板	凳	44210
板子	板	子	23850
板車	板	車	6585
板球	板	球	3445
板兒	板	兒	2860
板擦	板	擦	1555
板門店	板	門店	1520
板斧	板	斧	539
板蕩	板	蕩	430
板本	板	本	1
板畫	板	畫	1
板金	板	金	1
板起	板	起	1
板著臉	板	著臉	1
淚水	淚	水	204495
淚流滿面	淚	流滿面	35025
淚珠	淚	珠	22790
淚痕	淚	痕	21085
淚眼	淚	眼	19145
淚滴	淚	滴	9170
淚液	淚	液	6725
淚如雨下	淚	如雨下	6590
淚腺	淚	腺	3980
淚汪汪	淚	汪汪	3635
淚人	淚	人	3295
淚如泉湧	淚	如泉湧	3225
淚雨	淚	雨	2715
淚管	淚	管	1700
淚眼汪汪	淚	眼汪汪	1370
淚眼矇矓	淚	眼矇矓	1110
淚人兒	淚	人兒	1010
淚珠盈眶	淚	珠盈眶	1
測驗	測	驗	87290
測量	測	量	500259
測試	測	試	500807
測定	測	定	265445
測繪	測	繪	182545
測試儀	測	試儀	67445
測出	測	出	22335
測量儀	測	量儀	21085
測溫	測	溫	17200
測字	測	字	4445
測量出	測	量出	3750
測速器	測	速器	1585
測謊器	測	謊器	310
測候	測	候	11
測深	測	深	1
測時	測	時	1
測知	測	知	1
測試法	測	試法	1
父親	父	親	500518
父親節	父	親節	9340
父母	父	母	500635
父子	父	子	96355
父王	父	王	19935
父老	父	老	9640
父權	父	權	9030
父兄	父	兄	8940
父子倆	父	子倆	8065
父系	父	系	5365
父母官	父	母官	5075
父子關係	父	子關係	4345
父命	父	命	2550
父慈子孝	父	慈子孝	1110
父蔭	父	蔭	1
父執	父	執	1
父執輩	父	執輩	1
父子天性	父	子天性	1
獲得	獲	得	9999
獲獎	獲	獎	246320
獲取	獲	取	500322
獲悉	獲	悉	243860
獲利	獲	利	125720
獲勝	獲	勝	68695
獲准	獲	准	50080
獲知	獲	知	31075
獲益	獲	益	28815
獲救	獲	救	13235
獲選	獲	選	7460
獲釋	獲	釋	7050
獲益匪淺	獲	益匪淺	5980
獲罪	獲	罪	5585
獲頒	獲	頒	4890
獲致	獲	致	3250
獲赦	獲	赦	205
獲到	獲	到	1
甲狀腺	甲	狀腺	43330
甲骨文	甲	骨文	42290
甲仙	甲	仙	1
甲板	甲	板	29635
甲苯	甲	苯	27185
甲烷	甲	烷	26475
甲魚	甲	魚	25435
甲午	甲	午	16175
甲等	甲	等	12445
甲蟲	甲	蟲	11870
甲骨	甲	骨	9315
甲天下	甲	天下	8285
甲冑	甲	冑	6555
甲子	甲	子	5870
甲基	甲	基	5355
甲殼	甲	殼	5270
甲狀腺素	甲	狀腺素	5030
甲兵	甲	兵	4770
盜版	盜	版	105665
盜竊	盜	竊	90025
盜賊	盜	賊	74140
盜用	盜	用	34885
盜取	盜	取	29045
盜汗	盜	汗	11070
盜墓	盜	墓	9515
盜匪	盜	匪	5950
盜伐	盜	伐	4935
盜獵	盜	獵	3935
盜賣	盜	賣	2875
盜印	盜	印	1930
盜壘	盜	壘	165
盜採	盜	採	5
盜林	盜	林	1
盜領	盜	領	1
盜錄	盜	錄	1
盜木	盜	木	1
砂糖	砂	糖	17410
砂輪	砂	輪	22660
砂鍋	砂	鍋	19525
砂岩	砂	岩	17585
砂紙	砂	紙	14927
砂石	砂	石	8888
砂眼	砂	眼	3390
砂質	砂	質	2380
砂輪機	砂	輪機	1660
砂布	砂	布	281
砂囊	砂	囊	135
砂層	砂	層	1
砂礦	砂	礦	1
砂粒	砂	粒	1
砂礫	砂	礫	1
砂土	砂	土	1
砂拉越	砂	拉越	1
砂朥越	砂	朥越	1
碧綠	碧	綠	31665
碧波	碧	波	23060
碧空	碧	空	5155
碧血	碧	血	5005
碧草	碧	草	4340
碧山	碧	山	4235
碧水	碧	水	4037
碧潭	碧	潭	3550
碧眼	碧	眼	2755
碧色	碧	色	2250
碧波萬頃	碧	波萬頃	2085
碧玉	碧	玉	2079
碧草如茵	碧	草如茵	665
碧海青天	碧	海青天	570
碧海	碧	海	260
碧落	碧	落	63
碧江	碧	江	1
碧血黃花	碧	血黃花	1
祖先	祖	先	94890
祖父	祖	父	55090
祖母	祖	母	35200
祖籍	祖	籍	26245
祖傳	祖	傳	16370
祖國	祖	國	263080
祖師	祖	師	41295
祖宗	祖	宗	41175
祖父母	祖	父母	12685
祖廟	祖	廟	10205
祖墳	祖	墳	7270
祖師爺	祖	師爺	7060
祖德	祖	德	6120
祖孫	祖	孫	5435
祖居	祖	居	4635
祖業	祖	業	3570
祖上	祖	上	3015
祖產	祖	產	835
票價	票	價	208150
票房	票	房	88445
票根	票	根	2180
票數	票	數	69445
票選	票	選	11180
票號	票	號	10805
票箱	票	箱	3655
票匭	票	匭	1
票據	票	據	168865
票面	票	面	23770
票款	票	款	19375
票據法	票	據法	9020
票券	票	券	6375
票友	票	友	5865
票源	票	源	2435
票戲	票	戲	75
票傳	票	傳	1
票亭	票	亭	1
籃球	籃	球	186650
籃球場	籃	球場	23675
籃球隊	籃	球隊	19135
籃子	籃	子	16010
籃球賽	籃	球賽	13365
籃板球	籃	板球	9190
籃網	籃	網	5145
籃球架	籃	球架	4105
籃協	籃	協	3735
籃框	籃	框	3115
籃壇	籃	壇	1995
籃球員	籃	球員	190
籃下三秒鐘	籃	下三秒鐘	1
籃隊	籃	隊	1
籃賽	籃	賽	1
籃運	籃	運	1
籃裝	籃	裝	1
籃委會	籃	委會	1
約定	約	定	500395
約會	約	會	146930
約束	約	束	287935
約旦	約	旦	26940
約翰	約	翰	135770
約定俗成	約	定俗成	13225
約法三章	約	法三章	5535
約莫	約	莫	69999
約見	約	見	29775
約請	約	請	7320
約談	約	談	7065
約數	約	數	5985
約略	約	略	4825
約旦河	約	旦河	4510
約分	約	分	2065
約計	約	計	1755
約期	約	期	1565
約同	約	同	1430
納稅	納	稅	301550
納粹	納	粹	44340
納稅人	納	稅人	307645
納骨塔	納	骨塔	1
納入	納	入	500253
納悶	納	悶	56750
納稅義務人	納	稅義務人	9999
納涼	納	涼	8675
納妾	納	妾	3985
納福	納	福	3805
納粹黨	納	粹黨	3685
納貢	納	貢	1745
納采	納	采	1270
納稅者	納	稅者	705
納賄	納	賄	590
納聘	納	聘	270
納吉	納	吉	1
納命來	納	命來	1
累計	累	計	500250
累加	累	加	19085
累積	累	積	117110
累贅	累	贅	20025
累累	累	累	17280
累死	累	死	16610
累壞	累	壞	8250
累犯	累	犯	7565
累人	累	人	5555
累倒	累	倒	2335
累垮	累	垮	1930
累積下來	累	積下來	1530
累月	累	月	810
累進稅	累	進稅	610
累代	累	代	395
累卵	累	卵	305
累進	累	進	86
累次三番	累	次三番	1
缺貨	缺	貨	888
缺陷	缺	陷	551600
缺乏	缺	乏	500470
缺點	缺	點	323490
缺少	缺	少	303640
缺席	缺	席	184918
缺口	缺	口	125390
缺損	缺	損	38330
缺憾	缺	憾	27115
缺德	缺	德	10415
缺考	缺	考	10130
缺額	缺	額	7790
缺課	缺	課	6195
缺勤	缺	勤	6185
缺欠	缺	欠	2875
缺料	缺	料	1120
缺嘴	缺	嘴	1111
缺失	缺	失	1073
聞到	聞	到	63010
聞名	聞	名	62690
聞訊	聞	訊	19435
聞所未聞	聞	所未聞	9390
聞得	聞	得	8705
聞道	聞	道	7730
聞知	聞	知	7195
聞風	聞	風	6230
聞見	聞	見	6195
聞風喪膽	聞	風喪膽	5770
聞人	聞	人	3505
聞達	聞	達	2635
聞雞起舞	聞	雞起舞	2020
聞過則喜	聞	過則喜	1080
聞風而逃	聞	風而逃	612
聞一知十	聞	一知十	360
聞問	聞	問	1
聞風響應	聞	風響應	1
膽固醇	膽	固醇	89825
膽子	膽	子	52370
膽小	膽	小	38375
膽量	膽	量	28655
膽囊	膽	囊	26360
膽怯	膽	怯	25370
膽識	膽	識	23270
膽汁	膽	汁	22130
膽敢	膽	敢	13605
膽戰心驚	膽	戰心驚	10445
膽結石	膽	結石	8850
膽小鬼	膽	小鬼	7915
膽寒	膽	寒	6335
膽大妄為	膽	大妄為	5090
膽大包天	膽	大包天	4455
膽大心細	膽	大心細	3585
膽力	膽	力	515
膽顫心驚	膽	顫心驚	1
謀殺	謀	殺	256522
謀求	謀	求	83020
謀取	謀	取	67530
謀生	謀	生	41940
謀略	謀	略	36020
謀利	謀	利	12440
謀士	謀	士	12180
謀反	謀	反	11160
謀面	謀	面	10530
謀殺案	謀	殺案	10385
謀害	謀	害	8010
謀事	謀	事	5495
謀得	謀	得	4550
謀職	謀	職	4470
謀財害命	謀	財害命	2760
謀殺罪	謀	殺罪	2340
謀國	謀	國	1
謀議	謀	議	1
賢人	賢	人	10765
賢淑	賢	淑	9065
賢德	賢	德	8750
賢才	賢	才	8545
賢妻良母	賢	妻良母	8310
賢良	賢	良	7635
賢士	賢	士	5675
賢明	賢	明	5185
賢妻	賢	妻	4550
賢能	賢	能	4440
賢臣	賢	臣	4355
賢達	賢	達	3500
賢內助	賢	內助	3470
賢哲	賢	哲	2210
賢孝	賢	孝	790
賢伉儷	賢	伉儷	660
賢昆仲	賢	昆仲	245
賢慧	賢	慧	1
迴避	迴	避	442118
迴轉	迴	轉	43260
迴廊	迴	廊	19900
迴響	迴	響	58790
迴路	迴	路	54195
迴蕩	迴	蕩	33445
迴盪	迴	盪	33445
迴旋	迴	旋	27830
迴環	迴	環	5745
迴光返照	迴	光返照	4105
迴腸	迴	腸	3955
迴繞	迴	繞	1825
迴腸蕩氣	迴	腸蕩氣	1815
迴腸盪氣	迴	腸盪氣	1815
迴旋曲	迴	旋曲	1360
迴紋針	迴	紋針	115
迴帶	迴	帶	1
迴向	迴	向	1
針頭	針	頭	19970
針筒	針	筒	6110
針孔	針	孔	19030
針灸	針	灸	5555
針線	針	線	9605
針眼	針	眼	5410
針織品	針	織品	9050
針葉樹	針	葉樹	2050
針對	針	對	500789
針織	針	織	86950
針鋒相對	針	鋒相對	19045
針葉	針	葉	10215
針尖	針	尖	8970
針砭	針	砭	2120
針炙	針	炙	1111
針鋒	針	鋒	525
針芒	針	芒	1
針氈	針	氈	1
飲料	飲	料	356600
飲食	飲	食	407460
飲用	飲	用	186300
飲用水	飲	用水	164027
飲水	飲	水	122930
飲酒	飲	酒	110170
飲茶	飲	茶	48700
飲水思源	飲	水思源	7395
飲食店	飲	食店	5240
飲湯	飲	湯	4610
飲下	飲	下	3450
飲恨	飲	恨	3270
飲鴆止渴	飲	鴆止渴	2930
飲宴	飲	宴	2770
飲水器	飲	水器	2765
飲彈	飲	彈	325
飲泣	飲	泣	245
飲店	飲	店	1
鳳凰	鳳	凰	217310
鳳毛麟角	鳳	毛麟角	14645
鳳梨	鳳	梨	9325
鳳儀	鳳	儀	6385
鳳眼	鳳	眼	4444
鳳蝶	鳳	蝶	3945
鳳冠	鳳	冠	3475
鳳仙花	鳳	仙花	2025
鳳凰木	鳳	凰木	800
鳳陽花鼓	鳳	陽花鼓	695
鳳凰于飛	鳳	凰于飛	685
鳳凰樹	鳳	凰樹	610
鳳仙	鳳	仙	59
鳳尾草	鳳	尾草	15
鳳山	鳳	山	1
鳳山市	鳳	山市	1
鳳山溪	鳳	山溪	1
鳳髓龍肝	鳳	髓龍肝	1
典型	典	型	301375
典雅	典	雅	125075
典範	典	範	101150
典當	典	當	100639
典禮	典	禮	40055
典籍	典	籍	35685
典故	典	故	33870
典藏	典	藏	18420
典型人物	典	型人物	5090
典章	典	章	3355
典章制度	典	章制度	2420
典獄長	典	獄長	1735
典賣	典	賣	895
典押	典	押	9
典試	典	試	1
典藏本	典	藏本	1
典範長存	典	範長存	1
兼併	兼	併	161673
兼職	兼	職	87860
兼具	兼	具	45635
兼備	兼	備	28525
兼顧	兼	顧	13292
兼得	兼	得	12270
兼而有之	兼	而有之	7775
兼管	兼	管	6010
兼任	兼	任	5335
兼容並蓄	兼	容並蓄	4995
兼辦	兼	辦	3585
兼差	兼	差	1810
兼善天下	兼	善天下	475
兼課	兼	課	263
兼營	兼	營	31
兼程	兼	程	26
兼籌並顧	兼	籌並顧	1
再次	再	次	500577
再說	再	說	294060
再度	再	度	202965
再生	再	生	172515
再見	再	見	139080
再現	再	現	131895
再三	再	三	56055
再者	再	者	53720
再接再厲	再	接再厲	36690
再婚	再	婚	24255
再就是	再	就是	23800
再版	再	版	16760
再犯	再	犯	15545
再會	再	會	13010
再嫁	再	嫁	5235
再生紙	再	生紙	3495
再再	再	再	1
到了	到	了	888
到底	到	底	500261
到家	到	家	59360
到達	到	達	500362
到來	到	來	376495
到處	到	處	213250
到期	到	期	141590
到場	到	場	83785
到手	到	手	52080
到頭來	到	頭來	30470
到頭	到	頭	16135
到任	到	任	14075
到齊	到	齊	11670
到職	到	職	10385
到時	到	時	9911
到案	到	案	5060
到臨	到	臨	4235
右手	右	手	221190
右側	右	側	181720
右邊	右	邊	133495
右腳	右	腳	55980
右上	右	上	32380
右下	右	下	29365
右腿	右	腿	26540
右臂	右	臂	21885
右翼	右	翼	21520
右派	右	派	20965
右面	右	面	14195
右方	右	方	12615
右傾	右	傾	7485
右翼分子	右	翼分子	1420
右端	右	端	517
右手掌	右	手掌	1
右券	右	券	1
喪失	喪	失	185445
喪生	喪	生	20880
喪葬	喪	葬	20810
喪命	喪	命	14925
喪禮	喪	禮	6445
喪氣	喪	氣	6120
喪心病狂	喪	心病狂	5000
喪服	喪	服	3070
喪盡天良	喪	盡天良	2970
喪鐘	喪	鐘	2825
喪權辱國	喪	權辱國	2815
喪膽	喪	膽	2370
喪家之犬	喪	家之犬	2150
喪志	喪	志	1825
喪事	喪	事	1365
喪身	喪	身	1111
喪家	喪	家	227
困難	困	難	500397
困擾	困	擾	166925
困惑	困	惑	164965
困境	困	境	139025
困苦	困	苦	18855
困頓	困	頓	10835
困局	困	局	10205
困住	困	住	8570
困窘	困	窘	7035
困乏	困	乏	5295
困獸	困	獸	3425
困厄	困	厄	2390
困守	困	守	2080
困獸之鬥	困	獸之鬥	1350
困獸猶鬥	困	獸猶鬥	940
困阨	困	阨	1
困窮	困	窮	1
填寫	填	寫	500530
填報	填	報	165975
填充	填	充	142465
填補	填	補	97005
填入	填	入	83935
填表	填	表	43445
填空	填	空	37260
填上	填	上	31920
填滿	填	滿	24925
填詞	填	詞	9999
填平	填	平	9395
填海	填	海	8155
填鴨式	填	鴨式	4340
填鴨	填	鴨	2155
填海造地	填	海造地	1863
填塞	填	塞	731
填充玩具	填	充玩具	1
婚姻	婚	姻	493415
婚禮	婚	禮	245370
婚紗	婚	紗	89385
婚後	婚	後	83210
婚約	婚	約	61890
婚前	婚	前	57095
婚宴	婚	宴	36620
婚事	婚	事	28490
婚嫁	婚	嫁	18205
婚期	婚	期	13150
婚配	婚	配	7915
婚生子女	婚	生子女	5281
婚變	婚	變	4630
婚喪喜慶	婚	喪喜慶	2820
婚友社	婚	友社	1
婚姻暴力	婚	姻暴力	1
婚姻懇談	婚	姻懇談	1
往年	往	年	62905
往往	往	往	500621
往返	往	返	157250
往來	往	來	151460
往事	往	事	129755
往下	往	下	80535
往上	往	上	73720
往後	往	後	69310
往日	往	日	66275
往生	往	生	52920
往常	往	常	51070
往昔	往	昔	24855
往復	往	復	16275
往還	往	還	3325
往時	往	時	1785
往例	往	例	380
往者	往	者	1
待遇	待	遇	500294
待在	待	在	74165
待到	待	到	25505
待客	待	客	21475
待續	待	續	21225
待售	待	售	18545
待命	待	命	16740
待會	待	會	12450
待人接物	待	人接物	11295
待查	待	查	5490
待產	待	產	5180
待人處事	待	人處事	3045
待價而沽	待	價而沽	2830
待字閨中	待	字閨中	1895
待人處世	待	人處世	1575
待機而動	待	機而動	435
待人之道	待	人之道	1
慈善	慈	善	94430
慈悲	慈	悲	58705
慈祥	慈	祥	32220
慈愛	慈	愛	23070
慈禧太后	慈	禧太后	13735
慈善機構	慈	善機構	12780
慈母	慈	母	10515
慈心	慈	心	8225
慈父	慈	父	4715
慈悲為懷	慈	悲為懷	3460
慈眉善目	慈	眉善目	3430
慈幼	慈	幼	1315
慈航	慈	航	1
慈藹	慈	藹	1
慈湖	慈	湖	1
慈暉	慈	暉	1
慈航普渡	慈	航普渡	1
戶外	戶	外	281600
戶口	戶	口	222085
戶名	戶	名	158380
戶籍	戶	籍	117430
戶外廣告	戶	外廣告	58735
戶外活動	戶	外活動	42235
戶主	戶	主	22015
戶頭	戶	頭	8665
戶政	戶	政	5275
戶內	戶	內	193
戶口名簿	戶	口名簿	135
戶長	戶	長	1
戶限	戶	限	1
戶籍謄本	戶	籍謄本	1
戶口調查	戶	口調查	1
戶口普查	戶	口普查	1
戶口謄本	戶	口謄本	1
扭曲	扭	曲	98770
扭轉	扭	轉	79570
扭動	扭	動	24840
扭力	扭	力	22700
扭傷	扭	傷	19360
扭送	扭	送	12176
扭緊	扭	緊	7154
扭捏	扭	捏	4795
扭腰	扭	腰	4790
扭打	扭	打	4385
扭轉乾坤	扭	轉乾坤	4155
扭斷	扭	斷	3333
扭扭捏捏	扭	扭捏捏	3210
扭開	扭	開	3165
扭來扭去	扭	來扭去	2430
扭轉頹勢	扭	轉頹勢	1005
扭扭舞	扭	扭舞	1
把手	把	手	124110
把關	把	關	63280
把握	把	握	50038
把門	把	門	36200
把酒	把	酒	23315
把握住	把	握住	23285
把戲	把	戲	21020
把玩	把	玩	20750
把持	把	持	17710
把守	把	守	15285
把柄	把	柄	14675
把脈	把	脈	10430
把風	把	風	9999
把式	把	式	4790
把盞	把	盞	3190
把酒言歡	把	酒言歡	2625
把晤	把	晤	1
持續	持	續	500442
持有	持	有	497505
持久	持	久	174260
持股	持	股	123070
持平	持	平	83065
持之以恆	持	之以恆	47850
持刀	持	刀	17575
持戒	持	戒	14315
持久戰	持	久戰	13715
持票人	持	票人	10885
持身	持	身	9999
持家	持	家	6635
持重	持	重	4090
持衡	持	衡	385
持盈保泰	持	盈保泰	255
持用	持	用	111
持分	持	分	1
揚州	揚	州	218500
揚聲器	揚	聲器	97845
揚起	揚	起	44455
揚言	揚	言	21415
揚帆	揚	帆	19350
揚名	揚	名	15590
揚長而去	揚	長而去	12835
揚眉吐氣	揚	眉吐氣	9860
揚聲	揚	聲	9540
揚琴	揚	琴	8480
揚手	揚	手	7985
揚威	揚	威	5870
揚鞭	揚	鞭	5180
揚名立萬	揚	名立萬	2595
揚升	揚	升	2525
揚湯止沸	揚	湯止沸	985
揚棄	揚	棄	121
搬遷	搬	遷	190545
搬家	搬	家	100680
搬到	搬	到	81125
搬運	搬	運	73315
搬出	搬	出	25390
搬走	搬	走	22320
搬動	搬	動	11505
搬上	搬	上	6666
搬弄是非	搬	弄是非	3490
搬移	搬	移	3333
搬開	搬	開	3255
搬運費	搬	運費	1935
搬弄	搬	弄	1815
搬來搬去	搬	來搬去	1670
搬演	搬	演	11
搬風	搬	風	1
搬磚砸腳	搬	磚砸腳	1
擦拭	擦	拭	75090
擦肩而過	擦	肩而過	37240
擦洗	擦	洗	34950
擦乾	擦	乾	31230
擦去	擦	去	21155
擦掉	擦	掉	15145
擦鞋	擦	鞋	13500
擦傷	擦	傷	13490
擦乾淨	擦	乾淨	13050
擦身而過	擦	身而過	12285
擦亮	擦	亮	11530
擦汗	擦	汗	9045
擦藥	擦	藥	1280
擦油	擦	油	825
擦槍走火	擦	槍走火	820
擦粉	擦	粉	615
擦撞	擦	撞	1
啟動	啟	動	500495
啟用	啟	用	9999
啟發	啟	發	167425
啟示	啟	示	153195
啟蒙	啟	蒙	61345
啟迪	啟	迪	59820
啟程	啟	程	26715
啟明	啟	明	25145
啟航	啟	航	19975
啟事	啟	事	19865
啟示錄	啟	示錄	12895
啟口	啟	口	9999
啟智	啟	智	6435
啟封	啟	封	6410
啟齒	啟	齒	3495
啟開	啟	開	2980
啟聰	啟	聰	1
敲門	敲	門	52520
敲擊	敲	擊	35075
敲打	敲	打	27835
敲定	敲	定	22455
敲詐	敲	詐	21285
敲開	敲	開	11030
敲門磚	敲	門磚	10240
敲出	敲	出	5350
敲碎	敲	碎	5290
敲鐘	敲	鐘	3385
敲下	敲	下	2660
敲掉	敲	掉	2620
敲破	敲	破	1690
敲竹槓	敲	竹槓	1305
敲邊鼓	敲	邊鼓	875
敲骨吸髓	敲	骨吸髓	595
敲下去	敲	下去	580
旗下	旗	下	169345
旗幟	旗	幟	115965
旗艦	旗	艦	56460
旗袍	旗	袍	42950
旗子	旗	子	10585
旗手	旗	手	9215
旗鼓相當	旗	鼓相當	6880
旗人	旗	人	6795
旗杆	旗	杆	5215
旗桿	旗	桿	5215
旗語	旗	語	3333
旗開得勝	旗	開得勝	2980
旗號	旗	號	364
旗標	旗	標	1
旗竿	旗	竿	1
旗山	旗	山	1
旗魚	旗	魚	1
歐洲	歐	洲	500418
歐美	歐	美	300280
歐元	歐	元	225605
歐陽	歐	陽	177170
歐式	歐	式	47430
歐陸	歐	陸	45327
歐亞	歐	亞	29560
歐洲人	歐	洲人	22665
歐姆	歐	姆	20950
歐化	歐	化	3835
歐風	歐	風	3365
歐巴桑	歐	巴桑	2725
歐吉桑	歐	吉桑	775
歐俄	歐	俄	1
歐人	歐	人	1
歐普藝術	歐	普藝術	1
歐洲共同市場	歐	洲共同市場	1
汽車	汽	車	500933
汽油	汽	油	187865
汽水	汽	水	23480
汽車美容	汽	車美容	21055
汽缸	汽	缸	16485
汽車保險	汽	車保險	9580
汽化	汽	化	6666
汽笛	汽	笛	5610
汽油車	汽	油車	4045
汽車旅館	汽	車旅館	3710
汽艇	汽	艇	3350
汽船	汽	船	2970
汽油彈	汽	油彈	1100
汽門	汽	門	1
汽球	汽	球	1
汽電共生	汽	電共生	1
汽油添加劑	汽	油添加劑	1
泰斗	泰	斗	14380
泰山	泰	山	12292
泰戈爾	泰	戈爾	9815
泰拳	泰	拳	8585
泰然	泰	然	8420
泰國人	泰	國人	4290
泰然自若	泰	然自若	4120
泰王	泰	王	2890
泰國	泰	國	2537
泰山壓頂	泰	山壓頂	2405
泰山北斗	泰	山北斗	1520
泰雅	泰	雅	1320
泰安	泰	安	490
泰北	泰	北	178
泰半	泰	半	55
泰順	泰	順	1
泰順街	泰	順街	1
涼爽	涼	爽	45140
涼水	涼	水	27905
涼風	涼	風	25045
涼菜	涼	菜	24317
涼鞋	涼	鞋	20915
涼拌	涼	拌	20000
涼意	涼	意	19000
涼亭	涼	亭	16290
涼快	涼	快	13900
涼氣	涼	氣	13065
涼棚	涼	棚	3285
涼台	涼	台	3235
涼了半截	涼	了半截	2280
涼州	涼	州	1306
涼傘	涼	傘	590
涼夏	涼	夏	1
涼爽羊毛	涼	爽羊毛	1
珠算	珠	算	8900
珠海	珠	海	255525
珠寶	珠	寶	183020
珠江	珠	江	10323
珠寶店	珠	寶店	9805
珠簾	珠	簾	9250
珠兒	珠	兒	7555
珠玉	珠	玉	7445
珠璣	珠	璣	6205
珠光寶氣	珠	光寶氣	4795
珠聯璧合	珠	聯璧合	4400
珠淚	珠	淚	3500
珠寶行	珠	寶行	3140
珠圓玉潤	珠	圓玉潤	1930
珠飾	珠	飾	1665
珠飾品	珠	飾品	80
珠胎	珠	胎	1
疏忽	疏	忽	60630
疏散	疏	散	55340
疏通	疏	通	49605
疏導	疏	導	47860
疏遠	疏	遠	27405
疏鬆	疏	鬆	23745
疏漏	疏	漏	18825
疏離	疏	離	14950
疏浚	疏	浚	5675
疏懶	疏	懶	4495
疏而不漏	疏	而不漏	3275
疏落	疏	落	1570
疏失	疏	失	509
疏闊	疏	闊	460
疏濬	疏	濬	1
疏洪道	疏	洪道	1
疏離感	疏	離感	1
禍害	禍	害	17625
禍福	禍	福	10510
禍根	禍	根	9580
禍患	禍	患	6220
禍不單行	禍	不單行	5390
禍水	禍	水	4695
禍事	禍	事	3890
禍首	禍	首	3760
禍國殃民	禍	國殃民	3725
禍從口出	禍	從口出	2450
禍端	禍	端	2180
禍起蕭牆	禍	起蕭牆	920
禍從天降	禍	從天降	825
禍心	禍	心	690
禍胎	禍	胎	685
禍種	禍	種	115
禍福與共	禍	福與共	1
簽證	簽	證	271205
簽約	簽	約	993894
簽訂	簽	訂	500260
簽名	簽	名	500257
簽字	簽	字	267055
簽署	簽	署	264935
簽發	簽	發	150365
簽收	簽	收	59760
簽章	簽	章	53440
簽到	簽	到	32795
簽字筆	簽	字筆	14840
簽出	簽	出	2550
簽到簿	簽	到簿	965
簽印	簽	印	755
簽名簿	簽	名簿	350
簽呈	簽	呈	1
簽定	簽	定	1
紫色	紫	色	148255
紫外線	紫	外線	90860
紫菜	紫	菜	43488
紫金	紫	金	30845
紫禁城	紫	禁城	22720
紫羅蘭	紫	羅蘭	19880
紫紅色	紫	紅色	18875
紫雲	紫	雲	18545
紫水晶	紫	水晶	14880
紫紅	紫	紅	14220
紫荊	紫	荊	13090
紫蘇	紫	蘇	12535
紫丁香	紫	丁香	7025
紫微斗數	紫	微斗數	5255
紫黑色	紫	黑色	3965
紫斑	紫	斑	2320
紫薇	紫	薇	1755
繼續	繼	續	501276
繼承	繼	承	280045
繼而	繼	而	72040
繼承人	繼	承人	47580
繼父	繼	父	18625
繼往開來	繼	往開來	17850
繼母	繼	母	16605
繼位	繼	位	15960
繼承權	繼	承權	14040
繼任	繼	任	13045
繼承者	繼	承者	10290
繼子	繼	子	2580
繼續不斷	繼	續不斷	1905
繼嗣	繼	嗣	1315
繼起	繼	起	1
繼室	繼	室	1
繼志	繼	志	1
臉色	臉	色	226335
臉蛋	臉	蛋	44305
臉部	臉	部	98900
臉龐	臉	龐	66300
臉頰	臉	頰	62680
臉紅	臉	紅	43030
臉孔	臉	孔	25675
臉型	臉	型	23475
臉面	臉	面	21875
臉譜	臉	譜	20055
臉皮	臉	皮	19875
臉盆	臉	盆	18850
臉紅心跳	臉	紅心跳	3245
臉紅脖子粗	臉	紅脖子粗	2760
臉上無光	臉	上無光	1565
臉紅耳赤	臉	紅耳赤	785
臉上貼金	臉	上貼金	1
蓮花	蓮	花	131895
蓮藕	蓮	藕	28154
蓮花池	蓮	花池	6535
蓮蓬	蓮	蓬	5585
蓮子	蓮	子	5183
蓮蓬頭	蓮	蓬頭	2080
蓮步	蓮	步	1770
蓮花落	蓮	花落	1640
蓮花座	蓮	花座	1510
蓮子湯	蓮	子湯	1055
蓮台	蓮	台	425
蓮臺	蓮	臺	425
蓮池	蓮	池	111
蓮座	蓮	座	27
蓮荷	蓮	荷	2
蓮霧	蓮	霧	2
蓮社	蓮	社	1
覆蓋	覆	蓋	482995
覆滅	覆	滅	10580
覆轍	覆	轍	10145
覆命	覆	命	6160
覆舟	覆	舟	3810
覆亡	覆	亡	2350
覆水難收	覆	水難收	2200
覆沒	覆	沒	2005
覆巢之下無完卵	覆	巢之下無完卵	55
覆醢	覆	醢	1
覆核	覆	核	1
覆盆	覆	盆	1
覆上	覆	上	1
覆審	覆	審	1
覆試	覆	試	1
覆文	覆	文	1
覆議	覆	議	1
踏上	踏	上	83165
踏實	踏	實	82290
踏入	踏	入	41260
踏板	踏	板	40360
踏出	踏	出	17910
踏青	踏	青	12135
踏步	踏	步	11125
踏勘	踏	勘	11030
踏過	踏	過	6445
踏板車	踏	板車	2205
踏腳	踏	腳	1560
踏到	踏	到	1485
踏腳石	踏	腳石	1310
踏錯	踏	錯	985
踏破鐵鞋	踏	破鐵鞋	955
踏腳板	踏	腳板	480
踏踩	踏	踩	265
逆轉	逆	轉	49880
逆向	逆	向	26330
逆境	逆	境	24120
逆流	逆	流	15095
逆風	逆	風	15085
逆勢	逆	勢	7815
逆來順受	逆	來順受	6500
逆差	逆	差	5450
逆水行舟	逆	水行舟	5240
逆子	逆	子	2430
逆耳	逆	耳	1590
逆黨	逆	黨	1190
逆料	逆	料	855
逆倫	逆	倫	1
逆溯	逆	溯	1
逆溫	逆	溫	1
逆向公車	逆	向公車	1
這麼	這	麼	500751
這樣	這	樣	503115
這裡	這	裡	501307
這個	這	個	503750
這種	這	種	888
這些	這	些	502888
這兒	這	兒	208095
這裏	這	裏	501307
這就	這	就	472500
這邊	這	邊	152225
這般	這	般	90085
這樣子	這	樣子	54480
這麼個	這	麼個	37865
這會兒	這	會兒	24320
這廝	這	廝	13210
這麼樣	這	麼樣	9915
這一來	這	一來	9630
逼真	逼	真	91870
逼近	逼	近	54460
逼迫	逼	迫	39415
逼人	逼	人	21385
逼出	逼	出	9880
逼問	逼	問	8795
逼死	逼	死	4565
逼視	逼	視	3910
逼供	逼	供	3425
逼使	逼	使	2730
逼走	逼	走	2475
逼上梁山	逼	上梁山	2170
逼住	逼	住	1375
逼不得已	逼	不得已	326
逼人太甚	逼	人太甚	61
逼緊	逼	緊	1
逼進	逼	進	1
鎮定	鎮	定	50045
鎮壓	鎮	壓	49580
鎮靜	鎮	靜	48725
鎮長	鎮	長	33470
鎮痛	鎮	痛	29045
鎮守	鎮	守	16930
鎮靜劑	鎮	靜劑	7095
鎮安	鎮	安	6830
鎮日	鎮	日	1560
鎮定劑	鎮	定劑	1510
鎮痛劑	鎮	痛劑	1465
鎮民	鎮	民	746
鎮公所	鎮	公所	355
鎮紙	鎮	紙	11
鎮江	鎮	江	2
鎮暴	鎮	暴	1
鎮心	鎮	心	1
陣陣	陣	陣	98340
陣容	陣	容	88830
陣營	陣	營	72400
陣列	陣	列	39400
陣法	陣	法	24950
陣亡	陣	亡	24010
陣勢	陣	勢	19465
陣痛	陣	痛	17925
陣線	陣	線	12420
陣風	陣	風	10860
陣雨	陣	雨	10790
陣地	陣	地	9999
陣子	陣	子	9345
陣發性	陣	發性	9065
陣前	陣	前	7875
陣腳	陣	腳	6430
陣式	陣	式	2950
鴻溝	鴻	溝	19950
鴻儒	鴻	儒	4970
鴻門宴	鴻	門宴	4480
鴻毛	鴻	毛	2245
鴻業	鴻	業	1415
鴻恩	鴻	恩	813
鴻基	鴻	基	2
鴻文	鴻	文	2
鴻雁	鴻	雁	2
鴻博	鴻	博	1
鴻福	鴻	福	1
鴻圖	鴻	圖	1
鴻運	鴻	運	1
鴻爪	鴻	爪	1
鴻志	鴻	志	1
鴻鵠大志	鴻	鵠大志	1
鴻圖大展	鴻	圖大展	1
今天	今	天	501272
今年	今	年	501273
今後	今	後	500362
今晚	今	晚	174920
今生	今	生	91680
今夜	今	夜	69355
今朝	今	朝	27910
今人	今	人	24375
今世	今	世	22210
今日	今	日	9999
今晨	今	晨	8785
今非昔比	今	非昔比	7786
今昔	今	昔	4000
今番	今	番	2405
今歲	今	歲	1785
今是昨非	今	是昨非	1
伏特加	伏	特加	22922
伏羲	伏	羲	19140
伏案	伏	案	18635
伏擊	伏	擊	18495
伏筆	伏	筆	15455
伏特	伏	特	11125
伏兵	伏	兵	8195
伏地	伏	地	7870
伏下	伏	下	4020
伏貼	伏	貼	2999
伏法	伏	法	2635
伏羲氏	伏	羲氏	2255
伏誅	伏	誅	2180
伏流	伏	流	885
伏罪	伏	罪	1
伏地挺身	伏	地挺身	1
佈局	佈	局	393215
佈置	佈	置	317750
佈滿	佈	滿	65895
佈景	佈	景	17765
佈施	佈	施	17424
佈下	佈	下	16765
佈防	佈	防	14755
佈告	佈	告	9485
佈道	佈	道	8380
佈告欄	佈	告欄	3330
佈雷	佈	雷	2497
佈雷艇	佈	雷艇	45
佈達	佈	達	1
佈崗	佈	崗	1
佈署	佈	署	1
佈道大會	佈	道大會	1
你們	你	們	501135
你呢	你	呢	1
你好	你	好	1
你是	你	是	1
你的	你	的	1
你要	你	要	1
你想	你	想要	1
你想要	你	想要	1
你我	你	我	136400
你老	你	老	30075
你等	你	等	17065
你死我活	你	死我活	15645
你來我往	你	來我往	7255
你爭我奪	你	爭我奪	2925
你儂我儂	你	儂我儂	1145
你推我擠	你	推我擠	1
侵犯	侵	犯	2472282
侵害	侵	害	241925
侵略	侵	略	90075
侵入	侵	入	82230
侵占	侵	占	76960
侵佔	侵	佔	76960
侵蝕	侵	蝕	63250
侵襲	侵	襲	50495
侵略者	侵	略者	41370
侵擾	侵	擾	17210
侵吞	侵	吞	13825
侵略性	侵	略性	4755
侵奪	侵	奪	3750
侵占罪	侵	占罪	2875
侵佔罪	侵	佔罪	2875
侵凌	侵	凌	920
其實	其	實	501351
其他	其	他	502627
其中	其	中	502170
其次	其	次	500256
其餘	其	餘	376455
其間	其	間	153940
其後	其	後	118480
其二	其	二	112215
其內	其	內	44665
其時	其	時	39905
其一	其	一	28310
其樂融融	其	樂融融	14325
其外	其	外	13980
其貌不揚	其	貌不揚	8595
其情可憫	其	情可憫	130
其來有自	其	來有自	1
剛剛	剛	剛	500344
剛好	剛	好	140015
剛才	剛	才	500291
剛毅	剛	毅	24470
剛強	剛	強	19075
剛巧	剛	巧	9670
剛烈	剛	烈	8940
剛健	剛	健	8185
剛勁	剛	勁	7020
剛直	剛	直	4925
剛愎自用	剛	愎自用	4675
剛柔並濟	剛	柔並濟	3965
剛正不阿	剛	正不阿	3415
剛毛	剛	毛	2340
剛性	剛	性	1981
剛愎	剛	愎	1280
區域	區	域	500746
區別	區	別	500278
區分	區	分	243895
區間	區	間	139425
區域性	區	域性	76300
區長	區	長	55755
區區	區	區	42125
區段	區	段	26725
區劃	區	劃	4280
區公所	區	公所	1710
區隔	區	隔	1500
區委	區	委	824
區運	區	運	1
區段徵收	區	段徵收	1
區域聯防	區	域聯防	1
區域網路	區	域網路	1
吊帶	吊	帶	27745
吊燈	吊	燈	22030
吊車	吊	車	20095
吊橋	吊	橋	12350
吊掛	吊	掛	9035
吊起	吊	起	7310
吊環	吊	環	6810
吊鉤	吊	鉤	6170
吊兒郎當	吊	兒郎當	4675
吊床	吊	床	4610
吊飾	吊	飾	4150
吊鋼絲	吊	鋼絲	1035
吊嗓子	吊	嗓子	485
吊嗓	吊	嗓	170
吊衣架	吊	衣架	1
吊車尾	吊	車尾	1
夢想	夢	想	500278
夢幻	夢	幻	162710
夢見	夢	見	125905
夢境	夢	境	55570
夢寐以求	夢	寐以求	37020
夢到	夢	到	24675
夢魘	夢	魘	20980
夢遊	夢	遊	18925
夢鄉	夢	鄉	15595
夢想成真	夢	想成真	15340
夢露	夢	露	11325
夢話	夢	話	6360
夢遺	夢	遺	5190
夢中人	夢	中人	4895
夢囈	夢	囈	4785
夢兆	夢	兆	740
奔馳	奔	馳	159175
奔騰	奔	騰	132955
奔跑	奔	跑	89410
奔波	奔	波	62170
奔向	奔	向	40740
奔走	奔	走	32775
奔放	奔	放	32070
奔赴	奔	赴	31110
奔流	奔	流	14330
奔忙	奔	忙	8520
奔逃	奔	逃	7535
奔喪	奔	喪	3700
奔命	奔	命	1780
奔竄	奔	竄	999
奔北	奔	北	1
奔馳如雷	奔	馳如雷	1
孝順	孝	順	34920
孝敬	孝	敬	19525
孝子	孝	子	18160
孝心	孝	心	15350
孝道	孝	道	10570
孝服	孝	服	5550
孝宗	孝	宗	4715
孝悌	孝	悌	3415
孝女	孝	女	2915
孝行	孝	行	20
孝弟	孝	弟	1
孝經	孝	經	1
孝男	孝	男	1
孝親	孝	親	1
孝思	孝	思	1
孝養	孝	養	1
幹完	幹	完	9295
幹什麼	幹	什麼	202280
幹部	幹	部	500478
幹嘛	幹	嘛	83260
幹活	幹	活	70690
幹事	幹	事	61595
幹線	幹	線	53705
幹掉	幹	掉	48800
幹練	幹	練	21970
幹勁	幹	勁	21140
幹嗎	幹	嗎	7806
幹下去	幹	下去	3900
幹起來	幹	起來	3695
幹員	幹	員	760
幹道	幹	道	243
幹才	幹	才	99
座椅	座	椅	175015
座談會	座	談會	174645
座位	座	位	169380
座談	座	談	130180
座右銘	座	右銘	30565
座機	座	機	25510
座無虛席	座	無虛席	13245
座艙	座	艙	10880
座次	座	次	7905
座號	座	號	2965
座上客	座	上客	2110
座鐘	座	鐘	2070
座標	座	標	1
座車	座	車	1
座落	座	落	1
座像	座	像	1
徒步	徒	步	112185
徒弟	徒	弟	79835
徒手	徒	手	14250
徒然	徒	然	11125
徒勞	徒	勞	10950
徒勞無功	徒	勞無功	5780
徒增	徒	增	5520
徒步旅行	徒	步旅行	4240
徒眾	徒	眾	3945
徒有虛名	徒	有虛名	3415
徒留	徒	留	2440
徒具	徒	具	1900
徒子徒孫	徒	子徒孫	1610
徒刑	徒	刑	1000
徒費	徒	費	980
徒勞往返	徒	勞往返	1
忍不住	忍	不住	221555
忍受	忍	受	100060
忍耐	忍	耐	54410
忍住	忍	住	39285
忍心	忍	心	30980
忍無可忍	忍	無可忍	23835
忍痛	忍	痛	18435
忍讓	忍	讓	15185
忍氣吞聲	忍	氣吞聲	10960
忍辱	忍	辱	10765
忍俊不禁	忍	俊不禁	10085
忍辱負重	忍	辱負重	9200
忍下	忍	下	3710
忍辱偷生	忍	辱偷生	805
忍下來	忍	下來	1
忍辱求全	忍	辱求全	1
怨恨	怨	恨	45220
怨氣	怨	氣	23560
怨言	怨	言	22425
怨聲載道	怨	聲載道	8170
怨憤	怨	憤	3550
怨不得	怨	不得	3275
怨懟	怨	懟	2340
怨聲	怨	聲	2055
怨女	怨	女	1675
怨怒	怨	怒	1665
怨尤	怨	尤	1350
怨天尤人	怨	天尤人	1270
怨悔	怨	悔	1200
怨嘆	怨	嘆	1090
怨歎	怨	歎	1090
怨偶	怨	偶	655
找不到	找	不到	309870
找到	找	到	500700
找出	找	出	265930
找尋	找	尋	68385
找不出	找	不出	19755
找出來	找	出來	17390
找遍	找	遍	8865
找碴	找	碴	7445
找錢	找	錢	6960
找麻煩	找	麻煩	6850
找事	找	事	4355
找樂子	找	樂子	1920
找空	找	空	915
找不著	找	不著	1
找臺階下	找	臺階下	1
找著	找	著	1
抓住	抓	住	432300
抓緊	抓	緊	142680
抓起	抓	起	72255
抓到	抓	到	55515
抓狂	抓	狂	15170
抓去	抓	去	9435
抓起來	抓	起來	9250
抓破	抓	破	4120
抓牢	抓	牢	3795
抓藥	抓	藥	2970
抓耳撓腮	抓	耳撓腮	2795
抓癢	抓	癢	1505
抓週	抓	週	545
抓賭	抓	賭	505
抓子兒	抓	子兒	1
抓權	抓	權	1
押金	押	金	71815
押韻	押	韻	11020
押送	押	送	9805
押解	押	解	9745
押注	押	注	6302
押匯	押	匯	4855
押寶	押	寶	3890
押給	押	給	3535
押運	押	運	3421
押花	押	花	2770
押出	押	出	2060
押款	押	款	760
押租	押	租	200
押寨夫人	押	寨夫人	111
押票	押	票	15
押抵	押	抵	1
拋棄	拋	棄	121695
拋出	拋	出	62445
拋開	拋	開	53240
拋售	拋	售	29295
拋磚引玉	拋	磚引玉	20785
拋物線	拋	物線	11160
拋下	拋	下	9999
拋錨	拋	錨	9950
拋向	拋	向	9355
拋頭露面	拋	頭露面	6350
拋掉	拋	掉	6005
拋擲	拋	擲	5315
拋在腦後	拋	在腦後	3915
拋空	拋	空	2875
拋繡球	拋	繡球	2180
拋除	拋	除	470
撒謊	撒	謊	42105
撒嬌	撒	嬌	39425
撒旦	撒	旦	25035
撒尿	撒	尿	12720
撒哈拉	撒	哈拉	10410
撒手	撒	手	9830
撒野	撒	野	8260
撒網	撒	網	7645
撒落	撒	落	4100
撒腿	撒	腿	3305
撒手人寰	撒	手人寰	2615
撒克遜	撒	克遜	1885
撒種	撒	種	1545
撒賴	撒	賴	650
撒紙錢	撒	紙錢	1
撒水	撒	水	1
撲克	撲	克	36725
撲救	撲	救	30380
撲滅	撲	滅	30320
撲朔迷離	撲	朔迷離	19980
撲通	撲	通	19735
撲克牌	撲	克牌	17855
撲殺	撲	殺	14540
撲鼻	撲	鼻	10440
撲面	撲	面	8040
撲倒	撲	倒	7230
撲打	撲	打	3905
撲空	撲	空	2155
撲滿	撲	滿	1675
撲擊	撲	擊	2
撲的	撲	的	1
撲手	撲	手	1
擠壓	擠	壓	86710
擠出	擠	出	79765
擠兌	擠	兌	51111
擠進	擠	進	37095
擠到	擠	到	14950
擠奶	擠	奶	11345
擠掉	擠	掉	6930
擠入	擠	入	6495
擠滿	擠	滿	5235
擠出來	擠	出來	4890
擠成	擠	成	4295
擠眉弄眼	擠	眉弄眼	4190
擠人	擠	人	2285
擠迫	擠	迫	1070
擠成一團	擠	成一團	1010
擠上	擠	上	704
暢通	暢	通	127975
暢銷	暢	銷	120650
暢遊	暢	遊	45205
暢談	暢	談	37340
暢所欲言	暢	所欲言	36315
暢快	暢	快	26255
暢銷書	暢	銷書	23700
暢通無阻	暢	通無阻	17345
暢行	暢	行	12630
暢飲	暢	飲	12060
暢達	暢	達	6105
暢行無阻	暢	行無阻	2355
暢懷	暢	懷	1111
暢旺	暢	旺	2
暢流	暢	流	1
暢所欲為	暢	所欲為	1
棄權	棄	權	26985
棄嬰	棄	嬰	11075
棄置	棄	置	8350
棄官	棄	官	3345
棄兒	棄	兒	3270
棄絕	棄	絕	3140
棄婦	棄	婦	2195
棄暗投明	棄	暗投明	1755
棄世	棄	世	1500
棄甲	棄	甲	705
棄守	棄	守	700
棄舊圖新	棄	舊圖新	565
棄養	棄	養	545
棄物	棄	物	1
棄械	棄	械	1
棄車保帥	棄	車保帥	1
樓梯	樓	梯	133235
樓層	樓	層	273725
樓上	樓	上	258300
樓下	樓	下	174595
樓房	樓	房	93440
樓宇	樓	宇	70290
樓頂	樓	頂	42745
樓板	樓	板	22165
樓閣	樓	閣	21425
樓台	樓	台	14665
樓臺	樓	臺	14665
樓船	樓	船	3770
樓中樓	樓	中樓	2485
樓面	樓	面	1542
樓子	樓	子	44
樓窗	樓	窗	1
次數	次	數	416750
次日	次	日	138070
次年	次	年	62615
次序	次	序	54110
次要	次	要	37675
次第	次	第	30260
次級	次	級	22455
次子	次	子	15600
次方	次	方	13825
次等	次	等	5365
次長	次	長	4595
次女	次	女	2825
次貨	次	貨	2195
次男	次	男	760
次殖民地	次	殖民地	1
次級團體	次	級團體	1
派出所	派	出所	226373
派出	派	出	166420
派遣	派	遣	121000
派對	派	對	61895
派員	派	員	25625
派別	派	別	24725
派系	派	系	16255
派兵	派	兵	15660
派上用場	派	上用場	14195
派上	派	上	10760
派頭	派	頭	9000
派給	派	給	4145
派軍	派	軍	1480
派生詞	派	生詞	1130
派任	派	任	999
派定	派	定	615
浪費	浪	費	336270
浪漫	浪	漫	454475
浪潮	浪	潮	95720
浪子	浪	子	71535
浪花	浪	花	41155
浪漫主義	浪	漫主義	24750
浪跡天涯	浪	跡天涯	11900
浪蕩	浪	蕩	8400
浪濤	浪	濤	6885
浪頭	浪	頭	4675
浪漫派	浪	漫派	2110
浪人	浪	人	1801
浪板	浪	板	1
浪者	浪	者	1
浪蝶狂蜂	浪	蝶狂蜂	1
浪瀾壯闊	浪	瀾壯闊	1
浸泡	浸	泡	110020
浸潤	浸	潤	37935
浸入	浸	入	21790
浸溼	浸	溼	16690
浸濕	浸	濕	16690
浸漬	浸	漬	15635
浸透	浸	透	13395
浸染	浸	染	8920
浸水	浸	水	8560
浸淫	浸	淫	6275
浸洗	浸	洗	3595
浸蝕	浸	蝕	2510
浸軟	浸	軟	2150
浸於	浸	於	1950
浸禮	浸	禮	475
浸溶	浸	溶	165
港口	港	口	311050
港幣	港	幣	93175
港澳	港	澳	79435
港灣	港	灣	68240
港澳地區	港	澳地區	15140
港務	港	務	13725
港務局	港	務局	7505
港警	港	警	3333
港九	港	九	1935
港埠	港	埠	1410
港警所	港	警所	1
港都	港	都	1
港海	港	海	1
港墘	港	墘	1
港市	港	市	1
港子	港	子	1
湖南	湖	南	500303
湖北	湖	北	500253
湖北省	湖	北省	301505
湖南省	湖	南省	278300
湖泊	湖	泊	118490
湖水	湖	水	77855
湖畔	湖	畔	51480
湖濱	湖	濱	34910
湖光山色	湖	光山色	15830
湖光	湖	光	11030
湖沼	湖	沼	2075
湖田	湖	田	1770
湖色	湖	色	845
湖西	湖	西	719
湖口	湖	口	170
湖區	湖	區	1
炸雞	炸	雞	11510
炸豬排	炸	豬排	1
炸雞排	炸	雞排	1
炸蝦	炸	蝦	1
炸彈	炸	彈	105055
炸藥	炸	藥	45790
炸葯	炸	葯	45790
炸毀	炸	毀	14910
炸死	炸	死	10995
炸掉	炸	掉	8350
炸成	炸	成	6650
炸裂	炸	裂	5970
炸出	炸	出	4715
炸傷	炸	傷	4385
炸醬	炸	醬	1350
炸油條	炸	油條	1080
焦點	焦	點	313320
焦慮	焦	慮	132575
焦距	焦	距	71480
焦急	焦	急	53620
焦炭	焦	炭	32235
焦躁	焦	躁	15110
焦油	焦	油	13340
焦頭爛額	焦	頭爛額	12575
焦灼	焦	灼	10185
焦黃	焦	黃	5840
焦耳	焦	耳	4820
焦黑	焦	黑	4025
焦土	焦	土	2820
焦心	焦	心	11
焦孟不離	焦	孟不離	1
焦土政策	焦	土政策	1
牧師	牧	師	82710
牧場	牧	場	54900
牧民	牧	民	43245
牧業	牧	業	41870
牧羊犬	牧	羊犬	31745
牧草	牧	草	28840
牧羊	牧	羊	17975
牧人	牧	人	13320
牧童	牧	童	10865
牧羊人	牧	羊人	10345
牧歌	牧	歌	8750
牧牛	牧	牛	3790
牧草地	牧	草地	1475
牧笛	牧	笛	999
牧群	牧	群	750
牧地	牧	地	1
獎勵	獎	勵	500419
獎金	獎	金	343345
獎學金	獎	學金	167290
獎品	獎	品	143105
獎懲	獎	懲	85200
獎章	獎	章	54920
獎牌	獎	牌	36970
獎杯	獎	杯	32555
獎盃	獎	盃	32555
獎狀	獎	狀	23600
獎賞	獎	賞	22660
獎券	獎	券	17470
獎掖	獎	掖	945
獎助	獎	助	675
獎助金	獎	助金	270
獎勉	獎	勉	1
瓜子	瓜	子	34940
瓜果	瓜	果	33370
瓜分	瓜	分	24575
瓜子臉	瓜	子臉	9999
瓜葛	瓜	葛	8545
瓜皮	瓜	皮	5345
瓜棚	瓜	棚	1540
瓜田	瓜	田	1235
瓜子殼	瓜	子殼	925
瓜皮帽	瓜	皮帽	850
瓜田李下	瓜	田李下	625
瓜代	瓜	代	80
瓜時	瓜	時	1
瓜地馬拉	瓜	地馬拉	1
瓜熟蒂落	瓜	熟蒂落	1
瓜拉登嘉樓	瓜	拉登嘉樓	1
秀伶	秀	伶	2
秀燕	秀	燕	2
秀才	秀	才	83280
秀麗	秀	麗	78205
秀美	秀	美	53200
秀髮	秀	髮	42895
秀氣	秀	氣	17770
秀峰	秀	峰	9120
秀逗	秀	逗	5275
秀雅	秀	雅	4535
秀外慧中	秀	外慧中	2965
秀逸	秀	逸	2445
秀林	秀	林	2405
秀水	秀	水	872
秀場	秀	場	710
秀朗	秀	朗	130
竊取	竊	取	50945
竊聽器	竊	聽器	23855
竊聽	竊	聽	16115
竊喜	竊	喜	14030
竊竊私語	竊	竊私語	12930
竊賊	竊	賊	12165
竊笑	竊	笑	7960
竊盜	竊	盜	1495
竊案	竊	案	845
竊據	竊	據	700
竊犯	竊	犯	1
竊名	竊	名	1
竊嫌	竊	嫌	1
竊用	竊	用	1
竊占	竊	占	1
竊盜罪	竊	盜罪	1
端正	端	正	72465
端莊	端	莊	48660
端坐	端	坐	25865
端午節	端	午節	25105
端倪	端	倪	22260
端午	端	午	14145
端詳	端	詳	13435
端出	端	出	7425
端陽	端	陽	5630
端菜	端	菜	1615
端視	端	視	1230
端由	端	由	1065
端的	端	的	999
端架子	端	架子	185
端盤子	端	盤子	1
端賴	端	賴	1
競爭	競	爭	500483
競爭力	競	爭力	445320
競賽	競	賽	312775
競技	競	技	78825
競爭者	競	爭者	63350
競標	競	標	49795
競選	競	選	45125
競相	競	相	40880
競技場	競	技場	18775
競購	競	購	7740
競走	競	走	4780
競逐	競	逐	3900
競渡	競	渡	2550
競銷	競	銷	2165
競賽者	競	賽者	665
競奪	競	奪	220
維修	維	修	500396
維護	維	護	500816
維持	維	持	483685
維生素	維	生素	242855
維他命	維	他命	63790
維繫	維	繫	48820
維也納	維	也納	43560
維納斯	維	納斯	18690
維吾爾	維	吾爾	12830
維管束	維	管束	3040
維文	維	文	2170
維艱	維	艱	1665
維新	維	新	480
維生	維	生	1
維妙維肖	維	妙維肖	1
維新圖強	維	新圖強	1
緩慢	緩	慢	194620
緩緩	緩	緩	171840
緩衝	緩	衝	92465
緩和	緩	和	64690
緩衝區	緩	衝區	51765
緩刑	緩	刑	26040
緩步	緩	步	13855
緩衝器	緩	衝器	12895
緩急	緩	急	6985
緩行	緩	行	4310
緩兵之計	緩	兵之計	2600
緩徵	緩	徵	1450
緩衝地帶	緩	衝地帶	920
緩不濟急	緩	不濟急	138
緩議	緩	議	1
緩召	緩	召	1
腰帶	腰	帶	73130
腰部	腰	部	72710
腰包	腰	包	30310
腰圍	腰	圍	28590
腰背	腰	背	10775
腰力	腰	力	6789
腰果	腰	果	6530
腰板	腰	板	5330
腰纏萬貫	腰	纏萬貫	4700
腰斬	腰	斬	3965
腰子	腰	子	3785
腰花	腰	花	2050
腰身	腰	身	1150
腰骨	腰	骨	1105
腰際	腰	際	789
腰粗氣豪	腰	粗氣豪	1
膠囊	膠	囊	211375
膠片	膠	片	66455
膠帶	膠	帶	48745
膠卷	膠	卷	38940
膠水	膠	水	33390
膠布	膠	布	12630
膠質	膠	質	8795
膠鞋	膠	鞋	7675
膠皮	膠	皮	7555
膠紙	膠	紙	6781
膠版	膠	版	2305
膠塊	膠	塊	770
膠柱鼓瑟	膠	柱鼓瑟	345
膠漆	膠	漆	1
膠著	膠	著	1
膠著狀態	膠	著狀態	1
葉子	葉	子	204045
葉酸	葉	酸	60269
葉片	葉	片	104015
葉綠素	葉	綠素	10855
葉脈	葉	脈	8240
葉綠體	葉	綠體	4420
葉縣	葉	縣	4020
葉蘭	葉	蘭	3885
葉尖	葉	尖	3800
葉落歸根	葉	落歸根	1970
葉叢	葉	叢	1690
葉柄	葉	柄	906
葉門	葉	門	1
葉舌	葉	舌	1
葉樹	葉	樹	1
葉公超	葉	公超	1
角度	角	度	500464
角色	角	色	500401
角落	角	落	168395
角逐	角	逐	60400
角膜	角	膜	51000
角鋼	角	鋼	20495
角質層	角	質層	18575
角球	角	球	18195
角質	角	質	13369
角力	角	力	8475
角樓	角	樓	6325
角門	角	門	3755
角尺	角	尺	2140
角化	角	化	19
角子	角	子	1
角力賽	角	力賽	1
誘惑	誘	惑	261750
誘發	誘	發	101355
誘導	誘	導	80660
誘人	誘	人	61645
誘因	誘	因	32010
誘惑力	誘	惑力	30640
誘騙	誘	騙	20355
誘餌	誘	餌	17090
誘姦	誘	姦	10234
誘殺	誘	殺	5730
誘捕	誘	捕	4965
誘敵	誘	敵	4165
誘拐	誘	拐	3870
誘引	誘	引	2270
誘出	誘	出	930
誘入	誘	入	1
賀卡	賀	卡	76530
賀歲	賀	歲	27785
賀詞	賀	詞	15275
賀禮	賀	禮	9140
賀電	賀	電	9010
賀喜	賀	喜	7255
賀年	賀	年	4400
賀年卡	賀	年卡	3000
賀壽	賀	壽	2250
賀函	賀	函	320
賀客	賀	客	117
賀忱	賀	忱	1
賀帖	賀	帖	1
賀儀	賀	儀	1
賀爾蒙	賀	爾蒙	1
賀客盈門	賀	客盈門	1
載具	載	具	888
載入	載	入	331400
載明	載	明	94920
載貨	載	貨	21620
載客	載	客	20845
載重	載	重	20570
載運	載	運	16790
載歌載舞	載	歌載舞	12125
載重量	載	重量	10065
載滿	載	滿	3615
載波	載	波	2191
載客量	載	客量	1855
載譽	載	譽	1155
載舟	載	舟	1035
載貨量	載	貨量	550
載浮載沉	載	浮載沉	69
輔導	輔	導	358515
輔助	輔	助	325025
輔導員	輔	導員	99705
輔佐	輔	佐	18130
輔仁大學	輔	仁大學	2885
輔弼	輔	弼	1945
輔幣	輔	幣	1935
輔導會	輔	導會	665
輔大	輔	大	650
輔導組	輔	導組	600
輔選	輔	選	570
輔仁	輔	仁	3
輔翼	輔	翼	1
輔導處	輔	導處	1
輔導級	輔	導級	1
輔育院	輔	育院	1
鎖定	鎖	定	289890
鎖住	鎖	住	25400
鎖上	鎖	上	15590
鎖骨	鎖	骨	15475
鎖鏈	鎖	鏈	13135
鎖門	鎖	門	7865
鎖好	鎖	好	6395
鎖孔	鎖	孔	5760
鎖匠	鎖	匠	3455
鎖鑰	鎖	鑰	2625
鎖匙	鎖	匙	1234
鎖緊	鎖	緊	1177
鎖國	鎖	國	965
鎖不住	鎖	不住	685
鎖釘	鎖	釘	1
鎖櫃	鎖	櫃	1
限制	限	制	500607
限期	限	期	270295
限額	限	額	138845
限定	限	定	125775
限量	限	量	98365
限時	限	時	44690
限價	限	價	24070
限制性	限	制性	21460
限於	限	於	9999
限制級	限	制級	6905
限度	限	度	4991
限制器	限	制器	3530
限令	限	令	1855
限時專送	限	時專送	290
限齡	限	齡	1
限時信	限	時信	1
陸續	陸	續	273515
陸軍	陸	軍	101700
陸地	陸	地	78110
陸上	陸	上	26055
陸路	陸	路	21545
陸陸續續	陸	陸續續	10820
陸戰	陸	戰	10465
陸戰隊	陸	戰隊	9900
陸運	陸	運	7090
陸橋	陸	橋	2680
陸海空	陸	海空	2340
陸海空軍	陸	海空軍	1025
陸軍官校	陸	軍官校	1
陸官	陸	官	1
陸光	陸	光	1
陸居	陸	居	1
雕塑	雕	塑	150010
雕刻	雕	刻	138125
雕像	雕	像	61630
雕琢	雕	琢	25325
雕花	雕	花	19110
雕塑家	雕	塑家	10660
雕飾	雕	飾	9945
雕梁畫棟	雕	梁畫棟	6965
雕成	雕	成	6725
雕刻家	雕	刻家	4725
雕龍	雕	龍	3410
雕蟲小技	雕	蟲小技	3205
雕漆	雕	漆	2750
雕鏤	雕	鏤	1925
雕繪	雕	繪	530
雕刻匠	雕	刻匠	1
駐地	駐	地	59870
駐足	駐	足	37175
駐軍	駐	軍	28755
駐華	駐	華	24170
駐守	駐	守	21165
駐紮	駐	紮	16990
駐留	駐	留	16210
駐防	駐	防	6965
駐在國	駐	在國	3860
駐屯	駐	屯	525
駐顏有術	駐	顏有術	475
駐唱	駐	唱	1
駐警	駐	警	1
駐診	駐	診	1
駐外使節	駐	外使節	1
駐衛警察	駐	衛警察	1
久久	久	久	90905
久而久之	久	而久之	51145
久違	久	違	32615
久遠	久	遠	25850
久病	久	病	8670
久留	久	留	8160
久經	久	經	7700
久仰	久	仰	7055
久別	久	別	6710
久存	久	存	2180
久候	久	候	1755
久病成醫	久	病成醫	495
久旱不雨	久	旱不雨	370
久病成良醫	久	病成良醫	300
久旱逢甘霖	久	旱逢甘霖	1
俯瞰	俯	瞰	27780
俯視	俯	視	23845
俯身	俯	身	21500
俯衝	俯	衝	14635
俯仰	俯	仰	11510
俯首	俯	首	10400
俯臥	俯	臥	6850
俯伏	俯	伏	3150
俯首稱臣	俯	首稱臣	2900
俯拾皆是	俯	拾皆是	2445
俯仰之間	俯	仰之間	605
俯首帖耳	俯	首帖耳	117
俯仰無愧	俯	仰無愧	42
俯拾	俯	拾	1
俯首認罪	俯	首認罪	1
儲存	儲	存	333340
儲備	儲	備	193520
儲蓄	儲	蓄	124800
儲量	儲	量	83090
儲藏	儲	藏	40775
儲戶	儲	戶	16180
儲藏室	儲	藏室	12145
儲君	儲	君	7480
儲水	儲	水	5820
儲蓄銀行	儲	蓄銀行	3575
儲金	儲	金	3345
儲存器	儲	存器	2490
儲存區	儲	存區	730
儲蓄金	儲	蓄金	410
儲訓	儲	訓	1
勝利	勝	利	434465
勝任	勝	任	90860
勝負	勝	負	71765
勝過	勝	過	57140
勝地	勝	地	40630
勝訴	勝	訴	24295
勝算	勝	算	21645
勝利者	勝	利者	19295
勝券	勝	券	9075
勝仗	勝	仗	8840
勝景	勝	景	7802
勝局	勝	局	7725
勝之不武	勝	之不武	1330
勝利投手	勝	利投手	1
勝不驕，敗不餒	勝	不驕，敗不餒	1
勾勒	勾	勒	44785
勾引	勾	引	39740
勾結	勾	結	36145
勾起	勾	起	30675
勾當	勾	當	19765
勾芡	勾	芡	11420
勾搭	勾	搭	7150
勾出	勾	出	6890
勾股定理	勾	股定理	4645
勾踐	勾	踐	1695
勾魂攝魄	勾	魂攝魄	1220
勾銷	勾	銷	1140
勾取	勾	取	1020
勾住	勾	住	11
勾心鬥角	勾	心鬥角	1
匯款	匯	款	422335
匯入	匯	入	888
匯報	匯	報	692029
匯率	匯	率	122265
匯集	匯	集	99295
匯聚	匯	聚	85300
匯票	匯	票	55050
匯出	匯	出	29955
匯合	匯	合	22855
匯成	匯	成	18225
匯豐銀行	匯	豐銀行	12675
匯流	匯	流	6715
匯費	匯	費	3100
匯兌	匯	兌	220
匯市	匯	市	1
卡片	卡	片	159625
卡通	卡	通	146515
卡車	卡	車	71130
卡路里	卡	路里	28625
卡住	卡	住	16135
卡門	卡	門	15470
卡耐基	卡	耐基	13630
卡帶	卡	帶	11025
卡夫卡	卡	夫卡	10495
卡式	卡	式	10140
卡座	卡	座	7670
卡介苗	卡	介苗	4895
卡賓槍	卡	賓槍	1750
卡其布	卡	其布	960
卡通影片	卡	通影片	465
吞吐量	吞	吐量	51270
吞噬	吞	噬	46055
吞下	吞	下	22565
吞嚥	吞	嚥	19220
吞沒	吞	沒	16465
吞併	吞	併	15575
吞吐	吞	吐	14620
吞食	吞	食	14610
吞吞吐吐	吞	吞吐吐	12400
吞服	吞	服	5370
吞下去	吞	下去	5295
吞雲吐霧	吞	雲吐霧	3580
吞到	吞	到	1365
吞聲	吞	聲	1225
吞舟之魚	吞	舟之魚	1
唯一	唯	一	500331
唯有	唯	有	134705
唯美	唯	美	59795
唯獨	唯	獨	36315
唯恐	唯	恐	18495
唯我獨尊	唯	我獨尊	7465
唯利是圖	唯	利是圖	6990
唯唯諾諾	唯	唯諾諾	6715
唯物論	唯	物論	6540
唯物	唯	物	6520
唯心論	唯	心論	3775
唯命是從	唯	命是從	1890
唯妙	唯	妙	1
唯唯	唯	唯	1
唯妙唯肖	唯	妙唯肖	1
喝飲料	喝	飲料	1
喝水	喝	水	70410
喝湯	喝	湯	1
喝茶	喝	茶	78790
喝尿	喝	尿	1
喝酒	喝	酒	222580
喝完	喝	完	36430
喝上	喝	上	21395
喝醉	喝	醉	19000
喝令	喝	令	5680
喝止	喝	止	3375
喝西北風	喝	西北風	3005
喝采	喝	采	1
喝斥	喝	斥	1
喝倒采	喝	倒采	1
固定	固	定	500321
固定資產	固	定資產	326845
固然	固	然	108245
固體	固	體	107465
固有	固	有	91960
固執	固	執	55165
固態	固	態	33920
固守	固	守	24345
固定成本	固	定成本	8710
固結	固	結	5085
固定性	固	定性	4660
固若金湯	固	若金湯	4140
固醇	固	醇	2925
固有文化	固	有文化	880
固定物	固	定物	1
奮鬥	奮	鬥	197610
奮力	奮	力	65895
奮進	奮	進	39605
奮戰	奮	戰	36610
奮起	奮	起	19930
奮發向上	奮	發向上	16645
奮勇	奮	勇	15820
奮不顧身	奮	不顧身	15710
奮發	奮	發	15120
奮發圖強	奮	發圖強	10295
奮筆疾書	奮	筆疾書	2540
奮鬥到底	奮	鬥到底	800
奮勉	奮	勉	355
奮勵	奮	勵	1
奮戰不懈	奮	戰不懈	1
妖精	妖	精	63225
妖怪	妖	怪	54775
妖魔	妖	魔	24245
妖豔	妖	豔	18075
妖冶	妖	冶	8885
妖媚	妖	媚	7775
妖孽	妖	孽	7630
妖魔鬼怪	妖	魔鬼怪	6980
妖異	妖	異	5225
妖道	妖	道	4195
妖邪	妖	邪	3070
妖法	妖	法	2870
妖言惑眾	妖	言惑眾	2065
妖人	妖	人	787
妖裡妖氣	妖	裡妖氣	470
孫子	孫	子	89015
孫中山	孫	中山	77785
孫悟空	孫	悟空	61670
孫權	孫	權	40960
孫女	孫	女	28285
孫策	孫	策	15405
孫文	孫	文	12685
孫臏	孫	臏	8670
孫兒	孫	兒	7955
孫逸仙	孫	逸仙	875
孫武	孫	武	111
孫兒女	孫	兒女	1
孫媳	孫	媳	1
孫璐西	孫	璐西	1
孫運璿	孫	運璿	1
宗教	宗	教	373445
宗旨	宗	旨	76000
宗族	宗	族	25590
宗派	宗	派	17210
宗師	宗	師	16330
宗祠	宗	祠	12800
宗室	宗	室	11060
宗親	宗	親	10805
宗廟	宗	廟	9865
宗主國	宗	主國	2015
宗教家	宗	教家	1530
宗親會	宗	親會	1400
宗聖	宗	聖	940
宗主權	宗	主權	545
宗藩	宗	藩	1
寧波	寧	波	477300
寧夏	寧	夏	206200
寧靜	寧	靜	187630
寧願	寧	願	80865
寧可	寧	可	65225
寧缺毋濫	寧	缺毋濫	3755
寧死不屈	寧	死不屈	3495
寧安	寧	安	3495
寧謐	寧	謐	1615
寧和	寧	和	1111
寧日	寧	日	1110
寧缺勿濫	寧	缺勿濫	1
寧可玉碎，不為瓦全	寧	可玉碎，不為瓦全	1
寧為雞口，不為牛後	寧	為雞口，不為牛後	1
寧為玉碎，不為瓦全	寧	為玉碎，不為瓦全	1
射精	射	精	84685
射出來	射	出來	2690
射進	射	進	1
射擊	射	擊	139765
射線	射	線	70350
射門	射	門	56980
射頻	射	頻	52370
射手	射	手	51600
射程	射	程	35415
射箭	射	箭	23615
射殺	射	殺	12460
射到	射	到	11825
射出	射	出	6342
射干	射	干	1740
射源	射	源	70
尼龍	尼	龍	69645
尼泊爾	尼	泊爾	42720
尼姑	尼	姑	23805
尼古丁	尼	古丁	14675
尼羅河	尼	羅河	14490
尼赫魯	尼	赫魯	3845
尼龍繩	尼	龍繩	3675
尼龍線	尼	龍線	2490
尼姑庵	尼	姑庵	1955
尼龍絲	尼	龍絲	1145
尼采	尼	采	111
尼斯	尼	斯	1
尼國	尼	國	1
尼克森	尼	克森	1
尼加拉瀑布	尼	加拉瀑布	1
幻想	幻	想	253370
幻影	幻	影	130315
幻燈片	幻	燈片	65765
幻覺	幻	覺	56655
幻化	幻	化	23605
幻象	幻	象	17560
幻境	幻	境	16125
幻滅	幻	滅	13890
幻術	幻	術	12695
幻想曲	幻	想曲	6340
幻燈機	幻	燈機	4585
幻景	幻	景	2970
幻燈	幻	燈	22
幻出	幻	出	1
幻象二○○○戰機	幻	象二○○○戰機	1
惹來	惹	來	14755
惹火	惹	火	10965
惹出	惹	出	8955
惹禍	惹	禍	7800
惹眼	惹	眼	7740
惹事	惹	事	7590
惹不起	惹	不起	4550
惹是生非	惹	是生非	3410
惹得	惹	得	2307
惹人厭	惹	人厭	1265
惹火燒身	惹	火燒身	640
惹出來	惹	出來	140
惹起	惹	起	1
惹人憐愛	惹	人憐愛	1
惹事生非	惹	事生非	1
愚蠢	愚	蠢	69100
愚昧	愚	昧	26045
愚弄	愚	弄	15530
愚人	愚	人	13790
愚痴	愚	痴	10870
愚公移山	愚	公移山	6930
愚公	愚	公	6900
愚笨	愚	笨	5710
愚民	愚	民	5150
愚鈍	愚	鈍	4655
愚見	愚	見	4550
愚忠	愚	忠	2775
愚不可及	愚	不可及	1555
愚頑	愚	頑	1170
愚夫愚婦	愚	夫愚婦	820
扯淡	扯	淡	11210
扯開	扯	開	11015
扯上	扯	上	10400
扯到	扯	到	8370
扯住	扯	住	7640
扯掉	扯	掉	4370
扯平	扯	平	3355
扯破	扯	破	2170
扯成	扯	成	1060
扯裂	扯	裂	580
扯後腿	扯	後腿	440
扯鈴	扯	鈴	125
扯拉	扯	拉	1
扯談	扯	談	1
扯不清	扯	不清	1
振興	振	興	194800
振奮	振	奮	40585
振動	振	動	18273
振幅	振	幅	18270
振作	振	作	11975
振動器	振	動器	6275
振翅	振	翅	5395
振聾發聵	振	聾發聵	5220
振臂	振	臂	2525
振翅高飛	振	翅高飛	1390
振盪	振	盪	11
振筆直書	振	筆直書	1
振筆	振	筆	1
振衰起敝	振	衰起敝	1
振振有辭	振	振有辭	1
授權	授	權	500492
授予	授	予	349355
授課	授	課	265905
授意	授	意	16135
授粉	授	粉	11155
授業	授	業	6885
授徒	授	徒	3710
授精	授	精	2730
授藝	授	藝	2490
授旗	授	旗	2165
授命	授	命	1425
授受	授	受	320
授槍	授	槍	65
授田	授	田	1
授與	授	與	1
搞怪	搞	怪	99999
搞定	搞	定	87150
搞清楚	搞	清楚	41385
搞不好	搞	不好	22880
搞笑	搞	笑	18016
搞成	搞	成	14995
搞起	搞	起	10005
搞亂	搞	亂	9800
搞懂	搞	懂	6765
搞鬼	搞	鬼	6410
搞垮	搞	垮	5150
搞砸	搞	砸	2005
搞丟	搞	丟	1665
搞錢	搞	錢	1465
搞飛機	搞	飛機	1
撤銷	撤	銷	309820
撤回	撤	回	58505
撤退	撤	退	58190
撤離	撤	離	56240
撤出	撤	出	37900
撤職	撤	職	33935
撤換	撤	換	20735
撤除	撤	除	10980
撤走	撤	走	10045
撤防	撤	防	9735
撤去	撤	去	6070
撤資	撤	資	5855
撤兵	撤	兵	3880
撤守	撤	守	1
撤消	撤	消	1
撥號	撥	號	90835
撥款	撥	款	86005
撥開	撥	開	24335
撥付	撥	付	22839
撥出	撥	出	22025
撥動	撥	動	15705
撥給	撥	給	12325
撥發	撥	發	9999
撥亂反正	撥	亂反正	8860
撥弄	撥	弄	8235
撥雲見日	撥	雲見日	2275
撥冗	撥	冗	1540
撥用	撥	用	4
撥交	撥	交	1
撥作	撥	作	1
撫養	撫	養	76515
撫摸	撫	摸	67395
撫順	撫	順	48175
撫慰	撫	慰	30510
撫卹	撫	卹	30005
撫恤	撫	恤	30005
撫恤金	撫	恤金	21195
撫平	撫	平	16260
撫育	撫	育	16125
撫琴	撫	琴	7230
撫弄	撫	弄	6820
撫今追昔	撫	今追昔	2060
撫遠	撫	遠	2
撫孤	撫	孤	1
撫心自問	撫	心自問	1
效果	效	果	501500
效應	效	應	317265
效益	效	益	500295
效率	效	率	500293
效力	效	力	184795
效能	效	能	137715
效用	效	用	56590
效忠	效	忠	15790
效法	效	法	13695
效勞	效	勞	8930
效驗	效	驗	5775
效命	效	命	3525
效死	效	死	3010
效尤	效	尤	1795
效顰	效	顰	910
敵人	敵	人	500261
敵軍	敵	軍	58845
敵方	敵	方	44505
敵意	敵	意	27405
敵對	敵	對	26575
敵機	敵	機	18950
敵手	敵	手	17570
敵視	敵	視	15070
敵情	敵	情	11505
敵我	敵	我	11360
敵國	敵	國	8405
敵後	敵	後	4795
敵害	敵	害	2630
敵愾同仇	敵	愾同仇	285
敵前	敵	前	1
斜線	斜	線	14305
斜對面	斜	對面	33600
斜坡	斜	坡	26530
斜陽	斜	陽	21235
斜面	斜	面	18260
斜視	斜	視	16970
斜率	斜	率	9475
斜角	斜	角	6685
斜度	斜	度	5285
斜邊	斜	邊	3735
斜睨	斜	睨	3655
斜照	斜	照	3625
斜風細雨	斜	風細雨	1900
斜紋	斜	紋	1646
斜谷	斜	谷	1335
杜絕	杜	絕	169825
杜甫	杜	甫	55460
杜鵑	杜	鵑	51270
杜撰	杜	撰	13315
杜鵑花	杜	鵑花	12555
杜魯門	杜	魯門	8790
杜松子酒	杜	松子酒	935
杜絕後患	杜	絕後患	118
杜威	杜	威	22
杜蘅	杜	蘅	1
杜南	杜	南	1
杜塞	杜	塞	1
杜漸防微	杜	漸防微	1
杜門謝客	杜	門謝客	1
杜威十進位分類法	杜	威十進位分類法	1
棋士	棋	士	66666
棋子	棋	子	41675
棋盤	棋	盤	27240
棋局	棋	局	13480
棋王	棋	王	9045
棋譜	棋	譜	8990
棋藝	棋	藝	8760
棋迷	棋	迷	4015
棋逢對手	棋	逢對手	1865
棋聖	棋	聖	1830
棋賽	棋	賽	1090
棋逢敵手	棋	逢敵手	390
棋盤形	棋	盤形	65
棋社	棋	社	1
棋高一著	棋	高一著	1
業務	業	務	501641
業績	業	績	500302
業主	業	主	500298
業界	業	界	340385
業餘	業	餘	231685
業務員	業	務員	165860
業已	業	已	57100
業務部	業	務部	54125
業者	業	者	50820
業障	業	障	15265
業經	業	經	7660
業精於勤	業	精於勤	2860
業力	業	力	2361
業師	業	師	1125
業務局	業	務局	1
概念	概	念	500581
概述	概	述	224190
概括	概	括	216220
概況	概	況	202160
概論	概	論	173620
概率	概	率	135950
概要	概	要	41150
概算	概	算	33375
概念車	概	念車	19850
概略	概	略	4945
概觀	概	觀	1595
概稱	概	稱	1085
概算書	概	算書	280
概說	概	說	9
概予	概	予	1
欺詐	欺	詐	864056
欺騙	欺	騙	209725
欺負	欺	負	105960
欺凌	欺	凌	11515
欺侮	欺	侮	10730
欺壓	欺	壓	10535
欺人	欺	人	8140
欺瞞	欺	瞞	4835
欺人太甚	欺	人太甚	3170
欺世盜名	欺	世盜名	2505
欺生	欺	生	1205
欺善怕惡	欺	善怕惡	695
欺罔	欺	罔	630
欺矇	欺	矇	565
欺人自欺	欺	人自欺	1
止血	止	血	48365
止痛	止	痛	47830
止咳	止	咳	24900
止於	止	於	24750
止步	止	步	18150
止住	止	住	17205
止癢	止	癢	15655
止痛藥	止	痛藥	10320
止渴	止	渴	8780
止不住	止	不住	8770
止息	止	息	7180
止水	止	水	7150
止付	止	付	2955
止境	止	境	6
止嘔	止	嘔	1
灌食	灌	食	888
灌水	灌	水	416535
灌溉	灌	溉	87605
灌輸	灌	輸	52685
灌木	灌	木	42380
灌注	灌	注	31085
灌漿	灌	漿	19055
灌腸	灌	腸	13435
灌木叢	灌	木叢	9010
灌籃	灌	籃	7830
灌醉	灌	醉	7145
灌錄	灌	錄	2930
灌唱片	灌	唱片	435
灌迷湯	灌	迷湯	330
灌救	灌	救	1
爆炸	爆	炸	178595
爆發	爆	發	176920
爆破	爆	破	56110
爆出	爆	出	35015
爆裂	爆	裂	24115
爆竹	爆	竹	24050
爆發力	爆	發力	21720
爆滿	爆	滿	20620
爆米花	爆	米花	14165
爆炸性	爆	炸性	13440
爆胎	爆	胎	11390
爆笑	爆	笑	9999
爆炸物	爆	炸物	9325
爆炸力	爆	炸力	1980
爆冷門	爆	冷門	825
爬上	爬	上	78785
爬山	爬	山	45020
爬起來	爬	起來	39945
爬行	爬	行	36575
爬出	爬	出	14240
爬蟲	爬	蟲	11460
爬升	爬	升	9155
爬出來	爬	出來	7810
爬下	爬	下	4980
爬山虎	爬	山虎	4700
爬牆	爬	牆	4545
爬高	爬	高	3810
爬蟲類	爬	蟲類	1580
爬格子	爬	格子	1375
爬牆虎	爬	牆虎	545
獵人	獵	人	100715
獵豹	獵	豹	48451
獵物	獵	物	44670
獵犬	獵	犬	22605
獵奇	獵	奇	15665
獵槍	獵	槍	14850
獵鷹	獵	鷹	11390
獵取	獵	取	7765
獵戶	獵	戶	6330
獵場	獵	場	2125
獵獲	獵	獲	1705
獵裝	獵	裝	1370
獵到	獵	到	655
獵具	獵	具	175
獵鳥	獵	鳥	1
獻上	獻	上	47970
獻身	獻	身	40145
獻出	獻	出	34300
獻禮	獻	禮	11800
獻花	獻	花	11405
獻策	獻	策	8345
獻計	獻	計	7985
獻藝	獻	藝	7560
獻殷勤	獻	殷勤	6945
獻媚	獻	媚	6760
獻醜	獻	醜	5960
獻寶	獻	寶	3330
獻技	獻	技	2310
獻金	獻	金	2015
獻酒	獻	酒	1
琴棋書畫	琴	棋書畫	8660
琴弦	琴	弦	25350
琴聲	琴	聲	23810
琴音	琴	音	9360
琴鍵	琴	鍵	7325
琴瑟	琴	瑟	5725
琴師	琴	師	3965
琴韻	琴	韻	3445
琴酒	琴	酒	3333
琴藝	琴	藝	2060
琴技	琴	技	905
琴瑟和鳴	琴	瑟和鳴	540
琴架	琴	架	425
琴調	琴	調	300
琴瑟之好	琴	瑟之好	1
皇帝	皇	帝	369115
皇后	皇	后	133320
皇上	皇	上	131320
皇家	皇	家	113070
皇冠	皇	冠	74660
皇宮	皇	宮	74095
皇室	皇	室	40365
皇族	皇	族	16225
皇位	皇	位	15070
皇太子	皇	太子	14135
皇天	皇	天	8040
皇親國戚	皇	親國戚	3055
皇天后土	皇	天后土	795
皇天不負苦心人	皇	天不負苦心人	775
皇土	皇	土	1
督促	督	促	209180
督察	督	察	162515
督導	督	導	108320
督辦	督	辦	57345
督學	督	學	9740
督軍	督	軍	6890
督率	督	率	1115
督造	督	造	1015
督工	督	工	650
督府	督	府	2
督策	督	策	1
督飭	督	飭	1
督課	督	課	1
督署	督	署	1
督責	督	責	1
碎片	碎	片	82050
碎石	碎	石	37000
碎裂	碎	裂	17385
碎屑	碎	屑	10480
碎花	碎	花	8665
碎紙	碎	紙	7420
碎肉	碎	肉	3920
碎步	碎	步	3560
碎布	碎	布	3015
碎石機	碎	石機	2800
碎屍萬段	碎	屍萬段	2645
碎石子	碎	石子	785
碎冰機	碎	冰機	290
碎嘴子	碎	嘴子	200
碎布條	碎	布條	1
確定	確	定	501162
確認	確	認	500659
確保	確	保	500621
確實	確	實	500370
確立	確	立	266120
確有	確	有	106295
確切	確	切	93720
確信	確	信	51000
確證	確	證	10030
確鑿	確	鑿	9710
確有其事	確	有其事	3835
確是	確	是	1474
確非	確	非	1180
確實性	確	實性	965
確知	確	知	748
稀釋	稀	釋	64945
稀飯	稀	飯	42095
稀少	稀	少	38400
稀有	稀	有	32830
稀奇	稀	奇	30230
稀疏	稀	疏	23260
稀薄	稀	薄	19190
稀罕	稀	罕	19105
稀世	稀	世	7925
稀鬆	稀	鬆	5445
稀粥	稀	粥	5250
稀爛	稀	爛	4740
稀奇古怪	稀	奇古怪	3060
稀泥	稀	泥	2550
稀客	稀	客	2150
縮小	縮	小	232885
縮短	縮	短	194160
縮寫	縮	寫	78100
縮水	縮	水	53700
縮減	縮	減	37870
縮影	縮	影	35570
縮進	縮	進	17077
縮回	縮	回	11915
縮到	縮	到	4960
縮成	縮	成	4515
縮緊	縮	緊	3590
縮頭	縮	頭	2170
縮頭縮腦	縮	頭縮腦	755
縮衣節食	縮	衣節食	350
縮圖	縮	圖	1
臭氧	臭	氧	36750
臭豆腐	臭	豆腐	33437
臭味	臭	味	28365
臭美	臭	美	16700
臭氧層	臭	氧層	15700
臭氣	臭	氣	11315
臭蟲	臭	蟲	7535
臭罵	臭	罵	5905
臭味相投	臭	味相投	3630
臭水溝	臭	水溝	2550
臭名	臭	名	2165
臭皮匠	臭	皮匠	1920
臭錢	臭	錢	1685
臭氣沖天	臭	氣沖天	645
臭名昭彰	臭	名昭彰	25
與其	與	其	500278
與時俱進	與	時俱進	166180
與否	與	否	161210
與會	與	會	96410
與眾不同	與	眾不同	73535
與生俱來	與	生俱來	34015
與日俱增	與	日俱增	26375
與世無爭	與	世無爭	10580
與人為善	與	人為善	9835
與世長辭	與	世長辭	4515
與民爭利	與	民爭利	3395
與聞	與	聞	1500
與虎謀皮	與	虎謀皮	1020
與共	與	共	950
與賽	與	賽	1
若是	若	是	247455
若干	若	干	344945
若要	若	要	79530
若非	若	非	33855
若無其事	若	無其事	24870
若隱若現	若	隱若現	23435
若有所思	若	有所思	21805
若使	若	使	10405
若即若離	若	即若離	10055
若何	若	何	6915
若有所失	若	有所失	2135
若不然	若	不然	1060
若果	若	果	34
若有所聞	若	有所聞	1
若有其事	若	有其事	1
蒼白	蒼	白	97685
蒼蠅	蒼	蠅	62385
蒼老	蒼	老	30905
蒼天	蒼	天	28090
蒼穹	蒼	穹	26120
蒼茫	蒼	茫	25755
蒼涼	蒼	涼	23405
蒼翠	蒼	翠	15735
蒼生	蒼	生	15425
蒼松	蒼	松	12535
蒼勁	蒼	勁	10095
蒼蒼	蒼	蒼	8790
蒼鷹	蒼	鷹	6235
蒼海	蒼	海	1
蒼然	蒼	然	1
號碼	號	碼	9407
號稱	號	稱	138080
號召	號	召	124270
號為	號	為	72375
號令	號	令	68100
號角	號	角	30555
號外	號	外	12140
號子	號	子	10380
號啕大哭	號	啕大哭	6360
號數	號	數	5315
號燈	號	燈	3980
號角聲	號	角聲	3045
號音	號	音	1200
號誌	號	誌	55
號次	號	次	1
貼上	貼	上	60075
貼紙	貼	紙	27950
貼近	貼	近	135280
貼心	貼	心	67520
貼身	貼	身	62955
貼切	貼	切	39670
貼現	貼	現	22840
貼花	貼	花	11085
貼金	貼	金	9390
貼好	貼	好	7040
貼補	貼	補	5970
貼畫	貼	畫	4655
貼現率	貼	現率	4455
貼錢	貼	錢	2130
貼現窗口	貼	現窗口	1
速度	速	度	500754
速率	速	率	148740
速記	速	記	37285
速寫	速	寫	25835
速成	速	成	25510
速效	速	效	25210
速戰速決	速	戰速決	8340
速食	速	食	7895
速成班	速	成班	3520
速食店	速	食店	1460
速食麵	速	食麵	1325
速讀	速	讀	111
速洽	速	洽	50
速簡	速	簡	1
速賜康	速	賜康	1
遇到	遇	到	500445
遇見	遇	見	139890
遇上	遇	上	102195
遇難	遇	難	30780
遇事	遇	事	25685
遇險	遇	險	16315
遇襲	遇	襲	14005
遇害	遇	害	13595
遇刺	遇	刺	5355
遇敵	遇	敵	4790
遇人不淑	遇	人不淑	2290
遇合	遇	合	1555
遇救	遇	救	560
遇著	遇	著	1
遇缺不補	遇	缺不補	1
遙控	遙	控	363210
遙控器	遙	控器	1185
遙遠	遙	遠	78405
遙望	遙	望	25250
遙遙	遙	遙	24280
遙不可及	遙	不可及	17700
遙遙領先	遙	遙領先	15305
遙遙無期	遙	遙無期	9660
遙測	遙	測	9430
遙想	遙	想	9250
遙見	遙	見	2665
遙祭	遙	祭	1
遙憶	遙	憶	1
遙遙的	遙	遙的	1
遙遙地	遙	遙地	1
錄取	錄	取	428675
錄音	錄	音	320235
錄用	錄	用	211385
錄製	錄	製	164415
錄音機	錄	音機	33275
錄音帶	錄	音帶	22935
錄下	錄	下	14040
錄影帶	錄	影帶	13195
錄音室	錄	音室	12300
錄影	錄	影	11585
錄取率	錄	取率	10175
錄影機	錄	影機	1525
錄事	錄	事	2
錄音間	錄	音間	1
錄放影機	錄	放影機	1
間隔	間	隔	135320
間接	間	接	320700
間隙	間	隙	101105
間諜	間	諜	59665
間斷	間	斷	31625
間歇	間	歇	13755
間歇性	間	歇性	11760
間或	間	或	4025
間接稅	間	接稅	2705
間接成本	間	接成本	2525
間奏	間	奏	2420
間雜	間	雜	2375
間接選舉	間	接選舉	1565
間不容髮	間	不容髮	1345
間奏曲	間	奏曲	845
阻止	阻	止	266260
阻礙	阻	礙	196125
阻力	阻	力	143400
阻擋	阻	擋	83880
阻塞	阻	塞	67335
阻斷	阻	斷	48070
阻撓	阻	撓	48055
阻隔	阻	隔	34530
阻攔	阻	攔	33210
阻滯	阻	滯	29325
阻遏	阻	遏	2415
阻擾	阻	擾	2275
阻絕	阻	絕	2205
阻難	阻	難	795
阻梗	阻	梗	200
靠近	靠	近	212700
靠在	靠	在	74825
靠攏	靠	攏	38895
靠山	靠	山	20710
靠背	靠	背	19700
靠墊	靠	墊	16855
靠岸	靠	岸	9570
靠邊	靠	邊	9490
靠得住	靠	得住	6950
靠不住	靠	不住	5935
靠天吃飯	靠	天吃飯	3315
靠山吃山	靠	山吃山	2600
靠背椅	靠	背椅	1460
靠住	靠	住	1040
靠海吃海	靠	海吃海	1
革命	革	命	467815
革新	革	新	82105
革命性	革	命性	20780
革職	革	職	15470
革命家	革	命家	13650
革命軍	革	命軍	10700
革命先烈	革	命先烈	8960
革除	革	除	8800
革委會	革	委會	8195
革命黨	革	命黨	6620
革履	革	履	1210
革舊	革	舊	1
革退	革	退	1
革心	革	心	1
革正	革	正	1
餐廳	餐	廳	389055
餐飲	餐	飲	348415
餐館	餐	館	128330
餐飲業	餐	飲業	80525
餐具	餐	具	75340
餐桌	餐	桌	70720
餐巾	餐	巾	10445
餐點	餐	點	9999
餐盒	餐	盒	9999
餐車	餐	車	6800
餐券	餐	券	3120
餐會	餐	會	2810
餐費	餐	費	2736
餐風露宿	餐	風露宿	53
餐風宿露	餐	風宿露	1
驅動	驅	動	500313
驅使	驅	使	51105
驅車	驅	車	38275
驅逐	驅	逐	29420
驅逐艦	驅	逐艦	25280
驅散	驅	散	20185
驅趕	驅	趕	18615
驅除	驅	除	15935
驅蟲	驅	蟲	7777
驅鬼	驅	鬼	4955
驅策	驅	策	2575
驅遣	驅	遣	1015
驅邪	驅	邪	773
驅出	驅	出	1
驅逐機	驅	逐機	1
髮型	髮	型	110100
髮蠟	髮	蠟	103045
髮絲	髮	絲	32210
髮廊	髮	廊	22930
髮夾	髮	夾	15575
髮髻	髮	髻	12560
髮際	髮	際	8380
髮菜	髮	菜	7592
髮辮	髮	辮	4795
髮膠	髮	膠	4180
髮妻	髮	妻	2325
髮油	髮	油	2180
髮鬢	髮	鬢	890
髮指	髮	指	168
髮雕	髮	雕	1
鬆開	鬆	開	69890
鬆弛	鬆	弛	69695
鬆動	鬆	動	54130
鬆散	鬆	散	40465
鬆懈	鬆	懈	32570
鬆軟	鬆	軟	28005
鬆緊	鬆	緊	19315
鬆手	鬆	手	18925
鬆口	鬆	口	8105
鬆綁	鬆	綁	6650
鬆緊帶	鬆	緊帶	5580
鬆脫	鬆	脫	5515
鬆了一口氣	鬆	了一口氣	3333
鬆快	鬆	快	745
鬆緩	鬆	緩	470
麵包	麵	包	593637
麵攤	麵	攤	1
麵粉	麵	粉	109790
麵條	麵	條	60115
麵食	麵	食	25950
麵團	麵	團	17755
麵筋	麵	筋	12367
麵糊	麵	糊	4880
麵包店	麵	包店	4485
麵店	麵	店	3425
麵茶	麵	茶	2689
麵疙瘩	麵	疙瘩	1100
麵包樹	麵	包樹	800
麵線	麵	線	384
麵包屑	麵	包屑	1
黏膜	黏	膜	27515
黏性	黏	性	24070
黏膠	黏	膠	21605
黏稠	黏	稠	16080
黏液	黏	液	12920
黏附	黏	附	9999
黏合	黏	合	9999
黏人	黏	人	9999
黏土	黏	土	7995
黏住	黏	住	1111
黏答答	黏	答答	1
黏貼	黏	貼	1
黏質	黏	質	1
黏著	黏	著	1
黏著劑	黏	著劑	1
企業	企	業	506151
企鵝	企	鵝	40850
企管	企	管	17165
企圖	企	圖	159275
企劃	企	劃	9999
企業家	企	業家	312890
企業管理	企	業管理	261630
企業界	企	業界	45550
企業化	企	業化	24615
企盼	企	盼	19040
企望	企	望	4750
企求	企	求	2
企劃廳	企	劃廳	1
企業識別系統	企	業識別系統	1
俄羅斯	俄	羅斯	500262
俄國	俄	國	101930
俄軍	俄	軍	12380
俄文	俄	文	11290
俄語	俄	語	5630
俄亥俄	俄	亥俄	4765
俄羅斯方塊	俄	羅斯方塊	11190
俄國人	俄	國人	8385
俄亥俄州	俄	亥俄州	6120
俄式	俄	式	4465
俄共	俄	共	2640
俄而	俄	而	999
俄帝	俄	帝	1
俄人	俄	人	1
候選人	候	選人	147650
候選	候	選	283555
候補	候	補	14665
候機	候	機	6315
候鳥	候	鳥	25195
候車	候	車	14340
候車室	候	車室	7430
候車亭	候	車亭	4485
候機室	候	機室	1780
候命	候	命	890
候教	候	教	670
候光	候	光	1
候駕	候	駕	1
候用	候	用	1
催化劑	催	化劑	125905
催眠	催	眠	59555
催化	催	化	49355
催促	催	促	40535
催生	催	生	39835
催眠術	催	眠術	6835
催命	催	命	2695
催討	催	討	2185
催逼	催	逼	2160
催淚彈	催	淚彈	2095
催淚瓦斯	催	淚瓦斯	1125
催告	催	告	1087
催魂	催	魂	1
催命符	催	命符	1
克服	克	服	256355
克制	克	制	58280
克強	克	強	4235
克拉	克	拉	52705
克己	克	己	5610
克敵制勝	克	敵制勝	4325
克敵	克	敵	3070
克復	克	復	1940
克勤克儉	克	勤克儉	1590
克難	克	難	50
克勤	克	勤	2
克盡己職	克	盡己職	1
克里夫蘭	克	里夫蘭	1
克紹箕裘	克	紹箕裘	1
刮目相看	刮	目相看	28910
刮痧	刮	痧	8800
刮鬍子	刮	鬍子	5850
刮起	刮	起	14380
刮傷	刮	傷	8250
刮風	刮	風	8205
刮刀	刮	刀	8170
刮痕	刮	痕	5625
刮掉	刮	掉	3905
刮鬍刀	刮	鬍刀	3065
刮破	刮	破	1485
刮垢	刮	垢	1
刮骨去毒	刮	骨去毒	1
刮目相待	刮	目相待	1
另外	另	外	501063
另一方面	另	一方面	500287
另類	另	類	129600
另行	另	行	120525
另一半	另	一半	60080
另闢蹊徑	另	闢蹊徑	11335
另當別論	另	當別論	10120
另眼相看	另	眼相看	8340
另起爐灶	另	起爐灶	5750
另方面	另	方面	5050
另請高明	另	請高明	895
另日	另	日	335
另立門戶	另	立門戶	1
另謀發展	另	謀發展	1
哭泣	哭	泣	125430
哭聲	哭	聲	45145
哭笑不得	哭	笑不得	32760
哭鬧	哭	鬧	22530
哭訴	哭	訴	16055
哭起來	哭	起來	11595
哭喊	哭	喊	10990
哭出	哭	出	10890
哭哭啼啼	哭	哭啼啼	7710
哭叫	哭	叫	6800
哭出來	哭	出來	6695
哭窮	哭	窮	3310
哭號	哭	號	1200
哭喪著臉	哭	喪著臉	1
垃圾	垃	圾	488745
垃圾桶	垃	圾桶	28010
垃圾車	垃	圾車	9010
垃圾場	垃	圾場	9465
垃圾山	垃	圾山	1
垃圾回收	垃	圾回收	21903
垃圾箱	垃	圾箱	17035
垃圾堆	垃	圾堆	10880
垃圾分類	垃	圾分類	6330
垃圾量	垃	圾量	1
垃圾筒	垃	圾筒	1
垃圾食物	垃	圾食物	1
垃圾焚化爐	垃	圾焚化爐	1
垃圾子母車	垃	圾子母車	1
埋怨	埋	怨	63230
埋伏	埋	伏	39485
埋頭	埋	頭	34025
埋藏	埋	藏	32405
埋葬	埋	葬	29850
埋下	埋	下	21740
埋頭苦幹	埋	頭苦幹	19590
埋沒	埋	沒	15550
埋設	埋	設	13675
埋首	埋	首	4530
埋骨	埋	骨	2300
埋沒人才	埋	沒人才	690
埋名	埋	名	660
埋怨起來	埋	怨起來	1
堂堂	堂	堂	35560
堂上	堂	上	15535
堂而皇之	堂	而皇之	12875
堂堂正正	堂	堂正正	12370
堂屋	堂	屋	10460
堂皇	堂	皇	9145
堂兄	堂	兄	7330
堂哥	堂	哥	5335
堂兄弟	堂	兄弟	3505
堂妹	堂	妹	3070
堂弟	堂	弟	2145
堂奧	堂	奧	2015
堂姊	堂	姊	245
堂會	堂	會	33
夏天	夏	天	281105
夏季	夏	季	217725
夏令營	夏	令營	37865
夏至	夏	至	12340
夏威夷	夏	威夷	38945
夏日	夏	日	78530
夏娃	夏	娃	14885
夏裝	夏	裝	6795
夏曆	夏	曆	4370
夏令	夏	令	583
夏服	夏	服	435
夏令時間	夏	令時間	335
夏桀	夏	桀	34
夏楚	夏	楚	1
奪得	奪	得	88185
奪取	奪	取	78160
奪冠	奪	冠	55860
奪目	奪	目	49575
奪命	奪	命	11915
奪去	奪	去	11230
奪眶而出	奪	眶而出	8695
奪權	奪	權	7255
奪魁	奪	魁	7240
奪標	奪	標	4685
奪門而出	奪	門而出	3125
奪魂	奪	魂	3065
奪回	奪	回	2939
奪門	奪	門	2515
姑娘	姑	娘	422980
姑姑	姑	姑	41980
姑且	姑	且	23620
姑媽	姑	媽	14315
姑息	姑	息	12625
姑母	姑	母	5545
姑爺	姑	爺	5310
姑婆	姑	婆	5240
姑嫂	姑	嫂	3070
姑丈	姑	丈	1655
姑子	姑	子	1565
姑息養奸	姑	息養奸	1080
姑表	姑	表	835
姑妄聽之	姑	妄聽之	735
宿舍	宿	舍	247250
宿命	宿	命	43655
宿主	宿	主	24460
宿營	宿	營	12315
宿敵	宿	敵	9999
宿醉	宿	醉	2825
宿命論	宿	命論	2355
宿怨	宿	怨	1525
宿疾	宿	疾	999
宿儒	宿	儒	475
宿業	宿	業	1
宿因	宿	因	1
宿緣	宿	緣	1
宿願	宿	願	1
幫忙	幫	忙	307185
幫助	幫	助	501110
幫派	幫	派	90305
幫會	幫	會	29060
幫手	幫	手	27895
幫凶	幫	凶	10645
幫兇	幫	兇	10645
幫上	幫	上	8210
幫辦	幫	辦	4180
幫腔	幫	腔	3620
幫襯	幫	襯	3600
幫倒忙	幫	倒忙	1775
幫傭	幫	傭	820
幫浦	幫	浦	1
康復	康	復	209740
康熙	康	熙	125595
康乃馨	康	乃馨	24010
康有為	康	有為	20890
康莊	康	莊	6655
康莊大道	康	莊大道	4405
康樂活動	康	樂活動	650
康樂	康	樂	373
康德	康	德	111
康寧	康	寧	2
康定	康	定	1
康健	康	健	1
康強	康	強	1
康康舞	康	康舞	1
彌補	彌	補	195435
彌漫	彌	漫	65990
彌陀	彌	陀	17190
彌撒	彌	撒	9705
彌勒佛	彌	勒佛	8535
彌足珍貴	彌	足珍貴	7760
彌賽亞	彌	賽亞	3890
彌留	彌	留	2420
彌月	彌	月	885
彌久	彌	久	735
彌縫	彌	縫	625
彌封	彌	封	220
彌勒	彌	勒	2
彌撒曲	彌	撒曲	1
必須	必	須	502404
必需	必	需	117555
必需品	必	需品	17485
必要	必	要	368375
必勝	必	勝	888
必備	必	備	187445
必定	必	定	121610
必然	必	然	474755
必要條件	必	要條件	53345
必修	必	修	22995
必得	必	得	15655
必罰	必	罰	905
必必剝剝	必	必剝剝	1
必然之事	必	然之事	1
拾取	拾	取	334820
拾起	拾	起	29145
拾得	拾	得	9845
拾獲	拾	獲	8109
拾荒	拾	荒	5645
拾級而上	拾	級而上	5445
拾金不昧	拾	金不昧	4760
拾掇	拾	掇	3540
拾荒者	拾	荒者	3135
拾起來	拾	起來	2925
拾人牙慧	拾	人牙慧	2850
拾破爛	拾	破爛	900
拾穗	拾	穗	111
拾級	拾	級	1
掉落	掉	落	53020
掉下	掉	下	46965
掉頭	掉	頭	31415
掉下來	掉	下來	29150
掉進	掉	進	25995
掉以輕心	掉	以輕心	21855
掉入	掉	入	14815
掉隊	掉	隊	10125
掉下去	掉	下去	9070
掉轉	掉	轉	6450
掉轉頭	掉	轉頭	1140
掉書袋	掉	書袋	540
掉包	掉	包	1
掉換	掉	換	1
摔倒	摔	倒	49500
摔跤	摔	跤	27760
摔傷	摔	傷	12560
摔死	摔	死	11820
摔下	摔	下	10790
摔到	摔	到	9510
摔下來	摔	下來	7500
摔壞	摔	壞	7335
摔碎	摔	碎	6290
摔打	摔	打	4620
摔破	摔	破	3100
摔掉	摔	掉	2085
摔開	摔	開	1235
摔角	摔	角	1
據了解	據	了解	437300
據悉	據	悉	377090
據說	據	說	343150
據稱	據	稱	47265
據點	據	點	34830
據有	據	有	28055
據為己有	據	為己有	11555
據理力爭	據	理力爭	8805
據守	據	守	4205
據實	據	實	3333
據理	據	理	2120
據報	據	報	1
據道	據	道	1
據云	據	云	1
擬定	擬	定	136785
擬訂	擬	訂	53645
擬設	擬	設	22780
擬人	擬	人	8595
擬辦	擬	辦	6155
擬人化	擬	人化	5405
擬議	擬	議	5360
擬作	擬	作	4875
擬就	擬	就	3810
擬稿	擬	稿	3475
擬請	擬	請	1770
擬具	擬	具	1
擬妥	擬	妥	1
擬人法	擬	人法	1
擴大	擴	大	500518
擴展	擴	展	500251
擴張	擴	張	337090
擴散	擴	散	141315
擴建	擴	建	133615
擴充	擴	充	102140
擴展到	擴	展到	53815
擴音器	擴	音器	6510
擴音	擴	音	5885
擴音機	擴	音機	3595
擴張器	擴	張器	2505
擴大機	擴	大機	2350
擴大器	擴	大器	2145
擴及	擴	及	1
暫時	暫	時	500254
暫停	暫	停	245885
暫且	暫	且	36975
暫定	暫	定	36790
暫緩	暫	緩	29865
暫行	暫	行	27015
暫住	暫	住	24115
暫存	暫	存	17260
暫時性	暫	時性	14845
暫別	暫	別	4175
暫借	暫	借	2495
暫留	暫	留	2145
暫離	暫	離	1575
暫歇	暫	歇	1305
柳丁	柳	丁	1
柳橙	柳	橙	3965
柳營	柳	營	1
柳州	柳	州	74895
柳暗花明	柳	暗花明	8820
柳樹	柳	樹	30870
柳葉	柳	葉	13915
柳絮	柳	絮	13295
柳宗元	柳	宗元	12695
柳條	柳	條	9790
柳枝	柳	枝	8470
柳眉	柳	眉	7350
柳蔭	柳	蔭	3385
柳腰	柳	腰	2935
案内	案	内	1
案例	案	例	500301
案件	案	件	100412
案子	案	子	66690
案情	案	情	57100
案卷	案	卷	29990
案由	案	由	18780
案發	案	發	14765
案頭	案	頭	12875
案桌	案	桌	1035
案牘	案	牘	820
案首	案	首	330
案牘勞形	案	牘勞形	25
案情大白	案	情大白	1
條件	條	件	501364
條款	條	款	500287
條例	條	例	500287
條規	條	規	111545
條約	條	約	90295
條目	條	目	59030
條紋	條	紋	49550
條理	條	理	25985
條子	條	子	16320
條形	條	形	14700
條文	條	文	9189
條件式	條	件式	830
條金	條	金	1
條列	條	列	1
植物	植	物	500322
植被	植	被	85910
植物園	植	物園	49280
植物油	植	物油	35475
植樹	植	樹	33475
植物性	植	物性	19015
植物人	植	物人	9200
植樹節	植	樹節	4575
植牙	植	牙	999
植床	植	床	1
植基	植	基	1
植物區	植	物區	1
植黨營私	植	黨營私	1
植物馴化	植	物馴化	1
欠缺	欠	缺	69095
欠款	欠	款	43405
欠佳	欠	佳	25330
欠繳	欠	繳	20895
欠稅	欠	稅	17485
欠債	欠	債	12580
欠妥	欠	妥	7445
欠身	欠	身	6460
欠揍	欠	揍	4605
欠安	欠	安	1205
欠租	欠	租	850
欠資	欠	資	750
欠當	欠	當	1
欠收	欠	收	1
毀滅	毀	滅	120540
毀壞	毀	壞	48210
毀損	毀	損	44160
毀掉	毀	掉	25225
毀容	毀	容	9210
毀滅性	毀	滅性	8885
毀於一旦	毀	於一旦	8420
毀約	毀	約	6615
毀棄	毀	棄	5665
毀傷	毀	傷	3815
毀譽	毀	譽	3675
毀譽參半	毀	譽參半	2370
毀謗	毀	謗	1007
毀害	毀	害	90
洪水猛獸	洪	水猛獸	6585
洪水	洪	水	125095
洪流	洪	流	20115
洪亮	洪	亮	12625
洪荒	洪	荒	7590
洪福	洪	福	4115
洪洞縣	洪	洞縣	2405
洪爐	洪	爐	1390
洪門	洪	門	1117
洪荒時代	洪	荒時代	1000
洪福齊天	洪	福齊天	790
洪量	洪	量	630
洪武	洪	武	11
洪濤	洪	濤	1
浩瀚	浩	瀚	44700
浩浩蕩蕩	浩	浩蕩蕩	21970
浩劫	浩	劫	20005
浩大	浩	大	19225
浩蕩	浩	蕩	13750
浩然正氣	浩	然正氣	6805
浩渺	浩	渺	4545
浩浩	浩	浩	3185
浩繁	浩	繁	3080
浩氣	浩	氣	2770
浩然	浩	然	2686
浩浩湯湯	浩	浩湯湯	430
浩歎	浩	歎	99
浩翰	浩	翰	1
滅火	滅	火	70725
滅亡	滅	亡	62335
滅絕	滅	絕	35020
滅火器	滅	火器	25010
滅掉	滅	掉	11965
滅口	滅	口	8315
滅門	滅	門	7530
滅族	滅	族	3300
滅頂	滅	頂	1520
滅跡	滅	跡	1460
滅種	滅	種	890
滅屍	滅	屍	1
滅音器	滅	音器	1
滅門血案	滅	門血案	1
滴水	滴	水	31130
滴血	滴	血	17580
滴落	滴	落	14565
滴下	滴	下	7200
滴管	滴	管	4670
滴酒不沾	滴	酒不沾	2955
滴水穿石	滴	水穿石	2660
滴答	滴	答	1240
滴滴答答	滴	滴答答	1
滴粉搓酥	滴	粉搓酥	1
滴液	滴	液	1
滴水不沾	滴	水不沾	1
滴水漏斗	滴	水漏斗	1
滴水未沾	滴	水未沾	1
濫用	濫	用	96155
濫竽充數	濫	竽充數	5875
濫伐	濫	伐	4850
濫情	濫	情	3770
濫殺	濫	殺	3265
濫殺無辜	濫	殺無辜	2930
濫交	濫	交	2830
濫墾	濫	墾	750
濫觴	濫	觴	118
濫好人	濫	好人	1
濫砍	濫	砍	1
濫取	濫	取	1
濫葬	濫	葬	1
濫造	濫	造	1
猶如	猶	如	218765
猶豫	猶	豫	130895
猶太	猶	太	47865
猶太人	猶	太人	46575
猶疑	猶	疑	20040
猶在	猶	在	15480
猶大	猶	大	10855
猶太教	猶	太教	7920
猶自	猶	自	5610
猶可	猶	可	5050
猶他州	猶	他州	3000
猶他	猶	他	1
猶存	猶	存	1
猶太屯墾區	猶	太屯墾區	1
租房子	租	房子	1
租金	租	金	257695
租用	租	用	156185
租借	租	借	29850
租期	租	期	18750
租約	租	約	18700
租費	租	費	4740
租賃	租	賃	500371
租屋	租	屋	95435
租界	租	界	12315
租戶	租	戶	11875
租下	租	下	7880
租出	租	出	6080
租稅	租	稅	4730
稻草	稻	草	37475
稻田	稻	田	32440
稻米	稻	米	23005
稻草人	稻	草人	11935
稻香	稻	香	6915
稻穀	稻	穀	5832
稻子	稻	子	5255
稻種	稻	種	3945
稻穗	稻	穗	3885
稻苗	稻	苗	895
稻熱病	稻	熱病	1
稻農	稻	農	1
稻株	稻	株	1
稻作	稻	作	1
穩定	穩	定	500552
穩步	穩	步	114830
穩健	穩	健	80225
穩固	穩	固	70495
穩重	穩	重	65210
穩妥	穩	妥	39395
穩住	穩	住	21175
穩紮穩打	穩	紮穩打	8820
穩當	穩	當	7995
穩操勝券	穩	操勝券	3995
穩賺	穩	賺	2970
穩如泰山	穩	如泰山	2920
穩賺不賠	穩	賺不賠	1870
穩度	穩	度	1
糾正	糾	正	302545
糾紛	糾	紛	306720
糾纏	糾	纏	90205
糾察	糾	察	3975
糾葛	糾	葛	19415
糾結	糾	結	11870
糾纏不清	糾	纏不清	10510
糾集	糾	集	10135
糾察隊	糾	察隊	2425
糾合	糾	合	2120
糾舉	糾	舉	1111
糾眾	糾	眾	450
糾彈	糾	彈	1
糾察人員	糾	察人員	1
紛紛	紛	紛	500300
紛爭	紛	爭	43050
紛飛	紛	飛	24840
紛亂	紛	亂	20335
紛至沓來	紛	至沓來	16035
紛繁	紛	繁	15885
紛擾	紛	擾	11055
紛紜	紛	紜	5915
紛雜	紛	雜	4940
紛紛議論	紛	紛議論	2640
紛起	紛	起	1995
紛紛攘攘	紛	紛攘攘	500
紛沓	紛	沓	1
紛歧	紛	歧	1
綜合	綜	合	500875
綜合性	綜	合性	266895
綜藝	綜	藝	46045
綜觀	綜	觀	22770
綜藝節目	綜	藝節目	16990
綜合體	綜	合體	14050
綜括	綜	括	285
綜合所得稅	綜	合所得稅	200
綜理	綜	理	1
綜論	綜	論	1
綜藝團	綜	藝團	1
綜合存款	綜	合存款	1
綜合銀行	綜	合銀行	1
綜合擴大機	綜	合擴大機	1
肺炎	肺	炎	61405
肺癌	肺	癌	56135
肺部	肺	部	38750
肺病	肺	病	9210
肺結核	肺	結核	31070
肺臟	肺	臟	6485
肺葉	肺	葉	3740
肺氣腫	肺	氣腫	11150
肺活量	肺	活量	9160
肺腑	肺	腑	7995
肺腑之言	肺	腑之言	6325
肺癆	肺	癆	1875
肺脹	肺	脹	12
肺腸	肺	腸	1
螺旋	螺	旋	74235
螺絲	螺	絲	69610
螺紋	螺	紋	52090
螺栓	螺	栓	36580
螺釘	螺	釘	32620
螺絲刀	螺	絲刀	10880
螺旋槳	螺	旋槳	10765
螺絲釘	螺	絲釘	9820
螺旋狀	螺	旋狀	5265
螺線	螺	線	1865
螺絲起子	螺	絲起子	1105
螺絲帽	螺	絲帽	510
螺貝	螺	貝	453
螺溪石硯	螺	溪石硯	1
街口	街	口	1
街道	街	道	495690
街頭	街	頭	184310
街舞	街	舞	37010
街坊	街	坊	20415
街市	街	市	18085
街角	街	角	12810
街頭劇	街	頭劇	9999
街燈	街	燈	9125
街頭巷尾	街	頭巷尾	9055
街車	街	車	8435
街景	街	景	7777
街路	街	路	2335
街談巷議	街	談巷議	1665
訪問	訪	問	500822
訪客	訪	客	213685
訪談	訪	談	108895
訪問團	訪	問團	11850
訪友	訪	友	7520
訪視	訪	視	2830
訪查	訪	查	2430
訪求	訪	求	1395
訪問記	訪	問記	860
訪古	訪	古	99
訪察	訪	察	1
訪親	訪	親	1
訪人	訪	人	1
訪問隊	訪	問隊	1
誠信	誠	信	500372
誠實	誠	實	124310
誠意	誠	意	78035
誠懇	誠	懇	77715
誠心	誠	心	50600
誠徵	誠	徵	42625
誠然	誠	然	29155
誠摯	誠	摯	27150
誠心誠意	誠	心誠意	13795
誠如	誠	如	13710
誠信原則	誠	信原則	7960
誠惶誠恐	誠	惶誠恐	7935
誠敬	誠	敬	2035
誠屬	誠	屬	1
責任	責	任	500934
責任感	責	任感	380622
責備	責	備	43985
責怪	責	怪	42960
責成	責	成	34290
責罵	責	罵	16860
責難	責	難	13195
責無旁貸	責	無旁貸	13015
責問	責	問	11535
責罰	責	罰	7630
責打	責	打	2155
責斥	責	斥	470
責付	責	付	1
責己	責	己	1
質量	質	量	501365
質地	質	地	154560
質疑	質	疑	141440
質感	質	感	117540
質押	質	押	78440
質問	質	問	44735
質樸	質	樸	42750
質詢	質	詢	28390
質變	質	變	24495
質素	質	素	23475
質子	質	子	18925
質數	質	數	13715
質言之	質	言之	930
質料	質	料	14
躲在	躲	在	114240
躲避	躲	避	83270
躲開	躲	開	33460
躲閃	躲	閃	21050
躲起來	躲	起來	12480
躲藏	躲	藏	12375
躲躲閃閃	躲	躲閃閃	4225
躲雨	躲	雨	3645
躲不了	躲	不了	1330
躲債	躲	債	1285
躲避球	躲	避球	1010
躲躲藏藏	躲	躲藏藏	1
躲不掉	躲	不掉	1
躲貓貓	躲	貓貓	1
醉酒	醉	酒	35910
醉意	醉	意	10790
醉倒	醉	倒	8975
醉漢	醉	漢	8720
醉心	醉	心	8315
醉生夢死	醉	生夢死	8215
醉臥	醉	臥	6795
醉醺醺	醉	醺醺	6475
醉鬼	醉	鬼	5115
醉翁之意不在酒	醉	翁之意不在酒	4525
醉拳	醉	拳	3380
醉翁	醉	翁	2850
醉客	醉	客	1490
醉薰薰	醉	薰薰	1
里程	里	程	181410
里港	里	港	1
里肌	里	肌	1
里長	里	長	2
里民	里	民	1
里程碑	里	程碑	64065
里拉	里	拉	11520
里程表	里	程表	6530
里約	里	約	668
里昂	里	昂	111
里幹事	里	幹事	1
里肌肉	里	肌肉	1
里斯本	里	斯本	1
里民大會	里	民大會	1
銷售	銷	售	501587
銷量	銷	量	297515
銷毀	銷	毀	100195
銷售員	銷	售員	43915
銷路	銷	路	30505
銷售點	銷	售點	20030
銷魂	銷	魂	19130
銷聲匿跡	銷	聲匿跡	16340
銷售一空	銷	售一空	5500
銷假	銷	假	4235
銷售業	銷	售業	4045
銷出	銷	出	3265
銷案	銷	案	338
銷金窟	銷	金窟	1
隆重	隆	重	116895
隆起	隆	起	37385
隆隆	隆	隆	19095
隆冬	隆	冬	12660
隆恩	隆	恩	9999
隆鼻	隆	鼻	8595
隆昌	隆	昌	8310
隆盛	隆	盛	4880
隆乳	隆	乳	4725
隆興	隆	興	40
隆愛	隆	愛	1
隆德	隆	德	1
隆極	隆	極	1
隆田	隆	田	1
鞋子	鞋	子	125885
鞋業	鞋	業	60965
鞋類	鞋	類	40300
鞋底	鞋	底	33850
鞋墊	鞋	墊	17410
鞋面	鞋	面	14965
鞋帶	鞋	帶	14135
鞋襪	鞋	襪	11585
鞋跟	鞋	跟	10485
鞋店	鞋	店	6835
鞋匠	鞋	匠	5110
鞋幫	鞋	幫	4635
鞋廠	鞋	廠	1124
鞋拔子	鞋	拔子	270
題目	題	目	397495
題材	題	材	247395
題型	題	型	112945
題庫	題	庫	56085
題名	題	名	39195
題詞	題	詞	38710
題字	題	字	12390
題解	題	解	10505
題外話	題	外話	7960
題跋	題	跋	6310
題款	題	款	2720
題署	題	署	485
題簽	題	簽	220
題辭	題	辭	1
駕駛	駕	駛	343175
駕駛員	駕	駛員	197415
駕車	駕	車	89455
駕馭	駕	馭	73695
駕駛人	駕	駛人	53525
駕照	駕	照	47345
駕駛者	駕	駛者	31340
駕駛執照	駕	駛執照	11340
駕到	駕	到	6940
駕崩	駕	崩	6470
駕臨	駕	臨	4780
駕機	駕	機	3710
駕鶴西歸	駕	鶴西歸	1
駕輕就熟	駕	輕就熟	1
騎士	騎	士	273370
騎兵	騎	兵	89585
騎車	騎	車	52330
騎乘	騎	乘	9010
騎射	騎	射	6545
騎樓	騎	樓	5525
騎驢	騎	驢	4785
騎術	騎	術	4395
騎虎難下	騎	虎難下	4060
騎兵隊	騎	兵隊	2400
騎警	騎	警	1815
騎縫	騎	縫	1625
騎牆派	騎	牆派	235
騎師	騎	師	1
魔法	魔	法	392165
魔鬼	魔	鬼	113985
魔力	魔	力	104920
魔術	魔	術	81815
魔王	魔	王	48605
魔界	魔	界	39200
魔術師	魔	術師	31940
魔頭	魔	頭	14850
魔掌	魔	掌	13865
魔爪	魔	爪	8220
魔障	魔	障	3345
魔手	魔	手	441
魔術數字	魔	術數字	1
魔電	魔	電	1
鳴叫	鳴	叫	15210
鳴謝	鳴	謝	8670
鳴笛	鳴	笛	6895
鳴鳳	鳴	鳳	3350
鳴槍	鳴	槍	3275
鳴放	鳴	放	3085
鳴不平	鳴	不平	3040
鳴鑼	鳴	鑼	2625
鳴金收兵	鳴	金收兵	2090
鳴金	鳴	金	1675
鳴炮	鳴	炮	1530
鳴冤	鳴	冤	1440
鳴鼓而攻	鳴	鼓而攻	1
鳴金擊鼓	鳴	金擊鼓	1
仰望	仰	望	38715
仰天	仰	天	25850
仰慕	仰	慕	25240
仰臥	仰	臥	24155
仰頭	仰	頭	21875
仰面	仰	面	11880
仰仗	仰	仗	6970
仰角	仰	角	6870
仰泳	仰	泳	5730
仰賴	仰	賴	5170
仰止	仰	止	1395
仰人鼻息	仰	人鼻息	870
仰藥	仰	藥	1
位子	位	子	47970
位置	位	置	501027
位於	位	於	500655
位數	位	數	63010
位移	位	移	42830
位居	位	居	10179
位能	位	能	3465
位差	位	差	2060
位元組	位	元組	246
位標	位	標	1
位階	位	階	1
位元	位	元	1
位居要津	位	居要津	1
佔用	佔	用	299580
佔有	佔	有	256500
佔地	佔	地	215805
佔據	佔	據	190995
佔領	佔	領	142740
佔到	佔	到	109170
佔住	佔	住	13409
佔位	佔	位	11165
佔便宜	佔	便宜	10565
佔去	佔	去	9865
佔上風	佔	上風	9320
佔領區	佔	領區	3265
佔領軍	佔	領軍	2565
例如	例	如	500734
例子	例	子	418980
例外	例	外	115330
例題	例	題	39440
例假	例	假	36785
例行	例	行	33020
例證	例	證	32760
例句	例	句	32500
例會	例	會	28720
例行公事	例	行公事	7950
例假日	例	假日	1320
例言	例	言	290
例行決策	例	行決策	1
偶爾	偶	爾	320130
偶像	偶	像	150275
偶然	偶	然	135310
偶數	偶	數	24585
偶遇	偶	遇	23740
偶發	偶	發	7900
偶得	偶	得	5510
偶感	偶	感	2715
偶發性	偶	發性	1820
偶一為之	偶	一為之	1050
偶而	偶	而	1
偶拾	偶	拾	1
偶戲	偶	戲	1
僑務	僑	務	16275
僑胞	僑	胞	11590
僑民	僑	民	6825
僑界	僑	界	4060
僑居	僑	居	3430
僑領	僑	領	3400
僑社	僑	社	2707
僑團	僑	團	2045
僑生	僑	生	1390
僑居地	僑	居地	245
僑委會	僑	委會	165
僑校	僑	校	1
僑選代表	僑	選代表	1
冠軍	冠	軍	379030
冠冕堂皇	冠	冕堂皇	13195
冠詞	冠	詞	5635
冠亞軍	冠	亞軍	5085
冠冕	冠	冕	4380
冠絕	冠	絕	2260
冠王	冠	王	1675
冠禮	冠	禮	1595
冠蓋	冠	蓋	201
冠服	冠	服	1
冠玉	冠	玉	1
冠蓋如雲	冠	蓋如雲	1
冠蓋雲集	冠	蓋雲集	1
割斷	割	斷	18640
割開	割	開	7165
割草	割	草	5890
割破	割	破	5950
割捨	割	捨	10895
割裂	割	裂	22255
割據	割	據	20200
割讓	割	讓	5735
割傷	割	傷	5490
割愛	割	愛	3145
割地	割	地	2990
割除	割	除	2355
割雞焉用牛刀	割	雞焉用牛刀	1
勢力	勢	力	211275
勢頭	勢	頭	134920
勢必	勢	必	104700
勢在必行	勢	在必行	31935
勢不可當	勢	不可當	12675
勢利	勢	利	8485
勢均力敵	勢	均力敵	7950
勢如破竹	勢	如破竹	7420
勢將	勢	將	4810
勢不兩立	勢	不兩立	4545
勢利眼	勢	利眼	1860
勢不得已	勢	不得已	10
勢同水火	勢	同水火	1
勤奮	勤	奮	117165
勤勞	勤	勞	52510
勤儉	勤	儉	26115
勤勉	勤	勉	24400
勤快	勤	快	22780
勤務	勤	務	12610
勤學	勤	學	11560
勤懇	勤	懇	7640
勤練	勤	練	3150
勤苦	勤	苦	3095
勤能補拙	勤	能補拙	2015
勤樸	勤	樸	235
勤政愛民	勤	政愛民	1
午安。	午	安。	888
午餐	午	餐	128775
午安	午	安	1030
午睡	午	睡	19185
午夜	午	夜	71270
午後	午	後	58235
午飯	午	飯	42335
午休	午	休	18405
午間	午	間	14020
午時	午	時	13555
午覺	午	覺	4925
午前	午	前	4135
午宴	午	宴	3855
占用	占	用	299580
占有	占	有	256500
占地	占	地	215805
占據	占	據	190995
占領	占	領	142740
占卜	占	卜	39285
占便宜	占	便宜	10565
占上風	占	上風	9320
占為己有	占	為己有	7020
占星術	占	星術	3335
占星學	占	星學	2020
占夢	占	夢	1111
占盡便宜	占	盡便宜	1
只是	只	是	901362
只有	只	有	501782
只要	只	要	500973
只會	只	會	931805
只能	只	能	500749
只好	只	好	438440
只見	只	見	336470
只得	只	得	149345
只怕	只	怕	84475
只管	只	管	49760
只當	只	當	18110
只消	只	消	7975
只欠東風	只	欠東風	2615
呈現	呈	現	400465
呈現出	呈	現出	168655
呈上	呈	上	12180
呈閱	呈	閱	9999
呈交	呈	交	7265
呈獻	呈	獻	5820
呈送	呈	送	5755
呈遞	呈	遞	5135
呈請	呈	請	2910
呈報	呈	報	2643
呈給	呈	給	2310
呈文	呈	文	1550
呈露	呈	露	760
器材	器	材	287615
器具	器	具	181905
器官	器	官	138490
器械	器	械	110865
器皿	器	皿	36240
器樂	器	樂	33240
器物	器	物	17460
器重	器	重	14930
器官移植	器	官移植	14585
器量	器	量	3333
器度	器	度	1
器識	器	識	1
器宇軒昂	器	宇軒昂	1
坦克	坦	克	143310
坦然	坦	然	64460
坦言	坦	言	54005
坦誠	坦	誠	50560
坦白	坦	白	42870
坦率	坦	率	22155
坦蕩	坦	蕩	16880
坦途	坦	途	6870
坦承	坦	承	3675
坦蕩蕩	坦	蕩蕩	2105
坦克車	坦	克車	1560
坦坦	坦	坦	1435
坦腹東床	坦	腹東床	1
堆肥	堆	肥	8765
堆積	堆	積	77670
堆放	堆	放	47190
堆砌	堆	砌	21965
堆疊	堆	疊	14980
堆積如山	堆	積如山	8650
堆成	堆	成	7585
堆積起來	堆	積起來	3015
堆積成	堆	積成	1650
堆高機	堆	高機	1415
堆置	堆	置	1340
堆起來	堆	起來	930
堆棧	堆	棧	513
塵埃	塵	埃	70115
塵土	塵	土	43540
塵世	塵	世	36225
塵封	塵	封	20015
塵埃落定	塵	埃落定	17015
塵緣	塵	緣	13250
塵垢	塵	垢	5355
塵沙	塵	沙	5010
塵囂	塵	囂	4080
塵粒	塵	粒	3325
塵俗	塵	俗	3200
塵事	塵	事	1340
塵肺症	塵	肺症	1
奶奶	奶	奶	205935
奶油	奶	油	115847
奶茶	奶	茶	109759
奶牛	奶	牛	95645
奶粉	奶	粉	73145
奶瓶	奶	瓶	29820
奶嘴	奶	嘴	15095
奶媽	奶	媽	14405
奶頭	奶	頭	7470
奶昔	奶	昔	6025
奶娘	奶	娘	3255
奶房	奶	房	1
奶精	奶	精	1
害怕	害	怕	361890
害羞	害	羞	65840
害蟲	害	蟲	47920
害人	害	人	41175
害死	害	死	32300
害處	害	處	12100
害群之馬	害	群之馬	5070
害臊	害	臊	3500
害人害己	害	人害己	2660
害病	害	病	1705
害人精	害	人精	685
害鳥	害	鳥	195
害喜	害	喜	3
寡婦	寡	婦	31140
寡人	寡	人	16765
寡頭	寡	頭	9875
寡言	寡	言	5590
寡不敵眾	寡	不敵眾	4800
寡糖	寡	糖	4765
寡欲	寡	欲	2950
寡居	寡	居	2310
寡母	寡	母	1150
寡情	寡	情	1080
寡廉鮮恥	寡	廉鮮恥	1010
寡女	寡	女	1
寡占	寡	占	1
屏東	屏	東	1
屏東縣	屏	東縣	1730
屏東市	屏	東市	1
屏幕	屏	幕	463725
屏蔽	屏	蔽	188700
屏障	屏	障	60500
屏風	屏	風	41625
屏息	屏	息	9480
屏退	屏	退	7650
屏氣	屏	氣	4875
屏除	屏	除	3311
屏氣凝神	屏	氣凝神	1075
屏營	屏	營	2
床上	床	上	244030
床位	床	位	69090
床單	床	單	41690
床鋪	床	鋪	19805
床頭櫃	床	頭櫃	12055
床沿	床	沿	10450
床罩	床	罩	7560
床褥	床	褥	4410
床架	床	架	2995
床笫	床	笫	1180
床柱	床	柱	550
床舖	床	舖	1
床第之間	床	第之間	1
店鋪	店	鋪	282055
店面	店	面	139020
店主	店	主	109425
店員	店	員	48755
店長	店	長	46690
店名	店	名	32765
店家	店	家	30945
店小二	店	小二	13725
店頭	店	頭	2580
店東	店	東	1
店舖	店	舖	1
店章	店	章	1
店頭市場	店	頭市場	1
怎麼	怎	麼	501014
怎麼辦	怎	麼辦	363590
怎樣	怎	樣	500608
怎麼樣	怎	麼樣	394185
怎能	怎	能	73605
怎麼說	怎	麼說	71850
怎會	怎	會	52840
怎的	怎	的	13845
怎不	怎	不	11670
怎生	怎	生	10105
怎敢	怎	敢	9065
怎肯	怎	肯	3570
怎能說	怎	能說	1380
恭喜	恭	喜	88460
恭敬	恭	敬	49745
恭候	恭	候	19775
恭維	恭	維	18280
恭賀	恭	賀	13205
恭祝	恭	祝	12725
恭敬地	恭	敬地	8815
恭請	恭	請	5255
恭謹	恭	謹	4190
恭迎	恭	迎	4100
恭賀新禧	恭	賀新禧	3545
恭讀	恭	讀	1
恭謁	恭	謁	1
悠遊卡	悠	遊卡	888
悠閒	悠	閒	63310
悠悠	悠	悠	99290
悠久	悠	久	48075
悠然	悠	然	41265
悠揚	悠	揚	38350
悠遠	悠	遠	21060
悠遊	悠	遊	16315
悠閒地	悠	閒地	13850
悠長	悠	長	9999
悠閒自在	悠	閒自在	3210
悠哉	悠	哉	1190
悠悠的	悠	悠的	1
我在	我	在	888
我要	我	要	888
我想	我	想	888
我想要	我	想要	1
我們	我	們	509405
我國	我	國	501476
我軍	我	軍	81785
我方	我	方	78990
我等	我	等	58500
我倆	我	倆	51625
我行我素	我	行我素	25805
我輩	我	輩	16300
我人	我	人	15375
截圖	截	圖	888
截止	截	止	213725
截然	截	然	52375
截然不同	截	然不同	26055
截獲	截	獲	20535
截斷	截	斷	19700
截住	截	住	8000
截擊	截	擊	7565
截稿	截	稿	7005
截去	截	去	2395
截長補短	截	長補短	430
截彎取直	截	彎取直	300
截開	截	開	245
抬頭	抬	頭	183170
抬起	抬	起	78305
抬高	抬	高	56180
抬舉	抬	舉	7590
抬起來	抬	起來	7455
抬出	抬	出	7055
抬槓	抬	槓	6890
抬頭挺胸	抬	頭挺胸	4020
抬價	抬	價	3795
抬走	抬	走	2880
抬轎	抬	轎	2495
抬愛	抬	愛	1820
抬不動	抬	不動	945
抹茶	抹	茶	888
抹去	抹	去	38060
抹布	抹	布	25150
抹上	抹	上	18500
抹殺	抹	殺	15935
抹掉	抹	掉	9240
抹黑	抹	黑	6390
抹乾	抹	乾	4335
抹臉	抹	臉	1550
抹滅	抹	滅	1
抹片	抹	片	1
抹煞	抹	煞	1
抹拭	抹	拭	1
拓展	拓	展	468745
拓寬	拓	寬	156825
拓印	拓	印	5905
拓片	拓	片	5475
拓本	拓	本	5135
拓荒	拓	荒	5050
拓荒者	拓	荒者	4775
拓地	拓	地	905
拓殖	拓	殖	800
拓銷	拓	銷	11
拓碑	拓	碑	1
拓樸	拓	樸	1
拓務省	拓	務省	1
拘役	拘	役	79385
拘留	拘	留	71330
拘捕	拘	捕	49731
拘束	拘	束	23330
拘謹	拘	謹	15370
拘禁	拘	禁	8595
拘泥	拘	泥	5575
拘留所	拘	留所	5280
拘押	拘	押	2185
拘拿	拘	拿	195
拘限	拘	限	43
拘票	拘	票	1
拘提	拘	提	1
拼音	拼	音	108230
拼命	拼	命	159210
拼圖	拼	圖	29585
拼湊	拼	湊	17345
拼死	拼	死	15465
拼成	拼	成	11085
拼貼	拼	貼	9370
拼盤	拼	盤	9190
拼出	拼	出	7675
拼音文字	拼	音文字	3930
拼法	拼	法	2550
拼字	拼	字	2510
拼組	拼	組	1
控制	控	制	501216
控制器	控	制器	235835
控股公司	控	股公司	74797
控告	控	告	71748
控制權	控	制權	51395
控制力	控	制力	26010
控訴	控	訴	24120
控制性	控	制性	22225
控制住	控	制住	20765
控球	控	球	11270
控罪	控	罪	730
控訴狀	控	訴狀	1
控詞	控	詞	1
搜索	搜	索	500944
搜集	搜	集	306520
搜尋	搜	尋	98640
搜查	搜	查	37545
搜救	搜	救	21270
搜捕	搜	捕	15895
搜羅	搜	羅	14950
搜出	搜	出	14810
搜刮	搜	刮	10510
搜身	搜	身	5525
搜求	搜	求	2120
搜括	搜	括	1750
搜索枯腸	搜	索枯腸	605
損失	損	失	500466
損害	損	害	500318
損壞	損	壞	368405
損傷	損	傷	262155
損耗	損	耗	85305
損益	損	益	73245
損毀	損	毀	57850
損益表	損	益表	14675
損人利己	損	人利己	11955
損人	損	人	5815
損友	損	友	4230
損兵折將	損	兵折將	2765
損害到	損	害到	2695
摸索	摸	索	85690
摸清	摸	清	45775
摸到	摸	到	34270
摸魚	摸	魚	23480
摸黑	摸	黑	5570
摸不清	摸	不清	4200
摸透	摸	透	2885
摸清楚	摸	清楚	2675
摸彩	摸	彩	975
摸哨	摸	哨	120
摸不著	摸	不著	1
摸骨	摸	骨	1
摸彩品	摸	彩品	1
撐起	撐	起	26720
撐腰	撐	腰	11270
撐開	撐	開	9160
撐住	撐	住	6285
撐傘	撐	傘	4130
撐不住	撐	不住	3095
撐船	撐	船	2690
撐下去	撐	下去	2210
撐不下去	撐	不下去	2135
撐竿跳	撐	竿跳	1485
撐起來	撐	起來	1410
撐持	撐	持	999
撐場面	撐	場面	920
播放	播	放	500405
播出	播	出	187760
播種	播	種	104120
播音	播	音	36630
播報	播	報	27840
播音員	播	音員	21740
播下	播	下	14625
播映	播	映	11050
播遷	播	遷	9999
播散	播	散	9999
播揚	播	揚	9999
播送	播	送	6210
播弄	播	弄	1
攀升	攀	升	88175
攀登	攀	登	85200
攀岩	攀	岩	51155
攀爬	攀	爬	22560
攀談	攀	談	11815
攀緣	攀	緣	6620
攀附	攀	附	4855
攀越	攀	越	3085
攀枝	攀	枝	2090
攀折	攀	折	1905
攀親	攀	親	1510
攀龍附鳳	攀	龍附鳳	1105
攀山越嶺	攀	山越嶺	1
敦煌	敦	煌	76520
敦促	敦	促	21465
敦厚	敦	厚	7070
敦實	敦	實	2700
敦煌石窟	敦	煌石窟	2120
敦睦	敦	睦	1050
敦請	敦	請	1025
敦親睦鄰	敦	親睦鄰	155
敦倫	敦	倫	34
敦聘	敦	聘	2
敦勉	敦	勉	1
敦樸	敦	樸	1
敦品勵學	敦	品勵學	1
斗篷	斗	篷	18530
斗笠	斗	笠	10440
斗膽	斗	膽	8070
斗室	斗	室	5640
斗大	斗	大	5000
斗南	斗	南	2220
斗方	斗	方	267
斗箕	斗	箕	99
斗杓	斗	杓	2
斗栱	斗	栱	1
斗六	斗	六	1
斗蓬	斗	蓬	1
斗六市	斗	六市	1
村民	村	民	417255
村莊	村	莊	173595
村里	村	里	158820
村子	村	子	57820
村落	村	落	56195
村長	村	長	53750
村口	村	口	21580
村姑	村	姑	7610
村婦	村	婦	6435
村舍	村	舍	4545
村夫	村	夫	3940
村野	村	野	1830
村人	村	人	1
束縛	束	縛	127400
束手無策	束	手無策	28975
束之高閣	束	之高閣	7025
束手就擒	束	手就擒	4695
束髮	束	髮	3940
束帶	束	帶	3575
束手	束	手	3455
束緊	束	緊	2030
束手待斃	束	手待斃	1505
束裝	束	裝	550
束腹	束	腹	350
束成	束	成	1
束脩	束	脩	1
架構	架	構	279010
架設	架	設	65435
架起	架	起	35320
架上	架	上	34480
架空	架	空	30945
架勢	架	勢	28305
架橋	架	橋	9920
架子	架	子	5990
架住	架	住	3105
架開	架	開	1525
架屋	架	屋	400
架式	架	式	1
架走	架	走	1
染色體	染	色體	45440
染色	染	色	78515
染料	染	料	68410
染上	染	上	40990
染髮	染	髮	29275
染病	染	病	18935
染成	染	成	16900
染整	染	整	16455
染指	染	指	8745
染有	染	有	3650
染缸	染	缸	2370
染患	染	患	735
染織廠	染	織廠	545
棒球	棒	球	23185
棒子	棒	子	13645
棒棒糖	棒	棒糖	11920
棒槌	棒	槌	5910
棒球隊	棒	球隊	3735
棒打	棒	打	3545
棒喝	棒	喝	2175
棒球場	棒	球場	1325
棒球賽	棒	球賽	665
棒球員	棒	球員	80
棒壇	棒	壇	1
棒球卡	棒	球卡	1
棒委會	棒	委會	1
殷勤	殷	勤	28455
殷切	殷	切	14080
殷紅	殷	紅	11585
殷實	殷	實	11055
殷墟	殷	墟	9955
殷商	殷	商	8735
殷朝	殷	朝	460
殷鑑不遠	殷	鑑不遠	460
殷鑒	殷	鑒	5
殷鑑	殷	鑑	5
殷憂	殷	憂	1
殷盼	殷	盼	1
殷望	殷	望	1
汗水	汗	水	99210
汗顏	汗	顏	19525
汗腺	汗	腺	12010
汗馬功勞	汗	馬功勞	10395
汗流浹背	汗	流浹背	8570
汗毛	汗	毛	8190
汗珠	汗	珠	7425
汗衫	汗	衫	5225
汗牛充棟	汗	牛充棟	3325
汗青	汗	青	1485
汗斑	汗	斑	770
汗涔涔	汗	涔涔	590
汗疹	汗	疹	95
污染	污	染	500279
污水	污	水	186860
污垢	污	垢	52235
污泥	污	泥	40480
污物	污	物	32120
污穢	污	穢	18995
污濁	污	濁	15255
污點	污	點	13865
污蔑	污	蔑	10690
污衊	污	衊	10690
污損	污	損	9530
污名	污	名	1470
污辱	污	辱	1001
泡麵	泡	麵	14615
泡泡	泡	泡	87320
泡沫	泡	沫	204030
泡菜	泡	菜	65243
泡茶	泡	茶	25925
泡沫經濟	泡	沫經濟	14624
泡湯	泡	湯	9305
泡上	泡	上	9100
泡影	泡	影	8695
泡泡糖	泡	泡糖	4290
泡沫紅茶	泡	沫紅茶	1145
泡疹	泡	疹	1
泡狀	泡	狀	1
源於	源	於	191705
源頭	源	頭	118105
源自	源	自	93010
源源不斷	源	源不斷	35760
源遠流長	源	遠流長	31580
源源	源	源	30645
源流	源	流	17635
源泉	源	泉	8763
源源不絕	源	源不絕	5590
源起	源	起	1
源始	源	始	1
源由	源	由	1
源源本本	源	源本本	1
濟南市	濟	南市	121095
濟公	濟	公	18525
濟世	濟	世	9735
濟南	濟	南	6844
濟困	濟	困	6570
濟貧	濟	貧	4410
濟助	濟	助	585
濟弱扶傾	濟	弱扶傾	365
濟急	濟	急	1
濟濟	濟	濟	1
濟事	濟	事	1
濟茲	濟	茲	1
濟濟多士	濟	濟多士	1
煉油廠	煉	油廠	115663
煉油	煉	油	42190
煉鋼	煉	鋼	20100
煉製	煉	製	19135
煉丹	煉	丹	17635
煉獄	煉	獄	17270
煉鐵	煉	鐵	12800
煉鋼廠	煉	鋼廠	4030
煉銅	煉	銅	3870
煉乳	煉	乳	3845
煉石補天	煉	石補天	990
煉鋁	煉	鋁	935
煉鋼業	煉	鋼業	1
煩惱	煩	惱	327255
煩人	煩	人	99140
煩躁	煩	躁	61930
煩悶	煩	悶	13265
煩心	煩	心	12120
煩請	煩	請	11145
煩瑣	煩	瑣	9998
煩擾	煩	擾	6815
煩憂	煩	憂	6545
煩難	煩	難	530
煩言	煩	言	285
煩忙	煩	忙	1
煩雜	煩	雜	1
蒸氣	蒸	氣	111870
蒸汽	蒸	汽	101530
蒸發	蒸	發	75200
蒸餾	蒸	餾	32935
蒸蒸日上	蒸	蒸日上	27260
蒸餾水	蒸	餾水	17715
蒸汽機	蒸	汽機	9475
蒸籠	蒸	籠	9165
蒸餃	蒸	餃	7081
蒸熱	蒸	熱	810
蒸臉	蒸	臉	1
蒸餾法	蒸	餾法	1
蒸餾液	蒸	餾液	1
牌照	牌	照	119585
牌照稅	牌	照稅	3540
牌子	牌	子	158640
牌號	牌	號	47290
牌坊	牌	坊	36250
牌匾	牌	匾	23980
牌樓	牌	樓	17700
牌位	牌	位	8925
牌價	牌	價	7415
牌局	牌	局	5060
牌桌	牌	桌	3495
牌九	牌	九	2990
牌告利率	牌	告利率	1
猜測	猜	測	132965
猜想	猜	想	56450
猜拳	猜	拳	5770
猜到	猜	到	33210
猜疑	猜	疑	27680
猜出	猜	出	19005
猜忌	猜	忌	12955
猜中	猜	中	9995
猜不透	猜	不透	6285
猜謎	猜	謎	3333
猜度	猜	度	2570
猜燈謎	猜	燈謎	2020
猜不著	猜	不著	1
瑞蘭	瑞	蘭	2
瑞士	瑞	士	220790
瑞典	瑞	典	149545
瑞安	瑞	安	37585
瑞雪	瑞	雪	11590
瑞典人	瑞	典人	4810
瑞芳	瑞	芳	4115
瑞士人	瑞	士人	3720
瑞穗	瑞	穗	867
瑞獸	瑞	獸	111
瑞草	瑞	草	1
瑞雲	瑞	雲	1
瑞兆	瑞	兆	1
瓦斯	瓦	斯	64485
瓦解	瓦	解	37085
瓦特	瓦	特	15505
瓦窯	瓦	窯	10325
瓦片	瓦	片	9945
瓦房	瓦	房	9430
瓦礫	瓦	礫	8030
瓦罐	瓦	罐	7070
瓦屋	瓦	屋	5490
瓦楞紙	瓦	楞紙	3795
瓦斯爐	瓦	斯爐	1160
瓦斯車	瓦	斯車	1
瓦斯中毒	瓦	斯中毒	1
界面	界	面	500298
界定	界	定	170195
界限	界	限	129525
界線	界	線	45900
界碑	界	碑	5735
界址	界	址	4880
界外球	界	外球	3775
界說	界	說	3355
界山	界	山	2565
界標	界	標	1690
界石	界	石	1435
界約	界	約	830
界內球	界	內球	1
畏懼	畏	懼	42555
畏縮	畏	縮	7490
畏難	畏	難	4920
畏首畏尾	畏	首畏尾	3680
畏畏縮縮	畏	畏縮縮	2550
畏光	畏	光	2550
畏怯	畏	怯	1735
畏罪潛逃	畏	罪潛逃	1522
畏懼感	畏	懼感	1390
畏死	畏	死	1350
畏罪	畏	罪	1195
畏忌	畏	忌	620
畏途	畏	途	149
疾病	疾	病	500339
疾行	疾	行	33385
疾風	疾	風	23945
疾苦	疾	苦	23385
疾馳	疾	馳	13225
疾走	疾	走	4885
疾步	疾	步	4830
疾呼	疾	呼	4090
疾書	疾	書	1970
疾言厲色	疾	言厲色	1240
疾惡如仇	疾	惡如仇	348
疾駛	疾	駛	1
疾風迅雷	疾	風迅雷	1
眉頭	眉	頭	75410
眉毛	眉	毛	66350
眉目	眉	目	15980
眉心	眉	心	13690
眉飛色舞	眉	飛色舞	11850
眉宇	眉	宇	10060
眉開眼笑	眉	開眼笑	8495
眉筆	眉	筆	7785
眉清目秀	眉	清目秀	5645
眉來眼去	眉	來眼去	3825
眉批	眉	批	2910
眉目傳情	眉	目傳情	2620
眉睫	眉	睫	1435
矮人	矮	人	33365
矮小	矮	小	15185
矮胖	矮	胖	5275
矮化	矮	化	4780
矮牆	矮	牆	3760
矮腳	矮	腳	2045
矮樹	矮	樹	1630
矮凳	矮	凳	1405
矮冬瓜	矮	冬瓜	705
矮屋	矮	屋	515
矮個兒	矮	個兒	450
矮人祭	矮	人祭	1
矮人一截	矮	人一截	1
砍伐	砍	伐	27880
砍掉	砍	掉	17990
砍下	砍	下	16185
砍柴	砍	柴	11790
砍死	砍	死	10125
砍斷	砍	斷	9790
砍去	砍	去	8770
砍傷	砍	傷	6315
砍殺	砍	殺	6310
砍倒	砍	倒	4750
砍到	砍	到	4555
砍下來	砍	下來	2440
砍光	砍	光	1070
碰到	碰	到	263650
碰撞	碰	撞	154200
碰上	碰	上	63975
碰見	碰	見	27755
碰巧	碰	巧	23880
碰壁	碰	壁	14785
碰面	碰	面	14530
碰頭	碰	頭	13050
碰傷	碰	傷	7340
碰運氣	碰	運氣	5880
碰壞	碰	壞	2190
碰釘子	碰	釘子	1970
碰擊	碰	擊	1375
祕密	祕	密	460920
祕書	祕	書	271780
祕書長	祕	書長	225010
祕魯	祕	魯	32530
祕訣	祕	訣	91250
祕書處	祕	書處	78865
祕方	祕	方	41315
祕而不宣	祕	而不宣	3570
祕辛	祕	辛	1111
祕訪	祕	訪	1
祕笈	祕	笈	1
祕探	祕	探	1
祕密證人	祕	密證人	1
禪師	禪	師	54415
禪宗	禪	宗	41795
禪定	禪	定	21430
禪寺	禪	寺	16800
禪學	禪	學	4530
禪房	禪	房	4125
禪讓	禪	讓	3620
禪堂	禪	堂	3555
禪機	禪	機	2725
禪功	禪	功	1585
禪僧	禪	僧	1455
禪理	禪	理	1280
禪位	禪	位	1111
稍微	稍	微	200825
稍稍	稍	稍	75630
稍後	稍	後	67120
稍縱即逝	稍	縱即逝	13100
稍候	稍	候	7300
稍事	稍	事	6895
稍早	稍	早	5710
稍息	稍	息	4220
稍減	稍	減	2990
稍懈	稍	懈	365
稍占上風	稍	占上風	1
稍可	稍	可	1
稍為	稍	為	1
糖尿病	糖	尿病	176940
糖果	糖	果	99960
糖水	糖	水	67043
糖漿	糖	漿	32781
糖類	糖	類	25425
糖分	糖	分	19080
糖業	糖	業	14670
糖精	糖	精	11950
糖廠	糖	廠	11725
糖葫蘆	糖	葫蘆	7180
糖尿	糖	尿	6665
糖衣	糖	衣	5465
糖蜜	糖	蜜	86
練習	練	習	500306
練功	練	功	52495
練就	練	就	27090
練兵	練	兵	20055
練成	練	成	17310
練武	練	武	16230
練拳	練	拳	6400
練字	練	字	6395
練球	練	球	5190
練唱	練	唱	1610
練習生	練	習生	810
練習簿	練	習簿	600
練達	練	達	252
繳費	繳	費	238480
繳納	繳	納	494285
繳付	繳	付	29640
繳稅	繳	稅	27990
繳款	繳	款	18400
繳械	繳	械	9999
繳回	繳	回	3210
繳庫	繳	庫	3000
繳出	繳	出	685
繳白卷	繳	白卷	1
繳交	繳	交	1
繳卷	繳	卷	1
繳驗	繳	驗	1
羽毛	羽	毛	83905
羽毛球	羽	毛球	72755
羽翼	羽	翼	25780
羽化	羽	化	16090
羽衣	羽	衣	6015
羽扇綸巾	羽	扇綸巾	2015
羽狀複葉	羽	狀複葉	1695
羽化登仙	羽	化登仙	685
羽毛未豐	羽	毛未豐	530
羽量級	羽	量級	195
羽毛衣	羽	毛衣	1
羽球	羽	球	1
羽球館	羽	球館	1
習慣	習	慣	500437
習俗	習	俗	107500
習題	習	題	101345
習性	習	性	37805
習慣性	習	慣性	33830
習作	習	作	31845
習以為常	習	以為常	21815
習氣	習	氣	18880
習習	習	習	8970
習藝	習	藝	1585
習見	習	見	999
習非	習	非	1
習於	習	於	1
耕莘	耕	莘	1
耕讀	耕	讀	40
耕作	耕	作	39260
耕耘	耕	耘	38865
耕地	耕	地	19939
耕田	耕	田	9205
耕牛	耕	牛	7650
耕種	耕	種	3016
耕者	耕	者	1600
耕稼	耕	稼	775
耕農	耕	農	1
耕耘機	耕	耘機	1
耕莘醫院	耕	莘醫院	1
耗電	耗	電	1
耗費	耗	費	81295
耗時	耗	時	38120
耗資	耗	資	37640
耗盡	耗	盡	36260
耗子	耗	子	24090
耗用	耗	用	17530
耗損	耗	損	10650
耗竭	耗	竭	4080
耗去	耗	去	3065
耗時間	耗	時間	2785
耗力	耗	力	2620
耗掉	耗	掉	2590
肝臟	肝	臟	110580
肝炎	肝	炎	67590
肝癌	肝	癌	60990
肝病	肝	病	54725
肝硬化	肝	硬化	46825
肝膽	肝	膽	9999
肝膽相照	肝	膽相照	7380
肝火	肝	火	5565
肝腸寸斷	肝	腸寸斷	4940
肝腦塗地	肝	腦塗地	1545
肝膽俱裂	肝	膽俱裂	975
肝鬱	肝	鬱	1
肝疾	肝	疾	1
胃口	胃	口	71845
胃癌	胃	癌	40750
胃酸	胃	酸	22615
胃潰瘍	胃	潰瘍	17475
胃鏡	胃	鏡	11755
胃炎	胃	炎	16305
胃病	胃	病	22135
胃痛	胃	痛	15510
胃下垂	胃	下垂	3285
胃穿孔	胃	穿孔	1495
胃腸	胃	腸	584
胃出血	胃	出血	1
胃臟	胃	臟	1
臥室	臥	室	165970
臥底	臥	底	30300
臥鋪	臥	鋪	25780
臥床	臥	床	25085
臥房	臥	房	19725
臥薪嘗膽	臥	薪嘗膽	13525
臥虎藏龍	臥	虎藏龍	11780
臥倒	臥	倒	5145
臥病	臥	病	3615
臥姿	臥	姿	1860
臥車	臥	車	999
臥榻	臥	榻	239
臥遊	臥	遊	2
芳香	芳	香	92615
芳心	芳	心	27510
芳草	芳	草	26515
芳名	芳	名	5755
芳齡	芳	齡	3945
芳蹤	芳	蹤	3505
芳鄰	芳	鄰	1940
芳澤	芳	澤	1465
芳華	芳	華	1089
芳魂	芳	魂	147
芳名錄	芳	名錄	1
芳訊	芳	訊	1
芳苑	芳	苑	1
蛋蛋	蛋	蛋	888
蛋糕	蛋	糕	815478
蛋餅	蛋	餅	888
蛋白質	蛋	白質	281300
蛋包飯	蛋	包飯	1
蛋吐司	蛋	吐司	888
蛋白	蛋	白	209580
蛋黃	蛋	黃	42625
蛋殼	蛋	殼	17500
蛋白尿	蛋	白尿	11890
蛋卷	蛋	卷	11852
蛋品	蛋	品	4310
蛋雞	蛋	雞	150
蜂蜜	蜂	蜜	134570
蜂窩	蜂	窩	38985
蜂巢	蜂	巢	17950
蜂擁	蜂	擁	12820
蜂鳴器	蜂	鳴器	8605
蜂鳥	蜂	鳥	5715
蜂蠟	蜂	蠟	5626
蜂擁而上	蜂	擁而上	4100
蜂王	蜂	王	3340
蜂腰	蜂	腰	2030
蜂王乳	蜂	王乳	140
蜂湧而出	蜂	湧而出	1
蜂巢式行動電話系統	蜂	巢式行動電話系統	1
融合	融	合	381325
融資	融	資	335645
融入	融	入	275140
融化	融	化	62090
融為一體	融	為一體	60315
融洽	融	洽	49090
融會貫通	融	會貫通	23410
融通	融	通	22600
融融	融	融	13530
融會	融	會	10930
融為	融	為	4450
融貫	融	貫	1720
融和	融	和	1
裡面	裡	面	500615
裡邊	裡	邊	66060
裡頭	裡	頭	62925
裡外	裡	外	31845
裡屋	裡	屋	15690
裡裡外外	裡	裡外外	6675
裡布	裡	布	5910
裡子	裡	子	5625
裡應外合	裡	應外合	4300
裡外不是人	裡	外不是人	1095
裡勾外連	裡	勾外連	21
裡出外進	裡	出外進	1
裡海	裡	海	1
詳細	詳	細	500602
詳情	詳	情	500255
詳盡	詳	盡	64490
詳實	詳	實	17195
詳述	詳	述	16560
詳查	詳	查	4760
詳加	詳	加	4080
詳閱	詳	閱	2485
詳明	詳	明	1355
詳讀	詳	讀	1140
詳備	詳	備	1010
詳審	詳	審	695
詳言之	詳	言之	1
識別	識	別	384435
識字	識	字	58175
識破	識	破	25250
識貨	識	貨	15120
識得	識	得	12585
識趣	識	趣	6470
識相	識	相	5890
識時務	識	時務	3055
識大體	識	大體	3020
識途老馬	識	途老馬	610
識別證	識	別證	595
識見	識	見	1
識別區	識	別區	1
讓步	讓	步	51160
讓給	讓	給	40605
讓出	讓	出	17760
讓開	讓	開	16535
讓路	讓	路	14105
讓座	讓	座	13730
讓位	讓	位	8625
讓賢	讓	賢	2790
讓價	讓	價	2260
讓與	讓	與	1125
讓渡	讓	渡	45
讓受人	讓	受人	1
讓國	讓	國	1
賞識	賞	識	99885
賞析	賞	析	37690
賞心悅目	賞	心悅目	35795
賞賜	賞	賜	20055
賞月	賞	月	15870
賞金	賞	金	13335
賞罰	賞	罰	6985
賞玩	賞	玩	5360
賞給	賞	給	4840
賞罰分明	賞	罰分明	3385
賞錢	賞	錢	2720
賞光	賞	光	2345
賞心	賞	心	2
購買	購	買	501088
購物	購	物	500347
購置	購	置	137705
購物中心	購	物中心	84015
購入	購	入	52380
購買力	購	買力	37030
購買慾	購	買慾	4150
購得	購	得	2875
購貨	購	貨	2452
購料	購	料	1
購食	購	食	1
購屋	購	屋	1
購用	購	用	1
辯護	辯	護	264762
辯論	辯	論	90670
辯證	辯	證	44310
辯解	辯	解	36680
辯護人	辯	護人	27210
辯稱	辯	稱	15380
辯難	辯	難	9999
辯駁	辯	駁	8020
辯論會	辯	論會	5175
辯才	辯	才	4815
辯白	辯	白	3540
辯才無礙	辯	才無礙	910
辯正	辯	正	1
返回	返	回	500363
返程	返	程	27460
返鄉	返	鄉	25885
返校	返	校	12765
返航	返	航	9215
返璞歸真	返	璞歸真	7190
返老還童	返	老還童	5650
返台	返	台	3435
返國	返	國	2965
返抵	返	抵	1275
返潮	返	潮	1095
返校日	返	校日	310
返照	返	照	1
遞交	遞	交	128435
遞給	遞	給	109725
遞增	遞	增	87555
遞減	遞	減	36245
遞送	遞	送	21645
遞上	遞	上	19530
遞進	遞	進	17395
遞補	遞	補	8540
遞過來	遞	過來	5280
遞變	遞	變	1200
遞解	遞	解	720
遞延	遞	延	580
遞呈	遞	呈	1
遷移	遷	移	103025
遷徙	遷	徙	39410
遷入	遷	入	33560
遷就	遷	就	24715
遷出	遷	出	22865
遷往	遷	往	17765
遷居	遷	居	17655
遷都	遷	都	14865
遷延	遷	延	8970
遷怒	遷	怒	5035
遷離	遷	離	1355
遷調	遷	調	405
遷善	遷	善	1
釋放	釋	放	311600
釋迦	釋	迦	48944
釋義	釋	義	37725
釋然	釋	然	17480
釋懷	釋	懷	12570
釋疑	釋	疑	11720
釋出	釋	出	8565
釋文	釋	文	8470
釋夢	釋	夢	2670
釋道	釋	道	2580
釋俘	釋	俘	1
釋例	釋	例	1
釋憲	釋	憲	1
釣魚	釣	魚	127655
釣友	釣	友	16870
釣竿	釣	竿	15725
釣魚台	釣	魚台	11250
釣魚臺	釣	魚臺	11250
釣具	釣	具	7995
釣餌	釣	餌	6630
釣線	釣	線	3895
釣鉤	釣	鉤	2740
釣客	釣	客	1940
釣魚竿	釣	魚竿	1285
釣船	釣	船	1075
釣蝦場	釣	蝦場	120
錦標賽	錦	標賽	66115
錦繡	錦	繡	44465
錦上添花	錦	上添花	27185
錦衣	錦	衣	23345
錦旗	錦	旗	15770
錦囊	錦	囊	15130
錦緞	錦	緞	9855
錦衣玉食	錦	衣玉食	5180
錦標	錦	標	4995
錦雞	錦	雞	3615
錦囊妙計	錦	囊妙計	2375
錦石	錦	石	1
錦州	錦	州	1
陶瓷	陶	瓷	346025
陶醉	陶	醉	55550
陶器	陶	器	29215
陶冶	陶	冶	28295
陶藝	陶	藝	21670
陶淵明	陶	淵明	17380
陶然	陶	然	11290
陶土	陶	土	8540
陶鑄	陶	鑄	4085
陶瓷器	陶	瓷器	2960
陶朱公	陶	朱公	1670
陶陶	陶	陶	2
陶偶	陶	偶	1
險些	險	些	34335
險峻	險	峻	26870
險惡	險	惡	23730
險要	險	要	12685
險境	險	境	11885
險阻	險	阻	8605
險勝	險	勝	7115
險灘	險	灘	6575
險象環生	險	象環生	6165
險象	險	象	1260
險隘	險	隘	935
險詐	險	詐	500
險遭不測	險	遭不測	225
響應	響	應	241425
響起	響	起	156290
響亮	響	亮	62345
響聲	響	聲	44200
響徹	響	徹	16830
響噹噹	響	噹噹	11485
響起來	響	起來	8550
響度	響	度	4705
響尾蛇	響	尾蛇	4375
響徹雲霄	響	徹雲霄	3085
響馬	響	馬	2090
響叮噹	響	叮噹	1085
響板	響	板	1010
顛覆	顛	覆	96915
顛倒	顛	倒	48115
顛簸	顛	簸	39140
顛沛流離	顛	沛流離	5530
顛倒黑白	顛	倒黑白	4275
顛三倒四	顛	三倒四	3085
顛撲不破	顛	撲不破	2885
顛沛	顛	沛	2220
顛倒是非	顛	倒是非	1850
顛顛倒倒	顛	顛倒倒	490
顛倒乾坤	顛	倒乾坤	405
顛仆	顛	仆	1
顛峰	顛	峰	1
類型	類	型	501258
類別	類	別	501018
類似	類	似	500290
類比	類	比	30055
類推	類	推	27310
類固醇	類	固醇	11480
類風溼性關節炎	類	風溼性關節炎	10360
類同	類	同	8975
類書	類	書	6440
類屬	類	屬	3355
類神經網路	類	神經網路	1
類此	類	此	1
類比電腦	類	比電腦	1
驗收	驗	收	500260
驗證	驗	證	447930
驗貨	驗	貨	29810
驗光	驗	光	15980
驗方	驗	方	12240
驗看	驗	看	8715
驗明	驗	明	5165
驗屍	驗	屍	4860
驗傷	驗	傷	3870
驗明正身	驗	明正身	3550
驗尿	驗	尿	1275
驗屍官	驗	屍官	900
驗血	驗	血	617
亮度	亮	度	174165
亮相	亮	相	143595
亮麗	亮	麗	94905
亮光	亮	光	32140
亮起	亮	起	26285
亮晶晶	亮	晶晶	12655
亮片	亮	片	9835
亮閃閃	亮	閃閃	3260
亮紅燈	亮	紅燈	1805
亮話	亮	話	999
亮節	亮	節	590
亮票	亮	票	1
介面	介	面	30085
介紹	介	紹	501377
介入	介	入	206495
介質	介	質	57365
介於	介	於	51835
介意	介	意	41785
介紹信	介	紹信	38705
介詞	介	詞	19730
介紹人	介	紹人	17435
介紹所	介	紹所	3320
介殼	介	殼	680
介面卡	介	面卡	585
伯爵	伯	爵	55330
伯伯	伯	伯	30810
伯樂	伯	樂	28940
伯父	伯	父	23795
伯母	伯	母	17955
伯利恆	伯	利恆	3190
伯仲之間	伯	仲之間	2080
伯仲	伯	仲	1475
伯勞	伯	勞	1395
伯父母	伯	父母	1
伯恩	伯	恩	1
伯勞鳥	伯	勞鳥	1
併購	併	購	214805
併為	併	為	164005
併發	併	發	116240
併發症	併	發症	93005
併列	併	列	83350
併入	併	入	50725
併排	併	排	25035
併吞	併	吞	2980
併案	併	案	2725
併合	併	合	1
併科	併	科	1
併案處理	併	案處理	1
偵察	偵	察	74745
偵查	偵	查	71180
偵探	偵	探	60275
偵測	偵	測	35515
偵破	偵	破	34655
偵察機	偵	察機	12260
偵探小說	偵	探小說	6595
偵辦	偵	辦	4425
偵訊	偵	訊	1390
偵防	偵	防	350
偵騎	偵	騎	350
偵緝	偵	緝	1
價格	價	格	502881
價值	價	值	500849
價值觀	價	值觀	256890
價位	價	位	224735
價錢	價	錢	152035
價款	價	款	143035
價格表	價	格表	22690
價廉物美	價	廉物美	20785
價目表	價	目表	18080
價值連城	價	值連城	11615
價碼	價	碼	8285
價目	價	目	736
冤枉	冤	枉	40120
冤家	冤	家	17140
冤魂	冤	魂	11965
冤案	冤	案	9810
冤屈	冤	屈	8045
冤大頭	冤	大頭	5510
冤獄	冤	獄	3185
冤仇	冤	仇	3170
冤情	冤	情	2910
冤家路窄	冤	家路窄	2380
冤孽	冤	孽	1995
冤冤相報	冤	冤相報	1835
冥想	冥	想	26605
冥王星	冥	王星	16980
冥冥之中	冥	冥之中	9560
冥冥中	冥	冥中	9395
冥思	冥	思	4270
冥府	冥	府	2255
冥頑不靈	冥	頑不靈	1490
冥紙	冥	紙	890
冥婚	冥	婚	805
冥頑	冥	頑	695
冥誕	冥	誕	150
冥壽	冥	壽	9
凝聚	凝	聚	159445
凝聚力	凝	聚力	139600
凝固	凝	固	61300
凝結	凝	結	45210
凝重	凝	重	44245
凝視	凝	視	43795
凝神	凝	神	27670
凝望	凝	望	19405
凝滯	凝	滯	6745
凝脂	凝	脂	5575
凝思	凝	思	3745
凝鍊	凝	鍊	1
刑法	刑	法	188040
刑事	刑	事	86685
刑罰	刑	罰	52015
刑警	刑	警	32975
刑期	刑	期	13790
刑場	刑	場	9325
刑警隊	刑	警隊	6275
刑具	刑	具	3730
刑庭	刑	庭	2030
刑責	刑	責	965
刑案	刑	案	217
刑求	刑	求	1
判決	判	決	693724
判斷	判	斷	500409
判定	判	定	130720
判處	判	處	78770
判決書	判	決書	76150
判別	判	別	29915
判斷力	判	斷力	25255
判例	判	例	22675
判官	判	官	15965
判刑	判	刑	15705
判罪	判	罪	9999
判若兩人	判	若兩人	7900
劫持	劫	持	25300
劫難	劫	難	19085
劫匪	劫	匪	16565
劫獄	劫	獄	8755
劫掠	劫	掠	7280
劫數	劫	數	6025
劫後餘生	劫	後餘生	3195
劫殺	劫	殺	3080
劫機	劫	機	2860
劫去	劫	去	1130
劫運	劫	運	1045
劫營	劫	營	925
命令	命	令	500482
命運	命	運	449625
命題	命	題	257600
命中	命	中	107820
命理	命	理	21035
命案	命	案	18470
命脈	命	脈	18380
命名	命	名	17469
命中注定	命	中注定	14490
命苦	命	苦	7640
命根子	命	根子	5605
命相	命	相	4635
嘴巴	嘴	巴	121390
嘴唇	嘴	唇	146700
嘴脣	嘴	脣	146700
嘴角	嘴	角	107235
嘴臉	嘴	臉	17020
嘴硬	嘴	硬	5585
嘴饞	嘴	饞	4470
嘴皮子	嘴	皮子	4315
嘴快	嘴	快	1280
嘴笨	嘴	笨	870
嘴碎	嘴	碎	215
嘴尖舌薄	嘴	尖舌薄	1
場所	場	所	500297
場地	場	地	339470
場景	場	景	322260
場合	場	合	266545
場面	場	面	226435
場次	場	次	45055
場子	場	子	15845
場主	場	主	8910
場記	場	記	1955
場屋	場	屋	999
場區	場	區	768
場規	場	規	1
塑料	塑	料	434160
塑造	塑	造	242570
塑膠	塑	膠	103855
塑像	塑	像	42090
塑鋼	塑	鋼	15145
塑成	塑	成	2605
塑膠袋	塑	膠袋	2200
塑膠管	塑	膠管	420
塑膠板	塑	膠板	315
塑膠瓶	塑	膠瓶	285
塑膠紙	塑	膠紙	1
塑膠球	塑	膠球	1
墊付	墊	付	66176
墊子	墊	子	14345
墊上	墊	上	10460
墊底	墊	底	9580
墊板	墊	板	5330
墊款	墊	款	4225
墊背	墊	背	3245
墊腳石	墊	腳石	2735
墊肩	墊	肩	1700
墊被	墊	被	750
墊上運動	墊	上運動	500
墊檔	墊	檔	1
壁紙	壁	紙	138495
壁壘	壁	壘	47695
壁爐	壁	爐	15535
壁虎	壁	虎	11465
壁燈	壁	燈	8960
壁畫	壁	畫	8640
壁櫥	壁	櫥	6950
壁立	壁	立	4470
壁報	壁	報	999
壁上觀	壁	上觀	930
壁壘分明	壁	壘分明	168
壁花	壁	花	1
壞人	壞	人	74155
壞事	壞	事	66655
壞死	壞	死	64545
壞蛋	壞	蛋	26135
壞處	壞	處	22235
壞話	壞	話	17955
壞東西	壞	東西	4040
壞心	壞	心	2825
壞球	壞	球	565
壞痞子	壞	痞子	1
壞透	壞	透	1
壞血病	壞	血病	1
士兵	士	兵	317715
士氣	士	氣	53530
士官	士	官	53330
士大夫	士	大夫	24450
士卒	士	卒	19865
士林	士	林	10720
士族	士	族	8675
士民	士	民	4645
士可殺不可辱	士	可殺不可辱	48
士官長	士	官長	1
士林區	士	林區	1
士子	士	子	1
夠格	夠	格	4460
夠味	夠	味	3530
夠本	夠	本	2565
夠得上	夠	得上	2490
夠勁	夠	勁	2455
夠朋友	夠	朋友	2315
夠數	夠	數	1020
夠受	夠	受	810
夠受的	夠	受的	270
夠交情	夠	交情	120
夠瞧	夠	瞧	110
夠面子	夠	面子	1
宮廷	宮	廷	84835
宮殿	宮	殿	79190
宮女	宮	女	38520
宮門	宮	門	12535
宮燈	宮	燈	5365
宮闕	宮	闕	4800
宮保雞丁	宮	保雞丁	3523
宮闈	宮	闈	3220
宮殿式	宮	殿式	2590
宮保	宮	保	2070
宮扇	宮	扇	9
宮庭	宮	庭	1
尾巴	尾	巴	96050
尾部	尾	部	48065
尾聲	尾	聲	46700
尾數	尾	數	23520
尾隨	尾	隨	20435
尾端	尾	端	7740
尾款	尾	款	5210
尾鰭	尾	鰭	4440
尾音	尾	音	4425
尾牙	尾	牙	1795
尾大不掉	尾	大不掉	1170
尾椎	尾	椎	216
屈原	屈	原	44835
屈辱	屈	辱	28470
屈服	屈	服	27180
屈指可數	屈	指可數	20665
屈膝	屈	膝	14250
屈伸	屈	伸	8015
屈指	屈	指	6085
屈就	屈	就	2870
屈死	屈	死	1935
屈打成招	屈	打成招	1090
屈駕	屈	駕	420
屈意奉承	屈	意奉承	1
屋頂	屋	頂	103295
屋子	屋	子	86165
屋脊	屋	脊	11120
屋主	屋	主	10595
屋門	屋	門	7185
屋宇	屋	宇	6445
屋舍	屋	舍	3365
屋瓦	屋	瓦	2385
屋漏偏逢連夜雨	屋	漏偏逢連夜雨	1250
屋面	屋	面	424
屋基	屋	基	1
屋簷	屋	簷	1
崇拜	崇	拜	138745
崇高	崇	高	51230
崇敬	崇	敬	31805
崇山峻嶺	崇	山峻嶺	11370
崇尚	崇	尚	9761
崇拜者	崇	拜者	8730
崇洋	崇	洋	3200
崇光	崇	光	1
崇山	崇	山	1
崇德	崇	德	1
崇信	崇	信	1
崇佑企專	崇	佑企專	1
帳號	帳	號	1
帳單	帳	單	1
帳篷	帳	篷	128725
帳簿	帳	簿	1
帳冊	帳	冊	1
帳房	帳	房	1
帳戶	帳	戶	1
帳款	帳	款	1
帳目	帳	目	1
帳棚	帳	棚	1
帳蓬	帳	蓬	1
帳務	帳	務	1
干擾	干	擾	316905
干預	干	預	162115
干涉	干	涉	99355
干擾素	干	擾素	27100
干支	干	支	19970
干係	干	係	14150
干戈	干	戈	6560
干貝	干	貝	6185
干政	干	政	1660
干卿何事	干	卿何事	235
干犯	干	犯	11
干休	干	休	1
幾乎	幾	乎	500451
幾點	幾	點	888
幾何	幾	何	104750
幾近	幾	近	29755
幾多	幾	多	24210
幾許	幾	許	22600
幾何圖形	幾	何圖形	11685
幾何學	幾	何學	7400
幾內亞	幾	內亞	6550
幾近於	幾	近於	1220
幾文錢	幾	文錢	815
幾希	幾	希	1
彎曲	彎	曲	134560
彎腰	彎	腰	38230
彎道	彎	道	30145
彎路	彎	路	26845
彎下	彎	下	18175
彎頭	彎	頭	17070
彎刀	彎	刀	11640
彎彎曲曲	彎	彎曲曲	9940
彎成	彎	成	4195
彎度	彎	度	2195
彎腰駝背	彎	腰駝背	1525
彎腳	彎	腳	1
循序	循	序	6155
循環	循	環	396535
循序漸進	循	序漸進	66920
循規蹈矩	循	規蹈矩	12745
循循善誘	循	循善誘	9783
循例	循	例	1365
循環性	循	環性	915
循環小數	循	環小數	640
循法	循	法	1
循理	循	理	1
循吏	循	吏	1
循線	循	線	1
忘記	忘	記	372275
忘年會	忘	年會	888
忘掉	忘	掉	52895
忘不了	忘	不了	47780
忘卻	忘	卻	47565
忘我	忘	我	25650
忘情	忘	情	21615
忘懷	忘	懷	13805
忘憂	忘	憂	11305
忘恩負義	忘	恩負義	7595
忘本	忘	本	4030
忘年	忘	年	2000
忙碌	忙	碌	133580
忙忙碌碌	忙	忙碌碌	15670
忙亂	忙	亂	11550
忙不迭	忙	不迭	9950
忙裡偷閑	忙	裡偷閑	7655
忙裡偷閒	忙	裡偷閒	7655
忙不過來	忙	不過來	7275
忙得不可開交	忙	得不可開交	5975
忙中有錯	忙	中有錯	215
忙迫	忙	迫	1
忙著	忙	著	1
忙不迭地	忙	不迭地	1
念頭	念	頭	173650
念佛	念	佛	95235
念書	念	書	33620
念念不忘	念	念不忘	23880
念經	念	經	17440
念珠	念	珠	8490
念起	念	起	6355
念舊	念	舊	4695
念白	念	白	2350
念力	念	力	2222
念茲在茲	念	茲在茲	1000
念著	念	著	1
愁眉苦臉	愁	眉苦臉	11895
愁苦	愁	苦	9235
愁緒	愁	緒	7570
愁容	愁	容	6335
愁眉不展	愁	眉不展	6040
愁雲	愁	雲	3400
愁思	愁	思	3395
愁滋味	愁	滋味	3110
愁腸	愁	腸	3035
愁悶	愁	悶	2705
愁雲慘霧	愁	雲慘霧	1335
愁城	愁	城	1
慶祿	慶	祿	2
慶祝	慶	祝	146615
慶幸	慶	幸	78400
慶賀	慶	賀	12660
慶生	慶	生	8540
慶典	慶	典	8209
慶祝大會	慶	祝大會	6195
慶功宴	慶	功宴	5545
慶祝會	慶	祝會	2870
慶功	慶	功	2159
慶城	慶	城	2055
慶生會	慶	生會	1
拳頭	拳	頭	76895
拳擊	拳	擊	34525
拳法	拳	法	16135
拳手	拳	手	13715
拳王	拳	王	11150
拳術	拳	術	10700
拳壇	拳	壇	4465
拳擊手	拳	擊手	4085
拳賽	拳	賽	3333
拳師	拳	師	2439
拳拳服膺	拳	拳服膺	265
拳腳交加	拳	腳交加	1
挺拔	挺	拔	45125
挺好	挺	好	37730
挺進	挺	進	32950
挺直	挺	直	28340
挺身而出	挺	身而出	24895
挺起	挺	起	16360
挺立	挺	立	13980
挺胸	挺	胸	11050
挺身	挺	身	10740
挺住	挺	住	7055
挺舉	挺	舉	3405
挺升	挺	升	1
攝影	攝	影	500258
攝影師	攝	影師	94710
攝取	攝	取	72945
攝影家	攝	影家	45650
攝影機	攝	影機	23450
攝取量	攝	取量	8575
攝影棚	攝	影棚	8120
攝政	攝	政	4845
攝護腺	攝	護腺	1710
攝去	攝	去	820
攝製	攝	製	306
攝氏	攝	氏	213
斑點	斑	點	49755
斑馬	斑	馬	26790
斑斑	斑	斑	25430
斑駁	斑	駁	20840
斑斕	斑	斕	18150
斑紋	斑	紋	12125
斑鳩	斑	鳩	5445
斑馬線	斑	馬線	5425
斑白	斑	白	3610
斑痕	斑	痕	3500
斑斑點點	斑	斑點點	2860
斑剝	斑	剝	1
是呀。	是	呀。	888
是的。	是	的。	888
是什麼	是	什麼	888
是問	是	問	888
是否	是	否	501736
是以	是	以	500332
是非	是	非	192420
是故	是	故	49785
是非曲直	是	非曲直	4300
是非分明	是	非分明	1995
是非不分	是	非不分	1625
是福不是禍，是禍躲不過	是	福不是禍，是禍躲不過	1
晉江	晉	江	74950
晉級	晉	級	61855
晉升	晉	升	32184
晉陞	晉	陞	32184
晉封	晉	封	8355
晉國	晉	國	7245
晉朝	晉	朝	5440
晉爵	晉	爵	1665
晉見	晉	見	1
晉階	晉	階	1
晉身	晉	身	1
晉用	晉	用	1
朱元璋	朱	元璋	49900
朱熹	朱	熹	31770
朱砂	朱	砂	13475
朱紅	朱	紅	11040
朱顏	朱	顏	5470
朱門	朱	門	3805
朱子	朱	子	73
朱學	朱	學	2
朱槿	朱	槿	1
朱提	朱	提	1
朱書麟	朱	書麟	1
朱脣皓齒	朱	脣皓齒	1
汙染	汙	染	500279
汙水	汙	水	186860
汙垢	汙	垢	52235
汙泥	汙	泥	40480
汙穢	汙	穢	18995
汙濁	汙	濁	15255
汙點	汙	點	13865
汙衊	汙	衊	10690
汙損	汙	損	9530
汙名	汙	名	1470
汙辱	汙	辱	1001
汙吏	汙	吏	475
沾上	沾	上	24160
沾染	沾	染	21855
沾沾自喜	沾	沾自喜	16540
沾手	沾	手	11670
沾溼	沾	溼	6745
沾濕	沾	濕	6745
沾水	沾	水	5270
沾光	沾	光	3780
沾親帶故	沾	親帶故	1350
沾污	沾	污	1
沾汙	沾	汙	1
沾粘	沾	粘	1
泛濫	泛	濫	83485
泛起	泛	起	39460
泛指	泛	指	21795
泛舟	泛	舟	17725
泛泛	泛	泛	10510
泛紅	泛	紅	9515
泛美	泛	美	5635
泛稱	泛	稱	2330
泛泛之輩	泛	泛之輩	2095
泛論	泛	論	720
泛泛之交	泛	泛之交	615
泛泛的	泛	泛的	1
淨化	淨	化	193175
淨值	淨	值	93370
淨土	淨	土	73780
淨水	淨	水	36635
淨重	淨	重	23885
淨利	淨	利	8932
淨賺	淨	賺	8615
淨土宗	淨	土宗	6455
淨身	淨	身	5870
淨手	淨	手	2515
淨盡	淨	盡	2110
淨室	淨	室	1185
渡過	渡	過	54285
渡口	渡	口	38840
渡河	渡	河	21240
渡江	渡	江	17935
渡船	渡	船	17790
渡海	渡	海	8640
渡輪	渡	輪	7300
渡頭	渡	頭	5555
渡蜜月	渡	蜜月	1
渡假	渡	假	1
渡假村	渡	假村	1
渡假勝地	渡	假勝地	1
炮彈	炮	彈	45905
炮台	炮	台	31860
炮臺	炮	臺	31860
炮兵	炮	兵	29520
炮製	炮	製	29450
炮火	炮	火	28260
炮轟	炮	轟	14565
炮塔	炮	塔	13480
炮擊	炮	擊	11875
炮灰	炮	灰	6245
炮口	炮	口	4030
炮隊	炮	隊	1360
烈士	烈	士	66445
烈火	烈	火	45790
烈日	烈	日	27715
烈焰	烈	焰	23570
烈酒	烈	酒	12630
烈性	烈	性	9445
烈風	烈	風	5310
烈女	烈	女	4575
烈日當空	烈	日當空	2150
烈燄	烈	燄	1
烈陽	烈	陽	1
烈焰騰空	烈	焰騰空	1
煤礦	煤	礦	303675
煤炭	煤	炭	257210
煤氣	煤	氣	109265
煤油	煤	油	18175
煤田	煤	田	10295
煤爐	煤	爐	8600
煤渣	煤	渣	4495
煤油燈	煤	油燈	3980
煤倉	煤	倉	1135
煤油爐	煤	油爐	860
煤焦	煤	焦	570
煤屑	煤	屑	470
狼狽	狼	狽	42075
狼狗	狼	狗	40979
狼吞虎嚥	狼	吞虎嚥	12180
狼犬	狼	犬	11704
狼狽不堪	狼	狽不堪	8155
狼藉	狼	藉	5420
狼煙	狼	煙	5320
狼牙棒	狼	牙棒	5035
狼瘡	狼	瘡	3830
狼狽為奸	狼	狽為奸	3350
狼心狗肺	狼	心狗肺	2525
狼子野心	狼	子野心	2325
率先	率	先	285050
率領	率	領	123325
率真	率	真	13915
率性	率	性	13505
率兵	率	兵	13415
率直	率	直	12495
率隊	率	隊	8950
率然	率	然	1111
率爾	率	爾	860
率皆	率	皆	1
率同	率	同	1
率由	率	由	1
畢竟	畢	竟	500286
畢業	畢	業	500344
畢業生	畢	業生	500362
畢業證書	畢	業證書	65580
畢生	畢	生	32220
畢加索	畢	加索	27085
畢業班	畢	業班	17420
畢業典禮	畢	業典禮	11645
畢恭畢敬	畢	恭畢敬	7590
畢業考	畢	業考	1165
畢挺	畢	挺	1
畢卡索	畢	卡索	1
砲兵	砲	兵	1
砲車	砲	車	1
砲彈	砲	彈	1
砲轟	砲	轟	1
砲灰	砲	灰	1
砲火	砲	火	1
砲擊	砲	擊	1
砲聲	砲	聲	1
砲手	砲	手	1
砲塔	砲	塔	1
砲台	砲	台	1
砲位	砲	位	1
索引	索	引	188885
索取	索	取	146870
索賠	索	賠	106775
索性	索	性	62120
索道	索	道	57640
索賄	索	賄	8560
索然無味	索	然無味	8010
索然	索	然	4420
索命	索	命	4155
索價	索	價	1340
索討	索	討	755
索閱	索	閱	1
組合	組	合	500417
組織	組	織	502372
組成	組	成	500712
組件	組	件	331720
組長	組	長	237655
組別	組	別	63450
組員	組	員	24115
組合成	組	合成	19820
組曲	組	曲	7785
組閣	組	閣	3810
組訓	組	訓	1745
組頭	組	頭	1165
罷了	罷	了	195035
罷免	罷	免	42285
罷工	罷	工	40930
罷休	罷	休	19815
罷課	罷	課	13735
罷手	罷	手	7130
罷市	罷	市	2300
罷黜	罷	黜	1550
罷免權	罷	免權	745
罷駛	罷	駛	1
罷退	罷	退	1
罷免法	罷	免法	1
腹肌	腹	肌	888
腹部	腹	部	135095
腹瀉	腹	瀉	112110
腹痛	腹	痛	62800
腹地	腹	地	47055
腹脹	腹	脹	30695
腹膜炎	腹	膜炎	8190
腹背受敵	腹	背受敵	3240
腹腔	腹	腔	2921
腹稿	腹	稿	195
腹案	腹	案	2
腹語	腹	語	1
苗木	苗	木	86120
苗族	苗	族	71730
苗條	苗	條	35850
苗圃	苗	圃	35405
苗頭	苗	頭	22460
苗人	苗	人	6250
苗疆	苗	疆	4560
苗栗	苗	栗	3785
苗嶺	苗	嶺	1
苗栗市	苗	栗市	1
苗栗縣	苗	栗縣	1
苗而不秀	苗	而不秀	1
荷蘭	荷	蘭	218305
荷花	荷	花	71480
荷爾蒙	荷	爾蒙	44235
荷葉	荷	葉	40000
荷包	荷	包	19740
荷塘	荷	塘	12445
荷蘭人	荷	蘭人	11565
荷包蛋	荷	包蛋	5330
荷槍實彈	荷	槍實彈	3530
荷鋤	荷	鋤	17
荷馬	荷	馬	1
荷人	荷	人	1
薪酬	薪	酬	241320
薪水	薪	水	154230
薪資	薪	資	105295
薪金	薪	金	7874
薪火相傳	薪	火相傳	3140
薪火	薪	火	2600
薪俸	薪	俸	2070
薪柴	薪	柴	1735
薪餉	薪	餉	45
薪給	薪	給	2
薪傳	薪	傳	1
薪津	薪	津	1
諸多	諸	多	275670
諸葛亮	諸	葛亮	91515
諸侯	諸	侯	78305
諸位	諸	位	67805
諸葛	諸	葛	58970
諸如此類	諸	如此類	26230
諸如	諸	如	23463
諸君	諸	君	13855
諸般	諸	般	7640
諸子百家	諸	子百家	6550
諸公	諸	公	999
諸子	諸	子	169
賓館	賓	館	500301
賓客	賓	客	88255
賓語	賓	語	19835
賓主	賓	主	9245
賓至如歸	賓	至如歸	8310
賓主盡歡	賓	主盡歡	800
賓州	賓	州	452
賓白	賓	白	11
賓從	賓	從	1
賓果	賓	果	1
賓士	賓	士	1
賓果遊戲	賓	果遊戲	1
跟她	跟	她	888
跟蹤	跟	蹤	367360
跟隨	跟	隨	142850
跟進	跟	進	80860
跟上	跟	上	76700
跟前	跟	前	67410
跟不上	跟	不上	47675
跟班	跟	班	18305
跟頭	跟	頭	12235
跟從	跟	從	9645
跟來	跟	來	6335
跟得上	跟	得上	4980
跨越	跨	越	497857
跨國	跨	國	106360
跨國企業	跨	國企業	32575
跨出	跨	出	21825
跨行	跨	行	17560
跨年	跨	年	10055
跨步	跨	步	7275
跨海	跨	海	7020
跨欄	跨	欄	6510
跨馬	跨	馬	1215
跨黨	跨	黨	1
跨刀	跨	刀	1
都會	都	會	500593
都市	都	市	294466
都城	都	城	34260
都督	都	督	25735
都市化	都	市化	3900
都柏林	都	柏林	1407
都市計畫	都	市計畫	655
都卜勒	都	卜勒	150
都會區	都	會區	1
都馬調	都	馬調	1
都市病	都	市病	1
都市人口	都	市人口	1
醜陋	醜	陋	55695
醜聞	醜	聞	37300
醜惡	醜	惡	23640
醜化	醜	化	9210
醜事	醜	事	6315
醜八怪	醜	八怪	4420
醜態	醜	態	4345
醜行	醜	行	2995
醜態百出	醜	態百出	1475
醜劇	醜	劇	1420
醜名	醜	名	385
醜詆	醜	詆	2
鹽酸	鹽	酸	70160
鹽水	鹽	水	41765
鹽分	鹽	分	14490
鹽田	鹽	田	14070
鹽類	鹽	類	14005
鹽湖	鹽	湖	10590
鹽場	鹽	場	6655
鹽巴	鹽	巴	5295
鹽井	鹽	井	4695
鹽埔	鹽	埔	45
鹽寮	鹽	寮	1
鹽水蜂炮	鹽	水蜂炮	1
麥當勞	麥	當勞	888
麥克風	麥	克風	61430
麥田	麥	田	41385
麥子	麥	子	35030
麥芽	麥	芽	19045
麥片	麥	片	12120
麥克阿瑟	麥	克阿瑟	9500
麥芽糖	麥	芽糖	8435
麥加	麥	加	7590
麥克	麥	克	5555
麥粉	麥	粉	219
麥管	麥	管	1
亡國	亡	國	16695
亡者	亡	者	11485
亡魂喪膽	亡	魂喪膽	9999
亡命	亡	命	9520
亡羊補牢	亡	羊補牢	9180
亡魂	亡	魂	7825
亡故	亡	故	4760
亡國奴	亡	國奴	3390
亡命之徒	亡	命之徒	2945
亡命徒	亡	命徒	1085
亡夫	亡	夫	641
京城	京	城	130595
京劇	京	劇	81420
京都	京	都	40370
京滬	京	滬	15745
京師	京	師	9300
京畿	京	畿	6870
京戲	京	戲	4035
京片子	京	片子	1280
京腔	京	腔	294
京華	京	華	2
京話	京	話	1
側面	側	面	141010
側重	側	重	74785
側身	側	身	26855
側邊	側	邊	15050
側目	側	目	12745
側臥	側	臥	11285
側門	側	門	8095
側耳	側	耳	6175
側影	側	影	4990
側室	側	室	1850
側睡	側	睡	1755
兔子	兔	子	120775
兔唇	兔	唇	4955
兔脣	兔	脣	4955
兔崽子	兔	崽子	3130
兔寶寶	兔	寶寶	2680
兔毫	兔	毫	1590
兔女郎	兔	女郎	1555
兔死狗烹	兔	死狗烹	1215
兔死狐悲	兔	死狐悲	1020
兔脫	兔	脫	200
兔跳	兔	跳	1
具有	具	有	502699
具體	具	體	501152
具備	具	備	500495
具體化	具	體化	28115
具象	具	象	10375
具名	具	名	5225
具體性	具	體性	3575
具體而微	具	體而微	1465
具結	具	結	1350
具領	具	領	195
具文	具	文	99
刊登	刊	登	248780
刊物	刊	物	134595
刊出	刊	出	20175
刊載	刊	載	9028
刊印	刊	印	5580
刊本	刊	本	5085
刊行	刊	行	4985
刊頭	刊	頭	1490
刊在	刊	在	1245
刊布	刊	布	1045
刊誤	刊	誤	1
削弱	削	弱	91360
削減	削	減	68095
削除	削	除	9999
削成	削	成	4160
削平	削	平	3175
削尖	削	尖	3110
削球	削	球	2720
削足適履	削	足適履	2150
削髮	削	髮	1880
削價	削	價	458
削奪	削	奪	1
勇氣	勇	氣	255745
勇敢	勇	敢	120990
勇於	勇	於	104765
勇士	勇	士	74185
勇猛	勇	猛	29095
勇往直前	勇	往直前	25735
勇將	勇	將	2900
勇者不懼	勇	者不懼	835
勇冠三軍	勇	冠三軍	645
勇往	勇	往	1
勇氣百倍	勇	氣百倍	1
卑鄙	卑	鄙	33075
卑賤	卑	賤	8325
卑劣	卑	劣	8045
卑微	卑	微	5970
卑躬屈膝	卑	躬屈膝	3055
卑職	卑	職	564
卑下	卑	下	371
卑南	卑	南	1
卑南族	卑	南族	1
卑躬屈節	卑	躬屈節	1
卑南文化	卑	南文化	1
呆板	呆	板	22855
呆滯	呆	滯	21145
呆住	呆	住	19225
呆子	呆	子	13905
呆若木雞	呆	若木雞	5810
呆頭呆腦	呆	頭呆腦	3245
呆瓜	呆	瓜	3105
呆料	呆	料	1355
呆頭鵝	呆	頭鵝	1270
呆水位	呆	水位	1
呆帳	呆	帳	1
咖啡	咖	啡	409805
咖哩	咖	哩	1
咖啡廳	咖	啡廳	52475
咖啡因	咖	啡因	49733
咖啡館	咖	啡館	37910
咖啡豆	咖	啡豆	29973
咖啡色	咖	啡色	21090
咖啡店	咖	啡店	19755
咖啡屋	咖	啡屋	15215
咖啡杯	咖	啡杯	8315
咖啡室	咖	啡室	1
咬牙	咬	牙	33785
咬牙切齒	咬	牙切齒	27275
咬住	咬	住	23595
咬緊牙關	咬	緊牙關	8810
咬下	咬	下	6245
咬文嚼字	咬	文嚼字	6040
咬定	咬	定	5970
咬緊	咬	緊	4330
咬字	咬	字	3865
咬碎	咬	碎	3235
咬耳朵	咬	耳朵	1390
啞巴	啞	巴	27485
啞鈴	啞	鈴	18835
啞口無言	啞	口無言	11085
啞然失笑	啞	然失笑	7965
啞然	啞	然	5325
啞啞	啞	啞	3610
啞劇	啞	劇	2420
啞謎	啞	謎	1325
啞子	啞	子	730
啞吧	啞	吧	1
啞巴吃黃蓮	啞	巴吃黃蓮	1
園林	園	林	217695
園外	園	外	51090
園區	園	區	36063
園丁	園	丁	29825
園長	園	長	23415
園地	園	地	17016
園子	園	子	16345
園藝	園	藝	7890
園圃	園	圃	1670
園藝家	園	藝家	625
園遊會	園	遊會	1
均可	均	可	435340
均勻	均	勻	273115
均衡	均	衡	208765
均等	均	等	20270
均分	均	分	15105
均富	均	富	8395
均勢	均	勢	4370
均攤	均	攤	4015
均沾	均	沾	790
均霑	均	霑	790
均權	均	權	1
塞外	塞	外	18785
塞入	塞	入	12905
塞車	塞	車	10560
塞滿	塞	滿	8520
塞納河	塞	納河	6985
塞住	塞	住	5600
塞子	塞	子	5515
塞翁失馬	塞	翁失馬	4025
塞責	塞	責	112
塞內	塞	內	1
塞尚	塞	尚	1
始終	始	終	500328
始於	始	於	83880
始祖	始	祖	28315
始終如一	始	終如一	26795
始末	始	末	12235
始作俑者	始	作俑者	10210
始料未及	始	料未及	7700
始料不及	始	料不及	5200
始亂終棄	始	亂終棄	2905
始皇	始	皇	1
始業式	始	業式	1
孔子	孔	子	224680
孔雀	孔	雀	57440
孔廟	孔	廟	15060
孔孟	孔	孟	11855
孔夫子	孔	夫子	11120
孔雀開屏	孔	雀開屏	7194
孔武有力	孔	武有力	1835
孔雀舞	孔	雀舞	1570
孔隙	孔	隙	1285
孔道	孔	道	2
孔急	孔	急	1
尚未	尚	未	500327
尚書	尚	書	61900
尚在	尚	在	40865
尚可	尚	可	39570
尚且	尚	且	29445
尚好	尚	好	8760
尚武	尚	武	7295
尚佳	尚	佳	1
尚饗	尚	饗	1
尚志	尚	志	1
尚有可為	尚	有可為	1
局長	局	長	460395
局面	局	面	454590
局部	局	部	305480
局限	局	限	77705
局限於	局	限於	64305
局促	局	促	13275
局勢	局	勢	9888
局外人	局	外人	9465
局外	局	外	5130
局部性	局	部性	4395
局數	局	數	2770
屠城	屠	城	96150
屠殺	屠	殺	48785
屠龍	屠	龍	19095
屠夫	屠	夫	18900
屠宰場	屠	宰場	11825
屠刀	屠	刀	5915
屠宰	屠	宰	5827
屠戶	屠	戶	3290
屠宰稅	屠	宰稅	2175
屠蘇酒	屠	蘇酒	805
屠場	屠	場	1
屬於	屬	於	500845
屬性	屬	性	500500
屬下	屬	下	56945
屬實	屬	實	43440
屬地	屬	地	23690
屬國	屬	國	18685
屬相	屬	相	10318
屬名	屬	名	2475
屬對	屬	對	2345
屬員	屬	員	1740
屬意	屬	意	1
希望	希	望	501412
希臘	希	臘	129710
希特勒	希	特勒	93430
希冀	希	冀	17395
希臘人	希	臘人	11000
希臘文	希	臘文	5540
希求	希	求	4790
希伯來	希	伯來	4700
希罕	希	罕	1
希奇	希	奇	1
希臘正教	希	臘正教	1
度過	度	過	150445
度假	度	假	137585
度量	度	量	37005
度數	度	數	24305
度日	度	日	18985
度蜜月	度	蜜月	6645
度外	度	外	6110
度日如年	度	日如年	5665
度量衡	度	量衡	4960
度小月	度	小月	1
度晬	度	晬	1
忽然	忽	然	499565
忽視	忽	視	172625
忽略	忽	略	138550
忽然間	忽	然間	25535
忽必烈	忽	必烈	17030
忽而	忽	而	16440
忽冷忽熱	忽	冷忽熱	5690
忽地	忽	地	3111
忽左忽右	忽	左忽右	1815
忽起忽落	忽	起忽落	285
忽明	忽	明	245
恐怕	恐	怕	344740
恐懼	恐	懼	269215
恐怖	恐	怖	242810
恐龍	恐	龍	92875
恐慌	恐	慌	70895
恐怖分子	恐	怖分子	43545
恐嚇	恐	嚇	39865
恐怖主義	恐	怖主義	35200
恐懼感	恐	懼感	15705
恐嚇罪	恐	嚇罪	9999
恐怖份子	恐	怖份子	1
悶熱	悶	熱	16690
悶悶不樂	悶	悶不樂	13210
悶頭	悶	頭	5745
悶氣	悶	氣	5465
悶死	悶	死	4010
悶雷	悶	雷	3060
悶棍	悶	棍	2960
悶酒	悶	酒	1515
悶葫蘆	悶	葫蘆	1390
悶虧	悶	虧	1
悶著	悶	著	1
慎重	慎	重	118590
慎行	慎	行	28425
慎言	慎	言	7375
慎思	慎	思	3745
慎防	慎	防	3620
慎終追遠	慎	終追遠	985
慎密	慎	密	1
慎微	慎	微	1
慎終	慎	終	1
慎謀能斷	慎	謀能斷	1
慎思明辨	慎	思明辨	1
挨打	挨	打	27340
挨餓	挨	餓	11970
挨家挨戶	挨	家挨戶	11057
挨罵	挨	罵	9695
挨過	挨	過	6320
挨揍	挨	揍	3715
挨近	挨	近	3055
挨戶	挨	戶	1415
挨餓受凍	挨	餓受凍	845
挨門	挨	門	480
挨著	挨	著	1
捉住	捉	住	24365
捉弄	捉	弄	22630
捉到	捉	到	14060
捉迷藏	捉	迷藏	11760
捉拿	捉	拿	11535
捉摸	捉	摸	8810
捉襟見肘	捉	襟見肘	7337
捉摸不定	捉	摸不定	5585
捉姦	捉	姦	3800
捉刀	捉	刀	1145
捉起來	捉	起來	1
捨不得	捨	不得	82990
捨得	捨	得	53730
捨棄	捨	棄	44380
捨身	捨	身	11375
捨命	捨	命	7595
捨去	捨	去	7185
捨本逐末	捨	本逐末	4245
捨近求遠	捨	近求遠	4085
捨生取義	捨	生取義	2830
捨己救人	捨	己救人	2805
捨我其誰	捨	我其誰	1
攔截	攔	截	97680
攔住	攔	住	51150
攔下	攔	下	10105
攔阻	攔	阻	9380
攔腰	攔	腰	8910
攔車	攔	車	7615
攔路	攔	路	6570
攔不住	攔	不住	3100
攔劫	攔	劫	999
攔沙壩	攔	沙壩	310
攔水閘	攔	水閘	1
敢於	敢	於	148040
敢問	敢	問	16220
敢死隊	敢	死隊	10100
敢情	敢	情	9845
敢為	敢	為	7350
敢當	敢	當	5450
敢言	敢	言	4755
敢怒不敢言	敢	怒不敢言	3855
敢作	敢	作	2090
敢死	敢	死	1560
敢做敢當	敢	做敢當	1
於是	於	是	500937
於此	於	此	178750
於今	於	今	52680
於是乎	於	是乎	23100
於事無補	於	事無補	7705
於心不忍	於	心不忍	4870
於法無據	於	法無據	1785
於斯	於	斯	1150
於心何忍	於	心何忍	1100
於菟	於	菟	2
於戲	於	戲	1
旋轉	旋	轉	268995
旋律	旋	律	152180
旋風	旋	風	60460
旋即	旋	即	18245
旋渦	旋	渦	8622
旋迴	旋	迴	1810
旋繞	旋	繞	1805
旋風式	旋	風式	1025
旋轉球	旋	轉球	750
旋踵	旋	踵	430
旋乾轉坤	旋	乾轉坤	1
既然	既	然	487655
既是	既	是	331410
既有	既	有	270070
既定	既	定	23360
既已	既	已	14630
既而	既	而	10885
既得利益	既	得利益	9130
既成事實	既	成事實	3930
既往不咎	既	往不咎	1925
既定政策	既	定政策	865
既往不究	既	往不究	1
梅田	梅	田	888
梅花	梅	花	100045
梅毒	梅	毒	47910
梅花鹿	梅	花鹿	37159
梅林	梅	林	26695
梅子	梅	子	26465
梅雨	梅	雨	6925
梅開二度	梅	開二度	6135
梅爾	梅	爾	2850
梅紅	梅	紅	1535
梅山	梅	山	2
橡皮擦	橡	皮擦	8830
橡皮	橡	皮	42720
橡膠	橡	膠	22808
橡樹	橡	樹	20365
橡木	橡	木	13770
橡皮圈	橡	皮圈	9999
橡皮筋	橡	皮筋	7970
橡皮艇	橡	皮艇	3835
橡皮圖章	橡	皮圖章	1695
橡膠園	橡	膠園	1360
橡皮管	橡	皮管	1345
欣賞	欣	賞	500392
欣喜	欣	喜	85130
欣慰	欣	慰	78395
欣然	欣	然	38875
欣欣向榮	欣	欣向榮	18920
欣喜若狂	欣	喜若狂	17810
欣榮	欣	榮	3220
欣羨	欣	羨	1560
欣悅	欣	悅	525
欣逢	欣	逢	11
欣欣	欣	欣	1
此外	此	外	500594
此時	此	時	500468
此後	此	後	249220
此刻	此	刻	223775
此舉	此	舉	110355
此地	此	地	83960
此時此刻	此	時此刻	36355
此生	此	生	34410
此起彼伏	此	起彼伏	31070
此起彼落	此	起彼落	3545
此一時彼一時	此	一時彼一時	204
步行	步	行	125030
步驟	步	驟	500284
步伐	步	伐	129265
步兵	步	兵	70540
步槍	步	槍	32210
步子	步	子	27555
步履	步	履	19170
步調	步	調	14620
步步為營	步	步為營	8950
步道	步	道	1
步罡踏斗	步	罡踏斗	1
歲月	歲	月	248370
歲末	歲	末	35500
歲數	歲	數	23185
歲出	歲	出	7000
歲入	歲	入	4680
歲首	歲	首	3240
歲次	歲	次	3090
歲寒三友	歲	寒三友	2465
歲暮	歲	暮	2405
歲月如梭	歲	月如梭	2400
歲計	歲	計	1
沿海	沿	海	158590
沿途	沿	途	117025
沿線	沿	線	79430
沿用	沿	用	57105
沿岸	沿	岸	48835
沿襲	沿	襲	32845
沿河	沿	河	25195
沿街	沿	街	24915
沿路	沿	路	21130
沿革	沿	革	13040
沿習	沿	習	1
洩密	洩	密	67543
洩氣	洩	氣	16565
洩露	洩	露	14883
洩漏	洩	漏	10322
洩洪	洩	洪	9630
洩憤	洩	憤	5520
洩恨	洩	恨	890
洩底	洩	底	235
洩洪區	洩	洪區	189
洩忿	洩	忿	1
洩洩	洩	洩	1
淒涼	淒	涼	55940
淒慘	淒	慘	24755
淒美	淒	美	24445
淒然	淒	然	11485
淒楚	淒	楚	6955
淒厲	淒	厲	6410
淒淒	淒	淒	6315
淒婉	淒	婉	5125
淒冷	淒	冷	3190
淒風苦雨	淒	風苦雨	1860
淒迷	淒	迷	1
溪水	溪	水	44240
溪流	溪	流	39935
溪河	溪	河	13655
溪口	溪	口	10295
溪澗	溪	澗	4980
溪谷	溪	谷	1027
溪頭	溪	頭	421
溪湖	溪	湖	2
溪北	溪	北	1
溪尾	溪	尾	1
溪州	溪	州	1
漲價	漲	價	119155
漲幅	漲	幅	204825
漲停	漲	停	58440
漲跌	漲	跌	56490
漲勢	漲	勢	20690
漲停板	漲	停板	9920
漲潮	漲	潮	7240
漲落	漲	落	6990
漲紅	漲	紅	557
漲風	漲	風	1
漲價歸公	漲	價歸公	1
災難	災	難	160655
災害	災	害	118960
災區	災	區	52065
災情	災	情	34670
災民	災	民	34285
災禍	災	禍	17110
災荒	災	荒	5540
災變	災	變	3695
災厄	災	厄	1950
災殃	災	殃	1835
災胞	災	胞	1
炒麵	炒	麵	888
炒飯	炒	飯	12690
炒米粉	炒	米粉	1
炒烏龍麵	炒	烏龍麵	2
炒蛋	炒	蛋	4775
炒菜	炒	菜	30820
炒作	炒	作	189910
炒魷魚	炒	魷魚	5770
炒股票	炒	股票	4860
炒冷飯	炒	冷飯	1320
炒地皮	炒	地皮	1130
燕子	燕	子	69885
燕窩	燕	窩	37160
燕京	燕	京	21095
燕麥	燕	麥	17945
燕麥片	燕	麥片	6875
燕尾服	燕	尾服	4335
燕國	燕	國	1450
燕巢	燕	巢	1245
燕好	燕	好	525
燕爾	燕	爾	1
燕居	燕	居	1
牢固	牢	固	106715
牢牢	牢	牢	106400
牢記	牢	記	102150
牢騷	牢	騷	27375
牢房	牢	房	16590
牢籠	牢	籠	11105
牢靠	牢	靠	10400
牢獄	牢	獄	8900
牢不可破	牢	不可破	5180
牢獄之災	牢	獄之災	3285
牢門	牢	門	2695
痴迷	痴	迷	43865
痴情	痴	情	40135
痴痴	痴	痴	24020
痴呆	痴	呆	22710
痴心	痴	心	20565
痴狂	痴	狂	8400
痴人說夢	痴	人說夢	6120
痴人	痴	人	5375
痴心妄想	痴	心妄想	3690
痴想	痴	想	1350
痴肥	痴	肥	735
盲目	盲	目	234415
盲人	盲	人	53595
盲點	盲	點	17390
盲從	盲	從	15700
盲腸	盲	腸	4035
盲人摸象	盲	人摸象	2335
盲生	盲	生	1945
盲者	盲	者	1180
盲腸炎	盲	腸炎	1000
盲胞	盲	胞	1
盲啞	盲	啞	1
瞎子	瞎	子	30750
瞎說	瞎	說	12005
瞎猜	瞎	猜	7356
瞎扯	瞎	扯	4575
瞎編	瞎	編	4015
瞎忙	瞎	忙	3060
瞎搞	瞎	搞	1835
瞎鬧	瞎	鬧	1120
瞎子摸象	瞎	子摸象	975
瞎抓	瞎	抓	105
瞎攪	瞎	攪	1
窗戶	窗	戶	149215
窗帘	窗	帘	124385
窗簾	窗	簾	124385
窗子	窗	子	33995
窗台	窗	台	25400
窗檯	窗	檯	25400
窗框	窗	框	11990
窗明几淨	窗	明几淨	3915
窗縫	窗	縫	1545
窗帷	窗	帷	111
窗櫺	窗	櫺	1
紡織品	紡	織品	193840
紡織業	紡	織業	29840
紡織廠	紡	織廠	11005
紡絲	紡	絲	7180
紡車	紡	車	3715
紡織公司	紡	織公司	3705
紡織	紡	織	2804
紡錘	紡	錘	2565
紡織機	紡	織機	1455
紡織娘	紡	織娘	595
紡紗	紡	紗	224
綁架	綁	架	52285
綁匪	綁	匪	11430
綁住	綁	住	7550
綁紮	綁	紮	6205
綁上	綁	上	4780
綁腿	綁	腿	3785
綁起來	綁	起來	3480
綁票	綁	票	2710
綁縛	綁	縛	2295
綁帶	綁	帶	999
綁腳	綁	腳	460
織物	織	物	101545
織布	織	布	17225
織機	織	機	16860
織成	織	成	13330
織女	織	女	11430
織出	織	出	4300
織布機	織	布機	3315
織女星	織	女星	2615
織布廠	織	布廠	1990
織襪	織	襪	1590
織花	織	花	100
纏綿	纏	綿	64025
纏繞	纏	繞	51585
纏身	纏	身	20925
纏住	纏	住	16985
纏綿悱惻	纏	綿悱惻	4585
纏足	纏	足	3850
纏鬥	纏	鬥	3005
纏結	纏	結	2410
纏腳	纏	腳	550
纏擾	纏	擾	99
纏訟	纏	訟	1
纖維	纖	維	292295
纖細	纖	細	48690
纖維素	纖	維素	48620
纖纖	纖	纖	20710
纖巧	纖	巧	7870
纖腰	纖	腰	7735
纖弱	纖	弱	6075
纖毛	纖	毛	4965
纖毫	纖	毫	3355
纖毛蟲	纖	毛蟲	695
纖手	纖	手	666
羞恥	羞	恥	18575
羞澀	羞	澀	50780
羞辱	羞	辱	30130
羞愧	羞	愧	24960
羞怯	羞	怯	16465
羞紅	羞	紅	8420
羞答答	羞	答答	5305
羞赧	羞	赧	3330
羞慚	羞	慚	3290
羞憤	羞	憤	3250
羞死	羞	死	2110
耍賴	耍	賴	10565
耍弄	耍	弄	3000
耍花招	耍	花招	1885
耍花樣	耍	花樣	865
耍嘴皮	耍	嘴皮	385
耍把戲	耍	把戲	310
耍猴兒	耍	猴兒	155
耍寶	耍	寶	111
耍老千	耍	老千	1
耍噱頭	耍	噱頭	1
耍狠	耍	狠	1
艱難	艱	難	136480
艱苦	艱	苦	106780
艱辛	艱	辛	96425
艱苦的	艱	苦的	55440
艱巨	艱	巨	36770
艱鉅	艱	鉅	36770
艱險	艱	險	13610
艱深	艱	深	9999
艱難困苦	艱	難困苦	7680
艱澀	艱	澀	4725
艱困	艱	困	111
藍色	藍	色	420930
藍天	藍	天	129805
藍圖	藍	圖	56460
藍寶石	藍	寶石	30515
藍本	藍	本	19980
藍領	藍	領	15410
藍皮書	藍	皮書	11780
藍綠	藍	綠	7180
藍調	藍	調	2077
藍波	藍	波	1
藍田種玉	藍	田種玉	1
訴訟	訴	訟	242800
訴求	訴	求	93525
訴說	訴	說	67200
訴苦	訴	苦	18315
訴諸	訴	諸	13805
訴狀	訴	狀	12775
訴訟狀	訴	訟狀	9999
訴訟法	訴	訟法	8280
訴請	訴	請	5370
訴願	訴	願	745
訴冤	訴	冤	595
註冊	註	冊	506752
註明	註	明	500255
註冊商標	註	冊商標	214592
註銷	註	銷	190060
註釋	註	釋	184410
註定	註	定	125945
註解	註	解	37705
註冊費	註	冊費	20330
註腳	註	腳	8355
註冊組	註	冊組	480
註生娘娘	註	生娘娘	145
豈是	豈	是	113000
豈不是	豈	不是	51145
豈能	豈	能	42040
豈非	豈	非	21885
豈止	豈	止	17300
豈可	豈	可	14320
豈料	豈	料	11525
豈不	豈	不	7337
豈敢	豈	敢	7020
豈有此理	豈	有此理	6495
豈只	豈	只	1
賽車	賽	車	155895
賽場	賽	場	64035
賽馬	賽	馬	36015
賽程	賽	程	23650
賽跑	賽	跑	22710
賽鴿	賽	鴿	12270
賽會	賽	會	11725
賽車場	賽	車場	6860
賽馬場	賽	馬場	4770
賽球	賽	球	1111
賽先生	賽	先生	995
迫使	迫	使	106810
迫切	迫	切	90430
迫不及待	迫	不及待	60375
迫害	迫	害	32430
迫於	迫	於	29900
迫在眉睫	迫	在眉睫	26820
迫不得已	迫	不得已	16605
迫近	迫	近	8815
迫降	迫	降	7920
迫令	迫	令	725
迫擊砲	迫	擊砲	1
遭遇	遭	遇	279625
遭到	遭	到	222930
遭受	遭	受	215575
遭遇到	遭	遇到	12730
遭殃	遭	殃	11260
遭受到	遭	受到	10545
遭逢	遭	逢	4470
遭遇戰	遭	遇戰	3940
遭致	遭	致	3735
遭難	遭	難	3205
遭劫	遭	劫	2310
遲到	遲	到	70500
遲遲	遲	遲	66100
遲疑	遲	疑	54185
遲早	遲	早	46895
遲緩	遲	緩	33280
遲鈍	遲	鈍	32305
遲滯	遲	滯	10595
遲到早退	遲	到早退	4195
遲暮	遲	暮	3860
遲延	遲	延	2000
遲疑不決	遲	疑不決	1995
那麼	那	麼	501795
那樣	那	樣	500606
那裡	那	裡	500375
那邊	那	邊	888
那個	那	個	888
那些	那	些	501131
那兒	那	兒	148990
那般	那	般	36690
那麼樣	那	麼樣	1530
那怕	那	怕	2
那末	那	末	1
鉛筆	鉛	筆	75200
鉛球	鉛	球	6615
鉛中毒	鉛	中毒	6595
鉛華	鉛	華	5655
鉛字	鉛	字	4555
鉛印	鉛	印	3370
鉛筆盒	鉛	筆盒	2155
鉛版	鉛	版	825
鉛丹	鉛	丹	554
鉛錘	鉛	錘	290
鉛黛	鉛	黛	1
錢包	錢	包	85575
錢財	錢	財	61470
錢幣	錢	幣	49395
錢櫃	錢	櫃	13890
錢莊	錢	莊	12120
錢袋	錢	袋	10915
錢荒	錢	荒	1111
錢潮	錢	潮	1
錢復	錢	復	1
錢箱	錢	箱	1
錢幣司	錢	幣司	1
鞭炮	鞭	炮	30790
鞭策	鞭	策	24500
鞭子	鞭	子	21195
鞭笞	鞭	笞	9999
鞭打	鞭	打	9630
鞭撻	鞭	撻	7480
鞭長莫及	鞭	長莫及	3175
鞭毛	鞭	毛	2475
鞭屍	鞭	屍	1950
鞭辟入裡	鞭	辟入裡	1695
鞭砲	鞭	砲	1
頓時	頓	時	262775
頓悟	頓	悟	22685
頓挫	頓	挫	5535
頓足	頓	足	4920
頓然	頓	然	4395
頓號	頓	號	3470
頓成	頓	成	2235
頓筆	頓	筆	695
頓腳	頓	腳	615
頓首	頓	首	2
頓失所依	頓	失所依	1
頹廢	頹	廢	37655
頹然	頹	然	12435
頹勢	頹	勢	9320
頹喪	頹	喪	4810
頹敗	頹	敗	3710
頹唐	頹	唐	3270
頹靡	頹	靡	1630
頹圮	頹	圮	400
頹壞	頹	壞	135
頹敝	頹	敝	1
頹靡不振	頹	靡不振	1
丟掉	丟	掉	58460
丟臉	丟	臉	29335
丟失	丟	失	264255
丟棄	丟	棄	45780
丟下	丟	下	38555
丟人	丟	人	30710
丟開	丟	開	5555
丟人現眼	丟	人現眼	5195
丟三落四	丟	三落四	3950
丟不掉	丟	不掉	1
丹丹	丹	丹	888
丹丹漢堡	丹	丹漢堡	888
丹麥	丹	麥	95650
丹田	丹	田	35145
丹尼爾	丹	尼爾	26255
丹青	丹	青	20510
丹桂	丹	桂	9000
丹鳳	丹	鳳	7850
丹心	丹	心	6950
丹楓	丹	楓	3485
仿佛	仿	佛	476460
仿冒	仿	冒	182448
仿古	仿	古	36755
仿效	仿	效	25295
仿照	仿	照	18285
仿造	仿	造	16830
仿製	仿	製	3954
仿宋體	仿	宋體	2025
仿單	仿	單	1125
仿傚	仿	傚	1
伴侶	伴	侶	161015
伴隨	伴	隨	113365
伴奏	伴	奏	82865
伴娘	伴	娘	16245
伴郎	伴	郎	9860
伴舞	伴	舞	7965
伴唱	伴	唱	6535
伴唱機	伴	唱機	170
伴食	伴	食	8
伴唱帶	伴	唱帶	1
促銷	促	銷	393520
促進	促	進	500948
促使	促	使	305195
促成	促	成	89455
促進會	促	進會	44235
促發	促	發	31655
促狹	促	狹	2620
促膝	促	膝	1810
促膝長談	促	膝長談	1545
促請	促	請	1450
傻瓜	傻	瓜	85270
傻子	傻	子	48570
傻笑	傻	笑	25180
傻事	傻	事	10660
傻小子	傻	小子	7210
傻話	傻	話	3005
傻瓜相機	傻	瓜相機	2910
傻人有傻福	傻	人有傻福	1330
傻里傻氣	傻	里傻氣	1260
傻勁	傻	勁	1185
僵屍	僵	屍	256045
僵硬	僵	硬	44165
僵化	僵	化	27445
僵持	僵	持	16775
僵局	僵	局	15985
僵直	僵	直	8930
僵住	僵	住	6025
僵立	僵	立	1535
僵冷	僵	冷	805
僵固	僵	固	1
儀表	儀	表	434898
儀器	儀	器	369345
儀式	儀	式	239870
儀態	儀	態	13900
儀仗	儀	仗	5550
儀禮	儀	禮	4210
儀容	儀	容	3830
儀態萬千	儀	態萬千	1295
儀隊	儀	隊	1
儀節	儀	節	1
凡是	凡	是	270665
凡事	凡	事	85905
凡人	凡	人	53560
凡夫	凡	夫	28825
凡間	凡	間	16470
凡士林	凡	士林	8445
凡夫俗子	凡	夫俗子	7315
凡爾賽	凡	爾賽	6925
凡心	凡	心	4430
凡例	凡	例	2445
劍客	劍	客	52380
劍橋	劍	橋	44075
劍氣	劍	氣	24530
劍術	劍	術	23385
劍橋大學	劍	橋大學	16485
劍道	劍	道	9130
劍拔弩張	劍	拔弩張	7670
劍潭	劍	潭	535
劍及履及	劍	及履及	44
劍俠	劍	俠	16
友情	友	情	360400
友誼	友	誼	263525
友好	友	好	166390
友人	友	人	59330
友愛	友	愛	48405
友善	友	善	35470
友邦	友	邦	16865
友軍	友	軍	8365
友朋	友	朋	1
友誼商店	友	誼商店	1
吐出	吐	出	55580
吐蕃	吐	蕃	30980
吐血	吐	血	30855
吐露	吐	露	14780
吐出來	吐	出來	12735
吐氣	吐	氣	10770
吐痰	吐	痰	7075
吐納	吐	納	5995
吐谷渾	吐	谷渾	5295
吐苦水	吐	苦水	945
售價	售	價	438815
售出	售	出	73965
售票	售	票	47830
售票處	售	票處	29195
售貨員	售	貨員	25935
售賣	售	賣	24810
售票員	售	票員	19770
售貨	售	貨	12110
售罄	售	罄	5445
售票亭	售	票亭	455
喧囂	喧	囂	43915
喧鬧	喧	鬧	37940
喧嘩	喧	嘩	30530
喧譁	喧	譁	30530
喧賓奪主	喧	賓奪主	7480
喧嚷	喧	嚷	2460
喧騰	喧	騰	1705
喧天	喧	天	1685
喧闐	喧	闐	645
喧擾	喧	擾	600
嚇人	嚇	人	35690
嚇壞	嚇	壞	29295
嚇唬	嚇	唬	21580
嚇死	嚇	死	14040
嚇一跳	嚇	一跳	13440
嚇倒	嚇	倒	12150
嚇住	嚇	住	6780
嚇阻	嚇	阻	1880
嚇不了	嚇	不了	185
嚇老	嚇	老	1
培訓	培	訓	501465
培養	培	養	500840
培育	培	育	475865
培養出	培	養出	62815
培植	培	植	48065
培根	培	根	25241
培育出	培	育出	22495
培土	培	土	8275
培植出	培	植出	805
培養所	培	養所	295
婆婆	婆	婆	139370
婆娑	婆	娑	17895
婆羅門	婆	羅門	16275
婆家	婆	家	16185
婆娘	婆	娘	13665
婆子	婆	子	13595
婆媳	婆	媳	9905
婆婆媽媽	婆	婆媽媽	7025
婆羅洲	婆	羅洲	1610
婆心	婆	心	740
宜蘭	宜	蘭	1
宜蘭縣	宜	蘭縣	1480
宜人	宜	人	39380
宜於	宜	於	1071
宜寧	宜	寧	195
宜昌	宜	昌	2
宜安	宜	安	1
宜市	宜	市	1
宜縣	宜	縣	1
宜蘭市	宜	蘭市	1
帝國	帝	國	229455
帝王	帝	王	91890
帝國主義	帝	國主義	89650
帝都	帝	都	21435
帝君	帝	君	7540
帝制	帝	制	7000
帝國大廈	帝	國大廈	2855
帝位	帝	位	901
帝雉	帝	雉	1
帝王條款	帝	王條款	1
幸好	幸	好	104050
幸福	幸	福	500435
幸運	幸	運	203645
幸虧	幸	虧	48435
幸災樂禍	幸	災樂禍	16565
幸免	幸	免	15565
幸而	幸	而	15250
幸運兒	幸	運兒	13740
幸甚	幸	甚	4350
幸未	幸	未	1050
弱點	弱	點	104650
弱勢	弱	勢	74985
弱者	弱	者	45640
弱小	弱	小	35450
弱視	弱	視	18035
弱肉強食	弱	肉強食	8350
弱不禁風	弱	不禁風	7650
弱女子	弱	女子	6085
弱國	弱	國	3800
弱冠	弱	冠	3170
征收	征	收	405635
征求	征	求	205090
征服	征	服	122555
征途	征	途	56090
征戰	征	戰	39285
征服者	征	服者	13160
征討	征	討	8680
征伐	征	伐	7385
征塵	征	塵	1455
征衣	征	衣	1
律師	律	師	500415
律法	律	法	15080
律動	律	動	14695
律詩	律	詩	8905
律己	律	己	6845
律令	律	令	5750
律師公會	律	師公會	585
律動感	律	動感	1
律呂	律	呂	1
律動教學	律	動教學	1
恰恰	恰	恰	90985
恰當	恰	當	89500
恰好	恰	好	82915
恰到好處	恰	到好處	46795
恰巧	恰	巧	26415
恰似	恰	似	21965
恰如其分	恰	如其分	18515
恰如	恰	如	11920
恰值	恰	值	1350
恰恰好	恰	恰好	1
患者	患	者	500590
患病	患	病	71035
患上	患	上	55170
患處	患	處	26750
患得患失	患	得患失	12865
患難	患	難	12365
患部	患	部	7070
患難與共	患	難與共	4610
患難之交	患	難之交	1105
患苦	患	苦	245
憑藉	憑	藉	298605
憑證	憑	證	279990
憑據	憑	據	28840
憑空	憑	空	26190
憑弔	憑	弔	8895
憑單	憑	單	7470
憑依	憑	依	1490
憑券	憑	券	895
憑恃	憑	恃	470
憑著	憑	著	1
懶覺	懶	覺	888
懶得	懶	得	65590
懶惰	懶	惰	45840
懶人	懶	人	25195
懶洋洋	懶	洋洋	25160
懶散	懶	散	16890
懶腰	懶	腰	8870
懶得動	懶	得動	1865
懶骨頭	懶	骨頭	675
懶人植物	懶	人植物	1
托管	托	管	173950
托盤	托	盤	128371
托兒所	托	兒所	27725
托腮	托	腮	9999
托福	托	福	6231
托詞	托	詞	4410
托缽	托	缽	1770
托育	托	育	1
托辣斯	托	辣斯	1
托老中心	托	老中心	1
扮演	扮	演	180760
扮成	扮	成	12570
扮相	扮	相	8665
扮作	扮	作	5235
扮鬼臉	扮	鬼臉	1370
扮起	扮	起	945
扮裝	扮	裝	99
扮家家酒	扮	家家酒	1
扮像	扮	像	1
扮豬吃老虎	扮	豬吃老虎	1
捕捉	捕	捉	157010
捕獲	捕	獲	64215
捕撈	捕	撈	51050
捕食	捕	食	41254
捕殺	捕	殺	15260
捕頭	捕	頭	10535
捕風捉影	捕	風捉影	5885
捕蟲	捕	蟲	1170
捕鼠器	捕	鼠器	1145
捕手	捕	手	1111
握壽司	握	壽司	1
握手	握	手	83930
握住	握	住	81720
握緊	握	緊	22500
握有	握	有	12990
握拳	握	拳	10910
握手言歡	握	手言歡	990
握下	握	下	375
握權	握	權	270
握取	握	取	1
援助	援	助	146860
援引	援	引	29020
援軍	援	軍	13935
援外	援	外	11610
援手	援	手	8435
援救	援	救	7865
援兵	援	兵	6690
援用	援	用	3605
援例	援	例	430
援救隊	援	救隊	25
撕裂	撕	裂	38310
撕開	撕	開	23740
撕碎	撕	碎	11320
撕破	撕	破	9905
撕掉	撕	掉	9560
撕成	撕	成	8885
撕毀	撕	毀	8005
撕去	撕	去	5520
撕票	撕	票	1735
撕走	撕	走	1
擅自	擅	自	311425
擅長	擅	長	188310
擅於	擅	於	13131
擅離職守	擅	離職守	4525
擅用	擅	用	3645
擅入	擅	入	1555
擅改	擅	改	790
擅作主張	擅	作主張	740
擅自作主	擅	自作主	1
擅變	擅	變	1
擋住	擋	住	50755
擋風玻璃	擋	風玻璃	40925
擋不住	擋	不住	24295
擋風	擋	風	9630
擋箭牌	擋	箭牌	6760
擋路	擋	路	4070
擋雨	擋	雨	2415
擋駕	擋	駕	1630
擋土牆	擋	土牆	1
擋修	擋	修	1
李慶祿	李	慶祿	2
李登輝	李	登輝	12905
李白	李	白	94400
李鴻章	李	鴻章	26925
李子	李	子	28505
李商隱	李	商隱	11840
李樹	李	樹	6060
李總統	李	總統	360
李淵	李	淵	5
李國鼎	李	國鼎	1
桌球	桌	球	12145
桌面	桌	面	285605
桌布	桌	布	16430
桌子	桌	子	151790
桌椅	桌	椅	41615
桌墊	桌	墊	1
桌曆	桌	曆	1
桌腳	桌	腳	1175
桌巾	桌	巾	1055
桌罩	桌	罩	1
樣子	樣	子	500347
樣品	樣	品	288235
樣式	樣	式	237280
樣板	樣	板	222780
樣本	樣	本	45940
樣樣	樣	樣	33135
樣張	樣	張	15815
樣兒	樣	兒	13820
樣貌	樣	貌	6333
樣書	樣	書	3325
欲望	欲	望	314670
欲求	欲	求	31930
欲罷不能	欲	罷不能	17585
欲言又止	欲	言又止	15615
欲哭無淚	欲	哭無淚	14080
欲速則不達	欲	速則不達	6270
欲擒故縱	欲	擒故縱	5520
欲蓋彌彰	欲	蓋彌彰	3900
欲語還休	欲	語還休	1445
欲振乏力	欲	振乏力	615
每月	每	月	500303
每位	每	位	185820
每當	每	當	161240
每晚	每	晚	69285
每每	每	每	64745
每季	每	季	13950
每況愈下	每	況愈下	11240
每隔	每	隔	8918
每逢	每	逢	6293
每下愈況	每	下愈況	285
淋漓盡致	淋	漓盡致	65390
淋浴	淋	浴	41725
淋巴	淋	巴	35300
淋巴結	淋	巴結	30760
淋病	淋	病	29310
淋漓	淋	漓	20945
淋溼	淋	溼	13865
淋濕	淋	濕	13865
淋雨	淋	雨	10760
淋巴腺	淋	巴腺	2195
淫水	淫	水	888
淫蕩	淫	蕩	20660
淫穢	淫	穢	132105
淫亂	淫	亂	30285
淫慾	淫	慾	8000
淫婦	淫	婦	6700
淫威	淫	威	5630
淫書	淫	書	2315
淫戒	淫	戒	445
淫業	淫	業	1
溶液	溶	液	177220
溶解	溶	解	80030
溶劑	溶	劑	72855
溶入	溶	入	22130
溶解度	溶	解度	12555
溶質	溶	質	9380
溶解性	溶	解性	5850
溶化	溶	化	1763
溶點	溶	點	1
溶合	溶	合	1
漂亮	漂	亮	500323
漂流	漂	流	92115
漂泊	漂	泊	52700
漂白	漂	白	34445
漂浮	漂	浮	16880
漂白劑	漂	白劑	9111
漂白粉	漂	白粉	8810
漂萍	漂	萍	2380
漂蕩	漂	蕩	1635
漂送	漂	送	1
漸近	漸	近	7655
漸進	漸	進	33515
漸次	漸	次	13070
漸入佳境	漸	入佳境	10885
漸漸	漸	漸	9999
漸減	漸	減	6666
漸增	漸	增	4640
漸現	漸	現	940
漸地	漸	地	1
漸趨式微	漸	趨式微	1
濾掛	濾	掛	888
濾紙	濾	紙	10275
濾液	濾	液	6890
濾光鏡	濾	光鏡	6300
濾嘴	濾	嘴	3160
濾水器	濾	水器	1670
濾器	濾	器	75
濾水池	濾	水池	1
濾心	濾	心	1
濾過性病毒	濾	過性病毒	1
炎症	炎	症	123785
炎熱	炎	熱	49880
炎帝	炎	帝	17455
炎黃子孫	炎	黃子孫	13065
炎炎	炎	炎	10905
炎炎夏日	炎	炎夏日	8830
炎夏	炎	夏	6350
炎涼	炎	涼	2930
炎陽	炎	陽	815
炎陽炙人	炎	陽炙人	1
焚燒	焚	燒	48490
焚香	焚	香	15945
焚毀	焚	毀	10675
焚燬	焚	燬	10675
焚化	焚	化	4690
焚身	焚	身	2010
焚琴煮鶴	焚	琴煮鶴	975
焚化爐	焚	化爐	925
焚風	焚	風	275
焚膏繼晷	焚	膏繼晷	245
爛泥	爛	泥	10190
爛熟	爛	熟	6405
爛掉	爛	掉	5545
爛攤子	爛	攤子	5235
爛醉	爛	醉	3740
爛片	爛	片	3190
爛醉如泥	爛	醉如泥	2330
爛貨	爛	貨	1340
爛好人	爛	好人	1
爛帳	爛	帳	1
狡猾	狡	猾	25495
狡詐	狡	詐	11380
狡黠	狡	黠	10425
狡辯	狡	辯	9870
狡獪	狡	獪	1360
狡兔	狡	兔	1360
狡兔三窟	狡	兔三窟	1315
狡賴	狡	賴	99
狡計	狡	計	9
狡滑	狡	滑	1
番茄	番	茄	77005
番薯	番	薯	12530
番線	番	線	888
番號	番	號	7685
番石榴	番	石榴	6068
番紅花	番	紅花	1355
番人	番	人	1225
番禺縣	番	禺縣	545
番地	番	地	1
番社	番	社	1
疊詞	疊	詞	4568
疊好	疊	好	4385
疊嶂	疊	嶂	3905
疊被	疊	被	2222
疊字	疊	字	1645
疊韻	疊	韻	1505
疊羅漢	疊	羅漢	1340
疊床架屋	疊	床架屋	403
疊起	疊	起	1
疊映	疊	映	1
療效	療	效	211960
療法	療	法	155470
療程	療	程	106175
療養	療	養	28270
療傷	療	傷	23245
療養院	療	養院	18975
療治	療	治	1
療病	療	病	1
療方	療	方	1
療養所	療	養所	1
示範	示	範	349540
示意	示	意	82120
示波器	示	波器	33645
示威	示	威	28885
示弱	示	弱	12680
示愛	示	愛	10555
示眾	示	眾	8325
示好	示	好	6045
示警	示	警	4870
示範社區	示	範社區	1
稽核	稽	核	29085
稽查	稽	查	8888
稽查人員	稽	查人員	6640
稽征	稽	征	5765
稽徵	稽	徵	5765
稽查員	稽	查員	1785
稽首	稽	首	564
稽察	稽	察	1
稽察員	稽	察員	1
稽徵處	稽	徵處	1
策略	策	略	500386
策劃	策	劃	500312
策劃人	策	劃人	24040
策動	策	動	9500
策反	策	反	3020
策論	策	論	2790
策士	策	士	955
策應	策	應	710
策勵	策	勵	9
策畫	策	畫	1
縫隙	縫	隙	58055
縫合	縫	合	34015
縫製	縫	製	31915
縫紉機	縫	紉機	31890
縫紉	縫	紉	23985
縫補	縫	補	5180
縫上	縫	上	4050
縫好	縫	好	1910
縫綴	縫	綴	505
縫衣機	縫	衣機	1
繞道	繞	道	17745
繞行	繞	行	14270
繞口令	繞	口令	6285
繞路	繞	路	2920
繞圈子	繞	圈子	2410
繞樑	繞	樑	2240
繞指柔	繞	指柔	1875
繞成	繞	成	1385
繞梁三日	繞	梁三日	985
繞境	繞	境	1
繪製	繪	製	159000
繪圖	繪	圖	73260
繪出	繪	出	10520
繪畫	繪	畫	8888
繪成	繪	成	3120
繪圖機	繪	圖機	1345
繪像	繪	像	1
繪影	繪	影	1
繪聲繪影	繪	聲繪影	1
繪影繪聲	繪	影繪聲	1
置身	置	身	35095
置之不理	置	之不理	16320
置信	置	信	15605
置若罔聞	置	若罔聞	6760
置身事外	置	身事外	4955
置之度外	置	之度外	3140
置評	置	評	2115
置產	置	產	1530
置放	置	放	1132
置喙	置	喙	1050
腎臟	腎	臟	77065
腎病	腎	病	38045
腎炎	腎	炎	24880
腎虛	腎	虛	19490
腎小球	腎	小球	19300
腎上腺	腎	上腺	17895
腎臟病	腎	臟病	10430
腎小管	腎	小管	10280
腎結石	腎	結石	10020
腎虧	腎	虧	4345
腐敗	腐	敗	232040
腐蝕	腐	蝕	106585
腐爛	腐	爛	54955
腐朽	腐	朽	32390
腐蝕性	腐	蝕性	24900
腐化	腐	化	11235
腐肉	腐	肉	3490
腐臭	腐	臭	3315
腐壞	腐	壞	2195
腐氣	腐	氣	1
舒服	舒	服	177025
舒爽	舒	爽	10640
舒適	舒	適	331015
舒緩	舒	緩	69130
舒展	舒	展	51285
舒暢	舒	暢	43990
舒心	舒	心	34940
舒坦	舒	坦	18500
舒伯特	舒	伯特	13022
舒張	舒	張	5120
莊嚴	莊	嚴	76195
莊園	莊	園	57450
莊家	莊	家	61385
莊子	莊	子	70895
莊敬自強	莊	敬自強	135
莊重	莊	重	49525
莊稼	莊	稼	34920
莊主	莊	主	17905
莊上	莊	上	4920
莊稼漢	莊	稼漢	1925
蕭條	蕭	條	23550
蕭蕭	蕭	蕭	22515
蕭然	蕭	然	17680
蕭瑟	蕭	瑟	15495
蕭索	蕭	索	7420
蕭薔	蕭	薔	5525
蕭伯納	蕭	伯納	3990
蕭規曹隨	蕭	規曹隨	455
蕭邦	蕭	邦	113
蕭颯	蕭	颯	1
蘭州	蘭	州	191995
蘭花	蘭	花	83830
蘭若	蘭	若	8320
蘭草	蘭	草	5940
蘭嶼	蘭	嶼	1230
蘭陽溪	蘭	陽溪	55
蘭陽平原	蘭	陽平原	1
蘭房	蘭	房	1
蘭陽	蘭	陽	1
蘭園	蘭	園	1
虧損	虧	損	249960
虧本	虧	本	19660
虧待	虧	待	9035
虧欠	虧	欠	7930
虧空	虧	空	7450
虧心事	虧	心事	4375
虧心	虧	心	1055
虧蝕	虧	蝕	500
虧損累累	虧	損累累	490
虧累	虧	累	1
蛇皮	蛇	皮	5960
蛇蠍	蛇	蠍	4280
蛇膽	蛇	膽	4210
蛇類	蛇	類	3875
蛇行	蛇	行	3210
蛇吞象	蛇	吞象	1640
蛇蠍美人	蛇	蠍美人	1130
蛇蠍心腸	蛇	蠍心腸	485
蛇紋	蛇	紋	196
蛇信	蛇	信	1
衰老	衰	老	98535
衰退	衰	退	53875
衰落	衰	落	41965
衰竭	衰	竭	29010
衰敗	衰	敗	21645
衰弱	衰	弱	20425
衰亡	衰	亡	8100
衰微	衰	微	6720
衰頹	衰	頹	1270
衰亂	衰	亂	355
託管	託	管	173950
託付	託	付	18230
託付給	託	付給	7030
託福	託	福	6231
託詞	託	詞	4410
託夢	託	夢	4335
託孤	託	孤	3390
託大	託	大	3310
託辭	託	辭	1
託交	託	交	1
許多	許	多	501352
許可	許	可	500330
許可證	許	可證	479890
許久	許	久	77045
許諾	許	諾	42555
許願	許	願	39130
許是	許	是	28065
許下	許	下	18105
許配	許	配	4475
許慎	許	慎	3560
診所	診	所	80945
診間	診	間	888
診斷	診	斷	500271
診斷書	診	斷書	3910
診療	診	療	107575
診治	診	治	83390
診病	診	病	4800
診察	診	察	2665
診療室	診	療室	1290
診視	診	視	955
誇張	誇	張	104540
誇大	誇	大	66850
誇獎	誇	獎	39040
誇耀	誇	耀	13040
誇讚	誇	讚	10435
誇口	誇	口	3150
誇飾	誇	飾	935
誇示	誇	示	610
誇下海口	誇	下海口	1
誇功	誇	功	1
讚美	讚	美	114910
讚賞	讚	賞	92775
讚嘆	讚	嘆	76255
讚歎	讚	歎	76255
讚譽	讚	譽	73240
讚揚	讚	揚	62140
讚許	讚	許	32240
讚不絕口	讚	不絕口	21030
讚頌	讚	頌	13560
讚佩	讚	佩	795
象徵	象	徵	281825
象棋	象	棋	47960
象牙	象	牙	30205
象徵性	象	徵性	18070
象形	象	形	12020
象限	象	限	10105
象牙塔	象	牙塔	8725
象形文字	象	形文字	8435
象鼻	象	鼻	4745
象鼻蟲	象	鼻蟲	545
賠償	賠	償	395655
賠款	賠	款	30535
賠錢	賠	錢	22320
賠本	賠	本	6865
賠罪	賠	罪	5575
賠了夫人又折兵	賠	了夫人又折兵	3170
賠不是	賠	不是	2290
賠光	賠	光	1710
賠不起	賠	不起	1445
賠錢貨	賠	錢貨	375
踢球	踢	球	42270
踢到	踢	到	9125
踢開	踢	開	7170
踢腿	踢	腿	6470
踢踏舞	踢	踏舞	3980
踢倒	踢	倒	3595
踢毽子	踢	毽子	3570
踢腳	踢	腳	2505
踢皮球	踢	皮球	1835
踢到鐵板	踢	到鐵板	1
躍躍欲試	躍	躍欲試	24070
躍起	躍	起	19535
躍居	躍	居	18550
躍升	躍	升	17785
躍然	躍	然	7415
躍進	躍	進	6666
躍然紙上	躍	然紙上	6505
躍動	躍	動	5965
躍過	躍	過	5290
躍身	躍	身	1925
轟動	轟	動	67310
轟炸	轟	炸	57640
轟轟烈烈	轟	轟烈烈	46675
轟炸機	轟	炸機	30950
轟然	轟	然	28620
轟擊	轟	擊	11655
轟隆	轟	隆	7690
轟隆隆	轟	隆隆	7320
轟轟	轟	轟	6910
轟動一時	轟	動一時	4682
邪惡	邪	惡	119890
邪教	邪	教	38180
邪氣	邪	氣	9750
邪淫	邪	淫	8815
邪念	邪	念	7885
邪門	邪	門	7875
邪魔	邪	魔	7170
邪說	邪	說	4100
邪不勝正	邪	不勝正	910
邪魔外道	邪	魔外道	1
鄰居	鄰	居	159945
鄰近	鄰	近	45160
鄰里	鄰	里	33105
鄰國	鄰	國	29410
鄰家	鄰	家	15195
鄰村	鄰	村	6895
鄰人	鄰	人	5590
鄰接	鄰	接	4260
鄰邦	鄰	邦	3165
鄰長	鄰	長	1
鋸齒	鋸	齒	27470
鋸末	鋸	末	4470
鋸床	鋸	床	4145
鋸子	鋸	子	3670
鋸木	鋸	木	2890
鋸齒狀	鋸	齒狀	2120
鋸掉	鋸	掉	2110
鋸斷	鋸	斷	1895
鋸木業	鋸	木業	1
鋸琴	鋸	琴	1
鏡頭	鏡	頭	494255
鏡子	鏡	子	124625
鏡片	鏡	片	73600
鏡面	鏡	面	51960
鏡中	鏡	中	21980
鏡框	鏡	框	15125
鏡架	鏡	架	9545
鏡花水月	鏡	花水月	4405
鏡台	鏡	台	3785
鏡屏	鏡	屏	1
鐘頭	鐘	頭	28650
鐘錶	鐘	錶	57735
鐘聲	鐘	聲	51840
鐘樓	鐘	樓	30495
鐘乳石	鐘	乳石	8900
鐘點	鐘	點	7565
鐘擺	鐘	擺	4465
鐘鼎文	鐘	鼎文	615
鐘點費	鐘	點費	145
鐘錶店	鐘	錶店	1
院長	院	長	848044
院區	院	區	888
院校	院	校	434750
院子	院	子	54460
院落	院	落	41380
院士	院	士	17780
院門	院	門	13255
院會	院	會	2350
院轄市	院	轄市	14
院內感染	院	內感染	1
韓國	韓	國	500496
韓文	韓	文	33910
韓國人	韓	國人	33345
韓國隊	韓	國隊	16325
韓愈	韓	愈	6540
韓國泡菜	韓	國泡菜	2545
韓信	韓	信	2312
韓德爾	韓	德爾	1395
韓戰	韓	戰	193
韓福瑞	韓	福瑞	1
飢餓	飢	餓	63670
飢渴	飢	渴	23420
飢荒	飢	荒	14565
飢腸轆轆	飢	腸轆轆	7055
飢寒交迫	飢	寒交迫	6720
飢寒	飢	寒	5780
飢不擇食	飢	不擇食	5180
飢民	飢	民	4520
飢色	飢	色	999
飢饉	飢	饉	3
騙子	騙	子	146345
騙取	騙	取	86485
騙人	騙	人	38610
騙局	騙	局	35025
騙術	騙	術	27085
騙錢	騙	錢	14585
騙走	騙	走	7195
騙徒	騙	徒	4096
騙財	騙	財	1715
騙案	騙	案	1
驕傲	驕	傲	149975
驕陽	驕	陽	19455
驕奢淫逸	驕	奢淫逸	8870
驕橫	驕	橫	6025
驕縱	驕	縱	3600
驕奢	驕	奢	2310
驕矜	驕	矜	1650
驕恣	驕	恣	500
驕女	驕	女	100
驕寵	驕	寵	1
鹹菜	鹹	菜	19940
鹹味	鹹	味	10145
鹹魚	鹹	魚	8888
鹹蛋	鹹	蛋	8365
鹹水	鹹	水	3550
鹹水湖	鹹	水湖	3215
鹹魚翻身	鹹	魚翻身	2740
鹹肉	鹹	肉	2330
鹹豬肉	鹹	豬肉	415
鹹水魚	鹹	水魚	1
鼎盛	鼎	盛	30130
鼎立	鼎	立	14495
鼎力	鼎	力	12520
鼎鼎大名	鼎	鼎大名	6575
鼎力相助	鼎	力相助	4630
鼎沸	鼎	沸	3340
鼎足	鼎	足	1995
鼎足而立	鼎	足而立	1470
鼎鼎有名	鼎	鼎有名	357
鼎邊銼	鼎	邊銼	1
鼠疫	鼠	疫	12740
鼠害	鼠	害	6855
鼠目寸光	鼠	目寸光	3125
鼠輩	鼠	輩	2905
鼠竄	鼠	竄	815
鼠藥	鼠	藥	461
鼠蹊部	鼠	蹊部	415
鼠蹊	鼠	蹊	1
鼠目	鼠	目	1
鼠肉	鼠	肉	1
乖乖	乖	乖	74515
乖巧	乖	巧	31595
乖張	乖	張	3115
乖戾	乖	戾	2930
乖離	乖	離	2915
乖僻	乖	僻	1645
乖違	乖	違	495
乖謬	乖	謬	465
乖舛	乖	舛	365
享受	享	受	500676
享有	享	有	500264
享受到	享	受到	112170
享用	享	用	94725
享譽	享	譽	48475
享樂	享	樂	31535
享年	享	年	19185
享福	享	福	9015
享壽	享	壽	1
侍奉	侍	奉	12965
侍衛	侍	衛	44840
侍者	侍	者	26305
侍女	侍	女	25195
侍郎	侍	郎	20085
侍從	侍	從	17645
侍候	侍	候	13835
侍應生	侍	應生	3800
侍妾	侍	妾	1180
倚天	倚	天	23240
倚賴	倚	賴	9999
倚重	倚	重	8615
倚靠	倚	靠	6295
倚仗	倚	仗	5480
倚老賣老	倚	老賣老	2860
倚門	倚	門	2430
倚馬可待	倚	馬可待	220
倚望	倚	望	220
值得	值	得	500319
值班	值	班	180605
值錢	值	錢	22115
值班室	值	班室	19320
值日	值	日	14165
值勤	值	勤	13125
值夜	值	夜	2310
值夜班	值	夜班	2180
值星	值	星	1
傲慢	傲	慢	38280
傲氣	傲	氣	19000
傲然	傲	然	14670
傲視	傲	視	12370
傲人	傲	人	10530
傲骨	傲	骨	7165
傲視群雄	傲	視群雄	5395
傲世	傲	世	1584
傲視群倫	傲	視群倫	280
儒家	儒	家	85625
儒學	儒	學	62030
儒雅	儒	雅	20535
儒教	儒	教	18920
儒生	儒	生	8955
儒者	儒	者	8590
儒道	儒	道	5820
儒將	儒	將	153
儒艮	儒	艮	1
凹陷	凹	陷	33755
凹凸	凹	凸	27955
凹槽	凹	槽	14695
凹凸不平	凹	凸不平	11955
凹痕	凹	痕	2695
凹處	凹	處	2685
凹下	凹	下	2245
凹面	凹	面	2225
凹透鏡	凹	透鏡	1580
划算	划	算	30835
划船	划	船	19825
划不來	划	不來	4230
划艇	划	艇	4165
划拳	划	拳	3295
划動	划	動	3045
划槳	划	槳	2780
划龍舟	划	龍舟	1885
划行	划	行	256
卵巢	卵	巢	62175
卵子	卵	子	30035
卵巢癌	卵	巢癌	12675
卵石	卵	石	14440
卵形	卵	形	8410
卵細胞	卵	細胞	5805
卵生	卵	生	2915
卵白	卵	白	470
卵黃	卵	黃	285
及時	及	時	501095
及早	及	早	75275
及格	及	格	42635
及物	及	物	12260
及時雨	及	時雨	7740
及時行樂	及	時行樂	3560
及第	及	第	3093
及至	及	至	2636
及於	及	於	1
哥哥	哥	哥	416715
哥倫比亞	哥	倫比亞	45410
哥倫布	哥	倫布	14655
哥本哈根	哥	本哈根	13875
哥兒	哥	兒	8070
哥兒們	哥	兒們	7090
哥兒倆	哥	兒倆	2335
哥德式	哥	德式	1220
哥德	哥	德	1
圈子	圈	子	100980
圈內	圈	內	39100
圈套	圈	套	32955
圈圈	圈	圈	22230
圈外	圈	外	9235
圈點	圈	點	4090
圈內人	圈	內人	3805
圈選	圈	選	1725
圈外人	圈	外人	1320
堪稱	堪	稱	131045
堪憂	堪	憂	9420
堪輿	堪	輿	6200
堪薩斯	堪	薩斯	4720
堪薩斯州	堪	薩斯州	2060
堪察	堪	察	1
堪慮	堪	慮	1
堪驗	堪	驗	1
堪虞	堪	虞	1
塗料	塗	料	345575
塗抹	塗	抹	107290
塗改	塗	改	51745
塗上	塗	上	49550
塗鴉	塗	鴉	47615
塗寫	塗	寫	5360
塗掉	塗	掉	955
塗地	塗	地	10
塗潭	塗	潭	1
夫人	夫	人	313690
夫妻	夫	妻	311685
夫婦	夫	婦	213600
夫君	夫	君	19090
夫家	夫	家	7295
夫婿	夫	婿	6485
夫唱婦隨	夫	唱婦隨	2895
夫子	夫	子	2684
夫妻反目	夫	妻反目	1040
奴隸	奴	隸	86410
奴才	奴	才	29355
奴役	奴	役	20925
奴婢	奴	婢	18390
奴僕	奴	僕	12965
奴家	奴	家	7095
奴顏婢膝	奴	顏婢膝	980
奴工	奴	工	185
奴從	奴	從	1
嫁給	嫁	給	81480
嫁接	嫁	接	42865
嫁妝	嫁	妝	13855
嫁娶	嫁	娶	6845
嫁禍	嫁	禍	4795
嫁雞隨雞	嫁	雞隨雞	1610
嫁狗隨狗	嫁	狗隨狗	1135
嫁奩	嫁	奩	1
嫁雞隨雞，嫁狗隨狗	嫁	雞隨雞，嫁狗隨狗	1
孟子	孟	子	73650
孟加拉	孟	加拉	16825
孟買	孟	買	13655
孟姜女	孟	姜女	8500
孟春	孟	春	2305
孟冬	孟	冬	1445
孟夏	孟	夏	1335
孟母三遷	孟	母三遷	1285
孟秋	孟	秋	1140
寸步難行	寸	步難行	8390
寸土寸金	寸	土寸金	6235
寸步不離	寸	步不離	5180
寸心	寸	心	3540
寸草心	寸	草心	2425
寸步	寸	步	1495
寸斷	寸	斷	1100
寸步難移	寸	步難移	515
寸草不留	寸	草不留	320
屢屢	屢	屢	49585
屢次	屢	次	31250
屢見不鮮	屢	見不鮮	28345
屢試不爽	屢	試不爽	6800
屢戰屢敗	屢	戰屢敗	5995
屢敗屢戰	屢	敗屢戰	4620
屢勸不聽	屢	勸不聽	285
屢出新招	屢	出新招	1
屢仆屢起	屢	仆屢起	1
層次	層	次	500311
層面	層	面	368045
層層	層	層	129825
層出不窮	層	出不窮	67015
層級	層	級	46320
層次分明	層	次分明	18685
層層疊疊	層	層疊疊	11395
層巒疊嶂	層	巒疊嶂	4500
層峰	層	峰	935
岩石	岩	石	118880
岩壁	岩	壁	22210
岩洞	岩	洞	20770
岩漿	岩	漿	17740
岩層	岩	層	12035
岩礁	岩	礁	2340
岩鹽	岩	鹽	2200
岩岸	岩	岸	450
岩屑	岩	屑	89
序號	序	號	325445
序列	序	列	105005
序幕	序	幕	55905
序言	序	言	32790
序曲	序	曲	16670
序數	序	數	4110
序文	序	文	3845
序跋	序	跋	2495
序論	序	論	1825
御用	御	用	17860
御前	御	前	8270
御醫	御	醫	7670
御花園	御	花園	6035
御賜	御	賜	4235
御史	御	史	2466
御駕親征	御	駕親征	1920
御旨	御	旨	580
御所	御	所	1
憤怒	憤	怒	206605
憤慨	憤	慨	18795
憤恨	憤	恨	15115
憤憤	憤	憤	12725
憤然	憤	然	11930
憤憤不平	憤	憤不平	10505
憤懣	憤	懣	8070
憤世嫉俗	憤	世嫉俗	7115
憤世	憤	世	1310
戀愛	戀	愛	315810
戀人	戀	人	211750
戀情	戀	情	70560
戀戀不捨	戀	戀不捨	11405
戀曲	戀	曲	7995
戀舊	戀	舊	2570
戀慕	戀	慕	1775
戀歌	戀	歌	3
戀棧	戀	棧	2
抄襲	抄	襲	192320
抄寫	抄	寫	18580
抄錄	抄	錄	12780
抄家	抄	家	6220
抄本	抄	本	5475
抄手	抄	手	3830
抄小路	抄	小路	975
抄錄下來	抄	錄下來	665
抄球	抄	球	1
抑制	抑	制	339455
抑鬱	抑	鬱	75185
抑或	抑	或	50160
抑止	抑	止	32999
抑揚頓挫	抑	揚頓挫	8260
抑鬱寡歡	抑	鬱寡歡	645
抑強扶弱	抑	強扶弱	24
抑低	抑	低	1
抑是	抑	是	1
拐杖	拐	杖	28030
拐彎	拐	彎	20485
拐角	拐	角	11780
拐彎抹角	拐	彎抹角	7445
拐騙	拐	騙	5055
拐子	拐	子	2740
拐帶	拐	帶	1145
拐跑	拐	跑	925
拐誘	拐	誘	1
捏造	捏	造	34480
捏住	捏	住	13360
捏碎	捏	碎	3975
捏塑	捏	塑	1170
捏坏	捏	坏	45
捏一把冷汗	捏	一把冷汗	1
捏告	捏	告	1
捏著	捏	著	1
捏麵人	捏	麵人	1
捐贈	捐	贈	197570
捐款	捐	款	149700
捐助	捐	助	89205
捐獻	捐	獻	48715
捐出	捐	出	17495
捐軀	捐	軀	3520
捐助人	捐	助人	2330
捐血	捐	血	1111
捐棄	捐	棄	605
撈起	撈	起	15355
撈到	撈	到	7285
撈取	撈	取	5945
撈魚	撈	魚	2380
撈本	撈	本	225
撈捕	撈	捕	111
撈過界	撈	過界	1
撈什子	撈	什子	1
撈一票	撈	一票	1
攪拌	攪	拌	117270
攪動	攪	動	14260
攪和	攪	和	10530
攪拌器	攪	拌器	10185
攪亂	攪	亂	5520
攪局	攪	局	4875
攪碎	攪	碎	1820
攪混	攪	混	995
攪鬼	攪	鬼	1
料理	料	理	52050
料到	料	到	38170
料想	料	想	13635
料子	料	子	7190
料中	料	中	6590
料定	料	定	4325
料峭	料	峭	2660
料事如神	料	事如神	2400
料想不到	料	想不到	1605
曾經	曾	經	500476
曾幾何時	曾	幾何時	19010
曾孫	曾	孫	6640
曾祖父	曾	祖父	4825
曾祖	曾	祖	4630
曾祖母	曾	祖母	1320
曾文溪	曾	文溪	49
曾文	曾	文	1
曾子	曾	子	1
杯子	杯	子	87600
杯水車薪	杯	水車薪	9250
杯墊	杯	墊	4590
杯弓蛇影	杯	弓蛇影	1060
杯盤狼藉	杯	盤狼藉	940
杯中物	杯	中物	845
杯葛	杯	葛	108
杯觥交錯	杯	觥交錯	29
杯筊	杯	筊	1
枝葉	枝	葉	39035
枝條	枝	條	32520
枝頭	枝	頭	25755
枝幹	枝	幹	12890
枝節	枝	節	4495
枝子	枝	子	3060
枝葉扶疏	枝	葉扶疏	290
枝梗	枝	梗	1
枝椏	枝	椏	1
柏克萊	柏	克萊	2015
柏林	柏	林	74730
柏拉圖	柏	拉圖	40365
柏樹	柏	樹	16380
柏油	柏	油	11990
柏油路	柏	油路	10605
柏木	柏	木	579
柏林圍牆	柏	林圍牆	1
柏金森氏病	柏	金森氏病	1
某些	某	些	500410
某個	某	個	500274
某某	某	某	136445
某人	某	人	120960
某日	某	日	31235
某事	某	事	19270
某甲	某	甲	11415
某年	某	年	9375
某月	某	月	2785
梁啟超	梁	啟超	24915
梁山伯	梁	山伯	7640
梁柱	梁	柱	6670
梁實秋	梁	實秋	5699
梁山泊	梁	山泊	5615
梁上君子	梁	上君子	1675
梁棟	梁	棟	1
梁架	梁	架	1
梁任公	梁	任公	1
森林	森	林	423645
森之宮	森	之宮	888
森嚴	森	嚴	13800
森然	森	然	5230
森林浴	森	林浴	2695
森羅萬象	森	羅萬象	1070
森林區	森	林區	1
森巴	森	巴	1
森美蘭	森	美蘭	1
楚國	楚	國	37595
楚王	楚	王	18525
楚辭	楚	辭	11140
楚楚動人	楚	楚動人	9310
楚楚可憐	楚	楚可憐	7895
楚河漢界	楚	河漢界	1595
楚楚	楚	楚	225
楚材晉用	楚	材晉用	1
楚囚相對	楚	囚相對	1
橋梁	橋	梁	260900
橋樑	橋	樑	260900
橋牌	橋	牌	13030
橋頭堡	橋	頭堡	11390
橋墩	橋	墩	9630
橋身	橋	身	3285
橋孔	橋	孔	1170
橋劇	橋	劇	1
橋藝	橋	藝	1
欽差	欽	差	9665
欽佩	欽	佩	29865
欽定	欽	定	5655
欽賜	欽	賜	2015
欽羡	欽	羡	1270
欽羨	欽	羨	1270
欽命	欽	命	1115
欽慕	欽	慕	1100
欽仰	欽	仰	955
款式	款	式	238980
款項	款	項	179240
款款	款	款	22410
款待	款	待	18605
款子	款	子	3185
款曲	款	曲	755
款額	款	額	105
款款動人	款	款動人	90
款宴	款	宴	1
歇斯底里	歇	斯底里	21685
歇息	歇	息	18225
歇業	歇	業	13775
歇後語	歇	後語	7290
歇腳	歇	腳	6065
歇下	歇	下	2220
歇一會	歇	一會	1180
歇手	歇	手	765
歇工	歇	工	360
殉情	殉	情	7080
殉難	殉	難	5585
殉葬	殉	葬	5335
殉國	殉	國	5280
殉職	殉	職	3875
殉道者	殉	道者	1675
殉道	殉	道	1665
殉教	殉	教	685
殉身	殉	身	530
氧化	氧	化	156675
氧氣	氧	氣	105090
氧化物	氧	化物	31130
氧化劑	氧	化劑	12755
氧化鐵	氧	化鐵	6915
氧化碳	氧	化碳	2660
氧化氮	氧	化氮	1625
氧化鉛	氧	化鉛	1440
氧化鉬	氧	化鉬	995
浴室	浴	室	117125
浴缸	浴	缸	50795
浴池	浴	池	22130
浴巾	浴	巾	19870
浴場	浴	場	19395
浴盆	浴	盆	11900
浴火重生	浴	火重生	3740
浴佛節	浴	佛節	490
浴血	浴	血	217
涉及	涉	及	500499
涉案	涉	案	194904
涉嫌	涉	嫌	134915
涉足	涉	足	71095
涉獵	涉	獵	19650
涉水	涉	水	15680
涉世	涉	世	3930
涉險	涉	險	3830
涉訟	涉	訟	1635
液體	液	體	259705
液晶	液	晶	139135
液壓	液	壓	100465
液晶顯示器	液	晶顯示器	76665
液化	液	化	35955
液化石油氣	液	化石油氣	26580
液化天然氣	液	化天然氣	9545
液態	液	態	3252
液汁	液	汁	1705
湊合	湊	合	20095
湊熱鬧	湊	熱鬧	16670
湊巧	湊	巧	13685
湊近	湊	近	12770
湊成	湊	成	9999
湊齊	湊	齊	7055
湊足	湊	足	5130
湊數	湊	數	3565
湊出	湊	出	1855
湧現	湧	現	87590
湧入	湧	入	42230
湧出	湧	出	37980
湧起	湧	起	26705
湧上	湧	上	15700
湧進	湧	進	12720
湧出來	湧	出來	4305
湧上來	湧	上來	3605
湧泉	湧	泉	115
滋味	滋	味	173920
滋潤	滋	潤	158595
滋養	滋	養	58565
滋生	滋	生	52075
滋補	滋	補	38325
滋長	滋	長	14815
滋育	滋	育	7700
滋事	滋	事	5890
滋擾	滋	擾	5320
溜滑梯	溜	滑梯	440
溜走	溜	走	20895
溜冰	溜	冰	11280
溜之大吉	溜	之大吉	4150
溜冰場	溜	冰場	3955
溜掉	溜	掉	3680
溜冰鞋	溜	冰鞋	2735
溜滑	溜	滑	1145
溜溜	溜	溜	2
溼地	溼	地	119515
溼度	溼	度	108605
溼潤	溼	潤	90975
溼疹	溼	疹	35810
溼熱	溼	熱	32650
溼漉漉	溼	漉漉	15255
溼氣	溼	氣	15090
溼度計	溼	度計	1970
溼答答	溼	答答	785
潑辣	潑	辣	12530
潑水	潑	水	12495
潑灑	潑	灑	9775
潑墨	潑	墨	7515
潑婦	潑	婦	7435
潑猴	潑	猴	5555
潑冷水	潑	冷水	4690
潑皮	潑	皮	4100
潑出	潑	出	1060
潮州	潮	州	1
潮流	潮	流	252785
潮溼	潮	溼	71915
潮濕	潮	濕	71915
潮水	潮	水	24525
潮汐	潮	汐	16150
潮湧	潮	湧	8070
潮聲	潮	聲	3850
潮解	潮	解	1230
濕地	濕	地	119515
濕度	濕	度	108605
濕潤	濕	潤	90975
濕疹	濕	疹	35810
濕熱	濕	熱	32650
濕漉漉	濕	漉漉	15255
濕氣	濕	氣	15090
濕透	濕	透	10745
濕淋淋	濕	淋淋	5415
燃燒	燃	燒	281440
燃料	燃	料	195170
燃油	燃	油	160855
燃起	燃	起	33290
燃放	燃	放	23255
燃眉之急	燃	眉之急	13715
燃點	燃	點	6575
燃燒彈	燃	燒彈	5390
燃料庫	燃	料庫	205
版本	版	本	500542
版權	版	權	13204281
版面	版	面	255710
版權所有	版	權所有	500484
版權頁	版	權頁	1455
版畫	版	畫	40050
版圖	版	圖	33590
版稅	版	稅	18290
版模	版	模	1
狹窄	狹	窄	83540
狹小	狹	小	52620
狹義	狹	義	40545
狹隘	狹	隘	40510
狹長	狹	長	22400
狹路相逢	狹	路相逢	6895
狹路	狹	路	845
狹心症	狹	心症	125
狹谷	狹	谷	1
獅子	獅	子	143185
獅子座	獅	子座	60330
獅子頭	獅	子頭	13760
獅子山	獅	子山	6150
獅子吼	獅	子吼	4010
獅子狗	獅	子狗	3184
獅子會	獅	子會	2870
獅王	獅	王	2
獅頭山	獅	頭山	1
獸醫	獸	醫	91820
獸性	獸	性	9790
獸皮	獸	皮	8760
獸類	獸	類	8180
獸骨	獸	骨	2830
獸慾	獸	慾	1975
獸行	獸	行	1850
獸心	獸	心	270
獸力	獸	力	1
玄關	玄	關	29660
玄機	玄	機	28415
玄奘	玄	奘	21650
玄妙	玄	妙	15955
玄學	玄	學	14535
玄奧	玄	奧	4565
玄鳥	玄	鳥	2645
玄孫	玄	孫	2235
玄黃	玄	黃	2035
甚至	甚	至	501319
甚至於	甚	至於	39020
甚或	甚	或	16575
甚而	甚	而	6940
甚囂塵上	甚	囂塵上	5840
甚解	甚	解	1
甚麼	甚	麼	1
甚且	甚	且	1
甚殷	甚	殷	1
疲勞	疲	勞	201345
疲憊	疲	憊	94515
疲倦	疲	倦	59595
疲軟	疲	軟	25525
疲乏	疲	乏	23185
疲於奔命	疲	於奔命	10280
疲困	疲	困	9999
疲累	疲	累	9999
疲勞轟炸	疲	勞轟炸	680
瘦肉	瘦	肉	33900
瘦小	瘦	小	22190
瘦弱	瘦	弱	14890
瘦子	瘦	子	8940
瘦長	瘦	長	6990
瘦削	瘦	削	6875
瘦骨嶙峋	瘦	骨嶙峋	2955
瘦瘠	瘦	瘠	199
瘦皮猴	瘦	皮猴	1
眷戀	眷	戀	35280
眷屬	眷	屬	23455
眷顧	眷	顧	17950
眷念	眷	念	3125
眷保	眷	保	1
眷村	眷	村	1
眷口	眷	口	1
眷區	眷	區	1
眷佑	眷	佑	1
瞭解。	瞭	解。	888
瞭解	瞭	解	501031
瞭解到	瞭	解到	276690
瞭如指掌	瞭	如指掌	25915
瞭望	瞭	望	11380
瞭然	瞭	然	11310
瞭若指掌	瞭	若指掌	2050
瞭望台	瞭	望台	1045
瞭望臺	瞭	望臺	1045
砸碎	砸	碎	9575
砸死	砸	死	9460
砸下	砸	下	6920
砸爛	砸	爛	6740
砸傷	砸	傷	4870
砸壞	砸	壞	4850
砸毀	砸	毀	2585
砸了	砸	了	1859
砸鍋	砸	鍋	1135
碳水化合物	碳	水化合物	48140
碳酸	碳	酸	38830
碳纖維	碳	纖維	35428
碳酸鈣	碳	酸鈣	26283
碳素	碳	素	18835
碳化	碳	化	11450
碳氫化合物	碳	氫化合物	6275
碳酸鈉	碳	酸鈉	6045
碳化物	碳	化物	4435
祝你	祝	你	888
祝福	祝	福	382770
祝賀	祝	賀	150225
祝壽	祝	壽	13510
祝英台	祝	英台	7180
祝詞	祝	詞	6895
祝融	祝	融	5665
祝禱	祝	禱	1905
祝辭	祝	辭	1
秦皇島	秦	皇島	87440
秦始皇	秦	始皇	57795
秦國	秦	國	39470
秦嶺	秦	嶺	29065
秦淮河	秦	淮河	8275
秦俑	秦	俑	6515
秦穆公	秦	穆公	3965
秦晉之好	秦	晉之好	990
秦檜	秦	檜	281
窺視	窺	視	22085
窺探	窺	探	15010
窺見	窺	見	10470
窺伺	窺	伺	3550
窺測	窺	測	1890
窺看	窺	看	1480
窺知	窺	知	1115
窺豹一斑	窺	豹一斑	250
窺覬	窺	覬	1
竄出	竄	出	12760
竄逃	竄	逃	9999
竄入	竄	入	7380
竄進	竄	進	3390
竄改	竄	改	11
竄紅	竄	紅	1
竄起	竄	起	1
竄升	竄	升	1
竄進竄出	竄	進竄出	1
箭步	箭	步	99999
箭頭	箭	頭	66035
箭矢	箭	矢	17160
箭竹	箭	竹	4325
箭在弦上	箭	在弦上	3840
箭桿	箭	桿	2625
箭靶	箭	靶	1185
箭無虛發	箭	無虛發	320
箭也似的	箭	也似的	1
築地	築	地	888
築起	築	起	16050
築城	築	城	9175
築成	築	成	7965
築巢	築	巢	7010
築堤	築	堤	3090
築牆	築	牆	2060
築屋	築	屋	845
築路	築	路	365
級別	級	別	501342
級數	級	數	20475
級次	級	次	7655
級任	級	任	7365
級長	級	長	1
級會	級	會	1
級距	級	距	1
級任制	級	任制	1
級任導師	級	任導師	1
罰款	罰	款	500380
罰金	罰	金	93665
罰則	罰	則	21585
罰單	罰	單	10895
罰站	罰	站	4670
罰錢	罰	錢	4444
罰酒	罰	酒	3540
罰跪	罰	跪	1235
罰鍰	罰	鍰	1
聊天	聊	天	397750
聊聊	聊	聊	42740
聊聊天	聊	聊天	20145
聊勝於無	聊	勝於無	1960
聊表	聊	表	1025
聊表心意	聊	表心意	260
聊備一格	聊	備一格	155
聊表寸心	聊	表寸心	1
聊勝一籌	聊	勝一籌	1
肇事	肇	事	27080
肇始	肇	始	3410
肇興	肇	興	1975
肇因	肇	因	1125
肇端	肇	端	670
肇禍	肇	禍	99
肇基	肇	基	1
肇建	肇	建	1
肇造	肇	造	1
育種	育	種	60235
育兒	育	兒	32950
育才	育	才	24240
育成	育	成	19445
育嬰	育	嬰	6220
育幼	育	幼	5131
育幼院	育	幼院	795
育達	育	達	610
育樂	育	樂	1
胎兒	胎	兒	188995
胎盤	胎	盤	34440
胎教	胎	教	18160
胎記	胎	記	7380
胎死腹中	胎	死腹中	3770
胎生	胎	生	3370
胎位	胎	位	3030
胎氣	胎	氣	1445
胎盤素	胎	盤素	1
舌頭	舌	頭	104850
舌尖	舌	尖	20505
舌苔	舌	苔	12190
舌根	舌	根	5270
舌下	舌	下	6530
舌戰	舌	戰	4410
舌耕	舌	耕	260
舌敝脣焦	舌	敝脣焦	1
舌劍脣槍	舌	劍脣槍	1
苟延殘喘	苟	延殘喘	6795
苟且	苟	且	6435
苟全	苟	全	5555
苟同	苟	同	5465
苟活	苟	活	4205
苟合	苟	合	2150
苟安	苟	安	1945
苟且偷安	苟	且偷安	755
苟免	苟	免	460
菸草	菸	草	131125
菸葉	菸	葉	46395
菸酒	菸	酒	42615
菸斗	菸	斗	18655
菸灰	菸	灰	17085
菸灰缸	菸	灰缸	14520
菸絲	菸	絲	10965
菸蒂	菸	蒂	6445
菸捲	菸	捲	2955
蓄電池	蓄	電池	81780
蓄水	蓄	水	36485
蓄積	蓄	積	19035
蓄意	蓄	意	18605
蓄勢待發	蓄	勢待發	12325
蓄勢	蓄	勢	11650
蓄水池	蓄	水池	9185
蓄養	蓄	養	1755
蓄長髮	蓄	長髮	580
褲子	褲	子	124960
褲腳	褲	腳	8615
褲襠	褲	襠	7635
褲管	褲	管	6425
褲帶	褲	帶	5950
褲袋	褲	袋	5125
褲腰	褲	腰	4615
褲襪	褲	襪	2885
褲裙	褲	裙	395
襯衫	襯	衫	94975
襯托	襯	托	45760
襯托出	襯	托出	14505
襯墊	襯	墊	12990
襯衣	襯	衣	9999
襯出	襯	出	2990
襯裙	襯	裙	1780
襯裡	襯	裡	1047
襯映	襯	映	805
誓言	誓	言	72750
誓死	誓	死	9880
誓願	誓	願	9830
誓詞	誓	詞	8320
誓師	誓	師	7402
誓約	誓	約	4015
誓不甘休	誓	不甘休	300
誓死不屈	誓	死不屈	42
誓不兩立	誓	不兩立	1
誣陷	誣	陷	17595
誣告	誣	告	9710
誣蔑	誣	蔑	2222
誣衊	誣	衊	2222
誣賴	誣	賴	1800
誣害	誣	害	425
誣控	誣	控	115
誣告罪	誣	告罪	1
誣詆	誣	詆	1
謙虛	謙	虛	71935
謙遜	謙	遜	17380
謙卑	謙	卑	16035
謙讓	謙	讓	15400
謙和	謙	和	14305
謙恭	謙	恭	8995
謙稱	謙	稱	1965
謙詞	謙	詞	925
謙辭	謙	辭	755
譯者	譯	者	74390
譯名	譯	名	34005
譯成	譯	成	29250
譯本	譯	本	26435
譯著	譯	著	11540
譯註	譯	註	9585
譯音	譯	音	7490
譯員	譯	員	3195
譯筆	譯	筆	66
贊同	贊	同	203200
贊助	贊	助	151960
贊美	贊	美	114910
贊成	贊	成	98745
贊賞	贊	賞	92775
贊歎	贊	歎	76255
贊許	贊	許	32240
贊助者	贊	助者	2330
贊助人	贊	助人	1605
赫然	赫	然	52640
赫赫	赫	赫	30310
赫茲	赫	茲	11415
赫爾辛基	赫	爾辛基	10450
赫赫有名	赫	赫有名	2937
赫胥黎	赫	胥黎	159
赫塞	赫	塞	1
赫德遜河	赫	德遜河	1
赫魯雪夫	赫	魯雪夫	1
趁早	趁	早	16540
趁熱	趁	熱	14625
趁機	趁	機	9466
趁勢	趁	勢	8690
趁火打劫	趁	火打劫	5660
趁虛而入	趁	虛而入	3110
趁人之危	趁	人之危	1670
趁人不備	趁	人不備	1085
趁便	趁	便	375
跪在	跪	在	888
跪著	跪	著	888
跪下來	跪	下來	888
跪下	跪	下	31825
跪拜	跪	拜	11940
跪地	跪	地	10100
跪坐	跪	坐	3840
跪到	跪	到	2215
跪乳	跪	乳	1
辨識	辨	識	99999
辨別	辨	別	89805
辨認	辨	認	48700
辨析	辨	析	24495
辨明	辨	明	5560
辨出	辨	出	3250
辨音	辨	音	1735
辨色	辨	色	1555
辨士	辨	士	1
逸樂	逸	樂	1700
逸趣	逸	趣	935
逸趣橫生	逸	趣橫生	26
逸品	逸	品	11
逸民	逸	民	2
逸事	逸	事	1
逸聞	逸	聞	1
逸仙	逸	仙	1
逸興	逸	興	1
邀請	邀	請	500306
邀請函	邀	請函	40355
邀請賽	邀	請賽	21500
邀約	邀	約	17750
邀功	邀	功	3710
邀集	邀	集	1
邀訪	邀	訪	1
邀舞	邀	舞	1
邀宴	邀	宴	1
醒來	醒	來	173190
醒醒	醒	醒	888
醒目	醒	目	101310
醒悟	醒	悟	34320
醒過來	醒	過來	25845
醒獅	醒	獅	1357
醒世	醒	世	1
醒吾	醒	吾	1
醒眼	醒	眼	1
釘子	釘	子	33340
釘上	釘	上	4230
釘住	釘	住	3675
釘死	釘	死	3330
釘鞋	釘	鞋	1875
釘耙	釘	耙	1805
釘下	釘	下	1450
釘錘	釘	錘	670
釘書機	釘	書機	1
鉅大	鉅	大	459450
鉅額	鉅	額	80420
鉅變	鉅	變	22200
鉅著	鉅	著	15935
鉅款	鉅	款	14290
鉅富	鉅	富	8395
鉅量	鉅	量	1111
鉅細靡遺	鉅	細靡遺	550
鉅子	鉅	子	1
銘記	銘	記	26540
銘文	銘	文	18600
銘刻	銘	刻	10965
銘記在心	銘	記在心	5435
銘感	銘	感	999
銘傳	銘	傳	1
銘謝	銘	謝	1
銘感五內	銘	感五內	1
銘謝惠顧	銘	謝惠顧	1
銳利	銳	利	39590
銳減	銳	減	19015
銳氣	銳	氣	16635
銳意	銳	意	14200
銳眼	銳	眼	9999
銳器	銳	器	6720
銳角	銳	角	5780
銳不可當	銳	不可當	2795
銳敏	銳	敏	1085
鋪設	鋪	設	81005
鋪位	鋪	位	14265
鋪子	鋪	子	12900
鋪地	鋪	地	12520
鋪陳	鋪	陳	8730
鋪蓋	鋪	蓋	7315
鋪張	鋪	張	5755
鋪路	鋪	路	5435
鋪排	鋪	排	3365
鑑定	鑑	定	500313
鑑別	鑑	別	138175
鑑賞	鑑	賞	74835
鑑定人	鑑	定人	28755
鑑定為	鑑	定為	14050
鑑賞力	鑑	賞力	4685
鑑賞家	鑑	賞家	3795
鑑識	鑑	識	2
鑑古推今	鑑	古推今	1
閱讀	閱	讀	500858
閱卷	閱	卷	58255
閱讀器	閱	讀器	52535
閱覽室	閱	覽室	49010
閱覽	閱	覽	40870
閱歷	閱	歷	37005
閱兵	閱	兵	7970
閱讀機	閱	讀機	2215
閱報	閱	報	1035
阮志仁	阮	志仁	888
阮亙安	阮	亙安	888
阮高德	阮	高德	2
阮靜予	阮	靜予	2
阮靜文	阮	靜文	2
阮靜如	阮	靜如	2
阮靜	阮	靜	2
阮囊羞澀	阮	囊羞澀	1
阮咸	阮	咸	1
陷入	陷	入	236455
陷阱	陷	阱	164155
陷害	陷	害	30715
陷落	陷	落	10670
陷於	陷	於	6666
陷溺	陷	溺	1225
陷陣	陷	陣	970
陷井	陷	井	1
陷入絕境	陷	入絕境	1
頑強	頑	強	52710
頑固	頑	固	47370
頑皮	頑	皮	25240
頑童	頑	童	10545
頑劣	頑	劣	5140
頑抗	頑	抗	3295
頑石點頭	頑	石點頭	415
頑逆	頑	逆	1
頑石	頑	石	1
頻率	頻	率	462170
頻繁	頻	繁	282900
頻道	頻	道	500329
頻次	頻	次	14875
頻頻	頻	頻	6134
頻傳	頻	傳	3640
頻仍	頻	仍	2885
頻密	頻	密	11
頻催	頻	催	1
騰飛	騰	飛	62585
騰出	騰	出	29825
騰空	騰	空	21760
騰達	騰	達	14010
騰騰	騰	騰	8725
騰雲駕霧	騰	雲駕霧	5670
騰雲	騰	雲	4170
騰躍	騰	躍	4090
騰開	騰	開	1
鬱悶	鬱	悶	194650
鬱金香	鬱	金香	27650
鬱鬱	鬱	鬱	14765
鬱鬱寡歡	鬱	鬱寡歡	8455
鬱結	鬱	結	7290
鬱積	鬱	積	3975
鬱鬱不樂	鬱	鬱不樂	1465
鬱抑	鬱	抑	285
鬱卒	鬱	卒	1
鹿茸	鹿	茸	16530
鹿特丹	鹿	特丹	10870
鹿角	鹿	角	7685
鹿港	鹿	港	4010
鹿肉	鹿	肉	2445
鹿野	鹿	野	605
鹿場	鹿	場	1
鹿谷	鹿	谷	1
鹿死誰手	鹿	死誰手	1
丁香	丁	香	125472
丁二烯	丁	二烯	7080
丁烷	丁	烷	5260
丁字褲	丁	字褲	5035
丁字尺	丁	字尺	425
丁加奴	丁	加奴	310
丁憂	丁	憂	1
丁壯	丁	壯	1
串聯	串	聯	41765
串通	串	通	30210
串門	串	門	12805
串成	串	成	5850
串供	串	供	2765
串門子	串	門子	865
串演	串	演	425
串燒	串	燒	120
乞丐	乞	丐	79850
乞討	乞	討	40470
乞求	乞	求	19490
乞食	乞	食	5775
乞兒	乞	兒	5285
乞憐	乞	憐	1670
乞靈	乞	靈	1650
乞援	乞	援	375
井水	井	水	17315
井井有條	井	井有條	16710
井然有序	井	然有序	16090
井底之蛙	井	底之蛙	5285
井水不犯河水	井	水不犯河水	2815
井架	井	架	2465
井蛙	井	蛙	605
井然	井	然	48
伊勢	伊	勢	888
伊拉克	伊	拉克	202435
伊朗	伊	朗	170785
伊斯蘭	伊	斯蘭	65685
伊始	伊	始	39825
伊斯蘭教	伊	斯蘭教	35055
伊甸園	伊	甸園	20125
伊人	伊	人	857
估計	估	計	500294
估價	估	價	122295
估算	估	算	112475
估量	估	量	9210
估測	估	測	5625
估衣	估	衣	1160
估價單	估	價單	710
估單	估	單	1
倉庫	倉	庫	500297
倉儲	倉	儲	167930
倉促	倉	促	30165
倉皇	倉	皇	12145
倉頡	倉	頡	4935
倉皇失措	倉	皇失措	34
倉猝	倉	猝	1
倉卒	倉	卒	1
偽造	偽	造	188302
偽裝	偽	裝	69320
偽君子	偽	君子	8575
偽證	偽	證	5015
偽善	偽	善	4760
偽書	偽	書	3475
偽證罪	偽	證罪	1880
偽藥	偽	藥	1
僧人	僧	人	49245
僧侶	僧	侶	27080
僧多粥少	僧	多粥少	7765
僧尼	僧	尼	7750
僧徒	僧	徒	1815
僧院	僧	院	1330
僧寺	僧	寺	700
僧袍	僧	袍	64
儘量	儘	量	500299
儘管	儘	管	500585
儘快	儘	快	500282
儘力	儘	力	130955
儘早	儘	早	90765
儘是	儘	是	44085
儘速	儘	速	5650
儘先	儘	先	600
兇手	兇	手	72030
兇猛	兇	猛	40955
兇殺	兇	殺	38720
兇殘	兇	殘	22365
兇惡	兇	惡	19060
兇悍	兇	悍	13890
兇案	兇	案	4025
兇嫌	兇	嫌	355
凍結	凍	結	94955
凍死	凍	死	15375
凍傷	凍	傷	14815
凍瘡	凍	瘡	10635
凍僵	凍	僵	8585
凍餒	凍	餒	970
凍斃	凍	斃	1
凍寒	凍	寒	1
函數	函	數	400000
函授	函	授	67820
函件	函	件	19295
函授班	函	授班	3750
函索	函	索	800
函請	函	請	715
函購	函	購	470
函令	函	令	50
剝奪	剝	奪	52545
剝削	剝	削	39145
剝落	剝	落	18870
剝皮	剝	皮	15465
剝去	剝	去	9725
剝開	剝	開	7945
剝下	剝	下	4880
剝掉	剝	掉	4000
劣質	劣	質	63890
劣勢	劣	勢	60775
劣跡	劣	跡	7380
劣根性	劣	根性	6705
劣等	劣	等	6390
劣品	劣	品	850
劣種	劣	種	480
劣幣驅逐良幣	劣	幣驅逐良幣	1
勁風	勁	風	49128
勁兒	勁	兒	31100
勁頭	勁	頭	19495
勁旅	勁	旅	10995
勁敵	勁	敵	9065
勁道	勁	道	2000
勁節	勁	節	1
勁力	勁	力	1
卓越	卓	越	171120
卓然	卓	然	9835
卓絕	卓	絕	5930
卓識	卓	識	2075
卓著	卓	著	1781
卓見	卓	見	1415
卓蘭	卓	蘭	500
卓溪	卓	溪	1
叩頭	叩	頭	14235
叩首	叩	首	5515
叩拜	叩	拜	4100
叩門	叩	門	4000
叩謝	叩	謝	2720
叩見	叩	見	2100
叩關	叩	關	620
叩應	叩	應	1
召開	召	開	500536
召喚	召	喚	101020
召回	召	回	59110
召集人	召	集人	19715
召見	召	見	16310
召集	召	集	5448
召募	召	募	1
召請	召	請	1
吳佩孚	吳	佩孚	3520
吳淞江	吳	淞江	1180
吳下阿蒙	吳	下阿蒙	780
吳牛喘月	吳	牛喘月	370
吳王	吳	王	144
吳鳳	吳	鳳	1
吳興	吳	興	1
吳郭魚	吳	郭魚	1
吵到	吵	到	888
吵架	吵	架	83570
吵鬧	吵	鬧	24070
吵吵鬧鬧	吵	吵鬧鬧	6095
吵起來	吵	起來	5205
吵雜	吵	雜	3333
吵嚷	吵	嚷	2860
吵嘈	吵	嘈	1
味噌	味	噌	1
味噌湯	味	噌湯	1
味道	味	道	493520
味精	味	精	93685
味兒	味	兒	24950
味覺	味	覺	23375
味素	味	素	1111
味同嚼蠟	味	同嚼蠟	1
喉嚨	喉	嚨	59550
喉頭	喉	頭	12895
喉舌	喉	舌	8150
喉管	喉	管	5220
喉結	喉	結	5050
喉炎	喉	炎	3530
喉音	喉	音	1625
喉科	喉	科	21
喊出	喊	出	26035
喊叫	喊	叫	23355
喊話	喊	話	11675
喊冤	喊	冤	5910
喊價	喊	價	4120
喊窮	喊	窮	3250
喊住	喊	住	3060
喊醒	喊	醒	1180
墜落	墜	落	45865
墜入	墜	入	22725
墜毀	墜	毀	11960
墜子	墜	子	7860
墜樓	墜	樓	7040
墜地	墜	地	6370
墜下	墜	下	5695
墜機	墜	機	3515
奸商	奸	商	16530
奸臣	奸	臣	11530
奸細	奸	細	9710
奸詐	奸	詐	8625
奸笑	奸	笑	6740
奸雄	奸	雄	4415
奸賊	奸	賊	4150
奸險	奸	險	985
妄想	妄	想	52670
妄圖	妄	圖	26535
妄念	妄	念	12645
妄語	妄	語	7820
妄動	妄	動	7160
妄為	妄	為	4020
妄自尊大	妄	自尊大	3560
妄自菲薄	妄	自菲薄	1
娛樂場所	娛	樂場所	77020
娛樂場	娛	樂場	13290
娛樂	娛	樂	5004
娛樂版	娛	樂版	3720
娛樂室	娛	樂室	3340
娛賓	娛	賓	1
娛悅	娛	悅	1
娛樂稅	娛	樂稅	1
婉轉	婉	轉	23325
婉約	婉	約	16680
婉言	婉	言	7235
婉拒	婉	拒	6875
婉辭	婉	辭	999
婉謝	婉	謝	600
婉順	婉	順	110
婉惜	婉	惜	1
媒體	媒	體	500707
媒介	媒	介	220985
媒人	媒	人	14000
媒婆	媒	婆	8170
媒妁之言	媒	妁之言	2280
媒介物	媒	介物	995
媒合	媒	合	1
媒體造勢	媒	體造勢	1
宋代	宋	代	98260
宋朝	宋	朝	38600
宋人	宋	人	14910
宋詞	宋	詞	12680
宋教仁	宋	教仁	1266
宋國	宋	國	1111
宋瓷	宋	瓷	1050
宋江陣	宋	江陣	1
察覺	察	覺	74905
察覺到	察	覺到	19010
察看	察	看	44
察訪	察	訪	9999
察言觀色	察	言觀色	8125
察哈爾	察	哈爾	4485
察納	察	納	320
察勘	察	勘	22
崩潰	崩	潰	115390
崩塌	崩	塌	16930
崩盤	崩	盤	11510
崩裂	崩	裂	4635
崩落	崩	落	1510
崩解	崩	解	435
崩坍	崩	坍	395
崩殂	崩	殂	275
府中	府	中	15910
府上	府	上	11985
府邸	府	邸	10115
府城	府	城	8900
府第	府	第	8333
府庫	府	庫	3895
府學	府	學	3430
府外	府	外	1480
庫存	庫	存	429015
庫房	庫	房	56470
庫存量	庫	存量	23630
庫存現金	庫	存現金	4370
庫藏	庫	藏	2980
庫頁島	庫	頁島	2575
庫倫	庫	倫	1
庫存股票	庫	存股票	1
廠商	廠	商	500357
廠家	廠	家	500310
廠房	廠	房	469105
廠長	廠	長	95310
廠牌	廠	牌	15325
廠規	廠	規	2020
廠址	廠	址	357
廠棚	廠	棚	1
弔死	弔	死	9545
弔唁	弔	唁	6675
弔喪	弔	喪	1455
弔詭	弔	詭	999
弔民伐罪	弔	民伐罪	445
弔慰	弔	慰	130
弔膀子	弔	膀子	95
弔問	弔	問	1
弘揚	弘	揚	177945
弘道	弘	道	2260
弘法	弘	法	111
弘毅	弘	毅	2
弘光	弘	光	1
弘遠	弘	遠	1
弘願	弘	願	1
弘光護專	弘	光護專	1
彼此	彼	此	340690
彼岸	彼	岸	53775
彼時	彼	時	12120
彼等	彼	等	6775
彼得大帝	彼	得大帝	3040
彼得	彼	得	6
彼一時，此一時	彼	一時，此一時	1
彼長我消	彼	長我消	1
徐州	徐	州	168690
徐匯	徐	匯	39245
徐徐	徐	徐	38500
徐志摩	徐	志摩	14315
徐光啟	徐	光啟	3625
徐緩	徐	緩	2000
徐娘半老	徐	娘半老	1190
徐徐的	徐	徐的	1
恆溫	恆	溫	54980
恆星	恆	星	45710
恆定	恆	定	30015
恆久	恆	久	20105
恆心	恆	心	17275
恆常	恆	常	4180
恆春	恆	春	3980
恆產	恆	產	1215
悽涼	悽	涼	55940
悽慘	悽	慘	24755
悽然	悽	然	11485
悽楚	悽	楚	6955
悽苦	悽	苦	6855
悽厲	悽	厲	6410
悽悽	悽	悽	6315
悽愴	悽	愴	2560
惜別	惜	別	4870
惜福	惜	福	3970
惜墨如金	惜	墨如金	865
惜售	惜	售	109
惜陰	惜	陰	1
惜物	惜	物	1
惜字	惜	字	1
惜別會	惜	別會	1
扁平	扁	平	38375
扁擔	扁	擔	12520
扁桃腺	扁	桃腺	1350
扁平足	扁	平足	1165
扁柏	扁	柏	111
扁食	扁	食	1
扁蒲	扁	蒲	1
扁鑽	扁	鑽	1
扼殺	扼	殺	30740
扼要	扼	要	10125
扼制	扼	制	6265
扼守	扼	守	5170
扼腕	扼	腕	4345
扼住	扼	住	3950
扼死	扼	死	1035
扼阻	扼	阻	75
抒情	抒	情	50835
抒發	抒	發	42320
抒寫	抒	寫	12195
抒懷	抒	懷	5300
抒情曲	抒	情曲	980
抒情文	抒	情文	1
抒放	抒	放	1
抒解	抒	解	1
拒絕	拒	絕	500412
拒付	拒	付	17145
拒捕	拒	捕	4655
拒繳	拒	繳	3580
拒馬	拒	馬	1630
拒斥	拒	斥	1
拒用	拒	用	1
拒絕往來戶	拒	絕往來戶	1
掠過	掠	過	57440
掠奪	掠	奪	48040
掠食者	掠	食者	9999
掠影	掠	影	9405
掠取	掠	取	1410
掠美	掠	美	195
掠地	掠	地	1
掠殺	掠	殺	1
描述	描	述	500597
描寫	描	寫	171705
描繪	描	繪	111890
描繪出	描	繪出	12860
描摹	描	摹	7500
描繪成	描	繪成	5115
描紅	描	紅	2380
描出	描	出	2220
摘要	摘	要	450760
摘錄	摘	錄	49520
摘除	摘	除	19285
摘取	摘	取	15385
摘星	摘	星	12020
摘下來	摘	下來	6880
摘花	摘	花	3280
摘譯	摘	譯	1705
撿到	撿	到	31900
撿起	撿	起	27375
撿起來	撿	起來	10145
撿破爛	撿	破爛	4650
撿便宜	撿	便宜	1650
撿現成	撿	現成	1
撿骨	撿	骨	1
撿金	撿	金	1
擁有	擁	有	501373
擁戴	擁	戴	14400
擁抱	擁	抱	155425
擁護	擁	護	107725
擁擠	擁	擠	93935
擁入	擁	入	8000
擁塞	擁	塞	7495
擁吻	擁	吻	6555
攜帶	攜	帶	333200
攜手	攜	手	160630
攜款	攜	款	4620
攜槍	攜	槍	1198
攜眷	攜	眷	820
攜伴	攜	伴	435
攜幼	攜	幼	1
攜帶式衛星通信系統	攜	帶式衛星通信系統	1
攤位	攤	位	68975
攤商	攤	商	1
攤販	攤	販	10325
攤開	攤	開	19375
攤子	攤	子	15125
攤牌	攤	牌	8240
攤派	攤	派	2107
攤還	攤	還	1
昇降梯	昇	降梯	888
昇降	昇	降	65920
昇降機	昇	降機	14160
昇華	昇	華	101545
昇起	昇	起	88010
昇空	昇	空	22920
昇天	昇	天	19815
昇平	昇	平	1
映射	映	射	73510
映像	映	像	30335
映襯	映	襯	23375
映照	映	照	16545
映入	映	入	12180
映出	映	出	11395
映對	映	對	1
映像管	映	像管	1
昭示	昭	示	17855
昭和	昭	和	9085
昭然若揭	昭	然若揭	4555
昭告	昭	告	2780
昭雪	昭	雪	2750
昭著	昭	著	2180
昭彰	昭	彰	1190
昭顯	昭	顯	785
曠野	曠	野	26080
曠課	曠	課	14200
曠世	曠	世	11245
曠日持久	曠	日持久	7410
曠古	曠	古	1795
曠職	曠	職	850
曠地	曠	地	785
曠廢	曠	廢	95
替代	替	代	266525
替換	替	換	154080
替補	替	補	47305
替代品	替	代品	28750
替身	替	身	24670
替人	替	人	11490
替死鬼	替	死鬼	3095
替罪羔羊	替	罪羔羊	455
桂格	桂	格	888
桂圓	桂	圓	13825
桂花	桂	花	66790
桂花釀	桂	花釀	888
桂林	桂	林	237530
桂冠	桂	冠	29645
桂樹	桂	樹	5405
桂冠詩人	桂	冠詩人	410
楊柳	楊	柳	39350
楊梅	楊	梅	28115
楊樹	楊	樹	26785
楊貴妃	楊	貴妃	14465
楊桃	楊	桃	7525
楊花	楊	花	6050
楊朱	楊	朱	25
楊金欉	楊	金欉	1
構成	構	成	500429
構造	構	造	192455
構築	構	築	132385
構思	構	思	114965
構圖	構	圖	81445
構想	構	想	76750
構陷	構	陷	590
構怨	構	怨	195
檔案	檔	案	500422
檔次	檔	次	234585
檔期	檔	期	16575
檔案室	檔	案室	14500
檔案夾	檔	案夾	2040
檔名	檔	名	627
檔案傳輸系統	檔	案傳輸系統	1
檔案搜尋系統	檔	案搜尋系統	1
歧視	歧	視	124890
歧途	歧	途	7655
歧路	歧	路	4845
歧見	歧	見	1575
歧出	歧	出	345
歧異	歧	異	25
歧路亡羊	歧	路亡羊	1
歧音異義字	歧	音異義字	1
歪曲	歪	曲	24605
歪斜	歪	斜	9370
歪風	歪	風	6530
歪七扭八	歪	七扭八	665
歪才	歪	才	355
歪主意	歪	主意	1
歪哥	歪	哥	1
歪打正著	歪	打正著	1
歹徒	歹	徒	59885
歹毒	歹	毒	5660
歹路不可行	歹	路不可行	1
歹路	歹	路	1
歹命	歹	命	1
歹勢	歹	勢	1
歹戲拖棚	歹	戲拖棚	1
歹竹出好筍	歹	竹出好筍	1
殊榮	殊	榮	51930
殊不知	殊	不知	45210
殊勝	殊	勝	21665
殊途同歸	殊	途同歸	7735
殊異	殊	異	1915
殊死戰	殊	死戰	555
殊遇	殊	遇	395
殊功	殊	功	1
涵蓋	涵	蓋	192400
涵養	涵	養	31940
涵洞	涵	洞	1399
涵管	涵	管	1185
涵意	涵	意	1
涵義	涵	義	1
涵育	涵	育	1
涵蘊	涵	蘊	1
淘汰	淘	汰	178350
淘氣	淘	氣	45880
淘金	淘	金	29460
淘汰賽	淘	汰賽	11855
淘淘	淘	淘	6000
淘空	淘	空	835
淘金客	淘	金客	1
淘金夢	淘	金夢	1
添加	添	加	500629
添置	添	置	31310
添上	添	上	17125
添加物	添	加物	4045
添購	添	購	2895
添丁	添	丁	2345
添設	添	設	1430
添增	添	增	500
湯匙	湯	匙	37805
湯圓	湯	圓	22435
湯水	湯	水	9935
湯藥	湯	藥	6535
湯劑	湯	劑	4050
湯糰	湯	糰	2920
湯湯水水	湯	湯水水	1
湯湯	湯	湯	1
溢出	溢	出	72260
溢於言表	溢	於言表	12630
溢價	溢	價	6559
溢滿	溢	滿	5685
溢洪道	溢	洪道	2930
溢美	溢	美	1185
溢利	溢	利	1
溢收	溢	收	1
潤滑油	潤	滑油	102370
潤滑	潤	滑	98065
潤滑劑	潤	滑劑	49215
潤澤	潤	澤	32055
潤肺	潤	肺	21520
潤喉	潤	喉	4850
潤飾	潤	飾	2935
潤筆	潤	筆	1215
灑脫	灑	脫	43420
灑落	灑	落	15240
灑水	灑	水	10685
灑水車	灑	水車	7985
灑掃	灑	掃	2570
灑出	灑	出	2490
灑遍	灑	遍	1720
灑上	灑	上	1111
烘乾	烘	乾	50485
烘烤	烘	烤	29645
烘托	烘	托	24455
烘焙	烘	焙	17990
烘乾機	烘	乾機	13620
烘製	烘	製	1170
烘雲托月	烘	雲托月	555
烘培	烘	培	1
煮熟	煮	熟	51330
煮沸	煮	沸	36490
煮飯	煮	飯	19280
煮成	煮	成	13485
煮食	煮	食	8660
煮爛	煮	爛	6730
煮水	煮	水	4470
煮菜	煮	菜	2280
煞費苦心	煞	費苦心	10335
煞是	煞	是	9470
煞氣	煞	氣	8670
煞有介事	煞	有介事	7455
煞星	煞	星	4580
煞住	煞	住	1385
煞尾	煞	尾	725
煞車	煞	車	1
熬夜	熬	夜	44460
熬過	熬	過	15280
熬到	熬	到	11225
熬煮	熬	煮	5265
熬出	熬	出	4285
熬不住	熬	不住	2970
熬不過	熬	不過	1965
熬出頭	熬	出頭	1025
爐灶	爐	灶	18065
爐火	爐	火	14280
爐火純青	爐	火純青	12880
爐渣	爐	渣	7045
爐門	爐	門	2370
爐臺	爐	臺	1250
爐床	爐	床	385
爐心	爐	心	1
狐狸	狐	狸	103735
狐狸精	狐	狸精	16180
狐疑	狐	疑	15415
狐臭	狐	臭	5465
狐媚	狐	媚	4485
狐假虎威	狐	假虎威	3120
狐步舞	狐	步舞	480
狐群狗黨	狐	群狗黨	380
畜牧	畜	牧	114865
畜牧業	畜	牧業	102830
畜生	畜	生	31075
畜產品	畜	產品	28070
畜產	畜	產	7020
畜類	畜	類	1755
畜養	畜	養	999
畜牲	畜	牲	1
矯正	矯	正	77555
矯健	矯	健	17080
矯情	矯	情	13070
矯揉造作	矯	揉造作	5695
矯治	矯	治	4858
矯枉過正	矯	枉過正	4700
矯飾	矯	飾	9
矯性	矯	性	1
碟片	碟	片	33690
碟子	碟	子	15045
碟煞	碟	煞	1
碟仙	碟	仙	1
碟影機	碟	影機	1
碟式煞車	碟	式煞車	1
碟式相機	碟	式相機	1
碟型天線	碟	型天線	1
磚頭	磚	頭	36200
磚瓦	磚	瓦	17680
磚塊	磚	塊	13240
磚牆	磚	牆	12030
磚廠	磚	廠	11735
磚面	磚	面	2835
磚窯	磚	窯	2600
磚造	磚	造	1
礙難	礙	難	9999
礙事	礙	事	4965
礙眼	礙	眼	4470
礙手礙腳	礙	手礙腳	2360
礙手	礙	手	300
礙口	礙	口	155
礙難照辦	礙	難照辦	1
礙難照准	礙	難照准	1
祈禱	祈	禱	101810
祈求	祈	求	48490
祈福	祈	福	25695
祈願	祈	願	11450
祈望	祈	望	3725
祈雨	祈	雨	3715
祈禱文	祈	禱文	1010
祈請	祈	請	1
秉榮	秉	榮	2
秉承	秉	承	135310
秉持	秉	持	16850
秉性	秉	性	10075
秉公	秉	公	4665
秉燭夜遊	秉	燭夜遊	1180
秉直	秉	直	625
秉公處理	秉	公處理	445
秘密	秘	密	460920
秘書	秘	書	271780
秘書長	秘	書長	225010
秘訣	秘	訣	91250
秘書處	秘	書處	78865
秘方	秘	方	41315
秘魯	秘	魯	32530
秘笈	秘	笈	1
篤信	篤	信	9000
篤定	篤	定	8165
篤行	篤	行	4115
篤實	篤	實	1925
篤學	篤	學	1620
篤志	篤	志	1505
篤厚	篤	厚	610
篤念	篤	念	1
緝拿	緝	拿	9315
緝毒	緝	毒	9095
緝私	緝	私	8740
緝捕	緝	捕	5165
緝凶	緝	凶	745
緝獲	緝	獲	500
緝盜	緝	盜	100
緝私船	緝	私船	1
緣由	緣	由	304800
緣分	緣	分	96995
緣起	緣	起	5328
緣木求魚	緣	木求魚	2555
緣故	緣	故	1257
緣份	緣	份	1
緣因	緣	因	1
緣定三生	緣	定三生	1
續集	續	集	32690
續約	續	約	18150
續聘	續	聘	8385
續篇	續	篇	5745
續航力	續	航力	2970
續弦	續	弦	1875
續任	續	任	975
續假	續	假	118
翠綠	翠	綠	31665
翠玉	翠	玉	5955
翠柏	翠	柏	5765
翠綠色	翠	綠色	4540
翠鳥	翠	鳥	4250
翠微	翠	微	133
翠華	翠	華	1
翠亨村	翠	亨村	1
而且	而	且	502223
而是	而	是	500769
而已	而	已	500312
而後	而	後	171340
而今	而	今	91815
而外	而	外	28325
而立之年	而	立之年	7280
而況	而	況	999
肅穆	肅	穆	20085
肅然起敬	肅	然起敬	12955
肅清	肅	清	10180
肅然	肅	然	6995
肅殺	肅	殺	6550
肅靜	肅	靜	5300
肅立	肅	立	5285
肅貪	肅	貪	840
肩膀	肩	膀	153880
肩上	肩	上	57090
肩頭	肩	頭	46025
肩負	肩	負	40115
肩章	肩	章	6815
肩胛骨	肩	胛骨	4720
肩胛	肩	胛	838
肩起	肩	起	335
腥味	腥	味	16520
腥臭	腥	臭	6390
腥氣	腥	氣	3420
腥羶	腥	羶	2535
腥臊	腥	臊	1160
腥膩	腥	膩	115
腥臊味	腥	臊味	1
腥風血雨	腥	風血雨	1
臘肉	臘	肉	33516
臘月	臘	月	21790
臘八粥	臘	八粥	14461
臘腸	臘	腸	6515
臘味	臘	味	5060
臘八	臘	八	2370
臘腸狗	臘	腸狗	760
臘腸樹	臘	腸樹	1
舖成	舖	成	1
舖蓋	舖	蓋	1
舖排	舖	排	1
舖平	舖	平	1
舖設	舖	設	1
舖位	舖	位	1
舖下	舖	下	1
舖張	舖	張	1
艷麗	艷	麗	66005
艷羨	艷	羨	13530
艷陽	艷	陽	11360
艷舞	艷	舞	8505
艷陽天	艷	陽天	8110
艷福	艷	福	7180
艷色	艷	色	3400
艷事	艷	事	775
茅草	茅	草	14490
茅屋	茅	屋	14020
茅塞頓開	茅	塞頓開	6575
茅舍	茅	舍	3985
茅房	茅	房	3680
茅坑	茅	坑	3560
茅廬	茅	廬	2540
茅塞	茅	塞	1
葡萄	葡	萄	235060
葡萄酒	葡	萄酒	298849
葡萄牙	葡	萄牙	72855
葡萄糖	葡	萄糖	58330
葡萄乾	葡	萄乾	28287
葡萄園	葡	萄園	13440
葡萄柚	葡	萄柚	12184
葡萄汁	葡	萄汁	8909
蒲燒	蒲	燒	1
蒲公英	蒲	公英	27515
蒲松齡	蒲	松齡	7850
蒲團	蒲	團	5575
蒲扇	蒲	扇	3310
蒲葵	蒲	葵	1880
蒲劍	蒲	劍	255
蒲柳之姿	蒲	柳之姿	1
蓬勃	蓬	勃	45255
蓬萊	蓬	萊	40140
蓬鬆	蓬	鬆	20145
蓬頭垢面	蓬	頭垢面	5745
蓬亂	蓬	亂	3075
蓬萊米	蓬	萊米	114
蓬蓽生輝	蓬	蓽生輝	53
蓬萊仙島	蓬	萊仙島	1
蔥油餅	蔥	油餅	3015
蔥花	蔥	花	19970
蔥頭	蔥	頭	13880
蔥白	蔥	白	10165
蔥綠	蔥	綠	4740
蔥蔥	蔥	蔥	3505
蔥蒜	蔥	蒜	2930
蔥嶺	蔥	嶺	2220
蕩漾	蕩	漾	37245
蕩然無存	蕩	然無存	18640
蕩氣迴腸	蕩	氣迴腸	10785
蕩婦	蕩	婦	7650
蕩蕩	蕩	蕩	5395
蕩然	蕩	然	1745
蕩船	蕩	船	1
蕩寇	蕩	寇	1
蠟燭	蠟	燭	100340
蠟染	蠟	染	11205
蠟筆	蠟	筆	9105
蠟像	蠟	像	7110
蠟紙	蠟	紙	4060
蠟油	蠟	油	3290
蠟炬	蠟	炬	860
蠟梅	蠟	梅	1
袖子	袖	子	34315
袖口	袖	口	20135
袖珍	袖	珍	15555
袖手旁觀	袖	手旁觀	10005
袖扣	袖	扣	3700
袖手	袖	手	3460
袖珍型	袖	珍型	2485
袖珍本	袖	珍本	355
裸體	裸	體	68900
裸露	裸	露	54665
裸奔	裸	奔	17530
裸照	裸	照	11195
裸女	裸	女	7045
裸身	裸	身	2540
裸胸	裸	胸	440
裸裎	裸	裎	1
覺得	覺	得	500907
覺悟	覺	悟	63580
覺醒	覺	醒	45720
覺察	覺	察	27380
覺察到	覺	察到	12460
覺民	覺	民	2100
覺查	覺	查	1
覺出	覺	出	1
詐騙	詐	騙	84545
詐降	詐	降	1790
詐死	詐	死	1425
詐稱	詐	稱	1265
詐術	詐	術	580
詐財	詐	財	1
詐欺	詐	欺	1
詐欺罪	詐	欺罪	1
謹慎	謹	慎	209670
謹防	謹	防	32690
謹記	謹	記	14760
謹言慎行	謹	言慎行	2546
謹言	謹	言	900
謹嚴	謹	嚴	99
謹守	謹	守	4
謹記在心	謹	記在心	1
豁免	豁	免	43030
豁達	豁	達	30765
豁然開朗	豁	然開朗	21785
豁出去	豁	出去	4185
豁免權	豁	免權	3900
豁然	豁	然	2895
豁然貫通	豁	然貫通	2365
豁拳	豁	拳	1
販賣	販	賣	53575
販子	販	子	20750
販毒	販	毒	20705
販運	販	運	9575
販售	販	售	5745
販賣機	販	賣機	1850
販夫走卒	販	夫走卒	289
販賣部	販	賣部	1
賴皮	賴	皮	5870
賴床	賴	床	3975
賴於	賴	於	1111
賴以為生	賴	以為生	775
賴債	賴	債	1
賴帳	賴	帳	1
賴索托	賴	索托	1
賴比瑞亞	賴	比瑞亞	1
贈送	贈	送	473365
贈品	贈	品	71275
贈給	贈	給	11090
贈予	贈	予	9500
贈閱	贈	閱	6095
贈言	贈	言	5790
贈獎	贈	獎	565
贈與	贈	與	559
赴宴	赴	宴	19190
赴會	赴	會	15955
赴約	赴	約	12300
赴湯蹈火	赴	湯蹈火	6690
赴任	赴	任	5175
赴考	赴	考	2180
赴敵	赴	敵	460
赴義	赴	義	1
軋鋼	軋	鋼	8110
軋死	軋	死	1880
軋軋	軋	軋	1235
軋平	軋	平	570
軋頭寸	軋	頭寸	1
軋進	軋	進	1
軋入	軋	入	1
軋戲	軋	戲	1
辛苦	辛	苦	245765
辛勤	辛	勤	50925
辛辣	辛	辣	40820
辛酸	辛	酸	36070
辛亥革命	辛	亥革命	26690
辛勞	辛	勞	25520
辛亥	辛	亥	17710
辛丑	辛	丑	10505
遁形	遁	形	2665
遁逃	遁	逃	2645
遁走	遁	走	2180
遁世	遁	世	2010
遁隱	遁	隱	375
遁藏	遁	藏	315
遁跡銷聲	遁	跡銷聲	1
遁辭	遁	辭	1
遵守	遵	守	500375
遵循	遵	循	312080
遵照	遵	照	50505
遵從	遵	從	42300
遵命	遵	命	8280
遵行	遵	行	7015
遵奉	遵	奉	1640
遵辦	遵	辦	380
邁出	邁	出	86720
邁進	邁	進	71635
邁向	邁	向	54900
邁入	邁	入	24025
邁阿密	邁	阿密	19830
邁步	邁	步	18405
邁開	邁	開	13300
邁往	邁	往	1
鄙視	鄙	視	76015
鄙夷	鄙	夷	31350
鄙棄	鄙	棄	1999
鄙陋	鄙	陋	1790
鄙俗	鄙	俗	1280
鄙見	鄙	見	999
鄙人	鄙	人	111
鄙薄	鄙	薄	99
酬金	酬	金	23685
酬勞	酬	勞	16265
酬賓	酬	賓	9660
酬謝	酬	謝	8095
酬酢	酬	酢	1075
酬答	酬	答	1055
酬神	酬	神	6
酬庸	酬	庸	1
酷愛	酷	愛	35545
酷似	酷	似	35495
酷暑	酷	暑	29125
酷刑	酷	刑	15230
酷熱	酷	熱	14015
酷寒	酷	寒	2460
酷肖	酷	肖	995
酷好	酷	好	1
鍋貼	鍋	貼	8673
鍋燒一族	鍋	燒一族	2
鍋燒	鍋	燒	888
鍋爐	鍋	爐	166130
鍋蓋	鍋	蓋	9999
鍋巴	鍋	巴	6995
鍋子	鍋	子	6915
鍋鏟	鍋	鏟	3225
闊別	闊	別	9875
闊綽	闊	綽	5790
闊步	闊	步	4135
闊氣	闊	氣	3260
闊葉樹	闊	葉樹	2305
闊佬	闊	佬	1555
闊少	闊	少	1435
闊度	闊	度	1
闖入	闖	入	42060
闖蕩	闖	蕩	21700
闖紅燈	闖	紅燈	13085
闖關	闖	關	12860
闖禍	闖	禍	5695
闖江湖	闖	江湖	2460
闖下	闖	下	1945
闖空門	闖	空門	1
陡然	陡	然	35785
陡峭	陡	峭	31175
陡坡	陡	坡	17750
陡增	陡	增	4505
陡峻	陡	峻	2420
陡直	陡	直	1100
陡立	陡	立	111
陡斜	陡	斜	1
需要	需	要	503359
需求	需	求	519652
需求量	需	求量	109540
需用	需	用	32470
需要量	需	要量	16065
需求面	需	求面	500
需款	需	款	1
需款孔急	需	款孔急	1
霸道	霸	道	256877
霸王	霸	王	62575
霸主	霸	主	47580
霸氣	霸	氣	37900
霸占	霸	占	36860
霸佔	霸	佔	36860
霸權	霸	權	29415
霸業	霸	業	13410
韻味	韻	味	65095
韻律	韻	律	29550
韻母	韻	母	11910
韻致	韻	致	4825
韻文	韻	文	4290
韻腳	韻	腳	3275
韻事	韻	事	1360
韻律體操	韻	律體操	80
頒發	頒	發	417410
頒布	頒	布	242140
頒獎	頒	獎	94985
頒給	頒	給	5435
頒授	頒	授	2760
頒行	頒	行	1111
頒贈	頒	贈	1015
頒贈給	頒	贈給	1
頗有	頗	有	120865
頗為	頗	為	115140
頗佳	頗	佳	6340
頗覺	頗	覺	2985
頗好	頗	好	2215
頗重	頗	重	1905
頗久	頗	久	315
頗為可觀	頗	為可觀	1
馴服	馴	服	14935
馴養	馴	養	16030
馴化	馴	化	12355
馴鹿	馴	鹿	6805
馴獸師	馴	獸師	1900
馴良	馴	良	1170
馴順	馴	順	860
馴和	馴	和	1
鴨子	鴨	子	64130
鴨蛋	鴨	蛋	26340
鴨綠江	鴨	綠江	12805
鴨頭	鴨	頭	3440
鴨舌帽	鴨	舌帽	3130
鴨毛	鴨	毛	1535
鴨嘴獸	鴨	嘴獸	1510
鴨蛋臉	鴨	蛋臉	1
龜頭	龜	頭	33045
龜甲	龜	甲	6765
龜裂	龜	裂	6478
龜殼	龜	殼	4055
龜山鄉	龜	山鄉	205
龜茲	龜	茲	100
龜山島	龜	山島	60
龜山	龜	山	8
也許	也	許	500653
也想	也	想	888
也要	也	要	888
也可	也	可	888
也好	也	好	276910
也罷	也	罷	70555
也似	也	似	14670
仇恨	仇	恨	83655
仇人	仇	人	35535
仇視	仇	視	13245
仇敵	仇	敵	12285
仇家	仇	家	10765
仇怨	仇	怨	4340
仇隙	仇	隙	3
俠客	俠	客	224265
俠義	俠	義	15770
俠士	俠	士	8355
俠女	俠	女	8215
俠盜	俠	盜	3535
俠骨柔腸	俠	骨柔腸	1
俠氣干雲	俠	氣干雲	1
債券	債	券	1290637
債務	債	務	703307
債權	債	權	427988
債權人	債	權人	172843
債務人	債	務人	118399
債主	債	主	12560
債臺高築	債	臺高築	3520
僅僅	僅	僅	440170
僅有	僅	有	197665
僅是	僅	是	136720
僅次於	僅	次於	75890
僅存	僅	存	30605
僅及	僅	及	1
僅只	僅	只	1
兄弟	兄	弟	500328
兄妹	兄	妹	47470
兄長	兄	長	32480
兄臺	兄	臺	12040
兄嫂	兄	嫂	2345
兄弟鬩牆	兄	弟鬩牆	550
兄友弟恭	兄	友弟恭	495
刁難	刁	難	20730
刁鑽	刁	鑽	9815
刁蠻	刁	蠻	8200
刁民	刁	民	4395
刁鑽古怪	刁	鑽古怪	860
刁頑	刁	頑	255
刁滑	刁	滑	11
刷牙	刷	牙	43400
刷卡	刷	卡	67905
刷新	刷	新	214395
刷子	刷	子	26395
刷洗	刷	洗	10240
刷掉	刷	掉	3610
刷下來	刷	下來	1
剃鬚刀	剃	鬚刀	14560
剃頭	剃	頭	9270
剃刀	剃	刀	8255
剃髮	剃	髮	4195
剃頭刀	剃	頭刀	320
剃頭匠	剃	頭匠	1
剃頭擔子	剃	頭擔子	1
剖析	剖	析	108855
剖面	剖	面	16580
剖開	剖	開	10200
剖腹	剖	腹	9480
剖白	剖	白	1650
剖解	剖	解	610
剖腹生產	剖	腹生產	1
勒索	勒	索	18575
勒令	勒	令	12310
勒住	勒	住	5450
勒死	勒	死	1915
勒緊褲帶	勒	緊褲帶	1435
勒戒	勒	戒	1
勒贖	勒	贖	1
勘察	勘	察	92925
勘查	勘	查	81170
勘測	勘	測	33970
勘驗	勘	驗	14615
勘誤	勘	誤	5240
勘亂	勘	亂	1
勘災	勘	災	1
匹配	匹	配	191010
匹敵	匹	敵	9125
匹夫	匹	夫	8100
匹茲堡	匹	茲堡	3315
匹夫之勇	匹	夫之勇	1880
匹練	匹	練	1
匹夫匹婦	匹	夫匹婦	1
叔叔	叔	叔	146520
叔父	叔	父	18175
叔伯	叔	伯	9999
叔本華	叔	本華	7215
叔公	叔	公	4140
叔祖	叔	祖	2635
叔姪	叔	姪	1
叛逆	叛	逆	40645
叛亂	叛	亂	27145
叛軍	叛	軍	22960
叛徒	叛	徒	22400
叛變	叛	變	13915
叛國	叛	國	4890
叛離	叛	離	1535
句子	句	子	202385
句型	句	型	48245
句號	句	號	35425
句法	句	法	14710
句讀	句	讀	2430
句點	句	點	111
句當	句	當	1
君子	君	子	139465
君主	君	主	57085
君王	君	王	32980
君權	君	權	4895
君主立憲	君	主立憲	3780
君主政體	君	主政體	1170
君子協定	君	子協定	206
哪裡	哪	裡	440380
哪個	哪	個	888
哪些	哪	些	1
哪兒	哪	兒	131215
哪怕	哪	怕	156635
哪吒	哪	吒	14235
哪門子	哪	門子	4430
唇膏	唇	膏	31265
唇部	唇	部	22160
唇齒	唇	齒	6045
唇舌	唇	舌	5965
唇槍舌劍	唇	槍舌劍	4890
唇瓣	唇	瓣	4750
唇亡齒寒	唇	亡齒寒	1695
唾液	唾	液	30080
唾棄	唾	棄	13625
唾手可得	唾	手可得	6690
唾罵	唾	罵	6105
唾面自乾	唾	面自乾	285
唾腺	唾	腺	7
唾沫直嚥	唾	沫直嚥	1
囚犯	囚	犯	26345
囚禁	囚	禁	17280
囚徒	囚	徒	8730
囚車	囚	車	5065
囚牢	囚	牢	1740
囚房	囚	房	590
囚首垢面	囚	首垢面	1
墾區	墾	區	13140
墾荒	墾	荒	5250
墾殖	墾	殖	2045
墾地	墾	地	785
墾丁	墾	丁	1
墾民	墾	民	1
墾丁公園	墾	丁公園	1
夙願	夙	願	10865
夙興夜寐	夙	興夜寐	1040
夙夜匪懈	夙	夜匪懈	235
夙儒	夙	儒	1
夙怨	夙	怨	1
夙負盛名	夙	負盛名	1
夙願以償	夙	願以償	1
奏效	奏	效	31040
奏出	奏	出	11065
奏鳴曲	奏	鳴曲	11005
奏樂	奏	樂	9999
奏摺	奏	摺	7965
奏功	奏	功	880
奏捷	奏	捷	435
嫌棄	嫌	棄	284755
嫌疑	嫌	疑	73560
嫌犯	嫌	犯	16695
嫌疑犯	嫌	疑犯	8435
嫌惡	嫌	惡	4475
嫌隙	嫌	隙	2600
嫌憎	嫌	憎	110
嬉戲	嬉	戲	38125
嬉笑	嬉	笑	11250
嬉鬧	嬉	鬧	8545
嬉水	嬉	水	4415
嬉皮	嬉	皮	4325
嬉笑怒罵	嬉	笑怒罵	4125
嬉遊	嬉	遊	1011
季節	季	節	348890
季節性	季	節性	43055
季軍	季	軍	28105
季風	季	風	23110
季刊	季	刊	14965
季節風	季	節風	1
季辛吉	季	辛吉	1
寓意	寓	意	61055
寓言	寓	言	39180
寓教於樂	寓	教於樂	18620
寓所	寓	所	13460
寓居	寓	居	4035
寓兵於農	寓	兵於農	265
寓公	寓	公	185
岳陽	岳	陽	53505
岳飛	岳	飛	35045
岳父	岳	父	24005
岳母	岳	母	17410
岳陽樓	岳	陽樓	7705
岳丈	岳	丈	2040
岳家	岳	家	389
崑山	崑	山	95285
崑崙	崑	崙	71330
崑曲	崑	曲	17750
崑崙山	崑	崙山	14885
崑劇	崑	劇	4325
崑腔	崑	腔	1455
崑山工專	崑	山工專	1
州長	州	長	17830
州郡	州	郡	7320
州立	州	立	6140
州官	州	官	2295
州里	州	里	2290
州官放火	州	官放火	255
州際	州	際	1
巫師	巫	師	42285
巫術	巫	術	19395
巫山	巫	山	18530
巫婆	巫	婆	16615
巫峽	巫	峽	7325
巫醫	巫	醫	4445
巫蠱	巫	蠱	1480
庭院	庭	院	76060
庭長	庭	長	5490
庭上	庭	上	5370
庭園	庭	園	1999
庭訓	庭	訓	1165
庭除	庭	除	760
庭訊	庭	訊	1
庸俗	庸	俗	38785
庸人	庸	人	6320
庸才	庸	才	4915
庸醫	庸	醫	4760
庸碌	庸	碌	3245
庸人自擾	庸	人自擾	2935
庸庸碌碌	庸	庸碌碌	2805
廉價	廉	價	105025
廉政	廉	政	93675
廉潔	廉	潔	75585
廉恥	廉	恥	7335
廉明	廉	明	1180
廉能	廉	能	1
廉讓	廉	讓	1
弦樂	弦	樂	15700
弦月	弦	月	4725
弦外之音	弦	外之音	3905
弦樂器	弦	樂器	3860
弦音	弦	音	2480
弦樂隊	弦	樂隊	495
弦歌不輟	弦	歌不輟	1
很厲害	很	厲害	888
很想	很	想	888
很多	很	多	888
很棒	很	棒	888
很會	很	會	888
很少	很	少	888
很短	很	短	888
息息相關	息	息相關	55050
息怒	息	怒	4610
息事寧人	息	事寧人	4335
息影	息	影	1845
息兵	息	兵	670
息訟	息	訟	475
息錢	息	錢	1
悔恨	悔	恨	25790
悔改	悔	改	12705
悔過	悔	過	9940
悔意	悔	意	4400
悔悟	悔	悟	3515
悔不當初	悔	不當初	1890
悔過書	悔	過書	985
惠玲	惠	玲	2
惠民	惠	民	27045
惠顧	惠	顧	16185
惠而不費	惠	而不費	665
惠存	惠	存	275
惠帝	惠	帝	4
惠安	惠	安	1
慧眼	慧	眼	21995
慧心	慧	心	3815
慧根	慧	根	3260
慧光	慧	光	2290
慧黠	慧	黠	1900
慧眼識英雄	慧	眼識英雄	735
慧性	慧	性	1
慰問	慰	問	93320
慰問金	慰	問金	32741
慰藉	慰	藉	21670
慰安婦	慰	安婦	9260
慰勞	慰	勞	6515
慰勉	慰	勉	620
慰留	慰	留	595
懲罰	懲	罰	162210
懲治	懲	治	66380
懲處	懲	處	38410
懲戒	懲	戒	34300
懲辦	懲	辦	4715
懲前毖後	懲	前毖後	4000
懲惡獎善	懲	惡獎善	1
扳手	扳	手	21230
扳機	扳	機	14090
扳回	扳	回	7060
扳倒	扳	倒	2950
扳成	扳	成	2400
扳開	扳	開	2165
扳回一城	扳	回一城	850
拂曉	拂	曉	10475
拂面	拂	面	9685
拂袖而去	拂	袖而去	5380
拂拭	拂	拭	3640
拂袖	拂	袖	3220
拂塵	拂	塵	999
拂逆	拂	逆	840
拱手	拱	手	24600
拱門	拱	門	21115
拱橋	拱	橋	10650
拱形	拱	形	9305
拱起	拱	起	3745
拱手讓人	拱	手讓人	1580
拱手作揖	拱	手作揖	1
挪用	挪	用	171500
挪威	挪	威	73470
挪動	挪	動	18120
挪移	挪	移	8690
挪開	挪	開	4885
挪出	挪	出	2065
挪借	挪	借	270
掘出	掘	出	5050
掘起	掘	起	2475
掘井	掘	井	1435
掘取	掘	取	2
掘洞	掘	洞	1
掘拾	掘	拾	1
掘穴	掘	穴	1
擇偶	擇	偶	15575
擇要	擇	要	11190
擇吉	擇	吉	9999
擇友	擇	友	4745
擇期	擇	期	3420
擇肥而噬	擇	肥而噬	1
擇善固執	擇	善固執	1
擒拿	擒	拿	8950
擒獲	擒	獲	8080
擒住	擒	住	5570
擒賊	擒	賊	790
擒賊擒王	擒	賊擒王	765
擒伏	擒	伏	1
擒服	擒	服	1
敏感	敏	感	219870
敏捷	敏	捷	134135
敏感性	敏	感性	57035
敏銳	敏	銳	50610
敏感度	敏	感度	21905
敏慧	敏	慧	2345
敏達	敏	達	1
敘述	敘	述	161840
敘事	敘	事	68875
敘利亞	敘	利亞	35320
敘說	敘	說	8370
敘舊	敘	舊	4745
敘事詩	敘	事詩	3425
敘明	敘	明	1
斯大林	斯	大林	55735
斯文	斯	文	37615
斯巴達	斯	巴達	11365
斯人	斯	人	8990
斯拉夫	斯	拉夫	6590
斯文掃地	斯	文掃地	905
斯時	斯	時	1
旱災	旱	災	15025
旱地	旱	地	14805
旱澇	旱	澇	3055
旱田	旱	田	2550
旱鴨子	旱	鴨子	1645
旱船	旱	船	1395
旱象	旱	象	585
晨曦	晨	曦	39395
晨光	晨	光	30720
晨星	晨	星	23415
晨昏	晨	昏	6175
晨間	晨	間	3585
晨跑	晨	跑	3265
晨操	晨	操	535
晴空	晴	空	2045
晴天	晴	天	55000
晴朗	晴	朗	27710
晴雨表	晴	雨表	12025
晴天霹靂	晴	天霹靂	10260
晴空萬里	晴	空萬里	6300
晴和	晴	和	1
晶體	晶	體	77515
晶瑩	晶	瑩	47940
晶瑩剔透	晶	瑩剔透	31060
晶片	晶	片	19880
晶亮	晶	亮	10415
晶狀體	晶	狀體	9665
晶粒	晶	粒	8685
暈倒	暈	倒	43825
暈眩	暈	眩	17170
暈車	暈	車	12535
暈頭轉向	暈	頭轉向	11730
暈厥	暈	厥	10965
暈船	暈	船	5440
暈機	暈	機	3045
杏仁	杏	仁	41965
杏花	杏	花	18465
杏林	杏	林	17815
杏花村	杏	花村	12461
杏樹	杏	樹	6000
杏眼	杏	眼	2965
杏壇	杏	壇	5
梨花	梨	花	35115
梨子	梨	子	27097
梨樹	梨	樹	11690
梨果	梨	果	2230
梨園	梨	園	1971
梨渦	梨	渦	1111
梨山	梨	山	134
淪為	淪	為	52250
淪落	淪	落	19155
淪陷	淪	陷	18920
淪喪	淪	喪	8020
淪陷區	淪	陷區	2585
淪入	淪	入	1675
淪亡	淪	亡	1445
滲透	滲	透	181910
滲漏	滲	漏	45090
滲入	滲	入	38495
滲出	滲	出	35095
滲水	滲	水	18205
滲透性	滲	透性	11890
滲透壓	滲	透壓	6080
潔白	潔	白	44690
潔淨	潔	淨	8888
潔癖	潔	癖	8360
潔身自好	潔	身自好	7680
潔身	潔	身	3775
潔身自愛	潔	身自愛	3545
潔白無瑕	潔	白無瑕	2670
潰瘍	潰	瘍	64845
潰爛	潰	爛	14150
潰敗	潰	敗	8485
潰不成軍	潰	不成軍	6531
潰散	潰	散	4315
潰決	潰	決	1690
潰亂	潰	亂	385
澆水	澆	水	54725
澆灌	澆	灌	25380
澆花	澆	花	6995
澆下	澆	下	1470
澆冷水	澆	冷水	505
澆薄	澆	薄	2
澆漓	澆	漓	1
烤箱	烤	箱	40543
烤漆	烤	漆	26345
烤鴨	烤	鴨	24805
烤爐	烤	爐	7690
烤火	烤	火	6365
烤焦	烤	焦	3660
烤麵包機	烤	麵包機	905
熔化	熔	化	23860
熔點	熔	點	20235
熔岩	熔	岩	15615
熔爐	熔	爐	7745
熔接	熔	接	6735
熔合	熔	合	2960
熔解	熔	解	1455
爽口	爽	口	27960
爽快	爽	快	26795
爽朗	爽	朗	17740
爽脆	爽	脆	4000
爽身粉	爽	身粉	3595
爽約	爽	約	2725
爽直	爽	直	2525
爾後	爾	後	26545
爾等	爾	等	13255
爾雅	爾	雅	9160
爾虞我詐	爾	虞我詐	8460
爾格	爾	格	4340
爾來	爾	來	2375
爾時	爾	時	1
狀況	狀	況	500560
狀態	狀	態	503366
狀元	狀	元	79045
狀語	狀	語	13710
狀子	狀	子	1630
狀紙	狀	紙	1020
狀聲詞	狀	聲詞	1
由於	由	於	502498
由于	由	于	502498
由此	由	此	500271
由來	由	來	59335
由衷	由	衷	51695
由不得	由	不得	5670
由他去	由	他去	985
盈利	盈	利	99999
盈餘	盈	餘	37205
盈虧	盈	虧	33750
盈滿	盈	滿	4440
盈門	盈	門	3215
盈盈的	盈	盈的	1
盈千累萬	盈	千累萬	1
益處	益	處	45950
益智	益	智	40230
益發	益	發	6485
益壽	益	壽	6095
益友	益	友	5540
益蟲	益	蟲	1170
益加	益	加	1
盟軍	盟	軍	32500
盟友	盟	友	28910
盟國	盟	國	16675
盟約	盟	約	10490
盟主	盟	主	4456
盟邦	盟	邦	795
盟機	盟	機	1
盧美智	盧	美智	2
盧布	盧	布	20415
盧森堡	盧	森堡	19970
盧梭	盧	梭	16502
盧比	盧	比	16255
盧江	盧	江	1
盧溝橋事件	盧	溝橋事件	1
碩士	碩	士	335400
碩果	碩	果	14670
碩大	碩	大	10445
碩士班	碩	士班	5010
碩果僅存	碩	果僅存	3215
碩大無朋	碩	大無朋	1085
碩彥	碩	彥	1
禿頭	禿	頭	11040
禿頂	禿	頂	6965
禿子	禿	子	6150
禿鷲	禿	鷲	5325
禿鷹	禿	鷹	5065
禿髮	禿	髮	3285
禿髮症	禿	髮症	1
稚嫩	稚	嫩	29535
稚氣	稚	氣	13160
稚子	稚	子	2575
稚女	稚	女	220
稚齡	稚	齡	5
稚拙	稚	拙	2
稚暉	稚	暉	1
穀物	穀	物	47065
穀類	穀	類	17815
穀子	穀	子	14200
穀雨	穀	雨	9130
穀倉	穀	倉	4500
穀賤傷農	穀	賤傷農	675
穀場	穀	場	1
窩囊	窩	囊	14180
窩裡反	窩	裡反	9999
窩藏	窩	藏	6360
窩心	窩	心	5070
窩窩頭	窩	窩頭	2300
窩巢	窩	巢	950
窩瓦河	窩	瓦河	1
笨蛋	笨	蛋	44385
笨拙	笨	拙	29955
笨重	笨	重	20500
笨手笨腳	笨	手笨腳	4640
笨鳥先飛	笨	鳥先飛	2793
笨賊	笨	賊	1415
笨瓜	笨	瓜	1155
筋骨	筋	骨	24510
筋疲力盡	筋	疲力盡	15960
筋斗	筋	斗	6610
筋脈	筋	脈	5415
筋肉	筋	肉	3195
筋絡	筋	絡	1575
筋疲力竭	筋	疲力竭	1370
糟糕	糟	糕	66885
糟蹋	糟	蹋	19890
糟粕	糟	粕	12130
糟透了	糟	透了	3770
糟糠	糟	糠	1625
糟糠之妻	糟	糠之妻	1020
糟塌	糟	塌	1
紋理	紋	理	70550
紋飾	紋	飾	25775
紋身	紋	身	25015
紋路	紋	路	21585
紋絲不動	紋	絲不動	8650
紋眉	紋	眉	1270
紋風不動	紋	風不動	540
紗線	紗	線	39745
紗布	紗	布	35095
紗窗	紗	窗	14785
紗廠	紗	廠	5480
紗錠	紗	錠	2790
紗門	紗	門	2600
紗帽	紗	帽	406
紮實	紮	實	197550
紮根	紮	根	41920
紮營	紮	營	17145
紮下	紮	下	7470
紮起	紮	起	4605
紮好	紮	好	4125
紮緊	紮	緊	739
給予	給	予	500809
給以	給	以	32325
給水	給	水	7584
給足	給	足	5210
給付	給	付	2297
給糧	給	糧	1
給與	給	與	1
綿羊	綿	羊	66185
綿綿	綿	綿	38505
綿延	綿	延	31290
綿長	綿	長	13815
綿密	綿	密	4730
綿亙	綿	亙	3430
綿裡針	綿	裡針	1
聘請	聘	請	199975
聘用	聘	用	172420
聘任	聘	任	126515
聘書	聘	書	14785
聘禮	聘	禮	5270
聘金	聘	金	1300
聘僱	聘	僱	1
脈衝	脈	衝	93765
脈搏	脈	搏	58600
脈絡	脈	絡	42405
脈動	脈	動	16710
脈象	脈	象	5980
脈脈	脈	脈	3333
脈波	脈	波	1
脊柱	脊	柱	42410
脊椎	脊	椎	25985
脊梁	脊	梁	20845
脊背	脊	背	15235
脊髓	脊	髓	12350
脊椎動物	脊	椎動物	9435
脊椎骨	脊	椎骨	4185
腸胃	腸	胃	62785
腸炎	腸	炎	19515
腸子	腸	子	16175
腸管	腸	管	5515
腸胃炎	腸	胃炎	4220
腸胃病	腸	胃病	3095
腸線	腸	線	13
芝麻	芝	麻	70075
芝加哥	芝	加哥	58180
芝蘭	芝	蘭	3605
芝麻綠豆	芝	麻綠豆	1200
芝麻小事	芝	麻小事	950
芝城	芝	城	1
芝麻街	芝	麻街	1
苛刻	苛	刻	36955
苛求	苛	求	22925
苛責	苛	責	4610
苛捐雜稅	苛	捐雜稅	2555
苛政	苛	政	1620
苛待	苛	待	1111
苛薄	苛	薄	1
葬禮	葬	禮	32125
葬送	葬	送	10540
葬身	葬	身	6555
葬儀	葬	儀	1090
葬身之地	葬	身之地	890
葬送掉	葬	送掉	365
葬儀社	葬	儀社	175
蔣介石	蔣	介石	98025
蔣經國	蔣	經國	5715
蔣公	蔣	公	3333
蔣緯國	蔣	緯國	133
蔣彥士	蔣	彥士	1
蔣中正	蔣	中正	1
蔣故總統	蔣	故總統	1
藉助	藉	助	286935
藉口	藉	口	129390
藉機	藉	機	33950
藉以	藉	以	23830
藉故	藉	故	10410
藉由	藉	由	6600
藉詞	藉	詞	9
蘆薈	蘆	薈	54880
蘆筍	蘆	筍	26473
蘆葦	蘆	葦	38995
蘆洲	蘆	洲	1
蘆竹	蘆	竹	2
蘆花	蘆	花	5928
蘆溝橋	蘆	溝橋	1
蛙人	蛙	人	2650
蛙跳	蛙	跳	2615
蛙鳴	蛙	鳴	2420
蛙式	蛙	式	805
蛙鞋	蛙	鞋	495
蛙鏡	蛙	鏡	1
蛙人操	蛙	人操	1
裹住	裹	住	11600
裹上	裹	上	6060
裹足不前	裹	足不前	4955
裹腳	裹	腳	1580
裹足	裹	足	1175
裹脅	裹	脅	1050
裹傷	裹	傷	1
詭異	詭	異	78390
詭計	詭	計	17035
詭譎	詭	譎	6715
詭辯	詭	辯	5860
詭詐	詭	詐	3215
詭計多端	詭	計多端	3125
詭奇	詭	奇	999
豔遇	豔	遇	23945
豔麗	豔	麗	66005
豔陽	豔	陽	11360
豔陽天	豔	陽天	8110
豔福	豔	福	7180
豔星	豔	星	6570
豔陽高照	豔	陽高照	6405
貝殼	貝	殼	73490
貝多芬	貝	多芬	33010
貝類	貝	類	19730
貝勒	貝	勒	12295
貝魯特	貝	魯特	7190
貝殼類	貝	殼類	3545
貝爾	貝	爾	22
貯存	貯	存	105680
貯藏	貯	藏	70360
貯水	貯	水	4565
貯藏室	貯	藏室	2090
貯水池	貯	水池	680
貯備	貯	備	671
貯蓄	貯	蓄	1
賊人	賊	人	12245
賊贓	賊	贓	9999
賊子	賊	子	4000
賊船	賊	船	3210
賊風	賊	風	1111
賊頭賊腦	賊	頭賊腦	770
賊性	賊	性	310
賜予	賜	予	30885
賜給	賜	給	22355
賜教	賜	教	15485
賜福	賜	福	8015
賜死	賜	死	3480
賜姓	賜	姓	2925
賜與	賜	與	1
賤人	賤	人	45475
賤賣	賤	賣	8005
賤妾	賤	妾	3045
賤價	賤	價	1535
賤骨頭	賤	骨頭	1175
賤內	賤	內	665
賤業	賤	業	1
賦予	賦	予	260840
賦稅	賦	稅	15670
賦詩	賦	詩	12401
賦閒	賦	閒	6666
賦有	賦	有	5160
賦歸	賦	歸	460
賦與	賦	與	1
趨勢	趨	勢	500360
趨於	趨	於	98480
趨向	趨	向	78885
趨之若鶩	趨	之若鶩	12505
趨近	趨	近	6330
趨吉避凶	趨	吉避凶	4265
趨炎附勢	趨	炎附勢	2880
輻射	輻	射	258640
輻射熱	輻	射熱	2510
輻射性	輻	射性	1900
輻輳	輻	輳	1845
輻射線	輻	射線	1290
輻湊	輻	湊	1
輻射塵	輻	射塵	1
輾轉	輾	轉	46695
輾斃	輾	斃	1
輾成	輾	成	1
輾過	輾	過	1
輾米	輾	米	1
輾平	輾	平	1
輾米廠	輾	米廠	1
逗留	逗	留	35670
逗號	逗	號	24585
逗點	逗	點	9999
逗樂	逗	樂	9010
逗笑	逗	笑	7020
逗趣	逗	趣	5205
逗人喜愛	逗	人喜愛	1
遣返	遣	返	32069
遣使	遣	使	16090
遣送	遣	送	6170
遣散	遣	散	4590
遣散費	遣	散費	1065
遣懷	遣	懷	1
遣辭用句	遣	辭用句	1
遼寧	遼	寧	362560
遼寧省	遼	寧省	222850
遼闊	遼	闊	48610
遼東半島	遼	東半島	5105
遼北	遼	北	2030
遼東灣	遼	東灣	930
遼遠	遼	遠	399
醃製	醃	製	26740
醃漬	醃	漬	6995
醃菜	醃	菜	5195
醃肉	醃	肉	2365
醃魚	醃	魚	1145
醃起來	醃	起來	1
醃漬物	醃	漬物	1
鋒利	鋒	利	27510
鋒芒	鋒	芒	22215
鋒芒畢露	鋒	芒畢露	6120
鋒刃	鋒	刃	3550
鋒面	鋒	面	3100
鋒芒太露	鋒	芒太露	970
鋒頭	鋒	頭	1
闢謠	闢	謠	7045
闢為	闢	為	10225
闢建	闢	建	1920
闢地	闢	地	1245
闢劃	闢	劃	1
闢室	闢	室	1
闢作	闢	作	1
隊伍	隊	伍	500382
隊員	隊	員	353120
隊長	隊	長	215575
隊友	隊	友	88335
隊形	隊	形	15655
隊名	隊	名	5360
隊部	隊	部	2280
霍亂	霍	亂	17705
霍然	霍	然	9999
霍去病	霍	去病	9190
霍霍	霍	霍	9170
霍爾	霍	爾	271
霍地	霍	地	111
霍亂桿菌	霍	亂桿菌	1
額滿	額	滿	9015
額外	額	外	181995
額度	額	度	103485
額頭	額	頭	86755
額數	額	數	9999
額角	額	角	6240
額手稱慶	額	手稱慶	650
顫抖	顫	抖	97005
顫動	顫	動	31250
顫聲	顫	聲	13895
顫音	顫	音	7830
顫巍巍	顫	巍巍	5155
顫慄	顫	慄	1
顫抖抖	顫	抖抖	1
饒舌	饒	舌	8610
饒河	饒	河	2385
饒恕	饒	恕	10010
饒命	饒	命	5645
饒富	饒	富	1
饒沃	饒	沃	1
饒舌歌曲	饒	舌歌曲	1
駛向	駛	向	17010
駛出	駛	出	11800
駛去	駛	去	11320
駛往	駛	往	7953
駛近	駛	近	2920
駛回	駛	回	2475
駛抵	駛	抵	1
魯班	魯	班	15510
魯莽	魯	莽	13710
魯智深	魯	智深	7630
魯鈍	魯	鈍	865
魯凱族	魯	凱族	235
魯男子	魯	男子	1
魯賓遜	魯	賓遜	1
鵝卵石	鵝	卵石	16840
鵝鑾鼻	鵝	鑾鼻	1
鵝毛	鵝	毛	5175
鵝蛋	鵝	蛋	4435
鵝黃	鵝	黃	4080
鵝黃色	鵝	黃色	2580
鵝鸞鼻	鵝	鸞鼻	1
齒輪	齒	輪	93365
齒科	齒	科	4810
齒齦	齒	齦	3590
齒狀	齒	狀	1875
齒根	齒	根	1145
齒冷	齒	冷	725
齒頰留香	齒	頰留香	1
丈夫	丈	夫	500262
丈母娘	丈	母娘	9820
丈量	丈	量	13840
丈人	丈	人	7645
丈二金剛	丈	二金剛	675
丈母	丈	母	99
似乎	似	乎	500629
似的	似	的	322505
似是	似	是	28295
似曾相識	似	曾相識	24345
似是而非	似	是而非	14280
似地	似	地	1
但是	但	是	502944
但書	但	書	389
但丁	但	丁	10890
但願	但	願	79535
但凡	但	凡	22365
但須	但	須	15800
佐料	佐	料	23255
佐證	佐	證	29850
佐餐	佐	餐	6775
佐理	佐	理	999
佐膳	佐	膳	1
佐理員	佐	理員	1
俊傑	俊	傑	30050
俊美	俊	美	20695
俊秀	俊	秀	16210
俊逸	俊	逸	11310
俊俏	俊	俏	8155
俊材	俊	材	1
倍數	倍	數	102170
倍增	倍	增	39845
倍加	倍	加	23525
倍率	倍	率	17185
倍感親切	倍	感親切	1
倍受矚目	倍	受矚目	1
倫敦	倫	敦	187260
倫理	倫	理	128045
倫理學	倫	理學	25225
倫巴	倫	巴	6740
倫常	倫	常	4575
倫次	倫	次	1
像是	像	是	266430
像樣	像	樣	9033
像差	像	差	5470
像似	像	似	2905
像話	像	話	2070
像片	像	片	1
允許	允	許	500469
允准	允	准	1390
允諾	允	諾	13840
允可	允	可	970
允當	允	當	570
允文允武	允	文允武	270
刪除	刪	除	500881
刪掉	刪	掉	888
刪去	刪	去	26590
刪減	刪	減	13945
刪改	刪	改	11515
刪節號	刪	節號	160
剩下	剩	下	96980
剩餘	剩	餘	259135
剩餘價值	剩	餘價值	14730
剩飯	剩	飯	11110
剩菜	剩	菜	5690
剩下來	剩	下來	1795
劈開	劈	開	10285
劈柴	劈	柴	7470
劈頭	劈	頭	6525
劈手	劈	手	1705
劈材	劈	材	1
劈啪	劈	啪	1
勃起	勃	起	82460
勃勃	勃	勃	10020
勃發	勃	發	9675
勃然	勃	然	2960
勃谿	勃	谿	2
勃興	勃	興	1
務必	務	必	181385
務實	務	實	161715
務求	務	求	38255
務農	務	農	19390
務須	務	須	1999
務本	務	本	258
募捐	募	捐	37995
募集	募	集	16645
募股	募	股	7565
募款	募	款	2775
募兵	募	兵	2020
募得	募	得	1795
卸下	卸	下	33490
卸妝	卸	妝	25450
卸貨	卸	貨	21090
卸除	卸	除	9999
卸任	卸	任	9980
卸責	卸	責	595
厭惡	厭	惡	79655
厭倦	厭	倦	45655
厭煩	厭	煩	41980
厭世	厭	世	4485
厭棄	厭	棄	4240
厭戰	厭	戰	1350
否則	否	則	500613
否定	否	定	192895
否認	否	認	153690
否決	否	決	35275
否決權	否	決權	7710
否極泰來	否	極泰來	2800
呵呵	呵	呵	500636
呵護	呵	護	102315
呵責	呵	責	9999
呵欠	呵	欠	5550
呵呵大笑	呵	呵大笑	2160
呵叱	呵	叱	1
員工	員	工	501022
員額	員	額	4695
員外	員	外	3585
員警	員	警	1
員林	員	林	1
員山	員	山	1
哲學	哲	學	500259
哲學家	哲	學家	72230
哲理	哲	理	48110
哲人	哲	人	23930
哲學系	哲	學系	15215
哲嗣	哲	嗣	1
啼哭	啼	哭	14260
啼笑皆非	啼	笑皆非	13230
啼叫	啼	叫	2355
啼聲	啼	聲	1755
啼笑	啼	笑	585
啼飢號寒	啼	飢號寒	285
喬治	喬	治	74725
喬木	喬	木	33405
喬遷	喬	遷	6595
喬裝	喬	裝	5580
喬治亞	喬	治亞	4395
喬治市	喬	治市	1
嘔吐	嘔	吐	120615
嘔吐物	嘔	吐物	7215
嘔心	嘔	心	2170
嘔血	嘔	血	374
嘔氣	嘔	氣	1
嘔心瀝血	嘔	心瀝血	1
境內	境	內	500261
境外	境	外	339355
境界	境	界	290405
境地	境	地	73470
境遇	境	遇	25510
境況	境	況	21780
墓地	墓	地	49510
墓碑	墓	碑	28805
墓穴	墓	穴	15800
墓園	墓	園	12315
墓誌銘	墓	誌銘	9770
墓碣	墓	碣	270
奢侈	奢	侈	59285
奢華	奢	華	58290
奢侈品	奢	侈品	46820
奢望	奢	望	34630
奢求	奢	求	13380
奢靡	奢	靡	6200
姦淫	姦	淫	8150
姦殺	姦	殺	3455
姦污	姦	污	3370
姦情	姦	情	3055
姦夫	姦	夫	2780
姦夫淫婦	姦	夫淫婦	1360
娘娘	娘	娘	44410
娘家	娘	家	32345
娘子	娘	子	29470
娘子軍	娘	子軍	10395
娘娘腔	娘	娘腔	4935
娘惹	娘	惹	1
孩子	孩	子	501479
孩童	孩	童	31540
孩兒	孩	兒	29285
孩子氣	孩	子氣	11850
孩提時代	孩	提時代	4275
孩提	孩	提	4265
室內	室	內	414900
室外	室	外	133940
室溫	室	溫	48130
室友	室	友	32315
室內樂	室	內樂	4295
室內植物	室	內植物	1
宴會	宴	會	69835
宴請	宴	請	40180
宴席	宴	席	25610
宴客	宴	客	4430
宴飲	宴	飲	3515
宴饗	宴	饗	1
寵物	寵	物	500329
寵愛	寵	愛	54330
寵兒	寵	兒	24330
寵壞	寵	壞	7245
寵幸	寵	幸	6390
寵信	寵	信	4450
尤其	尤	其	500287
尤物	尤	物	13345
尤佳	尤	佳	8920
尤甚	尤	甚	7160
尤須	尤	須	1870
尤有甚者	尤	有甚者	1
屍體	屍	體	23520
屍骨	屍	骨	15475
屍首	屍	首	12160
屍骸	屍	骸	4035
屍骨未寒	屍	骨未寒	710
屍骨無存	屍	骨無存	1
履行	履	行	50038
履約	履	約	32660
履歷表	履	歷表	11750
履帶	履	帶	10465
履險如夷	履	險如夷	375
履新	履	新	233
已經	已	經	502755
已婚	已	婚	60285
已然	已	然	76420
已故	已	故	24460
已往	已	往	6540
已開發國家	已	開發國家	1
席位	席	位	53755
席捲	席	捲	32855
席地	席	地	7777
席地而坐	席	地而坐	6375
席次	席	次	1510
席不暇暖	席	不暇暖	1
廟宇	廟	宇	32395
廟會	廟	會	27330
廟堂	廟	堂	9760
廟號	廟	號	2460
廟祝	廟	祝	1765
廟主	廟	主	1
龐大	龐	大	122950
龐然大物	龐	然大物	11850
龐雜	龐	雜	9999
龐然	龐	然	1520
龐克	龐	克	1
龐畢度	龐	畢度	1
弟子	弟	子	247150
弟弟	弟	弟	236680
弟兄	弟	兄	47425
弟妹	弟	妹	12460
弟媳	弟	媳	3545
弟婦	弟	婦	990
彰顯	彰	顯	82165
彰化縣	彰	化縣	1610
彰化人	彰	化人	130
彰明	彰	明	95
彰化	彰	化	2
彰化市	彰	化市	1
怕冷	怕	冷	18875
怕死	怕	死	16255
怕人	怕	人	11780
怕熱	怕	熱	5340
怕事	怕	事	4270
怕羞	怕	羞	3575
怠慢	怠	慢	14340
怠惰	怠	惰	3110
怠工	怠	工	2965
怠忽	怠	忽	695
怠駛	怠	駛	1
怠忽職守	怠	忽職守	1
怡人	怡	人	23090
怡然	怡	然	9965
怡情	怡	情	6666
怡然自得	怡	然自得	5695
怡情養性	怡	情養性	880
怡保	怡	保	1
恍惚	恍	惚	43055
恍然大悟	恍	然大悟	41455
恍然	恍	然	21110
恍若	恍	若	11095
恍如隔世	恍	如隔世	3835
恍若隔世	恍	若隔世	2760
慣例	慣	例	77875
慣性	慣	性	68220
慣用	慣	用	28295
慣常	慣	常	11190
慣壞	慣	壞	3030
慣竊	慣	竊	440
憲法	憲	法	345640
憲章	憲	章	16880
憲兵	憲	兵	12495
憲宗	憲	宗	6185
憲政	憲	政	4769
憲兵隊	憲	兵隊	2900
懇求	懇	求	28815
懇請	懇	請	28325
懇切	懇	切	8675
懇談	懇	談	6510
懇親會	懇	親會	605
懇辭	懇	辭	175
抖動	抖	動	54445
抖腿	抖	腿	9999
抖擻	抖	擻	4065
抖出	抖	出	3625
抖開	抖	開	2120
抖起來	抖	起來	1
拙劣	拙	劣	13305
拙作	拙	作	4900
拙見	拙	見	4490
拙荊	拙	荊	895
拙筆	拙	筆	735
拙著	拙	著	251
拭目以待	拭	目以待	26220
拭去	拭	去	9465
拭淚	拭	淚	3030
拭乾	拭	乾	2680
拭淨	拭	淨	1190
拭目	拭	目	580
捧場	捧	場	36120
捧起	捧	起	17345
捧花	捧	花	9999
捧腹大笑	捧	腹大笑	6525
捧腹	捧	腹	4595
捧住	捧	住	3600
捷運	捷	運	6195
捷徑	捷	徑	9999
捷報	捷	報	19380
捷足先登	捷	足先登	9630
捷運系統	捷	運系統	470
捷克	捷	克	111
措施	措	施	500742
措手不及	措	手不及	24370
措辭	措	辭	15330
措手	措	手	3580
措置	措	置	1485
措詞	措	詞	1
搗亂	搗	亂	29835
搗毀	搗	毀	13070
搗碎	搗	碎	11555
搗蛋	搗	蛋	10900
搗鬼	搗	鬼	3920
搗蛋鬼	搗	蛋鬼	3515
擂台	擂	台	29985
擂臺	擂	臺	29985
擂台賽	擂	台賽	11915
擂臺賽	擂	臺賽	11915
擂鼓	擂	鼓	6555
擂起	擂	起	1
敝帚自珍	敝	帚自珍	1060
敝屣	敝	屣	475
敝人	敝	人	222
敝國	敝	國	1
敝履	敝	履	1
敝帚千金	敝	帚千金	1
敷衍	敷	衍	31680
敷面	敷	面	11740
敷衍了事	敷	衍了事	10810
敷上	敷	上	5925
敷衍塞責	敷	衍塞責	4290
敷藥	敷	藥	2785
斥資	斥	資	32705
斥責	斥	責	22955
斥候	斥	候	4585
斥罵	斥	罵	1750
斥退	斥	退	650
斥喝	斥	喝	495
族人	族	人	55185
族長	族	長	40955
族群	族	群	36985
族譜	族	譜	13020
族裔	族	裔	4705
族類	族	類	3760
旺盛	旺	盛	91250
旺季	旺	季	88800
旺市	旺	市	1935
旺地	旺	地	475
旺月	旺	月	1
旺旺的	旺	旺的	1
昂貴	昂	貴	121330
昂揚	昂	揚	24840
昂首	昂	首	15055
昂然	昂	然	10125
昂藏	昂	藏	9999
昂首闊步	昂	首闊步	4040
昆明	昆	明	401420
昆蟲	昆	蟲	79885
昆曲	昆	曲	17750
昆仲	昆	仲	1285
昆布	昆	布	76
昆陽	昆	陽	2
暮色	暮	色	18435
暮年	暮	年	5265
暮靄	暮	靄	3315
暮鼓晨鐘	暮	鼓晨鐘	1460
暮氣沉沉	暮	氣沉沉	1335
暮氣	暮	氣	1260
朋友	朋	友	501446
朋黨	朋	黨	3805
朋比為奸	朋	比為奸	999
朋輩	朋	輩	13
朋馳	朋	馳	1
朋分花用	朋	分花用	1
枉然	枉	然	8410
枉費	枉	費	5445
枉法	枉	法	4510
枉死	枉	死	2815
枉費心機	枉	費心機	1255
枉死鬼	枉	死鬼	1
枕頭	枕	頭	79460
枕木	枕	木	3645
枕邊人	枕	邊人	1495
枕戈待旦	枕	戈待旦	1090
枕藉	枕	藉	2
枕邊細語	枕	邊細語	1
柴油	柴	油	136535
柴火	柴	火	12440
柴米油鹽	柴	米油鹽	7860
柴草	柴	草	7425
柴扉	柴	扉	1740
柴薪	柴	薪	1050
栽培	栽	培	159250
栽植	栽	植	36010
栽花	栽	花	4025
栽贓	栽	贓	4025
栽種	栽	種	2470
栽跟頭	栽	跟頭	1650
桑葉	桑	葉	10880
桑樹	桑	樹	10700
桑田	桑	田	5725
桑梓	桑	梓	4925
桑葚	桑	葚	411
桑榆晚景	桑	榆晚景	1
梯子	梯	子	24620
梯田	梯	田	23295
梯形	梯	形	21935
梯次	梯	次	8515
梯狀	梯	狀	515
梯架	梯	架	1
梳理	梳	理	98255
梳頭	梳	頭	17410
梳洗	梳	洗	11670
梳妝	梳	妝	11565
梳妝台	梳	妝台	10035
梳子	梳	子	8245
榜樣	榜	樣	112525
榜眼	榜	眼	12710
榜單	榜	單	9999
榜首	榜	首	3722
榜上無名	榜	上無名	1855
榜示	榜	示	1
橘子	橘	子	46745
橘色	橘	色	9150
橘黃色	橘	黃色	4635
橘紅色	橘	紅色	4380
橘子汁	橘	子汁	1720
橘樹	橘	樹	170
毋庸置疑	毋	庸置疑	24205
毋寧	毋	寧	5855
毋庸	毋	庸	5795
毋忘在莒	毋	忘在莒	100
毋須	毋	須	1
毋枉毋縱	毋	枉毋縱	1
氯氣	氯	氣	13035
氯化鉀	氯	化鉀	12815
氯黴素	氯	黴素	12355
氯化物	氯	化物	8280
氯乙烯	氯	乙烯	7270
氯離子	氯	離子	3740
池子	池	子	13990
池上	池	上	1
池塘	池	塘	49840
池水	池	水	20720
池中物	池	中物	1335
池魚之殃	池	魚之殃	505
泉州	泉	州	218910
泉水	泉	水	74225
泉湧	泉	湧	7100
泉下	泉	下	2305
泉石	泉	石	2
泉源	泉	源	1
洛陽	洛	陽	195430
洛杉磯	洛	杉磯	62475
洛水	洛	水	6140
洛陽紙貴	洛	陽紙貴	1670
洛磯山	洛	磯山	1
洛衫磯	洛	衫磯	1
淤積	淤	積	16640
淤泥	淤	泥	7837
淤塞	淤	塞	3630
淤血	淤	血	1306
淤淺	淤	淺	1
淤沙	淤	沙	1
滄桑	滄	桑	74145
滄海	滄	海	53530
滄海桑田	滄	海桑田	12090
滄海一粟	滄	海一粟	5990
滄浪	滄	浪	994
滄海遺珠	滄	海遺珠	510
滯留	滯	留	46180
滯納金	滯	納金	33415
滯銷	滯	銷	14520
滯礙	滯	礙	1
滯悶	滯	悶	1
滯延	滯	延	1
漆黑	漆	黑	21160
漆器	漆	器	14635
漆畫	漆	畫	3465
漆成	漆	成	3040
漆樹	漆	樹	2380
漆黑一團	漆	黑一團	1660
炭火	炭	火	8975
炭筆	炭	筆	1580
炭化	炭	化	999
炭精	炭	精	650
炭烤	炭	烤	1
炭化物	炭	化物	1
煎餃	煎	餃	888
煎包	煎	包	1
煎蛋	煎	蛋	6105
煎魚	煎	魚	6240
煎熬	煎	熬	47365
煎藥	煎	藥	6025
燉肉	燉	肉	7901
燉煮	燉	煮	5555
燉雞	燉	雞	4865
燉鍋	燉	鍋	2030
燉補	燉	補	1
燉煌	燉	煌	1
燙傷	燙	傷	25495
燙髮	燙	髮	18125
燙手	燙	手	10540
燙洗	燙	洗	2225
燙手山芋	燙	手山芋	2220
燙金	燙	金	152
牆壁	牆	壁	125565
牆面	牆	面	119845
牆角	牆	角	44155
牆腳	牆	腳	4260
牆頭草	牆	頭草	2235
牆垣	牆	垣	2095
犬齒	犬	齒	3100
犬儒	犬	儒	2260
犬子	犬	子	2010
犬牙	犬	牙	1990
犬馬之勞	犬	馬之勞	1235
犬牙相錯	犬	牙相錯	1
狄更斯	狄	更斯	5050
狄斯奈	狄	斯奈	60
狄青	狄	青	2
狄斯可	狄	斯可	1
狄斯耐卡通	狄	斯耐卡通	1
狄斯耐樂園	狄	斯耐樂園	1
琉璃	琉	璃	17835
琉球	琉	球	13435
琉璃瓦	琉	璃瓦	8425
琉球群島	琉	球群島	2125
琉璃珠	琉	璃珠	1
琉璃磚	琉	璃磚	1
瓶頸	瓶	頸	153730
瓶子	瓶	子	73845
瓶裝	瓶	裝	34550
瓶蓋	瓶	蓋	27910
瓶口	瓶	口	12400
瓶底	瓶	底	4540
瘋狂	瘋	狂	392340
瘋子	瘋	子	120195
瘋癲	瘋	癲	12895
瘋狗	瘋	狗	9100
瘋瘋癲癲	瘋	瘋癲癲	7075
瘋話	瘋	話	2390
的。	的	。	888
的！	的	！	888
的話	的	話	501315
的確	的	確	500250
的黎波里	的	黎波里	2895
的當	的	當	9
矇矓	矇	矓	35380
矇蔽	矇	蔽	22060
矇騙	矇	騙	14815
矇住	矇	住	10600
矇矇亮	矇	矇亮	4165
矇混	矇	混	2735
硫酸	硫	酸	56945
硫黃	硫	黃	20440
硫化物	硫	化物	8950
硫礦	硫	礦	5
硫磺	硫	磺	1
硫磺谷	硫	磺谷	1
祇得	祇	得	1
祇管	祇	管	1
祇好	祇	好	1
祇是	祇	是	1
祇要	祇	要	1
祇有	祇	有	1
程序	程	序	501410
程度	程	度	500495
程式	程	式	9999
程式館	程	式館	1
程式庫	程	式庫	1
程式設計	程	式設計	1
稿件	稿	件	229375
稿費	稿	費	33865
稿子	稿	子	30920
稿酬	稿	酬	25660
稿紙	稿	紙	11095
稿本	稿	本	3985
穢物	穢	物	2390
穢氣	穢	氣	2100
穢語	穢	語	1720
穢土	穢	土	1190
穢亂	穢	亂	430
穢言	穢	言	1
窘迫	窘	迫	22985
窘境	窘	境	20450
窘態	窘	態	3020
窘困	窘	困	2030
窘局	窘	局	85
窘態百出	窘	態百出	1
竭誠	竭	誠	78580
竭力	竭	力	62735
竭誠歡迎	竭	誠歡迎	18930
竭盡	竭	盡	6790
竭澤而漁	竭	澤而漁	2185
竭慮	竭	慮	930
範圍	範	圍	500898
範疇	範	疇	180480
範本	範	本	82330
範例	範	例	23460
範文	範	文	21305
範式	範	式	3030
籠包	籠	包	1
籠罩	籠	罩	54870
籠統	籠	統	30360
籠子	籠	子	24605
籠絡	籠	絡	8090
籠中鳥	籠	中鳥	1025
糊塗	糊	塗	65690
糊里糊塗	糊	里糊塗	14755
糊裡糊塗	糊	裡糊塗	14755
糊口	糊	口	8430
糊紙	糊	紙	4585
糊塗一時	糊	塗一時	840
糧食	糧	食	466585
糧食局	糧	食局	24955
糧草	糧	草	15105
糧倉	糧	倉	12960
糧餉	糧	餉	3035
糧作	糧	作	1
系統	系	統	777566
系列	系	列	501313
系統性	系	統性	51880
系統化	系	統化	47525
系主任	系	主任	36545
系數	系	數	16680
紐約	紐	約	263185
紐扣	紐	扣	26125
紐約市	紐	約市	14400
紐約州	紐	約州	9230
紐國	紐	國	1
紐西蘭	紐	西蘭	1
締約國	締	約國	67105
締造	締	造	44940
締結	締	結	38080
締約	締	約	23840
締交	締	交	230
締盟	締	盟	65
績效	績	效	288850
績優	績	優	10820
績效獎金	績	效獎金	2040
績分	績	分	1
績學	績	學	1
績業	績	業	1
繩子	繩	子	70385
繩索	繩	索	43775
繩之以法	繩	之以法	9496
繩結	繩	結	3890
繩墨	繩	墨	1370
繩橋	繩	橋	1
翹起	翹	起	21280
翹楚	翹	楚	10855
翹首	翹	首	8225
翹辮子	翹	辮子	655
翹翹板	翹	翹板	1
翹首盼望	翹	首盼望	1
肚臍	肚	臍	2124
肚子	肚	子	145195
肚皮	肚	皮	30565
肚兜	肚	兜	8895
肚量	肚	量	3760
肚腸	肚	腸	2175
胞兄弟	胞	兄弟	9999
胞弟	胞	弟	3050
胞兄	胞	兄	1545
胞妹	胞	妹	1040
胞子	胞	子	1
胞姊	胞	姊	1
脣膏	脣	膏	31265
脣舌	脣	舌	5965
脣槍舌劍	脣	槍舌劍	4890
脣齒相依	脣	齒相依	2975
脣紅齒白	脣	紅齒白	1745
脣亡齒寒	脣	亡齒寒	1695
舍利	舍	利	22975
舍利子	舍	利子	12535
舍下	舍	下	2660
舍監	舍	監	1415
舍弟	舍	弟	1210
舍我其誰	舍	我其誰	1
艦隊	艦	隊	117125
艦艇	艦	艇	27365
艦長	艦	長	15495
艦上	艦	上	907
艦隻	艦	隻	1
艦砲	艦	砲	1
茫茫	茫	茫	73535
茫然	茫	然	69930
茫茫然	茫	茫然	2650
茫然不知	茫	然不知	2115
茫無頭緒	茫	無頭緒	750
茫然若失	茫	然若失	29
莽撞	莽	撞	11040
莽莽	莽	莽	7760
莽原	莽	原	1830
莽漢	莽	漢	1720
莽夫	莽	夫	1605
莽莽撞撞	莽	莽撞撞	635
蒜頭	蒜	頭	10355
蒜味	蒜	味	1
蒜泥	蒜	泥	7735
蒜片	蒜	片	1
蒜苗	蒜	苗	10109
蒜瓣	蒜	瓣	3890
蔚藍	蔚	藍	33535
蔚然成風	蔚	然成風	10100
蔚然	蔚	然	5370
蔚為奇觀	蔚	為奇觀	1815
蔚成	蔚	成	1
蔚為	蔚	為	1
薑末	薑	末	12325
薑汁	薑	汁	9010
薑湯	薑	湯	5645
薑母鴨	薑	母鴨	1030
薑是老的辣	薑	是老的辣	725
薑餅	薑	餅	11
藤蔓	藤	蔓	13110
藤條	藤	條	6330
藤椅	藤	椅	6140
藤製	藤	製	2920
藤球運動	藤	球運動	1
藤鞭	藤	鞭	1
蘊含	蘊	含	32910
蘊藏	蘊	藏	29595
蘊藏量	蘊	藏量	7485
蘊藉	蘊	藉	1915
蘊涵	蘊	涵	2
蘊釀	蘊	釀	1
蚊子	蚊	子	69640
蚊蟲	蚊	蟲	14565
蚊帳	蚊	帳	11440
蚊香	蚊	香	11280
蚊蚋	蚊	蚋	5555
蚊蠅	蚊	蠅	2866
蝦皮	蝦	皮	888
蝦米	蝦	米	59446
蝦仁	蝦	仁	27130
蝦子	蝦	子	20000
蝦兵蟹將	蝦	兵蟹將	1695
蝦蟆	蝦	蟆	1
蟲子	蟲	子	46670
蟲害	蟲	害	24605
蟲卵	蟲	卵	12945
蟲兒	蟲	兒	6560
蟲類	蟲	類	2835
蟲體	蟲	體	90
蠻橫	蠻	橫	12380
蠻荒	蠻	荒	7855
蠻族	蠻	族	6905
蠻夷	蠻	夷	6535
蠻幹	蠻	幹	5705
蠻行	蠻	行	50
裂縫	裂	縫	73990
裂紋	裂	紋	42775
裂痕	裂	痕	23755
裂開	裂	開	19235
裂隙	裂	隙	14780
裂口	裂	口	9450
諾亞	諾	亞	59479
諾言	諾	言	43680
諾貝爾	諾	貝爾	33390
諾貝爾獎	諾	貝爾獎	31555
諾曼	諾	曼	7600
諾曼第	諾	曼第	1
貸款	貸	款	500512
貸方	貸	方	11515
貸出	貸	出	3765
貸給	貸	給	3495
貸放	貸	放	570
貸借	貸	借	1
貽誤	貽	誤	17330
貽笑大方	貽	笑大方	3630
貽害	貽	害	2580
貽笑	貽	笑	915
貽禍	貽	禍	1
貽羞	貽	羞	1
貿易	貿	易	500319
貿易商	貿	易商	35105
貿易順差	貿	易順差	31865
貿然	貿	然	28225
貿易額	貿	易額	26125
貿易逆差	貿	易逆差	12770
贖回	贖	回	73695
贖金	贖	金	7440
贖罪	贖	罪	4444
贖身	贖	身	2715
贖款	贖	款	345
贖刑	贖	刑	1
躺著	躺	著	888
躺下	躺	下	32430
躺平	躺	平	9160
躺椅	躺	椅	10455
躺下來	躺	下來	4545
躺臥	躺	臥	4055
軒轅	軒	轅	67450
軒然大波	軒	然大波	17315
軒昂	軒	昂	4065
軒輊	軒	輊	990
軒宇	軒	宇	1
軒轅教	軒	轅教	1
迅速	迅	速	500536
迅雷	迅	雷	131125
迅猛	迅	猛	56870
迅捷	迅	捷	27910
迅即	迅	即	9730
迅雷不及掩耳	迅	雷不及掩耳	8475
逞強	逞	強	10110
逞能	逞	能	3635
逞凶	逞	凶	1470
逞兇	逞	兇	1470
逞威風	逞	威風	410
逞威	逞	威	2
逢年過節	逢	年過節	16610
逢凶化吉	逢	凶化吉	6135
逢場作戲	逢	場作戲	5185
逢迎	逢	迎	5125
逢甲大學	逢	甲大學	490
逢甲	逢	甲	1
邦聯	邦	聯	4065
邦交	邦	交	2500
邦國	邦	國	569
邦彥	邦	彥	2
邦基	邦	基	1
邦土	邦	土	1
鄭州	鄭	州	430445
鄭重	鄭	重	88635
鄭成功	鄭	成功	19075
鄭國	鄭	國	17335
鄭和	鄭	和	2097
鄭瀾	鄭	瀾	1
銜接	銜	接	148525
銜命	銜	命	4999
銜憤	銜	憤	1
銜環	銜	環	1
銜結	銜	結	1
銜石填海	銜	石填海	1
閨女	閨	女	16505
閨房	閨	房	14480
閨閣	閨	閣	3230
閨秀	閨	秀	2435
閨怨	閨	怨	1
閨中密友	閨	中密友	1
閩南	閩	南	35780
閩北	閩	北	19690
閩江	閩	江	13830
閩南語	閩	南語	10990
閩南話	閩	南話	4740
閩省	閩	省	1
陋習	陋	習	17775
陋室	陋	室	5185
陋巷	陋	巷	2595
陋俗	陋	俗	1305
陋規	陋	規	675
陋見	陋	見	1
階段	階	段	500635
階層	階	層	144220
階級	階	級	139020
階梯	階	梯	54620
階下	階	下	4855
階下囚	階	下囚	3460
隻身	隻	身	22485
隻言片語	隻	言片語	7860
隻眼	隻	眼	6735
隻字	隻	字	5210
隻字片語	隻	字片語	1590
隻手遮天	隻	手遮天	1385
雌雄	雌	雄	15610
雌蕊	雌	蕊	2875
雌黃	雌	黃	665
雌威	雌	威	410
雌雄莫辨	雌	雄莫辨	210
雌伏	雌	伏	1
霜凍	霜	凍	10340
霜雪	霜	雪	9030
霜降	霜	降	5430
霜天	霜	天	3880
霜害	霜	害	305
霜淇淋	霜	淇淋	1
章程	章	程	552307
章節	章	節	189275
章魚	章	魚	21800
章法	章	法	19580
章回小說	章	回小說	9999
章句	章	句	6310
項目	項	目	502761
項鍊	項	鍊	118065
項羽	項	羽	42195
項圈	項	圈	9320
項背	項	背	1935
項領	項	領	1
頌歌	頌	歌	14343
頌揚	頌	揚	12790
頌讚	頌	讚	9999
頌詞	頌	詞	2238
頌聲	頌	聲	755
頌辭	頌	辭	1
頸部	頸	部	86785
頸項	頸	項	12925
頸動脈	頸	動脈	6755
頸椎	頸	椎	5858
頸飾	頸	飾	5765
頸子	頸	子	464
館長	館	長	37220
館子	館	子	10920
館員	館	員	10285
館舍	館	舍	5840
館前	館	前	22
館使	館	使	1
鷹派	鷹	派	5440
鷹犬	鷹	犬	2250
鷹架	鷹	架	340
鷹揚	鷹	揚	297
鷹勾鼻	鷹	勾鼻	1
鷹式飛彈	鷹	式飛彈	1
齋戒	齋	戒	7795
齋堂	齋	堂	4950
齋飯	齋	飯	2360
齋醮	齋	醮	1
齋供	齋	供	1
齋舍	齋	舍	1
乙酸	乙	酸	27835
乙烯	乙	烯	16736
乙二醇	乙	二醇	15465
乙炔	乙	炔	12181
乙卯	乙	卯	114
些許	些	許	68175
些微	些	微	9999
些須	些	須	2
些兒	些	兒	1
些少	些	少	1
仗義	仗	義	12270
仗義執言	仗	義執言	2965
仗勢欺人	仗	勢欺人	2515
仗義疏財	仗	義疏財	1290
仗勢	仗	勢	1215
仲裁	仲	裁	168900
仲夏	仲	夏	8130
仲冬	仲	冬	1435
仲秋	仲	秋	568
仲介	仲	介	1
倦怠	倦	怠	19980
倦容	倦	容	2995
倦勤	倦	勤	845
倦遊	倦	遊	1
倦鳥知返	倦	鳥知返	1
償還	償	還	97925
償付	償	付	28515
償債	償	債	11630
償命	償	命	3495
償債基金	償	債基金	1
兌現	兌	現	100360
兌換	兌	換	89735
兌獎	兌	獎	32320
兌付	兌	付	24060
兌款	兌	款	90
兜售	兜	售	19020
兜風	兜	風	9115
兜圈子	兜	圈子	5145
兜肚	兜	肚	760
兜攬	兜	攬	525
准予	准	予	100050
准考證	准	考證	99010
准許	准	許	56040
准將	准	將	9930
准假	准	假	2585
凋零	凋	零	23930
凋謝	凋	謝	16125
凋落	凋	落	5735
凋敝	凋	敝	2385
凋萎	凋	萎	1225
劉備	劉	備	109235
劉邦	劉	邦	47000
劉少奇	劉	少奇	30190
劉銘傳	劉	銘傳	281
劉裕	劉	裕	1
厲害	厲	害	228825
厲聲	厲	聲	29770
厲鬼	厲	鬼	8400
厲兵秣馬	厲	兵秣馬	2365
厲行	厲	行	312
吟唱	吟	唱	29845
吟遊	吟	遊	13200
吟誦	吟	誦	8855
吟詠	吟	詠	8680
吟風弄月	吟	風弄月	630
喇叭	喇	叭	103545
喇嘛	喇	嘛	4224
喇嘛教	喇	嘛教	3725
喇叭褲	喇	叭褲	2275
喇叭手	喇	叭手	1
堤壩	堤	壩	15495
堤岸	堤	岸	8725
堤堰	堤	堰	455
堤道	堤	道	385
堤防	堤	防	9
央行	央	行	163620
央求	央	求	11705
央告	央	告	1145
央請	央	請	200
央及	央	及	1
契約	契	約	108775
契機	契	機	95785
契合	契	合	29315
契稅	契	稅	4873
契友	契	友	1
奠定	奠	定	66410
奠基	奠	基	12560
奠立	奠	立	1015
奠儀	奠	儀	365
奠下	奠	下	1
妥協	妥	協	69335
妥善	妥	善	60380
妥當	妥	當	35210
妥為	妥	為	2770
妥貼	妥	貼	1
妻子	妻	子	500317
妻室	妻	室	63690
妻離子散	妻	離子散	3380
妻小	妻	小	2940
妻以夫貴	妻	以夫貴	1
姊妹	姊	妹	50315
姊姊	姊	姊	34975
姊夫	姊	夫	2560
姊妹會	姊	妹會	265
姊妹市	姊	妹市	15
姐姐	姐	姐	409605
姐妹	姐	妹	121220
姐弟	姐	弟	85010
姐夫	姐	夫	35120
姐妹花	姐	妹花	4895
姿樺	姿	樺	2
姿勢	姿	勢	221110
姿態	姿	態	178405
姿色	姿	色	17535
姿影	姿	影	1
嫡系	嫡	系	6300
嫡長子	嫡	長子	1665
嫡子	嫡	子	1470
嫡傳弟子	嫡	傳弟子	1155
嫡母	嫡	母	550
孵化	孵	化	64605
孵出	孵	出	5740
孵育	孵	育	2710
孵蛋	孵	蛋	2375
孵卵	孵	卵	1215
宰相	宰	相	49615
宰殺	宰	殺	22090
宰割	宰	割	5400
宰羊	宰	羊	1960
宰制	宰	制	1
寂寞	寂	寞	300675
寂靜	寂	靜	65655
寂寥	寂	寥	18175
寂靜無聲	寂	靜無聲	3485
寂滅	寂	滅	1
寥寥無幾	寥	寥無幾	21085
寥落	寥	落	4550
寥寥可數	寥	寥可數	2400
寥寥	寥	寥	2209
寥若晨星	寥	若晨星	1565
尺寸	尺	寸	500450
尺度	尺	度	103745
尺碼	尺	碼	7881
尺幅	尺	幅	2525
尺牘	尺	牘	2080
屯田	屯	田	13850
屯兵	屯	兵	8395
屯留縣	屯	留縣	710
屯墾	屯	墾	8
屯積	屯	積	1
巷子	巷	子	20195
巷戰	巷	戰	5425
巷道	巷	道	11
巷弄	巷	弄	1
巷議	巷	議	1
幅度	幅	度	234065
幅員	幅	員	8000
幅員遼闊	幅	員遼闊	7170
幅員廣大	幅	員廣大	610
幅射	幅	射	1
廚房	廚	房	368985
廚師	廚	師	109830
廚具	廚	具	31850
廚子	廚	子	11520
廚櫃	廚	櫃	1
弊端	弊	端	94940
弊病	弊	病	29960
弊害	弊	害	999
弊絕風清	弊	絕風清	253
弊案	弊	案	5
徹底	徹	底	484805
徹夜	徹	夜	13280
徹頭徹尾	徹	頭徹尾	11445
徹骨	徹	骨	8025
徹查	徹	查	4330
忿然	忿	然	1305
忿忿	忿	忿	1
忿恨	忿	恨	1
忿怒	忿	怒	1
忿忿不平	忿	忿不平	1
怯懦	怯	懦	10110
怯場	怯	場	5860
怯弱	怯	弱	3270
怯生生	怯	生生	1280
怯聲怯氣	怯	聲怯氣	1
恢復	恢	復	500443
恢宏	恢	宏	11120
恢復過來	恢	復過來	9955
恢恢	恢	恢	145
恢弘	恢	弘	1
恨不得	恨	不得	47575
恨之入骨	恨	之入骨	6970
恨死	恨	死	5275
恨鐵不成鋼	恨	鐵不成鋼	4650
恨事	恨	事	1055
悅耳	悅	耳	31800
悅目	悅	目	10440
悅服	悅	服	965
悅人	悅	人	277
悅樂	悅	樂	1
惱怒	惱	怒	26090
惱火	惱	火	21375
惱羞成怒	惱	羞成怒	14795
惱人	惱	人	12565
惱恨	惱	恨	3140
惶恐	惶	恐	29315
惶惶然	惶	惶然	9999
惶惶	惶	惶	7195
惶惑	惶	惑	6775
惶然	惶	然	2455
慌亂	慌	亂	40955
慌忙	慌	忙	40470
慌張	慌	張	28355
慌成一團	慌	成一團	130
慌張起來	慌	張起來	1
憐憫	憐	憫	38235
憐惜	憐	惜	26005
憐愛	憐	愛	16440
憐香惜玉	憐	香惜玉	6095
憐恤	憐	恤	99
憶起	憶	起	17185
憶舊	憶	舊	2420
憶及	憶	及	2135
憶念	憶	念	577
憶測	憶	測	1
或是	或	是	500394
或者	或	者	504213
或許	或	許	500286
或缺	或	缺	4710
或然率	或	然率	545
戴上	戴	上	76035
戴罪立功	戴	罪立功	1145
戴孝	戴	孝	960
戴高帽	戴	高帽	825
戴奧辛	戴	奧辛	115
挫折	挫	折	158045
挫傷	挫	傷	25025
挫敗	挫	敗	19845
挫折感	挫	折感	9130
挫刀	挫	刀	1
挽救	挽	救	74595
挽回	挽	回	50540
挽留	挽	留	39840
挽袖	挽	袖	1250
挽髻	挽	髻	1
挾持	挾	持	12035
挾帶	挾	帶	2145
挾制	挾	制	1630
挾住	挾	住	1040
挾嫌	挾	嫌	27
掏出	掏	出	118035
掏錢	掏	錢	35985
掏空	掏	空	11190
掏腰包	掏	腰包	9440
掏出來	掏	出來	867
揣摩	揣	摩	29620
揣測	揣	測	17305
揣度	揣	度	3210
揣情	揣	情	1
揣測之詞	揣	測之詞	1
搔癢	搔	癢	8205
搔首弄姿	搔	首弄姿	3290
搔頭	搔	頭	1365
搔到癢處	搔	到癢處	240
搔擾	搔	擾	1
摺疊	摺	疊	86695
摺扇	摺	扇	9735
摺紙	摺	紙	7320
摺尺	摺	尺	195
摺梯	摺	梯	1
擾亂	擾	亂	77955
擾民	擾	民	16255
擾動	擾	動	10805
擾人	擾	人	3245
擾攘	擾	攘	1111
攬權	攬	權	9999
攬客	攬	客	3725
攬貨	攬	貨	2425
攬勝	攬	勝	1
攬鏡	攬	鏡	1
敞開	敞	開	55660
敞篷	敞	篷	9205
敞篷車	敞	篷車	4865
敞亮	敞	亮	3735
敞廳	敞	廳	1
斬首	斬	首	13560
斬釘截鐵	斬	釘截鐵	13560
斬獲	斬	獲	9850
斬妖	斬	妖	3930
斬草除根	斬	草除根	3260
昌盛	昌	盛	22030
昌明	昌	明	8150
昌隆	昌	隆	4365
昌都	昌	都	1
昌吉	昌	吉	1
曉得	曉	得	70210
曉諭	曉	諭	2020
曉以大義	曉	以大義	965
曉色	曉	色	1
曉陽	曉	陽	1
朗讀	朗	讀	97610
朗誦	朗	誦	44915
朗朗	朗	朗	33245
朗聲	朗	聲	10870
朗朗上口	朗	朗上口	2373
梵蒂岡	梵	蒂岡	8915
梵唱	梵	唱	1520
梵谷	梵	谷	1
梵宇	梵	宇	1
梵諦岡	梵	諦岡	1
棲息	棲	息	34925
棲息地	棲	息地	17870
棲身	棲	身	8040
棲所	棲	所	370
棲息處	棲	息處	150
樟樹	樟	樹	19935
樟腦	樟	腦	14697
樟木	樟	木	10430
樟腦丸	樟	腦丸	1495
樟腦油	樟	腦油	1
樸實	樸	實	51425
樸素	樸	素	47825
樸實無華	樸	實無華	9990
樸拙	樸	拙	2485
樸直	樸	直	385
橄欖油	橄	欖油	78094
橄欖	橄	欖	41120
橄欖球	橄	欖球	12035
橄欖樹	橄	欖樹	9350
橄欖球場	橄	欖球場	290
櫻花	櫻	花	76525
櫻桃	櫻	桃	66995
櫻唇	櫻	唇	6155
櫻脣	櫻	脣	6155
櫻桃小口	櫻	桃小口	1300
欄目	欄	目	500393
欄杆	欄	杆	43935
欄位	欄	位	99
欄架	欄	架	1
欄柵	欄	柵	1
殖民地	殖	民地	42385
殖民	殖	民	36670
殖民者	殖	民者	10685
殖民主義	殖	民主義	8210
殖產	殖	產	1
殿堂	殿	堂	64825
殿下	殿	下	64070
殿宇	殿	宇	11125
殿後	殿	後	7870
殿軍	殿	軍	2300
汲取	汲	取	57160
汲水	汲	水	4135
汲汲營營	汲	汲營營	415
汲汲	汲	汲	1
汲引	汲	引	1
沃野	沃	野	3675
沃土	沃	土	2089
沃野千里	沃	野千里	1590
沃壤	沃	壤	730
沃腴	沃	腴	20
津貼	津	貼	101930
津津樂道	津	津樂道	32080
津津有味	津	津有味	23135
津要	津	要	25
津梁	津	梁	2
洽談	洽	談	243450
洽詢	洽	詢	21085
洽商	洽	商	11087
洽購	洽	購	2105
洽辦	洽	辦	255
浙江	浙	江	500531
浙江省	浙	江省	500281
浙大	浙	大	35975
浙江人	浙	江人	8635
浙贛	浙	贛	2805
涕淚	涕	淚	3285
涕泣	涕	泣	2510
涕零	涕	零	815
涕淚俱下	涕	淚俱下	1
涕泗縱橫	涕	泗縱橫	1
溝通	溝	通	500517
溝渠	溝	渠	16225
溝壑	溝	壑	12230
溝道	溝	道	628
溝床	溝	床	1
溺愛	溺	愛	19915
溺水	溺	水	16575
溺死	溺	死	6400
溺斃	溺	斃	1335
溺床	溺	床	1
滔滔不絕	滔	滔不絕	27955
滔滔	滔	滔	21170
滔天	滔	天	12275
滔天大罪	滔	天大罪	1080
滔滔雄辯	滔	滔雄辯	1
澎湃	澎	湃	30095
澎湖	澎	湖	10115
澎湖群島	澎	湖群島	195
澎湖縣	澎	湖縣	9
澎縣	澎	縣	1
瀉肚子	瀉	肚子	9999
瀉藥	瀉	藥	5465
瀉劑	瀉	劑	1225
瀉肚	瀉	肚	880
瀉地	瀉	地	1
灼熱	灼	熱	27410
灼傷	灼	傷	17620
灼燒	灼	燒	8670
灼見	灼	見	700
灼燙	灼	燙	680
烹飪	烹	飪	106875
烹調	烹	調	65120
烹煮	烹	煮	7660
烹茶	烹	茶	3895
烹茗	烹	茗	1
煽動	煽	動	104605
煽情	煽	情	21040
煽起	煽	起	1095
煽惑	煽	惑	920
煽火	煽	火	1
熊貓	熊	貓	547034
熊熊	熊	熊	30460
熊掌	熊	掌	15635
熊膽	熊	膽	4315
熊心豹膽	熊	心豹膽	1
犧牲	犧	牲	220520
犧牲品	犧	牲品	20860
犧牲者	犧	牲者	5970
犧牲掉	犧	牲掉	2615
犧牲打	犧	牲打	1
猴子	猴	子	124205
猴兒	猴	兒	7550
猴年	猴	年	7470
猴急	猴	急	3230
猴戲	猴	戲	1055
瑣碎	瑣	碎	34640
瑣事	瑣	事	27150
瑣細	瑣	細	1690
瑣務	瑣	務	1
瑣言	瑣	言	1
瑪麗	瑪	麗	49655
瑪瑙	瑪	瑙	45500
瑪利亞	瑪	利亞	13760
瑪莉	瑪	莉	1
瑪麗亞	瑪	麗亞	1
璧還	璧	還	3
璧合	璧	合	1
璧人	璧	人	1
璧謝	璧	謝	1
璧玉	璧	玉	1
瓷磚	瓷	磚	101065
瓷器	瓷	器	86930
瓷片	瓷	片	9595
瓷窯	瓷	窯	3510
瓷土	瓷	土	3185
甄別	甄	別	30775
甄選	甄	選	16760
甄試	甄	試	865
甄審	甄	審	435
甄訓	甄	訓	1
甩掉	甩	掉	22580
甩開	甩	開	19520
甩手	甩	手	9530
甩不掉	甩	不掉	3135
甩脫	甩	脫	1705
畸形	畸	形	105375
畸形兒	畸	形兒	3580
畸形發展	畸	形發展	2855
畸零	畸	零	1
畸零地	畸	零地	1
疆域	疆	域	15995
疆土	疆	土	8030
疆界	疆	界	6695
疆場	疆	場	5390
疆埸	疆	埸	3
癡情	癡	情	40135
癡呆	癡	呆	22710
癡心	癡	心	20565
癡呆症	癡	呆症	13935
癡人說夢	癡	人說夢	6120
皺紋	皺	紋	108700
皺眉	皺	眉	54565
皺起	皺	起	25395
皺眉頭	皺	眉頭	16795
皺褶	皺	褶	9555
盆景	盆	景	53105
盆地	盆	地	50305
盆栽	盆	栽	28795
盆花	盆	花	15610
盆子	盆	子	7175
盪漾	盪	漾	37245
盪鞦韆	盪	鞦韆	6820
盪盪	盪	盪	5395
盪舟	盪	舟	4035
盪出	盪	出	1130
瞧瞧	瞧	瞧	52340
瞧不起	瞧	不起	26170
瞧見	瞧	見	24250
瞧出	瞧	出	4745
瞧得起	瞧	得起	1220
矽谷	矽	谷	8
矽晶片	矽	晶片	2
矽砂	矽	砂	1
矽藻	矽	藻	1
矽質	矽	質	1
碑文	碑	文	18455
碑帖	碑	帖	7295
碑林	碑	林	1530
碑誌	碑	誌	780
碑碣	碑	碣	298
碗粿	碗	粿	888
碗筷	碗	筷	13950
碗盤	碗	盤	2060
碗櫥	碗	櫥	999
碗豆	碗	豆	1
碼頭	碼	頭	229025
碼表	碼	表	8395
碼頭工人	碼	頭工人	1675
碼頭區	碼	頭區	1045
碼子	碼	子	17
祛除	祛	除	22535
祛病	祛	病	870
祛寒	祛	寒	1
祛風除熱	祛	風除熱	1
祛痰潤肺	祛	痰潤肺	1
祥和	祥	和	56655
祥雲	祥	雲	16545
祥瑞	祥	瑞	11035
祥光	祥	光	2670
祥麟	祥	麟	1965
箱子	箱	子	80680
箱底	箱	底	4980
箱根	箱	根	2840
箱底功夫	箱	底功夫	1
箱網養殖	箱	網養殖	1
綱領	綱	領	37910
綱要	綱	要	6530
綱目	綱	目	4150
綱紀	綱	紀	3475
綱舉目張	綱	舉目張	2220
罩住	罩	住	9050
罩上	罩	上	7965
罩子	罩	子	3330
罩衫	罩	衫	2085
罩袍	罩	袍	620
羈押	羈	押	23020
羈絆	羈	絆	15165
羈留	羈	留	1075
羈旅	羈	旅	7
羈束	羈	束	1
耶穌	耶	穌	92050
耶魯	耶	魯	4000
耶誕	耶	誕	1
耶誕節	耶	誕節	1
耶穌會	耶	穌會	1
聰明	聰	明	257310
聰慧	聰	慧	26565
聰穎	聰	穎	10510
聰明伶俐	聰	明伶俐	9660
聰敏	聰	敏	6535
肌肉	肌	肉	333885
肌膚	肌	膚	500259
肌理	肌	理	14090
肌腱	肌	腱	11030
肌膚之親	肌	膚之親	3520
胚胎	胚	胎	48690
胚芽	胚	芽	8555
胚子	胚	子	521
胚體	胚	體	1
胚芽米	胚	芽米	1
膝蓋	膝	蓋	73655
膝部	膝	部	8750
膝下	膝	下	7335
膝上型	膝	上型	1
膝下猶虛	膝	下猶虛	1
舅舅	舅	舅	46410
舅媽	舅	媽	8115
舅父	舅	父	6495
舅母	舅	母	4950
舅公	舅	公	1095
芥末	芥	末	27080
芥菜	芥	菜	8895
芥子	芥	子	4380
芥蒂	芥	蒂	3655
芥藍菜	芥	藍菜	225
芬蘭	芬	蘭	85475
芬芳	芬	芳	62080
芬園	芬	園	1
芬多精	芬	多精	1
芬蘭浴	芬	蘭浴	1
芭蕉	芭	蕉	36594
芭蕾	芭	蕾	31830
芭蕾舞	芭	蕾舞	18795
芭樂	芭	樂	9906
芭蕾舞團	芭	蕾舞團	8290
菲律賓	菲	律賓	96880
菲薄	菲	薄	3150
菲律賓人	菲	律賓人	1585
菲國	菲	國	1
菲律賓海	菲	律賓海	1
蒐集	蒐	集	306520
蒐羅	蒐	羅	14950
蒐求	蒐	求	2120
蒐購	蒐	購	1
蒐證	蒐	證	1
蔓延	蔓	延	118440
蔓草	蔓	草	3605
蔓生	蔓	生	2180
蔓菁	蔓	菁	456
蔓藤	蔓	藤	1
蔗糖	蔗	糖	25460
蔗渣	蔗	渣	2210
蔗農	蔗	農	1745
蔗園	蔗	園	1
蔗作	蔗	作	1
蔡秉榮	蔡	秉榮	2
蔡家	蔡	家	1
蔡元培	蔡	元培	14740
蔡倫	蔡	倫	3575
蔡裕華	蔡	裕華	1
虹橋	虹	橋	50205
虹膜	虹	膜	15550
虹彩	虹	彩	2965
虹吸管	虹	吸管	1270
虹吸現象	虹	吸現象	260
螢幕	螢	幕	1
螢火蟲	螢	火蟲	20630
螢光	螢	光	99
螢光劑	螢	光劑	1
螢光幕	螢	光幕	1
蠶食	蠶	食	25370
蠶桑	蠶	桑	17605
蠶豆	蠶	豆	16530
蠶絲	蠶	絲	6710
蠶食鯨吞	蠶	食鯨吞	520
術語	術	語	128545
術士	術	士	36675
術數	術	數	5748
術業有專攻	術	業有專攻	763
術科	術	科	1
衡量	衡	量	174630
衡陽	衡	陽	58395
衡陽路	衡	陽路	490
衡山	衡	山	333
衡量得失	衡	量得失	245
襄王	襄	王	9290
襄陽	襄	陽	3597
襄助	襄	助	190
襄理	襄	理	1
襄贊	襄	贊	1
譏笑	譏	笑	109900
譏諷	譏	諷	20570
譏刺	譏	刺	2090
譏評	譏	評	430
譏為	譏	為	1
譜寫	譜	寫	29770
譜曲	譜	曲	7780
譜系	譜	系	7360
譜子	譜	子	3400
譜出	譜	出	2800
谷關	谷	關	1
谷川	谷	川	1
谷底	谷	底	27365
谷口	谷	口	7575
谷地	谷	地	1618
豎起	豎	起	32085
豎立	豎	立	16690
豎琴	豎	琴	8930
豎笛	豎	笛	3333
豎白旗	豎	白旗	1
貌似	貌	似	79110
貌美	貌	美	9495
貌不驚人	貌	不驚人	3610
貌合神離	貌	合神離	2870
貌美如花	貌	美如花	2695
貓咪	貓	咪	55015
貓兒	貓	兒	18435
貓頭鷹	貓	頭鷹	13745
貓王	貓	王	9725
貓熊	貓	熊	1285
貫徹	貫	徹	366605
貫穿	貫	穿	109555
貫通	貫	通	53460
貫注	貫	注	5115
貫徹始終	貫	徹始終	3865
贅述	贅	述	21315
贅肉	贅	肉	15865
贅言	贅	言	3790
贅疣	贅	疣	415
贅瘤	贅	瘤	235
贏得	贏	得	313680
贏家	贏	家	46730
贏取	贏	取	23400
贏錢	贏	錢	5365
贏餘	贏	餘	1
趣味	趣	味	106930
趣味性	趣	味性	37905
趣事	趣	事	28030
趣聞	趣	聞	12390
趣談	趣	談	3005
遍布	遍	布	109005
遍佈	遍	佈	109005
遍地	遍	地	55835
遍及	遍	及	55370
遍體鱗傷	遍	體鱗傷	9970
酥油	酥	油	36432
酥胸	酥	胸	10340
酥糖	酥	糖	9999
酥軟	酥	軟	5715
酥餅	酥	餅	3405
醇厚	醇	厚	19420
醇香	醇	香	14005
醇酒	醇	酒	5030
醇美	醇	美	2745
醇郁	醇	郁	1
釀酒	釀	酒	56065
釀造	釀	造	51285
釀成	釀	成	30365
釀製	釀	製	15820
釀禍	釀	禍	205
釐米	釐	米	500266
釐定	釐	定	6840
釐正	釐	正	265
釐清	釐	清	1
釐訂	釐	訂	1
鋁合金	鋁	合金	136620
鋁箔	鋁	箔	28155
鋁錠	鋁	錠	8685
鋁罐	鋁	罐	1
鋁箔包	鋁	箔包	1
鑄造	鑄	造	119430
鑄鐵	鑄	鐵	40760
鑄成	鑄	成	14340
鑄工	鑄	工	805
鑄下	鑄	下	1
鑿井	鑿	井	2995
鑿子	鑿	子	2360
鑿洞	鑿	洞	1440
鑿山	鑿	山	1105
鑿空	鑿	空	950
闔家	闔	家	2270
闔府	闔	府	1
闔上	闔	上	1
闔眼	闔	眼	1
闔第光臨	闔	第光臨	1
闡述	闡	述	162975
闡明	闡	明	64850
闡釋	闡	釋	54675
闡發	闡	發	11870
闡揚	闡	揚	9999
雇員	雇	員	125755
雇主	雇	主	110300
雇用	雇	用	54855
雇工	雇	工	13865
雇車	雇	車	1500
雛形	雛	形	36835
雛鳥	雛	鳥	5475
雛菊	雛	菊	1293
雛妓	雛	妓	1055
雛型	雛	型	1
霉菌	霉	菌	42870
霉味	霉	味	5995
霉爛	霉	爛	5615
霉運	霉	運	4340
霉氣	霉	氣	1775
霧氣	霧	氣	32785
霧裡看花	霧	裡看花	7180
霧社	霧	社	615
霧峰	霧	峰	1
霧台	霧	台	1
竟然	竟	然	500312
竟是	竟	是	123370
竟敢	竟	敢	19780
竟日	竟	日	1755
竟夜	竟	夜	3
顏色	顏	色	500699
顏料	顏	料	84890
顏面	顏	面	22670
顏真卿	顏	真卿	8125
顏面骨	顏	面骨	1
飾演	飾	演	110295
飾物	飾	物	39710
飾詞	飾	詞	99
飾過	飾	過	1
飾金	飾	金	1
餓死	餓	死	37285
餓鬼	餓	鬼	11110
餓虎撲食	餓	虎撲食	730
餓瘦	餓	瘦	1
餓虎撲羊	餓	虎撲羊	1
駁回	駁	回	53270
駁斥	駁	斥	15010
駁船	駁	船	8235
駁倒	駁	倒	3110
駁雜	駁	雜	2085
駭然	駭	然	14960
駭人	駭	人	12940
駭人聽聞	駭	人聽聞	8380
駭異	駭	異	2115
駭浪	駭	浪	1290
騷擾	騷	擾	102525
騷動	騷	動	28385
騷亂	騷	亂	18910
騷包	騷	包	1595
騷人墨客	騷	人墨客	1415
驟然	驟	然	49895
驟降	驟	降	9590
驟雨	驟	雨	5380
驟變	驟	變	4470
驟跌	驟	跌	1
髒話	髒	話	21185
髒兮兮	髒	兮兮	10400
髒亂	髒	亂	8180
髒東西	髒	東西	7110
髒錢	髒	錢	150
魁梧	魁	梧	11930
魁北克	魁	北克	11625
魁偉	魁	偉	9999
魁首	魁	首	3270
魁星	魁	星	3210
魂魄	魂	魄	31940
魂飛魄散	魂	飛魄散	11120
魂不守舍	魂	不守舍	4840
魂牽夢縈	魂	牽夢縈	4560
魂不附體	魂	不附體	3350
黎明	黎	明	106915
黎巴嫩	黎	巴嫩	29695
黎民	黎	民	5300
黎國	黎	國	1
黎明工專	黎	明工專	1
黯然	黯	然	42100
黯淡	黯	淡	29425
黯然失色	黯	然失色	10145
黯然神傷	黯	然神傷	7870
黯淡下來	黯	淡下來	1765
乃至	乃	至	396805
乃是	乃	是	140060
乃父	乃	父	2500
乃弟	乃	弟	1
乍看	乍	看	7030
乍現	乍	現	5030
乍然	乍	然	2400
乍看來	乍	看來	1
乏力	乏	力	62205
乏味	乏	味	27480
乏善可陳	乏	善可陳	6830
乏人問津	乏	人問津	2135
亟待	亟	待	32405
亟需	亟	需	11
亟思	亟	思	1
亟欲	亟	欲	1
亭亭玉立	亭	亭玉立	9300
亭台	亭	台	7890
亭臺	亭	臺	7890
亭亭	亭	亭	1111
什麼	什	麼	502468
什麼？	什	麼？	888
什錦	什	錦	7325
什物	什	物	1
伙伴	伙	伴	224740
伙計	伙	計	37305
伙食	伙	食	29890
伙伕	伙	伕	1
伺服	伺	服	41960
伺候	伺	候	37015
伺機	伺	機	20110
伺機而動	伺	機而動	625
俱樂部	俱	樂部	500363
俱佳	俱	佳	18935
俱全	俱	全	17840
俱備	俱	備	1
倘若	倘	若	118520
倘使	倘	使	3715
倘然	倘	然	870
倘佯	倘	佯	1
倡導	倡	導	276180
倡議	倡	議	56745
倡導者	倡	導者	18190
倡言	倡	言	1510
傑出	傑	出	80770
傑作	傑	作	53680
傑克遜	傑	克遜	27100
傑克	傑	克	4444
傭金	傭	金	41041
傭人	傭	人	16730
傭工	傭	工	1765
傭兵	傭	兵	1
僱員	僱	員	125755
僱主	僱	主	110300
僱用	僱	用	54855
僱工	僱	工	13865
僻靜	僻	靜	13880
僻遠	僻	遠	1375
僻壤	僻	壤	770
僻巷	僻	巷	305
兀自	兀	自	17325
兀立	兀	立	299
兀鷹	兀	鷹	1
兀坐	兀	坐	1
冊頁	冊	頁	9999
冊封	冊	封	8715
冊子	冊	子	8560
冊立	冊	立	1765
冶金	冶	金	148720
冶煉	冶	煉	72765
冶鐵	冶	鐵	4015
冶豔	冶	豔	1290
凱旋	凱	旋	54105
凱歌	凱	歌	14150
凱撒	凱	撒	14100
凱旋門	凱	旋門	9820
剎車	剎	車	120870
剎那	剎	那	49055
剎那間	剎	那間	41565
剎時	剎	時	1
勉強	勉	強	148100
勉勵	勉	勵	26360
勉力	勉	力	7580
勉為其難	勉	為其難	7360
匠心	匠	心	6965
匠心獨運	匠	心獨運	5370
匠心獨具	匠	心獨具	4565
匠氣	匠	氣	683
匪夷所思	匪	夷所思	22810
匪徒	匪	徒	18780
匪諜	匪	諜	1
匪懈	匪	懈	1
匿名	匿	名	278845
匿名信	匿	名信	4205
匿報	匿	報	1235
匿跡	匿	跡	1185
卷髮	卷	髮	23635
卷子	卷	子	18065
卷宗	卷	宗	12605
卷雲	卷	雲	3
叉子	叉	子	10150
叉燒	叉	燒	6485
叉燒包	叉	燒包	5272
叉路	叉	路	1
叢書	叢	書	132390
叢林	叢	林	88685
叢生	叢	生	23405
叢聚	叢	聚	1
叮囑	叮	囑	45105
叮噹	叮	噹	25665
叮嚀	叮	嚀	17870
叮叮噹噹	叮	叮噹噹	5550
后座	后	座	34925
后羿	后	羿	9855
后冠	后	冠	1425
后稷	后	稷	1
吾等	吾	等	8340
吾輩	吾	輩	7565
吾兄	吾	兄	2910
吾人	吾	人	1062
呱呱	呱	呱	9999
呱呱墜地	呱	呱墜地	3620
呱呱叫	呱	呱叫	2230
呱噪	呱	噪	1
咯血	咯	血	9385
咯吱	咯	吱	7755
咯咯作響	咯	咯作響	625
咯咯	咯	咯	228
哄笑	哄	笑	10295
哄堂大笑	哄	堂大笑	8460
哄騙	哄	騙	6130
哄抬物價	哄	抬物價	2610
哺乳	哺	乳	49790
哺育	哺	育	45301
哺乳動物	哺	乳動物	19195
哺乳類	哺	乳類	4370
嗚咽	嗚	咽	16745
嗚呼	嗚	呼	15150
嗚呼哀哉	嗚	呼哀哉	2955
嗚嗚的	嗚	嗚的	1
嘆息	嘆	息	100795
嘆氣	嘆	氣	29750
嘆為觀止	嘆	為觀止	29080
嘆服	嘆	服	9610
嘖嘖	嘖	嘖	17850
嘖嘖稱奇	嘖	嘖稱奇	5275
嘖有煩言	嘖	有煩言	443
嘖嘖稱好	嘖	嘖稱好	1
嘩嘩	嘩	嘩	23495
嘩啦	嘩	啦	15885
嘩然	嘩	然	11900
嘩喇喇	嘩	喇喇	1
嘲笑	嘲	笑	83415
嘲諷	嘲	諷	31770
嘲弄	嘲	弄	19335
嘲諷漫罵	嘲	諷漫罵	1
嘶啞	嘶	啞	8865
嘶吼	嘶	吼	6815
嘶叫	嘶	叫	4345
嘶喊	嘶	喊	2570
囊括	囊	括	45985
囊中物	囊	中物	650
囊空如洗	囊	空如洗	625
囊袋	囊	袋	1
坍塌	坍	塌	26655
坍方	坍	方	395
坍臺	坍	臺	280
坍落	坍	落	1
坑道	坑	道	10205
坑人	坑	人	4235
坑洞	坑	洞	3505
坑殺	坑	殺	1235
型式	型	式	1
型號	型	號	500545
型態	型	態	1
型錄式廣告	型	錄式廣告	1
夥伴	夥	伴	224740
夥計	夥	計	37305
夥同	夥	同	12175
夥眾	夥	眾	1
姨媽	姨	媽	18360
姨太太	姨	太太	4620
姨丈	姨	丈	3565
姨母	姨	母	2825
姪兒	姪	兒	1
姪女	姪	女	1
姪孫	姪	孫	1
姪子	姪	子	1
娃娃	娃	娃	152500
娃兒	娃	兒	10930
娃娃臉	娃	娃臉	6270
娃娃車	娃	娃車	250
娶妻	娶	妻	10320
娶媳婦	娶	媳婦	7155
娶親	娶	親	6115
娶媳	娶	媳	1
媚華	媚	華	2
媚眼	媚	眼	10240
媚外	媚	外	1520
媚力	媚	力	1
嫩綠	嫩	綠	11795
嫩苗	嫩	苗	9999
嫩芽	嫩	芽	9575
嫩葉	嫩	葉	8330
孺子	孺	子	5355
孺人	孺	人	1240
孺子可教	孺	子可教	1035
孺慕	孺	慕	1
宛如	宛	如	74320
宛若	宛	若	22875
宛然	宛	然	5675
宛轉	宛	轉	1
宦官	宦	官	27320
宦海	宦	海	1765
宦遊	宦	遊	1395
宦途	宦	途	780
寢室	寢	室	104780
寢宮	寢	宮	9640
寢具	寢	具	6385
寢食難安	寢	食難安	4880
屆時	屆	時	196685
屆滿	屆	滿	57830
屆期	屆	期	1700
屆臨	屆	臨	1
岸邊	岸	邊	58770
岸上	岸	上	3172
岸頭	岸	頭	590
岸然	岸	然	440
峨眉	峨	眉	24370
峨嵋	峨	嵋	1
峨嵋山	峨	嵋山	1
峨然矗立	峨	然矗立	1
峻嶺	峻	嶺	5785
峻峭	峻	峭	3755
峻德	峻	德	1
峻法	峻	法	1
崗位	崗	位	500404
崗亭	崗	亭	6090
崗哨	崗	哨	4645
崗警	崗	警	45
川菜	川	菜	88350
川流不息	川	流不息	10310
川芎	川	芎	528
川崎症	川	崎症	1
己身	己	身	8715
己見	己	見	417
己飢己溺	己	飢己溺	1
己所不欲，勿施於人	己	所不欲，勿施於人	1
庇護	庇	護	21400
庇佑	庇	佑	4815
庇護所	庇	護所	2465
庇蔭	庇	蔭	2005
庶民	庶	民	17650
庶務	庶	務	1565
庶務組	庶	務組	75
庶幾	庶	幾	1
廝殺	廝	殺	26095
廝守	廝	守	11960
廝打	廝	打	4080
廝混	廝	混	3250
彙報	彙	報	692029
彙集	彙	集	99295
彙編	彙	編	91945
彙整	彙	整	1
忌諱	忌	諱	38485
忌憚	忌	憚	7830
忌口	忌	口	5920
忌日	忌	日	4215
恬靜	恬	靜	22155
恬淡	恬	淡	15290
恬不知恥	恬	不知恥	3150
恬適	恬	適	1805
悄悄	悄	悄	229745
悄然	悄	然	89265
悄悄話	悄	悄話	53100
悄聲	悄	聲	10685
悟性	悟	性	68405
悟出	悟	出	9460
悟道	悟	道	1164
悟力	悟	力	1
悼念	悼	念	22160
悼亡	悼	亡	1645
悼文	悼	文	590
悼歌	悼	歌	1
惟獨	惟	獨	1
惟恐	惟	恐	1
惟一	惟	一	1
惟有	惟	有	1
惺惺相惜	惺	惺相惜	7665
惺忪	惺	忪	4650
惺惺	惺	惺	2660
惺惺作態	惺	惺作態	1225
愈來愈	愈	來愈	64415
愈演愈烈	愈	演愈烈	34550
愈加	愈	加	33995
愈益	愈	益	1399
慨嘆	慨	嘆	15890
慨歎	慨	歎	15890
慨然	慨	然	5795
慨允	慨	允	105
慷慨	慷	慨	102035
慷慨解囊	慷	慨解囊	9560
慷慨激昂	慷	慨激昂	9550
慷慨就義	慷	慨就義	1030
慾望	慾	望	314670
慾火	慾	火	17465
慾念	慾	念	11650
慾壑難填	慾	壑難填	1090
懵懂	懵	懂	18795
懵懵懂懂	懵	懵懂懂	5550
懵然	懵	然	1635
懵懵	懵	懵	1
扎實	扎	實	197550
扎根	扎	根	41920
扎手	扎	手	3228
扎花	扎	花	1440
掀起	掀	起	124035
掀開	掀	開	33155
掀翻	掀	翻	7790
掀動	掀	動	2535
掙扎	掙	扎	142975
掙錢	掙	錢	101700
掙脫	掙	脫	36645
掙到	掙	到	17380
搓揉	搓	揉	10940
搓成	搓	成	4880
搓湯圓	搓	湯圓	176
搓圓仔湯	搓	圓仔湯	1
摧毀	摧	毀	67530
摧殘	摧	殘	33165
摧枯拉朽	摧	枯拉朽	3205
摧折	摧	折	1855
摹本	摹	本	3135
摹寫	摹	寫	2285
摹仿	摹	仿	1
摹擬	摹	擬	1
撇開	撇	開	18660
撇下	撇	下	7350
撇清	撇	清	2235
撇掉	撇	掉	465
撩人	撩	人	18050
撩起	撩	起	10590
撩動	撩	動	9985
撩撥	撩	撥	7090
撬開	撬	開	11740
撬起	撬	起	2635
撬門	撬	門	2080
撬壞	撬	壞	370
撰寫	撰	寫	231950
撰文	撰	文	34665
撰稿	撰	稿	17595
撰述	撰	述	2620
昨天	昨	天	500375
昨晚	昨	晚	59650
昨日	昨	日	500267
昨夜	昨	夜	55685
晝夜	晝	夜	53885
晝伏夜出	晝	伏夜出	2705
晝日	晝	日	540
晝分	晝	分	1
暑假	暑	假	105675
暑期	暑	期	75810
暑熱	暑	熱	5900
暑氣	暑	氣	3665
曝光	曝	光	167850
曝晒	曝	晒	14975
曝曬	曝	曬	14975
曝露	曝	露	9999
曬太陽	曬	太陽	28140
曬乾	曬	乾	27455
曬黑	曬	黑	9185
曬場	曬	場	2185
曹操	曹	操	166430
曹雪芹	曹	雪芹	29220
曹錕	曹	錕	1
曹族	曹	族	1
曼谷	曼	谷	47525
曼妙	曼	妙	18530
曼麗	曼	麗	4785
曼陀林	曼	陀林	500
析出	析	出	6980
析解	析	解	1
析疑	析	疑	1
析字	析	字	1
柱子	柱	子	41130
柱狀	柱	狀	11180
柱頭	柱	頭	7305
柱石	柱	石	5380
椅子	椅	子	155695
椅背	椅	背	17160
椅套	椅	套	4685
椅墊	椅	墊	3570
椰子	椰	子	33730
椰林	椰	林	11220
椰子樹	椰	子樹	4405
椰子汁	椰	子汁	2907
楞楞	楞	楞	1
楞住	楞	住	1
楞了楞	楞	了楞	1
楞楞地	楞	楞地	1
榴彈	榴	彈	8545
榴彈炮	榴	彈炮	5195
榴槤	榴	槤	1
榴彈砲	榴	彈砲	1
橙色	橙	色	54310
橙汁	橙	汁	20195
橙黃色	橙	黃色	6280
橙皮	橙	皮	5025
櫃台	櫃	台	119355
櫃臺	櫃	臺	119355
櫃檯	櫃	檯	119355
櫃子	櫃	子	31980
歉意	歉	意	38080
歉疚	歉	疚	8755
歉收	歉	收	2555
歉歲	歉	歲	20
殞命	殞	命	2175
殞滅	殞	滅	365
殞落	殞	落	1
殞石	殞	石	1
殲滅	殲	滅	31945
殲敵	殲	敵	10920
殲擊機	殲	擊機	6835
殲滅戰	殲	滅戰	2905
段落	段	落	87055
段考	段	考	2120
段式	段	式	1
段數	段	數	1
毆打	毆	打	166403
毆傷	毆	傷	545
毆擊	毆	擊	310
毆辱	毆	辱	155
氫氣	氫	氣	24730
氫化	氫	化	7850
氫彈	氫	彈	6910
氫氧	氫	氧	3380
沸騰	沸	騰	59795
沸水	沸	水	32335
沸點	沸	點	2784
沸沸	沸	沸	1
泣不成聲	泣	不成聲	13275
泣血	泣	血	8455
泣鬼神	泣	鬼神	4875
泣然	泣	然	1
泳池	泳	池	30800
泳裝	泳	裝	23595
泳衣	泳	衣	14025
泳將	泳	將	1
淵源	淵	源	61375
淵博	淵	博	15745
淵藪	淵	藪	1860
淵谷	淵	谷	1
渦輪	渦	輪	25170
渦流	渦	流	11985
渦輪機	渦	輪機	2165
渦河	渦	河	2
滷味	滷	味	9267
滷蛋	滷	蛋	3474
滷肉	滷	肉	1
滷肉飯	滷	肉飯	1
漠視	漠	視	30055
漠然	漠	然	19360
漠不關心	漠	不關心	11745
漠地	漠	地	1
潭水	潭	水	6000
潭底	潭	底	2155
潭石	潭	石	265
潭子	潭	子	1
澄清	澄	清	95245
澄澈	澄	澈	8235
澄明	澄	明	7550
澄清湖	澄	清湖	1
澤國	澤	國	5305
澤被	澤	被	2540
澤地	澤	地	1
澤及	澤	及	1
澳大利亞	澳	大利亞	365040
澳門	澳	門	301285
澳洲	澳	洲	147120
澳洲籍	澳	洲籍	1
濁水	濁	水	2605
濁流	濁	流	2105
濁世	濁	世	999
濁水溪	濁	水溪	625
濱海	濱	海	7617
濱海公路	濱	海公路	895
濱江	濱	江	483
濱臨	濱	臨	1
灘頭	灘	頭	447
灘上	灘	上	1
灘聲	灘	聲	1
灘頭堡	灘	頭堡	1
焉能	焉	能	11305
焉知	焉	知	4700
焉有	焉	有	3985
焉得	焉	得	3111
然後	然	後	501658
然而	然	而	500724
然則	然	則	17585
然否	然	否	1305
熾熱	熾	熱	29485
熾烈	熾	烈	8130
熾盛	熾	盛	4730
熾愛	熾	愛	1
燭光	燭	光	33725
燭台	燭	台	15960
燭臺	燭	臺	15960
燭火	燭	火	8130
爪子	爪	子	27835
爪牙	爪	牙	7940
爪哇	爪	哇	7610
爪痕	爪	痕	900
牡蠣	牡	蠣	34448
牡丹	牡	丹	110470
牡丹亭	牡	丹亭	1
牡丹花	牡	丹花	7570
犀牛	犀	牛	46120
犀利	犀	利	30710
犀牛角	犀	牛角	1685
犀角	犀	角	1060
狠狠	狠	狠	99605
狠心	狠	心	23225
狠毒	狠	毒	14745
狠狠的	狠	狠的	1
玫秀	玫	秀	2
玫瑰	玫	瑰	310760
玫瑰花	玫	瑰花	44555
玫瑰色	玫	瑰色	8510
珊瑚	珊	瑚	57180
珊瑚蟲	珊	瑚蟲	13715
珊瑚礁	珊	瑚礁	12965
珊瑚潭	珊	瑚潭	1
瓊瑤	瓊	瑤	19535
瓊漿	瓊	漿	3825
瓊樓玉宇	瓊	樓玉宇	2460
瓊麻	瓊	麻	240
痲痺	痲	痺	1
痲瘋	痲	瘋	1
痲疹	痲	疹	1
痲瘋病	痲	瘋病	1
皓月	皓	月	14445
皓皓	皓	皓	2575
皓齒	皓	齒	1840
皓首	皓	首	1405
眩暈	眩	暈	41150
眩人	眩	人	740
眩目	眩	目	1
眩耀	眩	耀	1
瞬間	瞬	間	350610
瞬息萬變	瞬	息萬變	19415
瞬息	瞬	息	6715
瞬即	瞬	即	3225
硝煙	硝	煙	29155
硝酸	硝	酸	26340
硝酸鹽	硝	酸鹽	10020
硝酸鉀	硝	酸鉀	4555
碾碎	碾	碎	5925
碾子	碾	子	3065
碾米	碾	米	2070
碾米廠	碾	米廠	610
磷酸	磷	酸	131081
磷肥	磷	肥	15670
磷酸鹽	磷	酸鹽	12755
磷火	磷	火	1760
穴位	穴	位	47760
穴道	穴	道	25450
穴居	穴	居	3725
穴診儀	穴	診儀	1
窄小	窄	小	10090
窄巷	窄	巷	1775
窄狹	窄	狹	999
窄門	窄	門	1
符號	符	號	261105
符合	符	合	50076
符咒	符	咒	13370
符節	符	節	1120
箇中	箇	中	1141
箇中滋味	箇	中滋味	2960
箇中三昧	箇	中三昧	24
箇舊縣	箇	舊縣	1
篇幅	篇	幅	75150
篇章	篇	章	46595
篇目	篇	目	12390
篇兒	篇	兒	1
絆倒	絆	倒	12130
絆腳石	絆	腳石	11140
絆住	絆	住	3050
絆腳	絆	腳	810
絞盡腦汁	絞	盡腦汁	20180
絞痛	絞	痛	14405
絞盤	絞	盤	4770
絞碎	絞	碎	1945
絡繹不絕	絡	繹不絕	32900
絡繹	絡	繹	2810
絡子	絡	子	2
絡繹於途	絡	繹於途	1
絮叨	絮	叨	3660
絮煩	絮	煩	435
絮聒	絮	聒	365
絮絮不休	絮	絮不休	285
綺麗	綺	麗	5530
綺思	綺	思	1215
綺雲	綺	雲	13
綺窗	綺	窗	1
緬甸	緬	甸	84140
緬懷	緬	懷	33895
緬因州	緬	因州	2060
緬北	緬	北	1470
繃帶	繃	帶	25545
繃緊	繃	緊	19690
繃子	繃	子	475
繃著臉	繃	著臉	1
繡花	繡	花	48260
繡球	繡	球	12145
繡花枕頭	繡	花枕頭	1875
繡像	繡	像	1815
繫繩	繫	繩	1555
繫上	繫	上	555
繫念	繫	念	99
繫於	繫	於	1
罐頭	罐	頭	58550
罐子	罐	子	17375
罐裝	罐	裝	17045
罐頭食品	罐	頭食品	7020
罕見	罕	見	61225
罕有	罕	有	14295
罕用	罕	用	680
罕聞	罕	聞	635
耽誤	耽	誤	61680
耽擱	耽	擱	26130
耽溺	耽	溺	1265
耽心	耽	心	1
耿耿於懷	耿	耿於懷	18190
耿直	耿	直	10110
耿耿	耿	耿	4710
耿介	耿	介	111
聆聽	聆	聽	131940
聆訊	聆	訊	1262
聆賞	聆	賞	9
聆樂	聆	樂	1
聳立	聳	立	18825
聳人聽聞	聳	人聽聞	6865
聳肩	聳	肩	6680
聳動	聳	動	4110
聾人	聾	人	20465
聾啞	聾	啞	13325
聾子	聾	子	7950
聾胞	聾	胞	1
肆意	肆	意	36290
肆虐	肆	虐	32220
肆無忌憚	肆	無忌憚	30380
肆應	肆	應	1
肯德基	肯	德基	888
肯定	肯	定	500384
肯塔基	肯	塔基	2155
肯亞	肯	亞	1
脂肪	脂	肪	353585
脂肪酸	脂	肪酸	40510
脂粉	脂	粉	11265
脂粉氣	脂	粉氣	1045
腫瘤	腫	瘤	292970
腫脹	腫	脹	44940
腫大	腫	大	23820
腫起來	腫	起來	1055
臂膀	臂	膀	15290
臂力	臂	力	5470
臂章	臂	章	2950
臂彎	臂	彎	852
舟車	舟	車	2960
舟車勞頓	舟	車勞頓	2145
舟山	舟	山	458
舟楫	舟	楫	11
芒果	芒	果	42340
芒草	芒	草	9999
芒種	芒	種	3205
芒刺在背	芒	刺在背	1260
茂密	茂	密	40315
茂盛	茂	盛	30675
茂林	茂	林	11210
茂竹	茂	竹	1
莎草	莎	草	9999
莎雞	莎	雞	1
莎翁	莎	翁	1
莎阿南	莎	阿南	1
莒光號	莒	光號	135
莒縣	莒	縣	2
莒光	莒	光	1
莒光日	莒	光日	1
菁英	菁	英	5080
菁華	菁	華	1
菁英分子	菁	英分子	1
菁英份子	菁	英份子	1
菩薩	菩	薩	313800
菩提	菩	提	78760
菩提樹	菩	提樹	7460
菩薩心腸	菩	薩心腸	1865
萊比錫	萊	比錫	8965
萊茵河	萊	茵河	6980
萊姆酒	萊	姆酒	1
萊因河	萊	因河	1
萌芽	萌	芽	53735
萌發	萌	發	31180
萌生	萌	生	25400
萌起	萌	起	1
萎縮	萎	縮	91115
萎靡	萎	靡	7100
萎靡不振	萎	靡不振	6630
萎頓	萎	頓	1
董事	董	事	39187
董事長	董	事長	1132889
董事會	董	事會	357665
董監事	董	監事	725
葷菜	葷	菜	6355
葷腥	葷	腥	3035
葷素不忌	葷	素不忌	1
葷粥	葷	粥	1
蔽日	蔽	日	5065
蔽天	蔽	天	1325
蔽塞	蔽	塞	2
蔽空	蔽	空	1
薰沐	薰	沐	1
薰染	薰	染	1
薰陶	薰	陶	1
薰心	薰	心	1
藐視	藐	視	15035
藐不可測	藐	不可測	1
藐藐	藐	藐	1
藐小	藐	小	1
蘿蔔	蘿	蔔	494881
蘿蔔乾	蘿	蔔乾	3380
蘿蔔糕	蘿	蔔糕	2258
蘿蔔頭	蘿	蔔頭	1615
虔誠	虔	誠	33170
虔敬	虔	敬	3320
虔心	虔	心	1285
虔信	虔	信	1265
蝶形	蝶	形	2965
蝶式	蝶	式	1355
蝶類	蝶	類	600
蝶蛹	蝶	蛹	210
螞蟻	螞	蟻	124800
螞蚱	螞	蚱	7850
螞蟻窩	螞	蟻窩	1035
螞蝗	螞	蝗	1
蟬聯	蟬	聯	19225
蟬鳴	蟬	鳴	5405
蟬翼	蟬	翼	2675
蟬蛻	蟬	蛻	168
蠅頭小利	蠅	頭小利	4505
蠅營狗苟	蠅	營狗苟	1160
蠅頭	蠅	頭	750
蠅頭微利	蠅	頭微利	265
裊娜	裊	娜	3030
裊裊	裊	裊	222
裊裊炊煙	裊	裊炊煙	1
裊裊上升	裊	裊上升	1
裙子	裙	子	74900
裙帶	裙	帶	2865
裙帶關係	裙	帶關係	2430
裙釵	裙	釵	575
褒獎	褒	獎	11965
褒揚	褒	揚	7890
褒貶	褒	貶	7680
褒忠	褒	忠	1
訛詐	訛	詐	3825
訛傳	訛	傳	1940
訛稱	訛	稱	770
訛言	訛	言	1
詰問	詰	問	4480
詰難	詰	難	1575
詰責	詰	責	590
詰屈聱牙	詰	屈聱牙	1
諧音	諧	音	30755
諧謔	諧	謔	910
諧趣	諧	趣	555
諧和	諧	和	3
諭旨	諭	旨	33540
諭令	諭	令	1365
諭示	諭	示	1
諭知	諭	知	1
謎底	謎	底	25245
謎團	謎	團	18530
謎語	謎	語	17335
謎題	謎	題	8375
貞操	貞	操	17160
貞德	貞	德	6165
貞節	貞	節	5710
貞潔	貞	潔	875
貢獻	貢	獻	500500
貢品	貢	品	13305
貢獻者	貢	獻者	10820
貢寮	貢	寮	90
貶值	貶	值	43355
貶低	貶	低	27070
貶謫	貶	謫	3405
貶抑	貶	抑	9
賒欠	賒	欠	2080
賒貸	賒	貸	220
賒借	賒	借	85
賒帳	賒	帳	1
賺錢	賺	錢	357380
賺取	賺	取	68050
賺到	賺	到	54760
賺頭	賺	頭	3055
踐踏	踐	踏	34010
踐履	踐	履	2420
踐諾	踐	諾	2130
踐祚	踐	祚	1
蹲下來	蹲	下來	9500
蹲下去	蹲	下去	2825
蹲坐	蹲	坐	1755
蹲俯	蹲	俯	1
蹺蹺板	蹺	蹺板	3425
蹺辮子	蹺	辮子	1
蹺家	蹺	家	1
蹺課	蹺	課	1
軌道	軌	道	191940
軌跡	軌	跡	95250
軌距	軌	距	1865
軌範	軌	範	1
較為	較	為	492585
較量	較	量	73445
較勁	較	勁	12485
較之	較	之	9644
輓歌	輓	歌	5990
輓聯	輓	聯	5930
輓詞	輓	詞	800
輓額	輓	額	1
輩子	輩	子	60470
輩出	輩	出	10855
輩分	輩	分	6505
輩份	輩	份	1
輿論	輿	論	180560
輿情	輿	情	5830
輿論界	輿	論界	4095
輿圖	輿	圖	1650
辣椒	辣	椒	129805
辣味	辣	味	13645
辣手	辣	手	5210
辣手摧花	辣	手摧花	790
迂迴	迂	迴	28535
迂腐	迂	腐	8125
迂迴曲折	迂	迴曲折	4205
迂闊	迂	闊	625
逕行	逕	行	1
逕寄	逕	寄	1
逕庭	逕	庭	1
逕自	逕	自	1
逮捕	逮	捕	59005
逮住	逮	住	11015
逮到	逮	到	6875
逮獲	逮	獲	125
逾期	逾	期	244240
逾越	逾	越	15835
逾恆	逾	恆	1
逾時	逾	時	1
遏制	遏	制	137495
遏止	遏	止	15315
遏阻	遏	阻	675
遏抑	遏	抑	83
遐想	遐	想	8888
遐思	遐	思	7945
遐邇	遐	邇	5015
遐齡	遐	齡	9
遽然	遽	然	1730
遽爾	遽	爾	1
遽聞	遽	聞	1
遽下	遽	下	1
郊區	郊	區	118740
郊外	郊	外	25705
郊遊	郊	遊	21775
郊野	郊	野	4870
酣睡	酣	睡	8290
酣暢	酣	暢	6665
酣戰	酣	戰	1920
酣醉	酣	醉	585
醋酸	醋	酸	39520
醋意	醋	意	5405
醋罈子	醋	罈子	1755
醋勁	醋	勁	1490
鉤子	鉤	子	14265
鉤心鬥角	鉤	心鬥角	767
鉤勒	鉤	勒	1
鉤上	鉤	上	1
錶面	錶	面	888
錶帶	錶	帶	12230
錶殼	錶	殼	8605
錶廠	錶	廠	2095
鍍金	鍍	金	36265
鍍銀	鍍	銀	9990
鍍上	鍍	上	4465
鍍鋅	鍍	鋅	304
鍛煉	鍛	煉	419005
鍛鍊	鍛	鍊	419005
鍛造	鍛	造	43180
鍛鍊出	鍛	鍊出	1
鍾愛	鍾	愛	38570
鍾情	鍾	情	22135
鍾馗	鍾	馗	1
鍾山	鍾	山	1
鏈條	鏈	條	68650
鏈球菌	鏈	球菌	17410
鏈子	鏈	子	13795
鏈球	鏈	球	2530
鑲嵌	鑲	嵌	78425
鑲金	鑲	金	3415
鑲滿	鑲	滿	3005
鑲住	鑲	住	1
閣下	閣	下	103185
閣樓	閣	樓	37230
閣員	閣	員	1340
閣揆	閣	揆	1
陌生	陌	生	163825
陌生人	陌	生人	90405
陌路	陌	路	8655
陌生客	陌	生客	210
隕石	隕	石	24705
隕落	隕	落	7730
隕星	隕	星	3120
隕歿	隕	歿	1
障礙	障	礙	426670
障礙物	障	礙物	29620
障眼法	障	眼法	3870
障礙賽	障	礙賽	1650
雀斑	雀	斑	25765
雀躍	雀	躍	11875
雀屏中選	雀	屏中選	575
雀屏	雀	屏	1
雖然	雖	然	501774
雖說	雖	說	110245
雖則	雖	則	5950
雖敗猶榮	雖	敗猶榮	1850
頤和園	頤	和園	24350
頤指氣使	頤	指氣使	4210
頤養天年	頤	養天年	2500
頤養	頤	養	2105
餵食	餵	食	67825
餵養	餵	養	49300
餵奶	餵	奶	22040
餵給	餵	給	7780
饑餓	饑	餓	63670
饑渴	饑	渴	23420
饑荒	饑	荒	14565
饑饉	饑	饉	3
馳騁	馳	騁	37460
馳名	馳	名	27090
馳譽	馳	譽	1655
馳赴	馳	赴	1
駝峰	駝	峰	15464
駝背	駝	背	15380
駝子	駝	子	4445
駝鳥	駝	鳥	1
鱗片	鱗	片	20435
鱗次櫛比	鱗	次櫛比	8930
鱗莖	鱗	莖	6015
鱗次	鱗	次	1030
鶯歌	鶯	歌	1730
鶯鶯燕燕	鶯	鶯燕燕	1335
鶯燕	鶯	燕	790
鶯聲燕語	鶯	聲燕語	555
鶴立雞群	鶴	立雞群	7525
鶴立	鶴	立	2455
鶴髮童顏	鶴	髮童顏	1845
鶴髮	鶴	髮	940
麗人	麗	人	2631
麗質天生	麗	質天生	400
麗都	麗	都	2
麗水	麗	水	1
且看	且	看	19425
且說	且	說	15705
且慢	且	慢	11075
丘陵	丘	陵	43100
丘壑	丘	壑	1935
丘陵地	丘	陵地	1485
丫頭	丫	頭	103540
丫環	丫	環	12100
丫鬟	丫	鬟	1
么麼	么	麼	1
么兒	么	兒	1
么喝	么	喝	1
于是	于	是	500937
于歸	于	歸	1
于思	于	思	1
亢奮	亢	奮	20615
亢旱	亢	旱	111
亢直	亢	直	1
亦然	亦	然	18715
亦或	亦	或	17360
亦步亦趨	亦	步亦趨	7540
仕途	仕	途	18625
仕女	仕	女	9075
仕紳	仕	紳	1
份子	份	子	27875
份量	份	量	1
份內	份	內	1
伶俐	伶	俐	11945
伶仃	伶	仃	3645
伶牙俐齒	伶	牙俐齒	3210
佇立	佇	立	23890
佇足	佇	足	1285
佇候	佇	候	5
佯裝	佯	裝	9950
佯狂	佯	狂	945
佯言	佯	言	85
侮辱	侮	辱	161730
侮慢	侮	慢	111
侮蔑	侮	蔑	2
俏皮	俏	皮	18375
俏麗	俏	麗	17690
俏皮話	俏	皮話	2450
俘虜	俘	虜	51965
俘獲	俘	獲	14615
俘虜營	俘	虜營	1
俳句	俳	句	1215
俳優	俳	優	2
俳體	俳	體	1
俾斯麥	俾	斯麥	8245
俾能	俾	能	1
俾使	俾	使	1
倏地	倏	地	16850
倏然	倏	然	11180
倏忽	倏	忽	6600
偉大	偉	大	219195
偉人	偉	人	50845
偉業	偉	業	6354
偕同	偕	同	3920
偕老	偕	老	3515
偕行	偕	行	111
傀儡	傀	儡	27825
傀儡政權	傀	儡政權	1165
傀儡戲	傀	儡戲	575
傘兵	傘	兵	10065
傘形	傘	形	3795
傘包	傘	包	1
傢具	傢	具	500352
傢俱	傢	俱	500352
傢伙	傢	伙	209390
僕人	僕	人	49255
僕役	僕	役	4725
僕僕	僕	僕	1290
冀望	冀	望	3910
冀求	冀	求	770
冀圖	冀	圖	1
冗長	冗	長	19700
冗員	冗	員	3825
冗贅	冗	贅	235
凜然	凜	然	10765
凜凜	凜	凜	9999
凜冽	凜	冽	6845
凸顯	凸	顯	68485
凸出	凸	出	17605
凸透鏡	凸	透鏡	6655
剔除	剔	除	44845
剔牙	剔	牙	2690
剔透	剔	透	94
勳章	勳	章	132650
勳爵	勳	爵	10425
勳業	勳	業	975
勵志	勵	志	13177
勵精圖治	勵	精圖治	12755
勵行	勵	行	81
匆匆	匆	匆	141510
匆忙	匆	忙	56945
匆促	匆	促	2280
匡正	匡	正	3425
匡復	匡	復	795
匡濟	匡	濟	155
卒年	卒	年	9999
卒業	卒	業	1890
卒子	卒	子	1710
卜卦	卜	卦	3815
卜居	卜	居	111
卜辭	卜	辭	2
卯上	卯	上	975
卯足	卯	足	1
卯足全力	卯	足全力	1
卿卿我我	卿	卿我我	6520
卿卿	卿	卿	5075
卿相	卿	相	1
叨擾	叨	擾	9999
叨光	叨	光	299
叨叨絮絮	叨	叨絮絮	1
叱吒風雲	叱	吒風雲	11375
叱吒	叱	吒	8240
叱責	叱	責	1635
吠叫	吠	叫	4295
吠聲	吠	聲	1250
吠聲吠影	吠	聲吠影	1
吧！	吧	！	888
吧檯	吧	檯	28230
吧女	吧	女	1090
吱吱	吱	吱	50420
吱聲	吱	聲	6420
吱吱喳喳	吱	吱喳喳	1
呀。	呀	。	888
呀！	呀	！	888
呀？	呀	？	888
呢？	呢	？	888
呢絨	呢	絨	5015
呢喃	呢	喃	1822
咕嚕	咕	嚕	16610
咕噥	咕	噥	4615
咕嚕咕嚕	咕	嚕咕嚕	4570
咨詢	咨	詢	500944
咨文	咨	文	815
咨請	咨	請	1
咳嗽	咳	嗽	144400
咳血	咳	血	2765
咳聲嘆息	咳	聲嘆息	1
咸豐	咸	豐	229
咸認為	咸	認為	1
咸信	咸	信	1
哨兵	哨	兵	18285
哨子	哨	子	8520
哨音	哨	音	3065
哼唱	哼	唱	9140
哼哼唧唧	哼	哼唧唧	2910
哼哈二將	哼	哈二將	1000
唉聲嘆氣	唉	聲嘆氣	6910
唉呀	唉	呀	1
唉唷	唉	唷	1
唸書	唸	書	33620
唸經	唸	經	17440
唸唸有詞	唸	唸有詞	9600
啃食	啃	食	2590
啃掉	啃	掉	845
啃蝕	啃	蝕	1
喃喃	喃	喃	58330
喃喃自語	喃	喃自語	18325
喃喃地	喃	喃地	1
喋喋不休	喋	喋不休	17635
喋血	喋	血	4860
喋喋	喋	喋	985
喘息	喘	息	36630
喘氣	喘	氣	21850
喘噓噓	喘	噓噓	1
喚醒	喚	醒	66720
喚起	喚	起	58060
喚回	喚	回	6185
嗅覺	嗅	覺	40715
嗅到	嗅	到	17260
嗅出	嗅	出	4530
嗓子	嗓	子	56150
嗓音	嗓	音	55630
嗓門	嗓	門	17855
嗜好	嗜	好	43965
嗜酒	嗜	酒	7420
嗜之如命	嗜	之如命	1
嗡嗡	嗡	嗡	16820
嗡嗡聲	嗡	嗡聲	3695
嗡嗡叫	嗡	嗡叫	1
噓寒問暖	噓	寒問暖	8220
噓聲	噓	聲	6400
噓唏	噓	唏	590
嘟嘟	嘟	嘟	31215
嘟囔	嘟	囔	8980
嘟嚷	嘟	嚷	1560
嘻嘻	嘻	嘻	97980
嘻皮笑臉	嘻	皮笑臉	1
嘻笑	嘻	笑	1
噩夢	噩	夢	51130
噩耗	噩	耗	11855
噩運	噩	運	2390
嚎叫	嚎	叫	16610
嚎啕	嚎	啕	1
嚎啕大哭	嚎	啕大哭	1
嚮往	嚮	往	165365
嚮導	嚮	導	126240
嚮導員	嚮	導員	1
囉唆	囉	唆	7630
囉嘍	囉	嘍	1
囉嗦	囉	嗦	1
坡度	坡	度	42400
坡道	坡	道	11655
坡地	坡	地	1221
垮台	垮	台	8685
垮臺	垮	臺	8685
垮下來	垮	下來	1210
埔里	埔	里	1
埔心	埔	心	1
埔鹽	埔	鹽	1
堵塞	堵	塞	92030
堵住	堵	住	29735
堵嘴	堵	嘴	385
塊頭	塊	頭	6465
塊莖	塊	莖	5925
塊根	塊	根	4115
塌陷	塌	陷	22040
塌下來	塌	下來	2470
塌臺	塌	臺	170
塔臺	塔	臺	3275
塔斯社	塔	斯社	1005
塔城	塔	城	917
墮落	墮	落	82600
墮胎	墮	胎	16010
墮崖	墮	崖	1
墳墓	墳	墓	49840
墳地	墳	地	9020
墳場	墳	場	7335
夕陽	夕	陽	99095
夕照	夕	照	11380
夕陽工業	夕	陽工業	1
夭折	夭	折	25230
夭殤	夭	殤	90
夭壽	夭	壽	1
奈良	奈	良	888
奈何	奈	何	43820
奈何橋	奈	何橋	5440
妒忌	妒	忌	21125
妒意	妒	意	2020
妒嫉	妒	嫉	1
妓女	妓	女	84850
妓院	妓	院	19190
妓館	妓	館	1
妹妹	妹	妹	335960
妹夫	妹	夫	8090
妹婿	妹	婿	550
娓娓道來	娓	娓道來	12565
娓娓動聽	娓	娓動聽	2085
娓娓	娓	娓	4
娼妓	娼	妓	6765
娼婦	娼	婦	1670
娼寮	娼	寮	210
媽媽	媽	媽	500528
媽咪	媽	咪	45375
媽祖	媽	祖	12010
嫻熟	嫻	熟	37330
嫻雅	嫻	雅	3765
嫻淑	嫻	淑	2
嬰兒	嬰	兒	354645
嬰孩	嬰	孩	9150
嬰兒猝死症候群	嬰	兒猝死症候群	1
嬸嬸	嬸	嬸	12000
嬸婆	嬸	婆	999
嬸母	嬸	母	960
孜孜不倦	孜	孜不倦	18355
孜孜	孜	孜	5560
孜孜矻矻	孜	孜矻矻	24
孽障	孽	障	2400
孽種	孽	種	1405
孽子	孽	子	955
宅院	宅	院	12315
宅第	宅	第	8135
宅心仁厚	宅	心仁厚	1175
宇宙	宇	宙	300995
宇宙觀	宇	宙觀	6080
宇內	宇	內	4220
宵夜	宵	夜	10680
宵小	宵	小	1900
宵禁	宵	禁	1875
寺廟	寺	廟	96260
寺院	寺	院	87580
寺僧	寺	僧	7805
岔路	岔	路	10120
岔口	岔	口	5633
岔道	岔	道	4185
峭壁	峭	壁	26505
峭拔	峭	拔	2265
峭立	峭	立	995
島嶼	島	嶼	90085
島國	島	國	16575
島民	島	民	3475
崖壁	崖	壁	10410
崖邊	崖	邊	4795
崖岸	崖	岸	670
嶺南	嶺	南	55455
嶺東	嶺	東	1
嶺東商專	嶺	東商專	1
巍峨	巍	峨	26405
巍巍	巍	巍	18390
巍然	巍	然	4285
帆船	帆	船	40825
帆布	帆	布	22005
帆布袋	帆	布袋	1
幕後	幕	後	73090
幕僚	幕	僚	10435
幕前	幕	前	7070
廳長	廳	長	54710
廳堂	廳	堂	23935
廳舍	廳	舍	1
式樣	式	樣	72290
式微	式	微	19375
式子	式	子	7555
弒君	弒	君	2495
弒父	弒	父	2165
弒母	弒	母	485
弓箭	弓	箭	30890
弓弦	弓	弦	6125
弓形	弓	形	5555
弧線	弧	線	36090
弧形	弧	形	31205
弧度	弧	度	27610
彷彿	彷	彿	476460
彷徨	彷	徨	42755
彷徨失措	彷	徨失措	1
役使	役	使	3640
役畢	役	畢	1
役男	役	男	1
怔住	怔	住	1090
怔忪	怔	忪	1
怔忡不安	怔	忡不安	1
怦然心動	怦	然心動	12260
怦怦	怦	怦	6410
怦然	怦	然	2955
怵然	怵	然	685
怵惕	怵	惕	585
怵目驚心	怵	目驚心	1
恃才傲物	恃	才傲物	2110
恃強凌弱	恃	強凌弱	1510
恃寵而驕	恃	寵而驕	1
恤衫	恤	衫	9999
恤民	恤	民	1
恤貧	恤	貧	1
恥辱	恥	辱	44595
恥笑	恥	笑	10870
恥骨	恥	骨	10105
悍將	悍	將	5380
悍然	悍	然	5120
悍妻	悍	妻	535
悚懼	悚	懼	455
悚慄	悚	慄	1
悚然心驚	悚	然心驚	1
悵然	悵	然	8635
悵惘	悵	惘	5405
悵然若失	悵	然若失	3705
愧疚	愧	疚	39090
愧色	愧	色	2060
愧不敢當	愧	不敢當	1050
憾事	憾	事	5550
憾動	憾	動	1
憾恨	憾	恨	1
懊惱	懊	惱	25495
懊悔	懊	悔	17755
懊喪	懊	喪	5015
懿德	懿	德	1650
懿旨	懿	旨	1515
懿行	懿	行	1
扇子	扇	子	28410
扇形	扇	形	19695
扇舞	扇	舞	1
扒手	扒	手	14230
扒竊	扒	竊	4545
扒拉	扒	拉	4365
扔掉	扔	掉	41460
扔下	扔	下	28605
扔棄	扔	棄	1111
拌勻	拌	勻	34505
拌嘴	拌	嘴	3670
拌合	拌	合	1
拚鬥	拚	鬥	1
拚命	拚	命	1
拚死	拚	死	1
拷貝	拷	貝	125625
拷問	拷	問	13220
拷打	拷	打	3775
掐死	掐	死	10770
掐住	掐	住	7310
掐指一算	掐	指一算	1800
揀選	揀	選	9675
揀去	揀	去	2635
揀破爛	揀	破爛	1
揉搓	揉	搓	17370
揉合	揉	合	8920
揉成	揉	成	5095
揪住	揪	住	14290
揪出	揪	出	6175
揪出來	揪	出來	3800
搏鬥	搏	鬥	33325
搏擊	搏	擊	28875
搏命	搏	命	6666
搪瓷	搪	瓷	14705
搪塞	搪	塞	13715
搪缸	搪	缸	1
摯友	摯	友	45125
摯愛	摯	愛	23660
摯情	摯	情	1325
擄掠	擄	掠	4695
擄獲	擄	獲	1
擄人勒贖	擄	人勒贖	1
擱淺	擱	淺	23675
擱置	擱	置	22425
擱下	擱	下	5435
擲骰子	擲	骰子	2990
擲筊	擲	筊	1
擲瓶	擲	瓶	1
擼狗屌	擼	狗屌	1
擼屌	擼	屌	1
擼肉棒	擼	肉棒	1
攙扶	攙	扶	16260
攙和	攙	和	1
攙雜	攙	雜	1
攫取	攫	取	14735
攫奪	攫	奪	235
攫食	攫	食	1
旦旦	旦	旦	3495
旦夕	旦	夕	3445
旦角	旦	角	2510
昔日	昔	日	120145
昔年	昔	年	8000
昔時	昔	時	4175
晃動	晃	動	49870
晃蕩	晃	蕩	10570
晃晃	晃	晃	8160
晤談	晤	談	1445
晤面	晤	面	855
晤見	晤	見	140
曙光	曙	光	88320
曙色	曙	色	1800
曙光乍現	曙	光乍現	1
朽木	朽	木	7660
朽木不可雕	朽	木不可雕	1165
朽壞	朽	壞	1000
杉木	杉	木	2
杉林	杉	林	1
杉林溪	杉	林溪	1
材料	材	料	501359
材質	材	質	403570
材略	材	略	1
枋寮	枋	寮	270
枋山	枋	山	1
枋寮鄉	枋	寮鄉	1
柬埔寨	柬	埔寨	36770
柬國	柬	國	1
柬請	柬	請	1
桿菌	桿	菌	35285
桿子	桿	子	8525
桿弟	桿	弟	1
梗概	梗	概	8330
梗塞	梗	塞	6865
梗阻	梗	阻	2019
梧桐	梧	桐	3964
梧州	梧	州	253
梧棲	梧	棲	1
棍子	棍	子	22990
棍棒	棍	棒	12390
棍球	棍	球	185
棗子	棗	子	5665
棗紅色	棗	紅色	2980
棗泥	棗	泥	2640
棺材	棺	材	44170
棺木	棺	木	13245
棺槨	棺	槨	6635
楓葉	楓	葉	57915
楓樹	楓	樹	12140
楓港	楓	港	180
楷模	楷	模	37230
楷書	楷	書	25090
楷體	楷	體	14665
榨菜	榨	菜	14245
榨取	榨	取	7710
榨油	榨	油	5725
槓桿	槓	桿	45375
槓桿原理	槓	桿原理	1895
槓龜	槓	龜	1
樞紐	樞	紐	67700
樞機	樞	機	22
樞軸	樞	軸	1
檀香	檀	香	19565
檀香山	檀	香山	3275
檀島	檀	島	1
檯燈	檯	燈	34330
檯面	檯	面	48160
檯子	檯	子	12965
檳榔	檳	榔	3147
檳城	檳	城	1
檳榔嶼	檳	榔嶼	1
殯葬	殯	葬	35915
殯儀館	殯	儀館	22060
殯儀	殯	儀	5385
毅力	毅	力	74710
毅然	毅	然	55265
毅然決然	毅	然決然	6720
氨基酸	氨	基酸	102150
氨基	氨	基	48695
氨氣	氨	氣	10325
汪洋	汪	洋	28125
汪汪	汪	汪	11100
汪汪的	汪	汪的	1
沁人心脾	沁	人心脾	10180
沁涼	沁	涼	1
沁涼如水	沁	涼如水	1
沼氣	沼	氣	65170
沼澤	沼	澤	34235
沼澤地	沼	澤地	8585
泄露	泄	露	14883
泄洪	泄	洪	9630
泄泄	泄	泄	1
泌尿	泌	尿	15635
泌尿科	泌	尿科	5810
泌尿道	泌	尿道	1
涇渭分明	涇	渭分明	7020
涇河	涇	河	3485
涇渭	涇	渭	1030
涓涓	涓	涓	9410
涓滴	涓	滴	860
涓滴歸公	涓	滴歸公	1
淑女	淑	女	59810
淑媛	淑	媛	2425
淑德	淑	德	650
淹沒	淹	沒	59205
淹死	淹	死	23220
淹水	淹	水	1290
渴望	渴	望	293305
渴求	渴	求	38590
渴死	渴	死	5610
渺小	渺	小	32945
渺茫	渺	茫	19895
渺渺	渺	渺	8755
湘記	湘	記	2
湘南	湘	南	2
湘江	湘	江	7420
湮滅	湮	滅	10475
湮沒	湮	沒	999
湮沒無聞	湮	沒無聞	770
滇池	滇	池	21580
滇緬公路	滇	緬公路	2180
滇緬	滇	緬	1825
漿汁	漿	汁	9000
漿狀	漿	狀	3535
漿糊	漿	糊	1
瀏覽	瀏	覽	500946
瀏覽器	瀏	覽器	500320
瀏海	瀏	海	1
瀟洒	瀟	洒	109545
瀟灑	瀟	灑	109545
瀟瀟	瀟	瀟	16665
灣頭	灣	頭	2150
灣流	灣	流	111
灣仔	灣	仔	1
灶王爺	灶	王爺	3140
灶君	灶	君	2095
灶神	灶	神	393
炊煙	炊	煙	16165
炊具	炊	具	15320
炊事	炊	事	9445
烙印	烙	印	36690
烙餅	烙	餅	4955
烙痕	烙	痕	315
熄火	熄	火	67504
熄滅	熄	滅	43095
熄燈	熄	燈	11685
熙熙攘攘	熙	熙攘攘	17900
熙攘	熙	攘	3665
熙來攘往	熙	來攘往	525
熨燙	熨	燙	12960
熨斗	熨	斗	7915
熨貼	熨	貼	1
爵士	爵	士	84300
爵士樂	爵	士樂	16290
爵士舞	爵	士舞	2640
爹爹	爹	爹	34445
爹娘	爹	娘	18865
爹地	爹	地	9999
牲畜	牲	畜	55375
牲口	牲	口	16570
牲禮	牲	禮	1
猩猩	猩	猩	21170
猩紅	猩	紅	5150
猩紅熱	猩	紅熱	2930
獄卒	獄	卒	6065
獄吏	獄	吏	1855
獄門	獄	門	1630
玷污	玷	污	17200
玷汙	玷	汙	17200
玷辱	玷	辱	1010
琅琅	琅	琅	2385
琅玕	琅	玕	1060
琅琅上口	琅	琅上口	1
琳琅滿目	琳	琅滿目	35315
琳瑯	琳	瑯	1
琳瑯滿目	琳	瑯滿目	1
疼痛	疼	痛	331315
疼愛	疼	愛	39910
疼惜	疼	惜	8205
症狀	症	狀	500270
症候	症	候	5370
症候群	症	候群	5770
痠痛	痠	痛	36385
痠軟	痠	軟	12610
痠麻	痠	麻	5110
瘡疤	瘡	疤	2230
瘡痍	瘡	痍	1320
瘡痍滿目	瘡	痍滿目	345
癱瘓	癱	瘓	69190
癱軟	癱	軟	8705
癱倒	癱	倒	6505
皆知	皆	知	16225
皆大歡喜	皆	大歡喜	15355
皆宜	皆	宜	13435
盎司	盎	司	44840
盎然	盎	然	16140
盎斯	盎	斯	1
盒子	盒	子	79550
盒裝	盒	裝	33750
盒餐	盒	餐	1
盯人	盯	人	3655
盯梢	盯	梢	2740
盯人防守	盯	人防守	535
睜開	睜	開	50270
睜眼	睜	眼	25735
睜一眼，閉一眼	睜	一眼，閉一眼	1
瞞天過海	瞞	天過海	5850
瞞騙	瞞	騙	1285
瞞上欺下	瞞	上欺下	250
瞠目結舌	瞠	目結舌	12880
瞠目	瞠	目	3860
瞠乎其後	瞠	乎其後	35
瞻仰	瞻	仰	19885
瞻前顧後	瞻	前顧後	5890
瞻望	瞻	望	2815
矜持	矜	持	27805
矜功	矜	功	1
矜憐	矜	憐	1
矢口否認	矢	口否認	5435
矢言	矢	言	1
矢勤矢勇	矢	勤矢勇	1
砌成	砌	成	14935
砌牆	砌	牆	6155
砌磚	砌	磚	3805
硃砂	硃	砂	13475
硃砂痣	硃	砂痣	1445
硃筆	硃	筆	202
硯台	硯	台	5855
硯臺	硯	臺	5855
硯田	硯	田	2
磋商	磋	商	59480
磋談	磋	談	1
磋跎	磋	跎	1
礁石	礁	石	19085
礁溪	礁	溪	1
礁岩	礁	岩	1
禱告	禱	告	35725
禱文	禱	文	1135
禱詞	禱	詞	770
禽獸	禽	獸	35745
禽類	禽	類	26110
禽舍	禽	舍	1
稟報	稟	報	9800
稟賦	稟	賦	2146
稟承	稟	承	1
穎川	穎	川	1990
穎悟	穎	悟	2
穎脫	穎	脫	1
究竟	究	竟	410310
究辦	究	辦	255
究理	究	理	43
窒息	窒	息	63285
窒礙難行	窒	礙難行	138
窒礙	窒	礙	1
窯洞	窯	洞	13830
窯子	窯	子	2195
窯業	窯	業	1
筍乾	筍	乾	5125
筍子	筍	子	11
筍頭	筍	頭	1
篆刻	篆	刻	34980
篆書	篆	書	12380
篆字	篆	字	2640
篩選	篩	選	174575
篩檢	篩	檢	4670
篩子	篩	子	7970
簿記	簿	記	3210
簿子	簿	子	1530
簿本	簿	本	1
粘貼	粘	貼	118960
粘土	粘	土	1
粘著	粘	著	1
糕點	糕	點	36435
糕餅	糕	餅	9506
糕餅店	糕	餅店	1
糞便	糞	便	73780
糞土	糞	土	7865
糞坑	糞	坑	3970
絢麗	絢	麗	79855
絢爛	絢	爛	33660
絢麗多姿	絢	麗多姿	6275
絨毛	絨	毛	23555
絨布	絨	布	16720
絨線	絨	線	7000
綢緞	綢	緞	15915
綢繆	綢	繆	2710
綢子	綢	子	2035
綽號	綽	號	32235
綽綽有餘	綽	綽有餘	12940
綽約	綽	約	3645
纜車	纜	車	33820
纜線	纜	線	6750
纜繩	纜	繩	5945
署名	署	名	60060
署長	署	長	13310
署理	署	理	1
罵人	罵	人	52190
罵街	罵	街	4630
罵起來	罵	起來	1
翁姑	翁	姑	1300
翁仲	翁	仲	1255
翁婿	翁	婿	870
翰林	翰	林	22575
翰海	翰	海	4835
翰墨	翰	墨	1029
耆老	耆	老	1425
耆儒	耆	儒	110
耆宿	耆	宿	2
肋骨	肋	骨	30550
肋眼	肋	眼	1
肋間肌	肋	間肌	59
肢體	肢	體	78570
肢體語言	肢	體語言	15675
肢解	肢	解	17300
胖子	胖	子	138735
胖嘟嘟	胖	嘟嘟	3070
胖大海	胖	大海	272
胰島素	胰	島素	52565
胰液	胰	液	5249
胰臟	胰	臟	4150
胳膊	胳	膊	100065
胳臂	胳	臂	7075
胳肢窩	胳	肢窩	1180
脅迫	脅	迫	66214
脅逼	脅	逼	1
脅持	脅	持	1
脆弱	脆	弱	105845
脆性	脆	性	9140
脆餅	脆	餅	189
脾氣	脾	氣	136230
脾胃	脾	胃	32115
脾臟	脾	臟	8665
腋下	腋	下	23415
腋窩	腋	窩	9500
腋毛	腋	毛	4490
腕力	腕	力	2850
腕骨	腕	骨	525
腕道症候群	腕	道症候群	1
腮紅	腮	紅	18390
腮腺炎	腮	腺炎	6440
腮幫子	腮	幫子	4035
腿骨	腿	骨	4865
腿法	腿	法	1111
腿力	腿	力	870
膀胱	膀	胱	55525
膀子	膀	子	8660
膀臂	膀	臂	710
膏藥	膏	藥	13205
膏肓	膏	肓	1045
膏粱	膏	粱	9
膳食	膳	食	6013
膳宿	膳	宿	1675
膳房	膳	房	1045
膺選	膺	選	210
膺任	膺	任	35
膺品	膺	品	1
臆測	臆	測	4900
臆斷	臆	斷	2260
臆度	臆	度	305
臣服	臣	服	9265
臣民	臣	民	16175
臣子	臣	子	11880
艙位	艙	位	15750
艙房	艙	房	1910
艙底	艙	底	1860
艾略特	艾	略特	6800
艾草	艾	草	2925
艾森豪	艾	森豪	1
芸芸眾生	芸	芸眾生	13500
芸芸	芸	芸	7355
芸香	芸	香	2725
茹素	茹	素	1210
茹苦含辛	茹	苦含辛	1
茹毛飲血	茹	毛飲血	1
荊州	荊	州	71830
荊棘	荊	棘	29900
荊軻	荊	軻	10330
菌種	菌	種	32680
菌絲	菌	絲	11895
菌類	菌	類	11245
菱形	菱	形	23020
菱角	菱	角	17591
菱鏡	菱	鏡	1
蕃茄	蕃	茄	1
蕃薯	蕃	薯	1
蕃茄醬	蕃	茄醬	1
蕙質蘭心	蕙	質蘭心	675
蕙蘭	蕙	蘭	22
蕙質	蕙	質	1
蕪菁	蕪	菁	4333
蕪雜	蕪	雜	1875
蕪湖	蕪	湖	649
藩鎮	藩	鎮	3665
藩籬	藩	籬	2681
藩屬	藩	屬	1075
藻類	藻	類	18005
藻井	藻	井	3635
藻飾	藻	飾	550
蘋果	蘋	果	1143881
蘋果園	蘋	果園	7880
蘋果綠	蘋	果綠	2435
蛤蟆	蛤	蟆	27615
蛤蜊	蛤	蜊	8888
蛤蚧	蛤	蚧	285
蜘蛛	蜘	蛛	91365
蜘蛛人	蜘	蛛人	888
蜘蛛網	蜘	蛛網	9210
蜚聲中外	蜚	聲中外	2810
蜚聲國際	蜚	聲國際	1485
蜚短流長	蜚	短流長	1
蜜蜂	蜜	蜂	53950
蜜月	蜜	月	28315
蜜餞	蜜	餞	13305
蜷縮	蜷	縮	16335
蜷曲	蜷	曲	3195
蜷伏	蜷	伏	1240
蝗蟲	蝗	蟲	14945
蝗災	蝗	災	1875
蝗蟲過境	蝗	蟲過境	1
蝴蝶	蝴	蝶	175410
蝴蝶結	蝴	蝶結	17625
蝴蝶蘭	蝴	蝶蘭	8500
蝸牛	蝸	牛	61110
蝸居	蝸	居	4635
蝸行	蝸	行	360
螳螂	螳	螂	13365
螳臂當車	螳	臂當車	885
螳螂捕蟬，黃雀在後	螳	螂捕蟬，黃雀在後	1
蟠桃	蟠	桃	9605
蟠踞	蟠	踞	1
蟠龍	蟠	龍	1
蠢材	蠢	材	99999
蠢蠢欲動	蠢	蠢欲動	19725
蠢動	蠢	動	9999
衍生	衍	生	61465
衍義	衍	義	1
衍繹	衍	繹	1
衷心	衷	心	50350
衷情	衷	情	2910
衷曲	衷	曲	730
袋子	袋	子	32900
袋鼠	袋	鼠	17575
袋狀	袋	狀	1160
袍子	袍	子	9705
袍服	袍	服	2335
袍澤	袍	澤	515
褪色	褪	色	28945
褪去	褪	去	15955
褪下	褪	下	1111
襲擊	襲	擊	143735
襲取	襲	取	1240
襲捲	襲	捲	1
覓食	覓	食	20185
覓得	覓	得	6850
覓保	覓	保	1
訃告	訃	告	3265
訃聞	訃	聞	1055
訃文	訃	文	1
訊息	訊	息	91275
訊號	訊	號	37975
訊問	訊	問	20030
訟案	訟	案	880
訟事	訟	事	600
訟費	訟	費	1
訣竅	訣	竅	35020
訣別	訣	別	5800
訣要	訣	要	999
詹姆士	詹	姆士	8075
詹天佑	詹	天佑	6610
詹森	詹	森	4035
誌哀	誌	哀	570
誌慶	誌	慶	1
誌喜	誌	喜	1
誨人不倦	誨	人不倦	3775
誨淫	誨	淫	1090
誨盜	誨	盜	1
諄諄教誨	諄	諄教誨	3230
諄諄	諄	諄	3070
諄諄善誘	諄	諄善誘	470
諮詢	諮	詢	500944
諮商	諮	商	1
諮議	諮	議	1
諱言	諱	言	7810
諱莫如深	諱	莫如深	5995
諱疾忌醫	諱	疾忌醫	3265
諷刺	諷	刺	81930
諷刺性	諷	刺性	1200
諷諫	諷	諫	835
謄寫	謄	寫	2735
謄錄	謄	錄	1310
謄本	謄	本	370
謊言	謊	言	78965
謊報	謊	報	21340
謊話	謊	話	15620
譁眾取寵	譁	眾取寵	13705
譁然	譁	然	11900
譁變	譁	變	2220
譬如	譬	如	127195
譬如說	譬	如說	12955
譬喻	譬	喻	7470
賄賂	賄	賂	235133
賄選	賄	選	4945
賄款	賄	款	1700
賑災	賑	災	10395
賑濟	賑	濟	4070
賑恤	賑	恤	255
趙子龍	趙	子龍	4680
趙國	趙	國	3107
趙孟頫	趙	孟頫	1
跋涉	跋	涉	25655
跋扈	跋	扈	6710
跋山涉水	跋	山涉水	5965
踩踏	踩	踏	12235
踩高蹺	踩	高蹺	2095
踩入	踩	入	1
蹦蹦跳跳	蹦	蹦跳跳	7760
蹦跳	蹦	跳	5600
蹦出來	蹦	出來	3480
躬身	躬	身	18285
躬親	躬	親	1280
躬逢其盛	躬	逢其盛	235
軀體	軀	體	64440
軀幹	軀	幹	21100
軀殼	軀	殼	12835
軸線	軸	線	26520
軸心	軸	心	18805
軸心國	軸	心國	3590
輯錄	輯	錄	5285
輯要	輯	要	2000
輯印成書	輯	印成書	1
轄區	轄	區	199320
轄地	轄	地	2900
轄境	轄	境	1440
轎車	轎	車	1424796
轎子	轎	子	14375
轎夫	轎	夫	4180
辱罵	辱	罵	38000
辱沒	辱	沒	3495
辱國	辱	國	710
迦南	迦	南	4665
迦納	迦	納	1
迦葉尊者	迦	葉尊者	1
迪士尼	迪	士尼	2
迪化	迪	化	4
迪斯可	迪	斯可	1
迸發	迸	發	20590
迸出	迸	出	5890
迸裂	迸	裂	999
逍遙	逍	遙	145730
逍遙自在	逍	遙自在	8320
逍遙法外	逍	遙法外	6365
途徑	途	徑	500261
途中	途	中	204445
途經	途	經	61740
逛逛	逛	逛	38845
逛街	逛	街	95835
逛蕩	逛	蕩	1090
逝世	逝	世	56855
逝去	逝	去	45380
逝者	逝	者	5690
遂心	遂	心	2040
遂意	遂	意	1175
遂其所願	遂	其所願	1
遴選	遴	選	30265
遴選出來	遴	選出來	1
遴定	遴	定	1
郎中	郎	中	24660
郎君	郎	君	11815
郎才女貌	郎	才女貌	3600
酌情	酌	情	64260
酌量	酌	量	4460
酌減	酌	減	3770
酵母	酵	母	31290
酵素	酵	素	17595
酵母菌	酵	母菌	9230
醬油	醬	油	169116
醬瓜	醬	瓜	1270
醬菜	醬	菜	878
釜山	釜	山	24230
釜底抽薪	釜	底抽薪	6180
釜中魚	釜	中魚	1
鈴聲	鈴	聲	317650
鈴鐺	鈴	鐺	14570
鈴鼓	鈴	鼓	1050
鋅粉	鋅	粉	2350
鋅板	鋅	板	1980
鋅版	鋅	版	1200
錐形	錐	形	17340
錐體	錐	體	9280
錐子	錐	子	4515
錫箔	錫	箔	1830
錫箔紙	錫	箔紙	1090
錫金	錫	金	741
鍵盤	鍵	盤	362900
鍵入	鍵	入	89575
鍵控	鍵	控	8665
鏗鏘	鏗	鏘	15310
鏗然	鏗	然	1095
鏗鏘聲	鏗	鏘聲	1
鑒定	鑒	定	500313
鑒於	鑒	於	164640
鑒賞	鑒	賞	74835
闌尾炎	闌	尾炎	9865
闌珊	闌	珊	7265
闌尾	闌	尾	710
闕如	闕	如	2250
闕失	闕	失	1
闕文	闕	文	1
陝西	陝	西	428500
陝西省	陝	西省	201700
陝北	陝	北	41800
陵墓	陵	墓	30025
陵園	陵	園	27810
陵寢	陵	寢	7185
隸屬於	隸	屬於	59695
隸屬	隸	屬	58145
隸書	隸	書	34305
雋永	雋	永	13975
雋語	雋	語	9999
雋爽	雋	爽	1
雍正	雍	正	40505
雍容	雍	容	10750
雍容華貴	雍	容華貴	9950
霓虹燈	霓	虹燈	35330
霓虹	霓	虹	17565
霓紅燈	霓	紅燈	1
霞光	霞	光	17975
霞彩	霞	彩	82
霞雲	霞	雲	1
靶子	靶	子	11120
靶場	靶	場	4970
靶心	靶	心	2900
鞠躬	鞠	躬	32440
鞠躬盡瘁	鞠	躬盡瘁	11875
鞠躬禮	鞠	躬禮	1545
韌性	韌	性	42575
韌帶	韌	帶	34965
韌度	韌	度	2990
韜光養晦	韜	光養晦	5705
韜略	韜	略	4415
韜光	韜	光	1270
韶華	韶	華	8075
韶光	韶	光	2880
韶顏	韶	顏	1
須要	須	要	303359
須知	須	知	154135
須臾	須	臾	16230
飼料	飼	料	336300
飼養	飼	養	192650
飼主	飼	主	424
驀然回首	驀	然回首	14425
驀地	驀	地	6710
驀然	驀	然	2325
驛站	驛	站	33455
驛馬	驛	馬	694
驛馬車	驛	馬車	1
魅力	魅	力	401041
魅惑	魅	惑	16720
魅影	魅	影	14885
魏國	魏	國	18550
魏碑	魏	碑	3680
魏徵	魏	徵	937
鮑魚	鮑	魚	28765
鮑魚菇	鮑	魚菇	662
鮑魚之肆	鮑	魚之肆	98
鯉魚	鯉	魚	57705
鯉魚跳龍門	鯉	魚跳龍門	2000
鯉躍龍門	鯉	躍龍門	292
鯨魚	鯨	魚	15905
鯨豚	鯨	豚	1
鯨吞	鯨	吞	2500
鳩占鵲巢	鳩	占鵲巢	500
鳩佔鵲巢	鳩	佔鵲巢	500
鳩集	鳩	集	1
鴿子	鴿	子	58450
鴿派	鴿	派	650
鴿樓	鴿	樓	1
鸚鵡	鸚	鵡	73210
鸚鵡螺	鸚	鵡螺	4015
鸚哥	鸚	哥	3500
鹵味	鹵	味	9267
鹵素燈	鹵	素燈	6621
鹵莽	鹵	莽	1
黛安娜	黛	安娜	4980
黛玉	黛	玉	405
黛綠年華	黛	綠年華	1
丙烷	丙	烷	12835
丙等	丙	等	1010
丰采	丰	采	3360
丰姿綽約	丰	姿綽約	1
乒乓球	乒	乓球	89080
乒乓	乒	乓	18655
予以	予	以	500513
予取予求	予	取予求	1355
亨利	亨	利	68520
亨通	亨	通	10600
仍然	仍	然	500491
仍舊	仍	舊	86390
佃農	佃	農	4315
佃租	佃	租	11
佚失	佚	失	404
佚事	佚	事	1
佣金	佣	金	41041
佣人	佣	人	16730
佩服	佩	服	140620
佩帶	佩	帶	38760
佼佼者	佼	佼者	45015
佼佼	佼	佼	3
侃侃而談	侃	侃而談	13310
侃侃	侃	侃	12145
侄子	侄	子	21215
侄女	侄	女	18820
侷限	侷	限	77705
侷促	侷	促	13275
係數	係	數	16680
係為	係	為	1
俐叡	俐	叡	2
俐落	俐	落	1
俚語	俚	語	9430
俚俗	俚	俗	1195
倖存	倖	存	20200
倖免	倖	免	15565
倨傲	倨	傲	3595
倨傲鮮腆	倨	傲鮮腆	1
倩影	倩	影	13275
倩女	倩	女	1
偃旗息鼓	偃	旗息鼓	5155
偃武修文	偃	武修文	365
儉樸	儉	樸	15690
儉省	儉	省	980
儷影	儷	影	3
儷人	儷	人	1
儼然	儼	然	43445
儼如	儼	如	2755
刈草	刈	草	175
刈香	刈	香	1
刎頸之交	刎	頸之交	999
刎頸	刎	頸	1
剷除	剷	除	31405
剷平	剷	平	3365
剽竊	剽	竊	23760
剽悍	剽	悍	6920
勛章	勛	章	132650
勛爵	勛	爵	10425
勻稱	勻	稱	26280
勻淨	勻	淨	9999
匈奴	匈	奴	61695
匈牙利	匈	牙利	48695
匣子	匣	子	10835
匣式	匣	式	1
卻是	卻	是	10365
卻步	卻	步	5935
厄運	厄	運	28325
厄瓜多爾	厄	瓜多爾	16440
吏部	吏	部	9625
吏治	吏	治	9
吝嗇	吝	嗇	35915
吝惜	吝	惜	9985
吭聲	吭	聲	11775
吭氣	吭	氣	2110
吼叫	吼	叫	18455
吼聲	吼	聲	11855
咀嚼	咀	嚼	51840
咀咒	咀	咒	1
咄咄逼人	咄	咄逼人	19415
咄咄	咄	咄	2475
咆哮	咆	哮	32960
咆嘯	咆	嘯	1
咒語	咒	語	38865
咒罵	咒	罵	17925
咧嘴	咧	嘴	9120
咧開	咧	開	3395
咫尺	咫	尺	7080
咫尺天涯	咫	尺天涯	4000
咱們	咱	們	423235
咱家	咱	家	15135
哇哇	哇	哇	13915
哇哇叫	哇	哇叫	1065
哎呀	哎	呀	84655
哎喲	哎	喲	29260
哩哩囉囉	哩	哩囉囉	1111
哩嚕	哩	嚕	1
唬人	唬	人	4875
唬住	唬	住	2010
啄木鳥	啄	木鳥	11600
啄食	啄	食	4745
啊哈	啊	哈	11670
啊呀	啊	呀	10630
啜泣	啜	泣	7575
啜飲	啜	飲	3110
啦啦隊	啦	啦隊	6875
啦啦隊長	啦	啦隊長	525
喁喁	喁	喁	1
喁喁細語	喁	喁細語	1
喔喲	喔	喲	3
喔唷	喔	唷	1
喟嘆	喟	嘆	2400
喟然而嘆	喟	然而嘆	1
嗆鼻	嗆	鼻	1315
嗆咳	嗆	咳	1
嗎？	嗎	？	888
嗎啡	嗎	啡	14060
嗟嘆	嗟	嘆	4815
嗟來食	嗟	來食	1
嗣後	嗣	後	5885
嗣承	嗣	承	160
嗶嗶聲	嗶	嗶聲	1
嗶嗶剝剝	嗶	嗶剝剝	1
嘀咕	嘀	咕	27670
嘀嘀咕咕	嘀	嘀咕咕	2970
嘎嘎	嘎	嘎	42460
嘎啦	嘎	啦	1
嘗試	嘗	試	500255
嘗到	嘗	到	21135
嘰嘰喳喳	嘰	嘰喳喳	8870
嘰哩咕嚕	嘰	哩咕嚕	1
噪音	噪	音	153900
噪音汙染	噪	音汙染	3950
噬臍莫及	噬	臍莫及	9999
噬人菌	噬	人菌	1
嚐試	嚐	試	500255
嚐到	嚐	到	21135
嚥下	嚥	下	14705
嚥氣	嚥	氣	2955
嚷嚷	嚷	嚷	15515
嚷叫	嚷	叫	9999
嚼舌	嚼	舌	860
嚼蠟	嚼	蠟	785
囑咐	囑	咐	47490
囑託	囑	託	11740
囤積	囤	積	26385
囤積居奇	囤	積居奇	3435
囫圇吞棗	囫	圇吞棗	3255
囫圇	囫	圇	3240
坎坷	坎	坷	56230
坎培拉	坎	培拉	1
坤造	坤	造	1840
坤輿	坤	輿	1
埃及	埃	及	150005
埃及人	埃	及人	7280
域外	域	外	17415
域中	域	中	178
堡壘	堡	壘	34695
堡寨	堡	寨	820
壘球	壘	球	6980
壘包	壘	包	1
夷為平地	夷	為平地	4625
夷人	夷	人	1
奄奄一息	奄	奄一息	17150
奄奄	奄	奄	965
妊娠	妊	娠	137315
妊娠紋	妊	娠紋	6210
妝扮	妝	扮	4015
妝點	妝	點	3
妨礙	妨	礙	140350
妨害	妨	害	28615
姍姍來遲	姍	姍來遲	8765
姍姍	姍	姍	2241
姓名	姓	名	500593
姓氏	姓	氏	95416
姜子牙	姜	子牙	6160
姜太公	姜	太公	4125
姣好	姣	好	7860
姣美	姣	美	1085
姥姥	姥	姥	35765
姥姥不疼，舅舅不愛	姥	姥不疼，舅舅不愛	1
姻緣	姻	緣	28945
姻親	姻	親	2740
娟娟	娟	娟	13975
娟秀	娟	秀	4475
娥皇	娥	皇	1955
娥眉	娥	眉	1
婀娜	婀	娜	16705
婀娜多姿	婀	娜多姿	9160
媳婦	媳	婦	92250
媳婦兒	媳	婦兒	4245
嫂嫂	嫂	嫂	87190
嫂子	嫂	子	50755
嫉妒	嫉	妒	1
嫉惡如仇	嫉	惡如仇	1
嫋娜	嫋	娜	3030
嫋嫋	嫋	嫋	222
嫖客	嫖	客	60810
嫖妓	嫖	妓	5435
嫣然	嫣	然	23845
嫣紅	嫣	紅	8680
嫦娥	嫦	娥	30415
嫦娥奔月	嫦	娥奔月	4175
孀居	孀	居	675
孀婦	孀	婦	555
孑然一身	孑	然一身	3465
孑孓	孑	孓	1570
孕婦	孕	婦	202005
孕育	孕	育	71030
孳生	孳	生	1
孳孳	孳	孳	1
寨子	寨	子	14375
寨主	寨	主	10875
寮國	寮	國	2
寮北	寮	北	1
屎尿	屎	尿	2845
屎蚵蜋	屎	蚵蜋	1
屹立	屹	立	15026
屹立不搖	屹	立不搖	1
岌岌可危	岌	岌可危	9535
岌岌	岌	岌	1
峇里島	峇	里島	1
峇峇	峇	峇	1
峰巒	峰	巒	14380
峰迴路轉	峰	迴路轉	8950
峽谷	峽	谷	115525
峽灣	峽	灣	1050
崆峒	崆	峒	7865
崆峒山	崆	峒山	2330
嵩山	嵩	山	27585
嵩壽	嵩	壽	1
嶄新	嶄	新	38495
嶄露頭角	嶄	露頭角	2080
巖石	巖	石	118880
巖洞	巖	洞	20770
巾幗	巾	幗	2955
巾幗英雄	巾	幗英雄	2805
帕米爾	帕	米爾	2680
帕金森氏症	帕	金森氏症	1
帷幕	帷	幕	68225
帷幔	帷	幔	999
幌子	幌	子	20275
幌動	幌	動	1
幣值	幣	值	15815
幣制	幣	制	2655
廁所	廁	所	173630
廁身其間	廁	身其間	1
廊道	廊	道	7165
廊下	廊	下	5005
廬山	廬	山	72300
廬山真面目	廬	山真面目	6430
廷杖	廷	杖	1230
廷試	廷	試	655
弭兵	弭	兵	1
弭平	弭	平	1
彬彬有禮	彬	彬有禮	16705
彬彬	彬	彬	14205
彭祖	彭	祖	8285
彭亨	彭	亨	1
徽章	徽	章	31210
徽幟	徽	幟	65
忐忑	忐	忑	22945
忐忑不安	忐	忑不安	14345
忸怩	忸	怩	3640
忸怩作態	忸	怩作態	520
怏怏不樂	怏	怏不樂	815
怏怏	怏	怏	3
恕罪	恕	罪	5135
恕道	恕	道	1
恣意	恣	意	26435
恣情	恣	情	1275
恪守	恪	守	43835
恪遵	恪	遵	590
恫嚇	恫	嚇	4165
恫瘝	恫	瘝	1
悉心	悉	心	30325
悉數	悉	數	22100
悖逆	悖	逆	2850
悖理	悖	理	695
您好	您	好	373220
您們	您	們	25260
悻悻	悻	悻	9170
悻悻然	悻	悻然	1860
惆悵	惆	悵	42640
惆然	惆	然	1
惋惜	惋	惜	34815
惋歎	惋	歎	425
惕厲	惕	厲	2
惕勵	惕	勵	1
惦記	惦	記	13755
惦念	惦	念	5235
惴惴不安	惴	惴不安	4635
惴慄	惴	慄	2
惻隱之心	惻	隱之心	6360
惻然	惻	然	1565
愉快	愉	快	181390
愉悅	愉	悅	110420
愕然	愕	然	37260
愕視	愕	視	15
愣住	愣	住	23650
愣頭愣腦	愣	頭愣腦	700
態度	態	度	500424
態勢	態	勢	213880
慕尼黑	慕	尼黑	34960
慕名	慕	名	18195
憋尿	憋	尿	4055
憋不住	憋	不住	3285
憎恨	憎	恨	28515
憎惡	憎	惡	15470
懂得	懂	得	303225
懂事	懂	事	46210
懦弱	懦	弱	24350
懦夫	懦	夫	10855
懺悔	懺	悔	57760
懺悔錄	懺	悔錄	2790
懼怕	懼	怕	44195
懼高症	懼	高症	102
懾服	懾	服	1825
懾人心魄	懾	人心魄	1
戍守	戍	守	2055
戍衛	戍	衛	1
戕害	戕	害	2915
戕賊	戕	賊	265
戛然而止	戛	然而止	6855
戛然	戛	然	1690
戡亂	戡	亂	545
戡亂時期	戡	亂時期	1
拈花惹草	拈	花惹草	3490
拈香	拈	香	1325
括號	括	號	25115
括約肌	括	約肌	10880
捆綁	捆	綁	111470
捆工	捆	工	1
捍衛	捍	衛	52095
捍拒	捍	拒	1
捶打	捶	打	6100
捶胸頓足	捶	胸頓足	3670
揩油	揩	油	2540
揩汗	揩	汗	180
揹黑鍋	揹	黑鍋	1
揹負	揹	負	1
摒棄	摒	棄	4425
摒除	摒	除	3310
摟抱	摟	抱	7395
摟摟抱抱	摟	摟抱抱	2120
摻雜	摻	雜	22595
摻合	摻	合	1
撮合	撮	合	19550
撮要	撮	要	1290
擢升	擢	升	2515
擢昇	擢	昇	2515
攢錢	攢	錢	9650
攢眉	攢	眉	445
斐然	斐	然	7315
斐然成章	斐	然成章	1
斟酌	斟	酌	24845
斟滿	斟	滿	501
斤斤計較	斤	斤計較	17130
斤兩	斤	兩	4020
斧頭	斧	頭	23595
斧鑿	斧	鑿	999
旨意	旨	意	10230
旨趣	旨	趣	1
昊天	昊	天	1450
昊天罔極	昊	天罔極	1
晏子	晏	子	65
晏起	晏	起	1
晒黑	晒	黑	9185
晒成	晒	成	2785
晦氣	晦	氣	9999
晦暗	晦	暗	109
晾乾	晾	乾	24550
晾曬	晾	曬	20050
曆法	曆	法	16205
曆書	曆	書	3370
曇花一現	曇	花一現	17150
曇花	曇	花	9640
曖昧	曖	昧	76160
曖昧行為	曖	昧行為	90
曳引機	曳	引機	1010
曳光彈	曳	光彈	875
札幌	札	幌	6040
札記	札	記	1236
朴子	朴	子	1
朴子溪	朴	子溪	1
杳然	杳	然	1400
杳無蹤跡	杳	無蹤跡	420
枸杞	枸	杞	41355
枸櫞	枸	櫞	5
柑橘	柑	橘	39145
柑桔	柑	桔	1
柚子	柚	子	22205
柚木	柚	木	13855
柵欄	柵	欄	27580
柵門	柵	門	1055
柿葉	柿	葉	888
柿子	柿	子	34085
栩栩如生	栩	栩如生	40955
栩栩	栩	栩	1755
株連	株	連	9999
株守	株	守	445
桅杆	桅	杆	8755
桅桿	桅	桿	8755
框架	框	架	368320
框框	框	框	13250
桶子	桶	子	2655
桶蓋	桶	蓋	2085
梓宮	梓	宮	1
梓官	梓	官	1
梟雄	梟	雄	10585
梟首	梟	首	1100
梭哈	梭	哈	3785
梭羅	梭	羅	1
械鬥	械	鬥	5760
械彈	械	彈	1
棕色	棕	色	49815
棕櫚	棕	櫚	21115
棘手	棘	手	34585
棘皮動物	棘	皮動物	675
棚子	棚	子	6775
棚架	棚	架	4350
棟梁	棟	梁	18200
棟樑	棟	樑	18200
棧道	棧	道	3620
棧房	棧	房	505
椎心泣血	椎	心泣血	1
椎心蝕骨	椎	心蝕骨	1
椽梁	椽	梁	1
椽木	椽	木	1
楔子	楔	子	6045
楔形文字	楔	形文字	1095
榫頭	榫	頭	9999
榫眼	榫	眼	665
槌球	槌	球	1
槌子	槌	子	1
樁腳	樁	腳	185
樁柱	樁	柱	1
樊籬	樊	籬	5555
樊籠	樊	籠	1965
樺木	樺	木	6480
樺樹	樺	樹	5840
橈骨	橈	骨	2675
橈動脈	橈	動脈	2030
橢圓	橢	圓	46040
橢圓形	橢	圓形	32585
櫛風沐雨	櫛	風沐雨	1275
櫛比鱗次	櫛	比鱗次	460
櫥窗	櫥	窗	37310
櫥櫃	櫥	櫃	10493
氈子	氈	子	1435
氈毯	氈	毯	865
氮肥	氮	肥	25560
氮素	氮	素	4715
氾濫	氾	濫	83485
氾濫成災	氾	濫成災	9320
汀洲	汀	洲	1520
汀州	汀	州	1
汕頭市	汕	頭市	71425
汕頭	汕	頭	1475
汝等	汝	等	13475
汝南王	汝	南王	485
汨羅江	汨	羅江	1705
汨汨	汨	汨	1280
汩汩	汩	汩	1138
汩沒	汩	沒	1
汰換	汰	換	1347
汰舊換新	汰	舊換新	455
汾河	汾	河	7835
汾水	汾	水	2
沆瀣一氣	沆	瀣一氣	2100
沆瀣	沆	瀣	400
沐浴	沐	浴	104330
沐浴春風	沐	浴春風	1
沮喪	沮	喪	72525
沮水	沮	水	1
沽名釣譽	沽	名釣譽	3670
沽河	沽	河	1
泊車	泊	車	9995
泊船	泊	船	1100
泯滅	泯	滅	13120
泯沒	泯	沒	275
泱泱大國	泱	泱大國	5270
泱泱	泱	泱	59
洶湧	洶	湧	43305
洶洶	洶	洶	2270
涅槃	涅	槃	12930
涅槃經	涅	槃經	1
淬礪	淬	礪	9999
淬鍊	淬	鍊	2105
淮南	淮	南	52755
淮河	淮	河	34790
淳樸	淳	樸	35670
淳厚	淳	厚	5740
渙散	渙	散	12020
渙然冰釋	渙	然冰釋	230
渭河	渭	河	10190
渭水	渭	水	7470
湄公河	湄	公河	8035
湄州	湄	州	1
湍急	湍	急	9935
湍流	湍	流	7500
湔江	湔	江	1960
湔雪	湔	雪	2
溘然	溘	然	615
溘逝	溘	逝	1
漣漪	漣	漪	36470
漣漣	漣	漣	2680
漯河	漯	河	28550
漯水	漯	水	1
漱口	漱	口	20380
漱洗	漱	洗	990
漳州	漳	州	2
漳江	漳	江	1
潘金蓮	潘	金蓮	20350
潘安再世	潘	安再世	135
潦倒	潦	倒	9905
潦草	潦	草	9670
澈底	澈	底	1
澈悟	澈	悟	1
澗水	澗	水	3215
澗溪	澗	溪	9
澠池	澠	池	380
澠水	澠	水	1
澡了	澡	了	888
澡堂	澡	堂	15260
濬深	濬	深	1
濬哲	濬	哲	1
濯濯	濯	濯	560
濯足	濯	足	1
瀆職	瀆	職	20020
瀆職罪	瀆	職罪	2875
瀋陽	瀋	陽	492720
瀋陽市	瀋	陽市	164475
瀛台	瀛	台	118
瀛海	瀛	海	1
瀝青	瀝	青	7176
瀝血	瀝	血	1225
瀧岡	瀧	岡	2
瀧水	瀧	水	2
炙手可熱	炙	手可熱	20915
炙熱	炙	熱	13195
炫耀	炫	耀	60210
炫目	炫	目	21670
炯炯有神	炯	炯有神	6430
炯炯	炯	炯	5060
烽火	烽	火	43165
烽煙	烽	煙	9999
焊接	焊	接	172570
焊工	焊	工	17465
煥發	煥	發	48270
煥然一新	煥	然一新	27320
熠熠紅星	熠	熠紅星	1
熠熠閃亮	熠	熠閃亮	1
燠熱	燠	熱	135
燠燥	燠	燥	1
燥熱	燥	熱	15960
燥濕	燥	濕	6215
燦爛	燦	爛	107860
燦爛奪目	燦	爛奪目	2220
爸媽	爸	媽	888
爸爸	爸	爸	487875
爺爺	爺	爺	220205
爺們	爺	們	18560
牟利	牟	利	63496
牟尼佛	牟	尼佛	1
犒勞	犒	勞	6005
犒賞	犒	賞	3410
猖獗	猖	獗	24300
猖狂	猖	狂	16580
猝不及防	猝	不及防	8970
猝然	猝	然	7145
猥瑣	猥	瑣	918340
猥褻	猥	褻	16285
猿人	猿	人	21112
猿猴	猿	猴	7360
玲瓏	玲	瓏	59530
玲瓏剔透	玲	瓏剔透	7575
琥珀	琥	珀	57680
琥珀色	琥	珀色	7540
琵琶	琵	琶	8888
琵琶別抱	琵	琶別抱	1
琺瑯	琺	瑯	1
琺瑯質	琺	瑯質	1
瑕疵	瑕	疵	57450
瑕不掩瑜	瑕	不掩瑜	2010
瑜伽	瑜	伽	107495
瑜珈	瑜	珈	1
瑟縮	瑟	縮	3920
瑟瑟	瑟	瑟	1427
瑤池	瑤	池	13980
瑤臺	瑤	臺	4910
瑰寶	瑰	寶	27915
瑰麗	瑰	麗	26445
璞玉	璞	玉	3880
璞玉渾金	璞	玉渾金	1
甬道	甬	道	13390
甬路	甬	路	99
疥瘡	疥	瘡	2755
疥癬	疥	癬	1745
疫苗	疫	苗	177195
疫病	疫	病	65560
痘瘡	痘	瘡	1
痘子	痘	子	1
痢疾	痢	疾	6895
痢疾桿菌	痢	疾桿菌	2300
痱子	痱	子	5850
痱子粉	痱	子粉	1125
瘀血	瘀	血	56
瘀傷	瘀	傷	1
瘟疫	瘟	疫	28945
瘟神	瘟	神	5330
癌症	癌	症	157890
癌腫	癌	腫	7095
癖好	癖	好	8600
癖性	癖	性	540
癥結	癥	結	26310
癥候	癥	候	5370
癩蝦蟆	癩	蝦蟆	1
癩蝦蟆想吃天鵝肉	癩	蝦蟆想吃天鵝肉	1
癲癇	癲	癇	32350
癲狂	癲	狂	7855
皂莢	皂	莢	1660
皂白不分	皂	白不分	1
皋陶	皋	陶	2
皋比	皋	比	1
盂蘭盆	盂	蘭盆	2045
盂蘭盆會	盂	蘭盆會	1
盥洗室	盥	洗室	4340
盥洗	盥	洗	3
眨眼	眨	眼	28080
眨動	眨	動	2090
眺望	眺	望	34895
眺望臺	眺	望臺	1
睢河	睢	河	1
睢睢	睢	睢	1
睿智	睿	智	45050
睿哲	睿	哲	465
瞄準	瞄	準	95200
瞄到	瞄	到	888
瞳孔	瞳	孔	29540
瞳仁	瞳	仁	3170
矚目	矚	目	69715
矚望	矚	望	999
矛盾	矛	盾	500363
矛頭	矛	頭	15660
矩陣	矩	陣	73535
矩形	矩	形	59185
硼酸	硼	酸	10690
硼砂	硼	砂	6325
碉堡	碉	堡	13040
碉房	碉	房	1
磅秤	磅	秤	2301
磅礡	磅	礡	1
磕頭	磕	頭	21675
磕牙	磕	牙	2222
磺溪	磺	溪	1
磺胺劑	磺	胺劑	1
礫石	礫	石	7275
礫土	礫	土	1
礬石	礬	石	2120
礬土	礬	土	1490
祀奉	祀	奉	1
祀神	祀	神	1
禦寒	禦	寒	20625
禦侮	禦	侮	1850
稗子	稗	子	1234
稗官	稗	官	330
稜角	稜	角	20340
稜線	稜	線	2660
穠纖	穠	纖	1
穠纖合度	穠	纖合度	1
穹窿	穹	窿	5815
穹蒼	穹	蒼	2025
窈窕	窈	窕	18460
窈窕淑女	窈	窕淑女	8835
竣工	竣	工	189155
竣事	竣	事	1
笛子	笛	子	24460
笛聲	笛	聲	11825
筒子	筒	子	9120
筒形	筒	形	2625
篣楚	篣	楚	1
篣婦公	篣	婦公	1
簇擁	簇	擁	17110
簇新	簇	新	2195
簍子	簍	子	3720
簍筐	簍	筐	1
簷前	簷	前	1
簷下	簷	下	1
籍貫	籍	貫	74230
籍籍無名	籍	籍無名	1
籬笆	籬	笆	17045
籬下	籬	下	10
粒子	粒	子	94545
粒狀	粒	狀	10785
紹興	紹	興	151625
紹興酒	紹	興酒	3280
綏遠	綏	遠	5440
綏靖	綏	靖	2370
綴滿	綴	滿	1
綴飾	綴	飾	1
綵排	綵	排	16985
綵球	綵	球	10500
綻放	綻	放	77100
綻開	綻	開	12255
緋聞	緋	聞	88475
緋紅	緋	紅	13425
緒論	緒	論	13650
緒言	緒	言	2
緯度	緯	度	23990
緯線	緯	線	6260
縈繞	縈	繞	17065
縈迴	縈	迴	2815
縛緊	縛	緊	275
縛雞之力	縛	雞之力	1
縷縷	縷	縷	11370
縷述	縷	述	315
纂修	纂	修	5700
纂兒	纂	兒	1
罌粟	罌	粟	14175
罌粟花	罌	粟花	2570
罔顧	罔	顧	9999
罔效	罔	效	1
罹患	罹	患	20995
罹難	罹	難	3265
翌年	翌	年	19870
翌日	翌	日	15970
翡翠	翡	翠	137955
翡翠水庫	翡	翠水庫	15
翩翩	翩	翩	27530
翩然	翩	然	9355
耀眼	耀	眼	40280
耀武揚威	耀	武揚威	6025
聒噪	聒	噪	4415
聒聒叫	聒	聒叫	1
肘部	肘	部	13305
肘腋	肘	腋	550
胭脂	胭	脂	31935
胭脂虎	胭	脂虎	1
胺基酸	胺	基酸	1
胺基	胺	基	1
脖子	脖	子	146535
脖頸	脖	頸	14765
脹氣	脹	氣	6315
脹大	脹	大	3590
膚色	膚	色	84685
膚淺	膚	淺	33625
膜拜	膜	拜	16160
膜片	膜	片	10570
膨脹	膨	脹	126290
膨漲	膨	漲	1
臀部	臀	部	108770
臀圍	臀	圍	9260
舔拭	舔	拭	1
舔吮	舔	吮	1
般若	般	若	49600
般桓	般	桓	1
舳艫	舳	艫	410
舳艫千里	舳	艫千里	1
舶來品	舶	來品	6625
舶來貨	舶	來貨	1
芋頭	芋	頭	19675
芋泥	芋	泥	3364
芍藥	芍	藥	17165
芍藥花	芍	藥花	1
芙蓉	芙	蓉	87430
芙麗曼	芙	麗曼	1
芻狗	芻	狗	2205
芻議	芻	議	134
茄子	茄	子	57875
茄科	茄	科	3
茉莉	茉	莉	38620
茉莉花	茉	莉花	18560
荀子	荀	子	25690
荀派	荀	派	1
荳蔻	荳	蔻	1
荳蔻年華	荳	蔻年華	1
菊花	菊	花	93775
菊壇	菊	壇	1
萍水相逢	萍	水相逢	7430
萍蹤不定	萍	蹤不定	1
蓆棚	蓆	棚	9999
蓆子	蓆	子	6730
蓖麻	蓖	麻	4095
蓖麻油	蓖	麻油	3260
蔬菜	蔬	菜	500255
蔬果	蔬	果	17005
蕁麻疹	蕁	麻疹	21660
蕁麻	蕁	麻	2140
蕉園	蕉	園	740
蕉農	蕉	農	375
薏仁	薏	仁	15847
薏苡	薏	苡	4096
薦舉	薦	舉	1940
薦任	薦	任	155
薩克斯風	薩	克斯風	2770
薩伊	薩	伊	1
藕斷絲連	藕	斷絲連	3330
藕色	藕	色	655
虐待	虐	待	58480
虐待狂	虐	待狂	2260
彪形大漢	彪	形大漢	6535
彪炳	彪	炳	2350
蚌殼	蚌	殼	3355
蚌珠	蚌	珠	215
蚍蜉撼樹	蚍	蜉撼樹	510
蚍蜉	蚍	蜉	350
蛀牙	蛀	牙	9950
蛀蟲	蛀	蟲	6105
蛛絲馬跡	蛛	絲馬跡	16735
蛛網	蛛	網	7920
蛻變	蛻	變	33015
蛻化	蛻	化	2863
蜀漢	蜀	漢	14285
蜀道	蜀	道	5780
蜥蜴	蜥	蜴	17335
蜥蝪	蜥	蝪	1
蜻蜓	蜻	蜓	30655
蜻蜓點水	蜻	蜓點水	9170
蝕本	蝕	本	890
蝕成	蝕	成	1
蝙蝠	蝙	蝠	50065
蝙蝠洞	蝙	蝠洞	940
螟蛉	螟	蛉	820
螟蛾	螟	蛾	4
螻蟻	螻	蟻	4480
螻蛄	螻	蛄	9
蟄伏	蟄	伏	9100
蟄居	蟄	居	1
蠕蟲	蠕	蟲	42090
蠕動	蠕	動	41320
蠱惑	蠱	惑	13655
蠱毒	蠱	毒	3005
衙門	衙	門	36315
衙役	衙	役	9150
袁世凱	袁	世凱	28735
袁枚	袁	枚	5020
袞袞諸公	袞	袞諸公	57
袞袞	袞	袞	1
裕如	裕	如	2
裕隆牌	裕	隆牌	1
裨益	裨	益	11190
裨將	裨	將	1660
裱褙	裱	褙	770
裱背	裱	背	1
褓母	褓	母	1
褓姆	褓	姆	1
褫奪	褫	奪	865
褫奪公權	褫	奪公權	1
褶子	褶	子	2535
褶裙	褶	裙	1395
褻瀆	褻	瀆	23815
褻衣	褻	衣	1205
襪子	襪	子	84025
襪套	襪	套	1205
訖點	訖	點	1
訖站	訖	站	1
詆毀	詆	毀	25855
詆譭	詆	譭	25855
詔書	詔	書	13275
詔安	詔	安	1
詢問	詢	問	388815
詢問處	詢	問處	1
該死	該	死	70595
該當	該	當	7475
誑語	誑	語	1815
誑騙	誑	騙	1
誕生	誕	生	250080
誕辰	誕	辰	36070
誦讀	誦	讀	34050
誦經	誦	經	18930
誹謗	誹	謗	129950
誹謗罪	誹	謗罪	2325
諍友	諍	友	1425
諍言	諍	言	1170
諒解	諒	解	88880
諒必	諒	必	670
諜報	諜	報	4530
諜報人員	諜	報人員	845
諫言	諫	言	2765
諫臣	諫	臣	1
謔稱	謔	稱	570
謔而不虐	謔	而不虐	1
謠言	謠	言	40310
謠傳	謠	傳	8680
謬誤	謬	誤	15640
謬論	謬	論	10075
讖語	讖	語	1530
讖緯	讖	緯	1320
豹子	豹	子	18610
豹死留皮	豹	死留皮	1
豺狼	豺	狼	8525
豺狼當道	豺	狼當道	380
貂皮	貂	皮	608
貂鼠	貂	鼠	1
賁門	賁	門	1111
賁張	賁	張	1
賸下	賸	下	1
賸餘	賸	餘	1
贍養	贍	養	19985
贍養費	贍	養費	6945
贓物	贓	物	14560
贓款	贓	款	14070
贛江	贛	江	11385
贛縣	贛	縣	2
赦免	赦	免	12580
赦罪	赦	罪	1395
趾高氣揚	趾	高氣揚	6795
趾甲	趾	甲	456
跛腳	跛	腳	3180
跛足	跛	足	2530
跺腳	跺	腳	16870
跺跺腳	跺	跺腳	1
踉蹌	踉	蹌	14965
踉踉蹌蹌	踉	踉蹌蹌	5755
踰越	踰	越	15835
踰矩	踰	矩	5555
踱步	踱	步	8920
踱方步	踱	方步	345
踵繼	踵	繼	1
踵謝	踵	謝	1
蹊蹺	蹊	蹺	14615
蹊徑	蹊	徑	2755
蹤影	蹤	影	45625
蹤跡	蹤	跡	41205
躁鬱症	躁	鬱症	560
躁進	躁	進	1
躊躇	躊	躇	16725
躊躇滿志	躊	躇滿志	9863
躡手躡腳	躡	手躡腳	8115
躡足	躡	足	765
軼事	軼	事	9045
軼聞	軼	聞	2900
輝煌	輝	煌	246145
輝映	輝	映	16445
迄今	迄	今	61500
迄未	迄	未	1
迥異	迥	異	21370
迥然不同	迥	然不同	7860
迭起	迭	起	5850
迭次	迭	次	380
述說	述	說	27470
述職	述	職	21930
遑論	遑	論	6035
遑論其他	遑	論其他	1
遜色	遜	色	27025
遜位	遜	位	1025
邋遢	邋	遢	14220
邋邋	邋	邋	1
邯鄲學步	邯	鄲學步	1985
邯鄲縣	邯	鄲縣	1520
郁郁	郁	郁	14765
郁郁青青	郁	郁青青	250
郡主	郡	主	22245
郡王	郡	王	14255
郭子儀	郭	子儀	4750
郭婉容	郭	婉容	1
醍醐灌頂	醍	醐灌頂	5070
醍醐	醍	醐	2685
醞釀	醞	釀	97675
醞成	醞	成	1
醱酵	醱	酵	1
醱酵乳	醱	酵乳	1
采風	采	風	24275
采聲	采	聲	1
鈍角	鈍	角	1785
鈍頭	鈍	頭	1
鈕扣	鈕	扣	1
鈕釦	鈕	釦	1
鈞鑒	鈞	鑒	220
鈞安	鈞	安	1
鈣質	鈣	質	26375
鈣化	鈣	化	15740
鉗子	鉗	子	11465
鉗制	鉗	制	4990
銑床	銑	床	21135
銑鐵	銑	鐵	1
銓敘	銓	敘	595
銓敘部	銓	敘部	180
鋃鐺入獄	鋃	鐺入獄	2920
鋃鐺	鋃	鐺	1
鋤頭	鋤	頭	16250
鋤強扶弱	鋤	強扶弱	986
錘鍊	錘	鍊	22495
錘子	錘	子	22210
錠子	錠	子	148
錠劑	錠	劑	1
鍊條	鍊	條	68650
鍊子	鍊	子	13795
鎔化	鎔	化	1
鎔爐	鎔	爐	1
鎗口	鎗	口	1
鎗戰	鎗	戰	1
鎩羽而歸	鎩	羽而歸	3085
鎩羽	鎩	羽	760
鏟除	鏟	除	31405
鏟子	鏟	子	7570
鐫刻	鐫	刻	14155
鐫琢	鐫	琢	1
鐳射	鐳	射	18270
鐳射唱片	鐳	射唱片	1
鑼鼓	鑼	鼓	21760
鑼鼓喧天	鑼	鼓喧天	4245
閏月	閏	月	4680
閏年	閏	年	4115
閑暇	閑	暇	35870
閑靜	閑	靜	1515
閘門	閘	門	28990
閘口	閘	口	5060
閹割	閹	割	8090
閹雞	閹	雞	990
隘口	隘	口	4225
隘路	隘	路	7
際遇	際	遇	13765
際會	際	會	111
雉雞	雉	雞	1830
雉尾	雉	尾	675
霄漢	霄	漢	2525
霄壤之別	霄	壤之別	59
靡靡之音	靡	靡之音	2285
靡爛	靡	爛	1
靦腆	靦	腆	27085
靦顏事仇	靦	顏事仇	1
鞍馬	鞍	馬	5315
鞍子	鞍	子	1370
韃虜	韃	虜	790
韃靼	韃	靼	51
韭菜	韭	菜	73374
韭黃	韭	黃	5380
頁數	頁	數	163005
頁岩	頁	岩	8285
願意	願	意	500368
願望	願	望	351430
颱風	颱	風	95495
颱風眼	颱	風眼	1
颳起	颳	起	14380
颳風	颳	風	8205
飆車	飆	車	9175
飆漲	飆	漲	999
飭令	飭	令	665
飭回	飭	回	1
餅乾	餅	乾	67175
餅干	餅	干	67175
餞行	餞	行	15890
餞別	餞	別	1690
餿主意	餿	主意	3265
餿水	餿	水	1
饞嘴	饞	嘴	3525
饞涎欲滴	饞	涎欲滴	116
駢文	駢	文	2310
駢體文	駢	體文	615
駱駝	駱	駝	70735
駱馬	駱	馬	1
駿馬	駿	馬	29035
駿逸	駿	逸	8875
驃騎	驃	騎	4155
驃悍	驃	悍	1
驍勇	驍	勇	6290
驍將	驍	將	1995
驪歌	驪	歌	950
驪珠	驪	珠	1
鬍子	鬍	子	62060
鬍鬚	鬍	鬚	32690
鬚眉	鬚	眉	4160
鬚生	鬚	生	395
鬢毛	鬢	毛	1155
鬢腳	鬢	腳	1
鮪魚	鮪	魚	1
鮪釣	鮪	釣	1
鴉片	鴉	片	27555
鴉雀無聲	鴉	雀無聲	11025
鴕鳥	鴕	鳥	16940
鴕鳥蛋	鴕	鳥蛋	1
鴛鴦	鴛	鴦	159379
鴛盟	鴛	盟	1
鵬程萬里	鵬	程萬里	1500
鵬程	鵬	程	128
鵲橋	鵲	橋	8390
鵲巢	鵲	巢	910
鶼鰈	鶼	鰈	130
鶼鰈情深	鶼	鰈情深	110
鹼性	鹼	性	18060
鹼液	鹼	液	4025
麟兒	麟	兒	1280
麟角	麟	角	485
黝黑	黝	黑	20940
黝暗	黝	暗	1
黴素	黴	素	888
黴菌	黴	菌	42870
「」	「	」	888
万俟	万	俟	202
丑角	丑	角	5760
丕變	丕	變	620
丞相	丞	相	51665
丸藥	丸	藥	3035
乩童	乩	童	1
云云	云	云	32055
亙安	亙	安	2
仆倒	仆	倒	1
仔細	仔	細	375885
仳離	仳	離	470
件數	件	數	203
伉儷	伉	儷	5315
伍子胥	伍	子胥	9940
伎倆	伎	倆	24000
伐木	伐	木	11765
伽藍	伽	藍	9020
佝僂	佝	僂	3760
佶屈聱牙	佶	屈聱牙	275
佾舞	佾	舞	1
侈糜	侈	糜	1
侏儒	侏	儒	16765
侗族	侗	族	21460
侯爵	侯	爵	13670
俎上肉	俎	上肉	70
俸給	俸	給	330
倔強	倔	強	46380
倜儻	倜	儻	4155
倣效	倣	效	1
倥傯	倥	傯	480
倭寇	倭	寇	17815
偌大	偌	大	25105
傅斯年	傅	斯年	3655
傍晚	傍	晚	96205
僂儸	僂	儸	1
僇人	僇	人	1
僚屬	僚	屬	1530
僥倖	僥	倖	33955
僭越	僭	越	2365
億萬	億	萬	48760
儋縣	儋	縣	1
儐相	儐	相	1090
儸儸	儸	儸	1
兆頭	兆	頭	3625
兢兢業業	兢	兢業業	31250
冉冉	冉	冉	14145
冽霜	冽	霜	1
凳子	凳	子	24465
刃口	刃	口	4425
刨冰	刨	冰	4190
券商	券	商	80505
剁碎	剁	碎	5285
則否	則	否	1600
剋星	剋	星	26210
剜肉補瘡	剜	肉補瘡	26
剴切	剴	切	495
剿匪	剿	匪	9835
劊子手	劊	子手	11940
劑量	劑	量	124770
努力	努	力	500979
勺子	勺	子	16115
勿失良機	勿	失良機	605
匍匐	匍	匐	14020
匕首	匕	首	56510
匝道	匝	道	6330
匱乏	匱	乏	66610
匾額	匾	額	17715
卦象	卦	象	8485
厘米	厘	米	500266
厝邊	厝	邊	1
厥功甚偉	厥	功甚偉	1
又是	又	是	500383
吁吁	吁	吁	3330
吆喝	吆	喝	26270
吩咐	吩	咐	102765
吮吸	吮	吸	14340
吶喊	吶	喊	51695
吻合	吻	合	59685
呂宋	呂	宋	4840
呦呦	呦	呦	1
呻吟	呻	吟	61790
咋舌	咋	舌	6710
咎由自取	咎	由自取	3820
咚咚	咚	咚	20910
咪咪	咪	咪	31045
咻咻的	咻	咻的	1
咽喉	咽	喉	63230
咿唔	咿	唔	1
哆嗦	哆	嗦	26365
哮喘	哮	喘	59405
哽咽	哽	咽	25440
唆使	唆	使	9540
唏噓	唏	噓	590
唧筒	唧	筒	4
啣接	啣	接	1
啤酒	啤	酒	263535
啪啦	啪	啦	399
啷噹	啷	噹	1
啾啾	啾	啾	4770
喀拉蚩	喀	拉蚩	1
喑啞	喑	啞	2470
喻為	喻	為	5405
嗔怒	嗔	怒	2965
嗤之以鼻	嗤	之以鼻	14550
嗩吶	嗩	吶	12740
嗲聲嗲氣	嗲	聲嗲氣	2485
嗷嗷待哺	嗷	嗷待哺	3310
嘈雜	嘈	雜	34080
嘍囉	嘍	囉	8515
嘮叨	嘮	叨	41275
嘯聲	嘯	聲	6700
嘸蝦米	嘸	蝦米	888
嘹亮	嘹	亮	16415
噁心	噁	心	153960
噎住	噎	住	2105
噗哧	噗	哧	1
噢咻	噢	咻	1
噤若寒蟬	噤	若寒蟬	3250
噯呀	噯	呀	1
噱頭	噱	頭	19175
噸位	噸	位	22545
噹噹	噹	噹	50505
嚅囁	嚅	囁	1
嚕囌	嚕	囌	5
嚶嚀	嚶	嚀	1930
囁嚅	囁	嚅	4895
囂張	囂	張	41555
囈語	囈	語	7810
囡仔	囡	仔	1
囹圄	囹	圄	242
圭亞那	圭	亞那	3990
圯橋進履	圯	橋進履	1
圳溝	圳	溝	1
坊間	坊	間	14420
坪林	坪	林	635
埤頭	埤	頭	1
塹壕	塹	壕	2150
壅塞	壅	塞	2
壕溝	壕	溝	595
壟斷	壟	斷	188410
壤土	壤	土	11
壩子	壩	子	73
夤緣	夤	緣	1
夸特	夸	特	1700
奎星高照	奎	星高照	1
奚落	奚	落	8495
她們	她	們	50040
妃子	妃	子	14810
妯娌	妯	娌	3025
妲己	妲	己	9055
妳們	妳	們	1
妾身	妾	身	7325
姆指	姆	指	1
妍麗	妍	麗	1
姘頭	姘	頭	1755
姮娥	姮	娥	1
姬妾	姬	妾	3735
娉婷	娉	婷	6705
婊子	婊	子	22710
婕妤	婕	妤	1
婢女	婢	女	8060
婷婷玉立	婷	婷玉立	1
媯河	媯	河	1
媲美	媲	美	41105
媾和	媾	和	2000
嫵媚	嫵	媚	68150
嬋娟	嬋	娟	7145
嬗遞	嬗	遞	1
嬤嬤	嬤	嬤	3845
嬪妃	嬪	妃	5545
孚眾望	孚	眾望	1
孢子	孢	子	2230
孰知	孰	知	2795
孱弱	孱	弱	7615
孿生	孿	生	7680
它們	它	們	5006
宙斯	宙	斯	21200
宥恕	宥	恕	1
寅吃卯糧	寅	吃卯糧	1735
寇讎	寇	讎	1
寤寐以求	寤	寐以求	1
寰宇	寰	宇	12945
尉遲	尉	遲	9190
尪仔標	尪	仔標	1
尷尬	尷	尬	245660
尸位素餐	尸	位素餐	1130
屁股	屁	股	126645
屜子	屜	子	255
岐黃	岐	黃	1
岡山	岡	山	3180
岬角	岬	角	1590
岷江	岷	江	17280
峙立	峙	立	590
崁頂	崁	頂	1
崎嶇	崎	嶇	28215
崔巍	崔	巍	1
崙背	崙	背	1
崛起	崛	起	207690
崢嶸	崢	嶸	16090
崴嵬	崴	嵬	3
嵊縣	嵊	縣	1
嵯峨	嵯	峨	467
嶔崎	嶔	崎	1
嶙峋	嶙	峋	7885
巔峰	巔	峰	43185
巢穴	巢	穴	12560
帖子	帖	子	502879
帛書	帛	書	7175
帥哥	帥	哥	249525
帽子	帽	子	138640
幡然	幡	然	1205
幢幢	幢	幢	2
并州	并	州	1
庄子	庄	子	70895
庖丁	庖	丁	1975
廂房	廂	房	17570
廈門	廈	門	500348
廓清	廓	清	3815
彆扭	彆	扭	36785
彗星	彗	星	33015
彥士	彥	士	1
彳亍	彳	亍	1355
徇私	徇	私	4340
徑賽	徑	賽	1445
徘徊	徘	徊	117060
徙居	徙	居	2
徜徉	徜	徉	18135
徬徨	徬	徨	1
徯徑	徯	徑	1
忖度	忖	度	1350
忡忡	忡	忡	3999
忤逆	忤	逆	3105
悱惻	悱	惻	1120
悸動	悸	動	12115
惑眾	惑	眾	1590
惘然	惘	然	5810
惰性	惰	性	26850
愜意	愜	意	72345
愴然	愴	然	4080
愷切	愷	切	30
慇懃	慇	懃	1
慍色	慍	色	1710
慓悍	慓	悍	1
慚愧	慚	愧	62280
慟哭	慟	哭	75
慫恿	慫	恿	19015
慳吝	慳	吝	1825
慵懶	慵	懶	24165
憔悴	憔	悴	44905
憧憬	憧	憬	70060
憨厚	憨	厚	13520
憩息	憩	息	2715
懈怠	懈	怠	49113
懋績	懋	績	40
懨懨	懨	懨	2505
戇頭戇腦	戇	頭戇腦	10
戈壁	戈	壁	25995
戎裝	戎	裝	5555
戔戔	戔	戔	100
戚戚	戚	戚	802
戥子	戥	子	1
戮力	戮	力	1
戳記	戳	記	5720
戽斗	戽	斗	208
戾氣	戾	氣	34825
扈從	扈	從	1705
扉頁	扉	頁	14840
扞格	扞	格	1
抉擇	抉	擇	64795
抨擊	抨	擊	30465
抿嘴	抿	嘴	8280
拇指	拇	指	73945
拊膺切齒	拊	膺切齒	1
拗口	拗	口	4165
拮据	拮	据	10295
拯救	拯	救	121215
挹注	挹	注	1
捅漏子	捅	漏子	1
捎來	捎	來	3860
捫心自問	捫	心自問	8675
捺印	捺	印	1
捻熄	捻	熄	310
掄元	掄	元	1
掣肘	掣	肘	5315
掮客	掮	客	275
掰開	掰	開	8455
揍人	揍	人	1380
揖讓	揖	讓	1325
揠苗助長	揠	苗助長	1460
揶揄	揶	揄	7725
搆不著	搆	不著	1
搢紳	搢	紳	1
搥打	搥	打	1
搧風	搧	風	1
摀住	摀	住	1
摑耳光	摑	耳光	1
摜紗帽	摜	紗帽	15
撂倒	撂	倒	2620
撙節	撙	節	1
撢子	撢	子	1
撣人	撣	人	1
撻伐	撻	伐	1
撼動	撼	動	17065
擎天	擎	天	1134
擘劃	擘	劃	1
擯棄	擯	棄	11145
擷取	擷	取	11025
攆走	攆	走	2950
攸關	攸	關	15240
敉平	敉	平	215
斂財	斂	財	15595
斃命	斃	命	10680
斡旋	斡	旋	8550
旌旗	旌	旗	10455
旖旎	旖	旎	1137
旬日	旬	日	2385
旭日	旭	日	29610
旮旯兒	旮	旯兒	180
昧心	昧	心	17
晌午	晌	午	4500
勗勉	勗	勉	1
暌違	暌	違	1
暱稱	暱	稱	1
暹羅	暹	羅	4410
朔望	朔	望	1830
朕兆	朕	兆	1
朦朧	朦	朧	222
朵頤	朵	頤	2
杞人憂天	杞	人憂天	7620
杠子	杠	子	2645
杭州	杭	州	500498
杵臼	杵	臼	1
枇杷	枇	杷	111
枒杈	枒	杈	1
枚舉	枚	舉	13795
枴杖	枴	杖	28030
枷鎖	枷	鎖	22405
柯達	柯	達	64240
栓子	栓	子	2970
栖栖	栖	栖	1
栗子	栗	子	29280
桀驁不馴	桀	驁不馴	5825
桉樹	桉	樹	717
桎梏	桎	梏	15110
桐油	桐	油	5605
桓玄	桓	玄	1
桔梗	桔	梗	1961
梆笛	梆	笛	1
梔子花	梔	子花	6865
梢頭	梢	頭	1685
椪柑	椪	柑	3965
椿萱	椿	萱	310
楠梓	楠	梓	1
楬櫫	楬	櫫	1
楹聯	楹	聯	23190
榆樹	榆	樹	1914
榔頭	榔	頭	6680
榕樹	榕	樹	19955
榛莽	榛	莽	3
榻榻米	榻	榻米	3965
槁木死灰	槁	木死灰	280
槐樹	槐	樹	11660
槽車	槽	車	3725
樑上君子	樑	上君子	1675
樵夫	樵	夫	12630
檄文	檄	文	1456
檜木	檜	木	1355
檣帆	檣	帆	1
檸檬	檸	檬	216416
欒樹	欒	樹	5640
欖仁樹	欖	仁樹	1
欸乃	欸	乃	9999
歃血為盟	歃	血為盟	1
歎息	歎	息	100795
殃及池魚	殃	及池魚	2070
殆盡	殆	盡	31485
殭屍	殭	屍	256045
殼子	殼	子	4270
毗連	毗	連	7530
毬果	毬	果	1
毯子	毯	子	16260
毽子	毽	子	2465
氆氌	氆	氌	2305
氛圍	氛	圍	4316
氡氣	氡	氣	2955
氤氳	氤	氳	5375
氰化物	氰	化物	8095
汁液	汁	液	16465
汎美	汎	美	5635
汐止	汐	止	1
汜水	汜	水	20
汶水	汶	水	1
沂河	沂	河	1
沅江	沅	江	2
沛然	沛	然	2585
況且	況	且	120755
泗水	泗	水	82
洒家	洒	家	3255
洱海	洱	海	22165
洲際	洲	際	8666
洵河	洵	河	1
浣熊	浣	熊	2745
浦口	浦	口	8200
涪江	涪	江	1
涮羊肉	涮	羊肉	20883
涿鹿	涿	鹿	3665
淄水	淄	水	1
淅瀝	淅	瀝	5920
淇水	淇	水	1
淙淙	淙	淙	7820
淝水	淝	水	1190
淦水	淦	水	1
渠道	渠	道	500389
渣滓	渣	滓	5445
渤海	渤	海	80145
渥太華	渥	太華	7225
渲染	渲	染	119690
湛藍	湛	藍	25855
湳水	湳	水	1
溥儀	溥	儀	1241
溯源	溯	源	15860
溽暑	溽	暑	635
滂沱	滂	沱	4475
滎經縣	滎	經縣	1295
滌盡	滌	盡	1
滬江	滬	江	1
漕運	漕	運	5515
漩渦	漩	渦	3401
潁河	潁	河	3
潸然淚下	潸	然淚下	6990
潺潺	潺	潺	23395
潼關	潼	關	11715
澧水	澧	水	2
澱粉	澱	粉	207643
澹泊	澹	泊	1
濂溪	濂	溪	1
濛濛	濛	濛	19120
濠溝	濠	溝	1
濡染	濡	染	1305
濤聲	濤	聲	9700
瀑布	瀑	布	160940
瀕臨	瀕	臨	28910
瀘水	瀘	水	1950
瀚海	瀚	海	7170
瀦水	瀦	水	1
瀰漫	瀰	漫	65990
瀲灩	瀲	灩	5575
灕江	灕	江	54930
灤河	灤	河	3690
灸師	灸	師	1
炳煥	炳	煥	1
炷香	炷	香	1
焙乾	焙	乾	202
焰火	焰	火	26795
煌煌	煌	煌	3
燁燁	燁	燁	1
燎原	燎	原	10680
燧石	燧	石	2405
燴飯	燴	飯	950
爍石流金	爍	石流金	1
牝雞司晨	牝	雞司晨	999
牠們	牠	們	1
牯嶺	牯	嶺	1
牴觸	牴	觸	251142
犁庭掃穴	犁	庭掃穴	35
犄角	犄	角	5140
犍陀羅	犍	陀羅	1
犖犖	犖	犖	660
犛牛	犛	牛	27460
犰狳	犰	狳	835
狎妓	狎	妓	785
狒狒	狒	狒	4030
狙擊	狙	擊	26455
狩獵	狩	獵	52040
狸貓	狸	貓	4605
猙獰	猙	獰	24540
猢猻	猢	猻	1820
獃滯	獃	滯	21145
獐頭鼠目	獐	頭鼠目	805
獒犬	獒	犬	4240
獠牙	獠	牙	8695
獰笑	獰	笑	10050
獼猴	獼	猴	11295
玁狁	玁	狁	1
玳瑁	玳	瑁	906
珂羅版	珂	羅版	855
琢磨	琢	磨	72530
瑯琊	瑯	琊	1
瑾瑜	瑾	瑜	1
璀璨	璀	璨	58290
璦琿縣	璦	琿縣	1
瓔珞	瓔	珞	6035
瓢蟲	瓢	蟲	8236
瓣膜	瓣	膜	10950
甕中捉鱉	甕	中捉鱉	985
甥女	甥	女	1110
甦醒	甦	醒	31295
畚箕	畚	箕	9
畛域	畛	域	645
疙瘩	疙	瘩	30470
疝氣	疝	氣	598
疤痕	疤	痕	53920
疵議	疵	議	1
疹子	疹	子	3265
痀僂	痀	僂	1
痊癒	痊	癒	57700
痔瘡	痔	瘡	29260
痕跡	痕	跡	201025
痙攣	痙	攣	46325
痞子	痞	子	28330
痤瘡	痤	瘡	948
痰盂	痰	盂	4255
痼疾	痼	疾	8065
瘌痢	瘌	痢	725
瘧疾	瘧	疾	20130
瘠地	瘠	地	1
瘴氣	瘴	氣	3700
癇症	癇	症	1
癒合	癒	合	52375
癟三	癟	三	2040
癤子	癤	子	1630
癬疥	癬	疥	1
癮君子	癮	君子	4070
皈依	皈	依	42205
皎潔	皎	潔	14425
皤皤	皤	皤	1
皴法	皴	法	1615
皸裂	皸	裂	8223
盔甲	盔	甲	36750
盼望	盼	望	62705
盾牌	盾	牌	32190
眇小	眇	小	1
眈眈	眈	眈	1
眸子	眸	子	27895
睏倦	睏	倦	12685
睥睨	睥	睨	4520
睦鄰	睦	鄰	6795
睪丸	睪	丸	1
睫毛	睫	毛	62105
睽違	睽	違	1
瞇眼	瞇	眼	1
瞌睡	瞌	睡	14525
瞑目	瞑	目	6220
瞥見	瞥	見	13055
瞪眼	瞪	眼	12145
瞵視昂藏	瞵	視昂藏	1
瞿然	瞿	然	1
矗立	矗	立	14530
矻矻	矻	矻	1
泵浦	泵	浦	1
砒霜	砒	霜	7480
砝碼	砝	碼	26055
砥礪	砥	礪	5320
砧板	砧	板	6580
砰砰	砰	砰	8935
砵酒	砵	酒	1
碌碌	碌	碌	5785
碘酒	碘	酒	6580
磊落	磊	落	5585
磐石	磐	石	12570
磯釣	磯	釣	5
礎潤而雨	礎	潤而雨	32
礨空	礨	空	1
祆教	祆	教	685
祠堂	祠	堂	29305
祿位	祿	位	2160
禎祥	禎	祥	17
禠奪	禠	奪	1
禨祥	禨	祥	1
禾苗	禾	苗	5710
秒鐘	秒	鐘	89880
秣馬厲兵	秣	馬厲兵	630
秤錘	秤	錘	485
秧苗	秧	苗	11145
秩序	秩	序	384085
秭歸	秭	歸	1
稠密	稠	密	7900
穆如清風	穆	如清風	1
窟窿	窟	窿	20400
窠臼	窠	臼	4820
窪地	窪	地	14160
窸窣	窸	窣	2222
竅門	竅	門	4039
竇憲	竇	憲	1
竿子	竿	子	4600
笙歌	笙	歌	9460
筊杯	筊	杯	1
筧橋	筧	橋	3630
筵席	筵	席	1164
筷子	筷	子	76785
箋紙	箋	紙	1
箜篌	箜	篌	3125
箝制	箝	制	1
箴言	箴	言	22140
篡改	篡	改	60835
篳篥	篳	篥	1
篷車	篷	車	1565
簌簌	簌	簌	9265
簞食瓢飲	簞	食瓢飲	1
簧片	簧	片	4395
簪花	簪	花	2515
簸箕	簸	箕	6055
簾幕	簾	幕	4370
籤詩	籤	詩	1
籮筐	籮	筐	5490
籲請	籲	請	1875
粟米	粟	米	6150
粥少僧多	粥	少僧多	400
粳米	粳	米	33265
粵劇	粵	劇	9935
粼粼	粼	粼	1
粽子	粽	子	28255
糌粑	糌	粑	1
糗事	糗	事	25555
糙米	糙	米	22027
糜爛	糜	爛	26215
糝入	糝	入	1
糨糊	糨	糊	99999
糯米	糯	米	52225
紆尊降貴	紆	尊降貴	350
紈褲子弟	紈	褲子弟	1
紊亂	紊	亂	63905
紓解	紓	解	3230
紕漏	紕	漏	8185
紳士	紳	士	55400
絃樂	絃	樂	15700
絹印	絹	印	1
綑綁	綑	綁	111470
綬帶	綬	帶	4395
綸巾	綸	巾	1110
緘默	緘	默	6840
緞帶	緞	帶	9115
緹縈	緹	縈	1
緻密	緻	密	6111
縐紋	縐	紋	1
縝密	縝	密	24495
縞素	縞	素	1260
縟節	縟	節	70
縹緲	縹	緲	34180
繕寫	繕	寫	1250
繚繞	繚	繞	19300
繽紛	繽	紛	57790
繾綣	繾	綣	6300
纍纍	纍	纍	17280
罄竹難書	罄	竹難書	2220
罅隙	罅	隙	2205
罈子	罈	子	3073
罡風	罡	風	355
罣礙	罣	礙	1
羑里	羑	里	1
羔羊	羔	羊	29915
羚羊	羚	羊	23470
羡慕	羡	慕	178765
羨慕	羨	慕	178765
羸弱	羸	弱	4595
羹湯	羹	湯	2050
羼水	羼	水	1
翅膀	翅	膀	176265
翔集	翔	集	1975
翱翔	翱	翔	34205
耒耜	耒	耜	1
耦合	耦	合	36660
耵聹	耵	聹	450
聱牙	聱	牙	160
肄業	肄	業	5605
肖像	肖	像	40615
肛門	肛	門	62415
肱骨	肱	骨	4210
肴饌	肴	饌	1410
胯下之辱	胯	下之辱	630
胴體	胴	體	15075
胼手胝足	胼	手胝足	505
脛骨	脛	骨	8475
腌臢	腌	臢	400
腔調	腔	調	12095
膈膜	膈	膜	470
膾炙人口	膾	炙人口	20660
膿包	膿	包	3975
臃腫	臃	腫	21150
臍帶	臍	帶	14390
臟腑	臟	腑	29735
臼齒	臼	齒	3240
舀子	舀	子	195
舂米	舂	米	999
舐犢情深	舐	犢情深	250
舛錯	舛	錯	235
舢舨	舢	舨	1
舫舟	舫	舟	1
舴艋	舴	艋	620
舵手	舵	手	10645
艇長	艇	長	3500
艋舺	艋	舺	2
芊芊	芊	芊	2
芎林	芎	林	1
芮芮	芮	芮	1
芹菜	芹	菜	57135
苑囿	苑	囿	1
苔蘚	苔	蘚	12720
苜蓿	苜	蓿	2468
苧麻	苧	麻	132
苯乙烯	苯	乙烯	15145
茁壯	茁	壯	10635
茗茶	茗	茶	1
茭白	茭	白	8349
茯苓	茯	苓	27080
茱萸	茱	萸	5950
茲事體大	茲	事體大	675
茴香	茴	香	15145
茼蒿	茼	蒿	8201
荏苒	荏	苒	4855
荐任	荐	任	155
荔枝	荔	枝	61155
荸薺	荸	薺	1845
荼毒	荼	毒	3420
莆田縣	莆	田縣	990
莉莉	莉	莉	31175
莖幹	莖	幹	245
莘莘學子	莘	莘學子	13310
莞爾	莞	爾	7375
莠民	莠	民	1
莢果	莢	果	1980
莧菜	莧	菜	6615
莪蒿	莪	蒿	11
菖蒲	菖	蒲	7685
菟絲	菟	絲	2
菠菜	菠	菜	64800
菡萏	菡	萏	2
菽水承歡	菽	水承歡	1
萱草	萱	草	5565
萵苣	萵	苣	8690
葫蘆	葫	蘆	68855
葳蕤	葳	蕤	2555
葵花	葵	花	24450
蒞臨	蒞	臨	26560
蒟蒻	蒟	蒻	51
蒴果	蒴	果	2485
蒺藜	蒺	藜	341
蓊鬱	蓊	鬱	2045
蓑衣	蓑	衣	4475
蓓蕾	蓓	蕾	7980
蓼蓼	蓼	蓼	1
蓽路藍縷	蓽	路藍縷	1
蔑視	蔑	視	28935
蕈狀雲	蕈	狀雲	1
蕎麥	蕎	麥	17685
蕞爾	蕞	爾	2
蕨類	蕨	類	2535
蕾絲	蕾	絲	3503
薈萃	薈	萃	47200
薔薇	薔	薇	34690
薜荔	薜	荔	5
薯條	薯	條	17145
藷蔗	藷	蔗	1
蘑菇	蘑	菇	75490
蘚苔	蘚	苔	625
蘸上	蘸	上	7060
虜獲	虜	獲	2925
虞犯	虞	犯	1
虱目魚	虱	目魚	610
虺隤	虺	隤	1
蚜蟲	蚜	蟲	15885
蚯蚓	蚯	蚓	31590
蚱蜢	蚱	蜢	4040
蛐蛐兒	蛐	蛐兒	1240
蛔蟲	蛔	蟲	10095
蛟龍	蛟	龍	18310
蛺蝶	蛺	蝶	3140
蛾眉	蛾	眉	4570
蜈蚣	蜈	蚣	22865
蜉蝣	蜉	蝣	3805
蜿蜒	蜿	蜒	43725
蝌蚪	蝌	蚪	9425
蝨子	蝨	子	9760
螃蟹	螃	蟹	54830
螫傷	螫	傷	1
螽斯	螽	斯	735
蟈蟈兒	蟈	蟈兒	345
蟊賊	蟊	賊	1250
蟋蟀	蟋	蟀	18365
蟑螂	蟑	螂	39920
蟒蛇	蟒	蛇	11795
蟪蛄	蟪	蛄	260
蟯蟲	蟯	蟲	384
蟹黃	蟹	黃	5575
蟾蜍	蟾	蜍	10340
蠑螈	蠑	螈	2495
蠔油	蠔	油	670
蠡測	蠡	測	585
蠹書蟲	蠹	書蟲	1
衚衕	衚	衕	16075
衢巷	衢	巷	1
衫褲	衫	褲	1685
衲衣	衲	衣	1
袈裟	袈	裟	14985
袒護	袒	護	6860
袪除	袪	除	1
褊狹	褊	狹	615
褐色	褐	色	47610
褥瘡	褥	瘡	5990
襁褓	襁	褓	11975
襖裙	襖	裙	1
襟懷	襟	懷	3540
襤褸	襤	褸	2960
覬覦	覬	覦	13670
覲見	覲	見	5205
覽勝	覽	勝	9999
觔斗	觔	斗	1
觥籌交錯	觥	籌交錯	3475
觳觫	觳	觫	430
訕笑	訕	笑	4890
訝異	訝	異	4444
証明	証	明	500700
訾議	訾	議	111
詎料	詎	料	1
詛咒	詛	咒	71020
詠嘆	詠	嘆	4625
詫異	詫	異	63230
詬病	詬	病	16140
詮釋	詮	釋	10827
詼諧	詼	諧	7465
誅滅	誅	滅	2025
誆騙	誆	騙	735
誡律	誡	律	1
誥封	誥	封	770
誰人	誰	人	18875
諂媚	諂	媚	8185
諉過	諉	過	2
諢名	諢	名	545
諦聽	諦	聽	6475
諺語	諺	語	27245
謁見	謁	見	2960
謫降	謫	降	1
謳歌	謳	歌	36576
謾罵	謾	罵	23020
譴責	譴	責	59615
譽為	譽	為	63340
讒言	讒	言	5440
讜論	讜	論	1
豇豆	豇	豆	8505
豌豆	豌	豆	32745
豚骨	豚	骨	1
豢養	豢	養	5950
豫劇	豫	劇	10820
貳心	貳	心	1
賅博	賅	博	1
賈禍	賈	禍	2
賬目	賬	目	57515
贗品	贗	品	36524
赧顏	赧	顏	375
赭紅	赭	紅	1
趑趄	趑	趄	320
趴下	趴	下	10100
趺坐	趺	坐	1330
跆拳道	跆	拳道	38985
跏趺	跏	趺	3
距離	距	離	500485
跡象	跡	象	113695
跼蹐	跼	蹐	1
踝骨	踝	骨	1860
踟躕	踟	躕	1970
踴躍	踴	躍	77760
踽踽	踽	踽	880
蹂躪	蹂	躪	23245
蹉跎	蹉	跎	7780
蹓躂	蹓	躂	1
蹙眉	蹙	眉	5155
蹣跚	蹣	跚	12310
蹧蹋	蹧	蹋	1
蹩腳	蹩	腳	10950
蹭蹬	蹭	蹬	820
躋身	躋	身	45170
躑躅	躑	躅	5
輟學	輟	學	36475
轂轆	轂	轆	1
轅門	轅	門	456
轆轤	轆	轤	3280
辜負	辜	負	35420
辟邪	辟	邪	13980
辮子	辮	子	21550
迍邅	迍	邅	1
迢迢	迢	迢	8920
迤邐	迤	邐	4915
逶迤	逶	迤	1107
遒勁	遒	勁	5450
遛狗	遛	狗	5110
遨遊	遨	遊	25825
邂逅	邂	逅	46800
邏輯	邏	輯	370450
邱吉爾	邱	吉爾	1
邵氏	邵	氏	706
郝柏村	郝	柏村	1
鄞縣	鄞	縣	1
鄧肯	鄧	肯	2
鄯善	鄯	善	1
鄱陽湖	鄱	陽湖	14630
酋長	酋	長	36140
酗酒	酗	酒	30670
酢醬草	酢	醬草	1
酩酊	酩	酊	1840
酪農業	酪	農業	1
酯類	酯	類	512
醣類	醣	類	25425
釉色	釉	色	7540
釦子	釦	子	24445
鈉離子	鈉	離子	3685
鈔票	鈔	票	74230
鈷鉧	鈷	鉧	2
鈺惠	鈺	惠	2
鈾礦	鈾	礦	6085
鉚釘	鉚	釘	18008
銲接	銲	接	1
銼刀	銼	刀	4040
鋌而走險	鋌	而走險	11945
錕鋙	錕	鋙	1
錙銖必較	錙	銖必較	1640
鍥而不捨	鍥	而不捨	19255
鎂光燈	鎂	光燈	3335
鎢絲	鎢	絲	3620
鎧甲	鎧	甲	25545
鎳合金	鎳	合金	3705
鏑矢	鏑	矢	1
鏖戰	鏖	戰	8920
鏘鏘	鏘	鏘	5055
鏢客	鏢	客	1690
鏤刻	鏤	刻	2755
鏹水	鏹	水	170
鐮刀	鐮	刀	26620
鐲子	鐲	子	6400
鑣客	鑣	客	1
鑰匙	鑰	匙	206595
鑾駕	鑾	駕	915
閻羅王	閻	羅王	3820
閼氏	閼	氏	1
闈場	闈	場	1
阜康	阜	康	3980
阡陌	阡	陌	6620
阢隉	阢	隉	15
陀螺	陀	螺	15985
陛下	陛	下	104020
陞官	陞	官	13730
陟罰臧否	陟	罰臧否	1
隙縫	隙	縫	3300
隧道	隧	道	161140
隴山	隴	山	1
雁行	雁	行	2750
雎鳩	雎	鳩	999
雰雰	雰	雰	1
雹霰	雹	霰	1
霎時	霎	時	10360
霏霏	霏	霏	2
霪雨	霪	雨	1
霰彈	霰	彈	2125
霹靂	霹	靂	40105
靖難	靖	難	193
靛藍	靛	藍	6925
靴子	靴	子	36540
鞏固	鞏	固	374500
鞦韆	鞦	韆	20995
韁繩	韁	繩	11295
韋伯	韋	伯	1
頃刻	頃	刻	12690
頡頏	頡	頏	945
頰骨	頰	骨	915
頷首	頷	首	12045
顆粒	顆	粒	227830
顎骨	顎	骨	1315
顓頊	顓	頊	7895
顢頇	顢	頇	860
顰蹙	顰	蹙	375
顱骨	顱	骨	11645
顴骨	顴	骨	14105
颯颯	颯	颯	5865
颶風	颶	風	52665
颼颼	颼	颼	4870
餃子	餃	子	53460
餑餑	餑	餑	4255
餛飩	餛	飩	47850
餡餅	餡	餅	22850
餬口	餬	口	8430
餽贈	餽	贈	1
饅頭	饅	頭	245498
饋贈	饋	贈	35065
饕餮	饕	餮	18495
饗宴	饗	宴	2445
馥郁	馥	郁	7585
馨香	馨	香	2
馮婦	馮	婦	1
馱負	馱	負	1
駘蕩	駘	蕩	2
駙馬	駙	馬	9999
駟馬難追	駟	馬難追	1940
駸駸	駸	駸	1
驊騮	驊	騮	1
驢子	驢	子	27340
骯髒	骯	髒	25155
骰子	骰	子	15240
骷髏	骷	髏	63045
骸骨	骸	骨	10070
髣髴	髣	髴	1
鬈髮	鬈	髮	1
鬣狗	鬣	狗	1850
鬩牆	鬩	牆	1
魄力	魄	力	27890
魍魎	魍	魎	2975
魑魅	魑	魅	4225
魷魚	魷	魚	80989
鮭魚	鮭	魚	9
鯁住	鯁	住	1
鯊魚	鯊	魚	43440
鯽魚	鯽	魚	36950
鯖魚	鯖	魚	1
鯛魚	鯛	魚	1285
鯧魚	鯧	魚	3375
鯰魚	鯰	魚	1111
鰱魚	鰱	魚	11330
鰲頭	鰲	頭	2915
鰻魚	鰻	魚	14040
鱈魚	鱈	魚	14876
鱒魚	鱒	魚	4135
鱔魚	鱔	魚	13130
鱷魚	鱷	魚	46240
鱸魚	鱸	魚	2070
鳶飛戾天	鳶	飛戾天	370
鴟鴞	鴟	鴞	3
鵜鶘	鵜	鶘	1355
鵠立	鵠	立	235
鵪鶉	鵪	鶉	12310
鶺鴒	鶺	鴒	11
鶻鳩	鶻	鳩	1
鷂子	鷂	子	2
鷓鴣	鷓	鴣	25425
鷗鳥	鷗	鳥	1
鷦鷯	鷦	鷯	800
鷸蚌相爭	鷸	蚌相爭	1625
鷺鷥	鷺	鷥	284
鸞鳳和鳴	鸞	鳳和鳴	695
麋鹿	麋	鹿	12205
麒麟	麒	麟	67470
麝香	麝	香	2608
麼意思	麼	意思	888
麾下	麾	下	21810
黌宮	黌	宮	1
黍米	黍	米	1
黔驢技窮	黔	驢技窮	2805
黜官	黜	官	1
黥面	黥	面	1
黽勉	黽	勉	450
鼬鼠	鼬	鼠	600
鼯鼠	鼯	鼠	99
鼴鼠	鼴	鼠	6865
鼾聲	鼾	聲	11965
齜牙咧嘴	齜	牙咧嘴	4845
齟齬	齟	齬	2750
齲齒	齲	齒	15910
齷齪	齷	齪	13190